scope,file,method,boundaries,class,ioi_count,ioi_proportion_among_on_iois,on_duration_sec,on_duration_proportion,representative_time_weighted_median_cc64
aggregate,ALL,equal_width,64<=LIGHT<85;85<=MEDIUM<106;106<=DEEP<128,LIGHT,71067,0.2092174988224211,5483.8590772041725,0.18670270577993842,73.0
aggregate,ALL,equal_width,64<=LIGHT<85;85<=MEDIUM<106;106<=DEEP<128,MEDIUM,35553,0.10466615638247763,3138.757227987495,0.10686169338078089,93.0
aggregate,ALL,equal_width,64<=LIGHT<85;85<=MEDIUM<106;106<=DEEP<128,DEEP,233060,0.6861163447951013,20749.529397227096,0.7064356008392807,127.0
per_file,0-0.mid,equal_width,64<=LIGHT<85;85<=MEDIUM<106;106<=DEEP<128,LIGHT,0,,0.0,,
per_file,0-0.mid,equal_width,64<=LIGHT<85;85<=MEDIUM<106;106<=DEEP<128,MEDIUM,0,,0.0,,
per_file,0-0.mid,equal_width,64<=LIGHT<85;85<=MEDIUM<106;106<=DEEP<128,DEEP,0,,0.0,,
per_file,0-1.mid,equal_width,64<=LIGHT<85;85<=MEDIUM<106;106<=DEEP<128,LIGHT,0,0.0,0.13958333333333328,0.30316742081447956,68.0
per_file,0-1.mid,equal_width,64<=LIGHT<85;85<=MEDIUM<106;106<=DEEP<128,MEDIUM,0,0.0,0.060416666666666785,0.13122171945701386,100.0
per_file,0-1.mid,equal_width,64<=LIGHT<85;85<=MEDIUM<106;106<=DEEP<128,DEEP,1,1.0,0.2604166666666665,0.5656108597285066,127.0
per_file,0-2.mid,equal_width,64<=LIGHT<85;85<=MEDIUM<106;106<=DEEP<128,LIGHT,13,0.43333333333333335,0.8046874999999897,0.32819968135952815,72.0
per_file,0-2.mid,equal_width,64<=LIGHT<85;85<=MEDIUM<106;106<=DEEP<128,MEDIUM,4,0.13333333333333333,0.23046875000000355,0.09399893786511024,88.0
per_file,0-2.mid,equal_width,64<=LIGHT<85;85<=MEDIUM<106;106<=DEEP<128,DEEP,13,0.43333333333333335,1.4166666666666752,0.5778013807753615,127.0
per_file,0-3.mid,equal_width,64<=LIGHT<85;85<=MEDIUM<106;106<=DEEP<128,LIGHT,8,0.42105263157894735,0.4622395833333387,0.2557636887608097,68.0
per_file,0-3.mid,equal_width,64<=LIGHT<85;85<=MEDIUM<106;106<=DEEP<128,MEDIUM,4,0.21052631578947367,0.2981770833333339,0.16498559077809816,104.0
per_file,0-3.mid,equal_width,64<=LIGHT<85;85<=MEDIUM<106;106<=DEEP<128,DEEP,7,0.3684210526315789,1.0468749999999958,0.5792507204610923,127.0
per_file,0-4.mid,equal_width,64<=LIGHT<85;85<=MEDIUM<106;106<=DEEP<128,LIGHT,3,0.6,0.11874999999999858,0.39583333333333237,71.0
per_file,0-4.mid,equal_width,64<=LIGHT<85;85<=MEDIUM<106;106<=DEEP<128,MEDIUM,2,0.4,0.18124999999999858,0.6041666666666676,97.0
per_file,0-4.mid,equal_width,64<=LIGHT<85;85<=MEDIUM<106;106<=DEEP<128,DEEP,0,0.0,0.0,0.0,
per_file,1-0.mid,equal_width,64<=LIGHT<85;85<=MEDIUM<106;106<=DEEP<128,LIGHT,15,0.75,1.6281250000000185,0.7518037518037509,66.0
per_file,1-0.mid,equal_width,64<=LIGHT<85;85<=MEDIUM<106;106<=DEEP<128,MEDIUM,3,0.15,0.21979166666667282,0.10149110149110308,91.0
per_file,1-0.mid,equal_width,64<=LIGHT<85;85<=MEDIUM<106;106<=DEEP<128,DEEP,2,0.1,0.3177083333333357,0.14670514670514598,127.0
per_file,1-1.mid,equal_width,64<=LIGHT<85;85<=MEDIUM<106;106<=DEEP<128,LIGHT,15,0.75,1.6281250000000185,0.7518037518037509,66.0
per_file,1-1.mid,equal_width,64<=LIGHT<85;85<=MEDIUM<106;106<=DEEP<128,MEDIUM,3,0.15,0.21979166666667282,0.10149110149110308,91.0
per_file,1-1.mid,equal_width,64<=LIGHT<85;85<=MEDIUM<106;106<=DEEP<128,DEEP,2,0.1,0.3177083333333357,0.14670514670514598,127.0
per_file,2-0.mid,equal_width,64<=LIGHT<85;85<=MEDIUM<106;106<=DEEP<128,LIGHT,372,0.39323467230443976,39.69547312500005,0.22676747255430035,70.0
per_file,2-0.mid,equal_width,64<=LIGHT<85;85<=MEDIUM<106;106<=DEEP<128,MEDIUM,91,0.09619450317124736,14.003725312500125,0.07999877934344003,92.0
per_file,2-0.mid,equal_width,64<=LIGHT<85;85<=MEDIUM<106;106<=DEEP<128,DEEP,483,0.5105708245243129,121.3500389062499,0.6932337481022597,127.0
per_file,2-1.mid,equal_width,64<=LIGHT<85;85<=MEDIUM<106;106<=DEEP<128,LIGHT,302,0.31957671957671957,40.0821875000001,0.22135797334309038,72.0
per_file,2-1.mid,equal_width,64<=LIGHT<85;85<=MEDIUM<106;106<=DEEP<128,MEDIUM,168,0.17777777777777778,22.116874999999947,0.12214270058694869,94.0
per_file,2-1.mid,equal_width,64<=LIGHT<85;85<=MEDIUM<106;106<=DEEP<128,DEEP,475,0.5026455026455027,118.87500000000006,0.656499326069961,127.0
per_file,2-2.mid,equal_width,64<=LIGHT<85;85<=MEDIUM<106;106<=DEEP<128,LIGHT,418,0.9330357142857143,66.07765828124991,0.8687079726811446,70.0
per_file,2-2.mid,equal_width,64<=LIGHT<85;85<=MEDIUM<106;106<=DEEP<128,MEDIUM,18,0.04017857142857143,5.484770156250056,0.07210702810892504,98.0
per_file,2-2.mid,equal_width,64<=LIGHT<85;85<=MEDIUM<106;106<=DEEP<128,DEEP,12,0.026785714285714284,4.501865156250005,0.059184999209930395,127.0
per_file,3-0.mid,equal_width,64<=LIGHT<85;85<=MEDIUM<106;106<=DEEP<128,LIGHT,83,0.2577639751552795,16.377152310416687,0.2673165457589288,70.0
per_file,3-0.mid,equal_width,64<=LIGHT<85;85<=MEDIUM<106;106<=DEEP<128,MEDIUM,41,0.12732919254658384,6.023509995833344,0.09831891741071443,93.0
per_file,3-0.mid,equal_width,64<=LIGHT<85;85<=MEDIUM<106;106<=DEEP<128,DEEP,198,0.6149068322981367,38.86435316041665,0.6343645368303567,127.0
per_file,3-2.mid,equal_width,64<=LIGHT<85;85<=MEDIUM<106;106<=DEEP<128,LIGHT,384,0.8727272727272727,80.28776041666661,0.8883718249794691,79.0
per_file,3-2.mid,equal_width,64<=LIGHT<85;85<=MEDIUM<106;106<=DEEP<128,MEDIUM,56,0.12727272727272726,10.0885416666667,0.11162817502053086,87.0
per_file,3-2.mid,equal_width,64<=LIGHT<85;85<=MEDIUM<106;106<=DEEP<128,DEEP,0,0.0,0.0,0.0,
per_file,3-3.mid,equal_width,64<=LIGHT<85;85<=MEDIUM<106;106<=DEEP<128,LIGHT,25,0.05186721991701245,18.117708333333407,0.14153423007755034,70.0
per_file,3-3.mid,equal_width,64<=LIGHT<85;85<=MEDIUM<106;106<=DEEP<128,MEDIUM,22,0.04564315352697095,10.537499999999682,0.08231818958572126,95.0
per_file,3-3.mid,equal_width,64<=LIGHT<85;85<=MEDIUM<106;106<=DEEP<128,DEEP,435,0.9024896265560166,99.35416666666683,0.7761475803367284,127.0
per_file,3-4.mid,equal_width,64<=LIGHT<85;85<=MEDIUM<106;106<=DEEP<128,LIGHT,43,0.088659793814433,13.573730843749988,0.1239536381197682,76.0
per_file,3-4.mid,equal_width,64<=LIGHT<85;85<=MEDIUM<106;106<=DEEP<128,MEDIUM,123,0.2536082474226804,30.788490787499914,0.2811567054966921,96.0
per_file,3-4.mid,equal_width,64<=LIGHT<85;85<=MEDIUM<106;106<=DEEP<128,DEEP,319,0.6577319587628866,65.14429265625,0.5948896563835397,127.0
per_file,3-5.mid,equal_width,64<=LIGHT<85;85<=MEDIUM<106;106<=DEEP<128,LIGHT,29,0.05576923076923077,12.204071422916943,0.0957068887511122,74.0
per_file,3-5.mid,equal_width,64<=LIGHT<85;85<=MEDIUM<106;106<=DEEP<128,MEDIUM,50,0.09615384615384616,11.008557466666364,0.08633141746401214,96.0
per_file,3-5.mid,equal_width,64<=LIGHT<85;85<=MEDIUM<106;106<=DEEP<128,DEEP,441,0.8480769230769231,104.30244951458351,0.8179616937848757,126.0
per_file,4-0.mid,equal_width,64<=LIGHT<85;85<=MEDIUM<106;106<=DEEP<128,LIGHT,35,0.4666666666666667,3.1757446874999644,0.4053178796659252,74.0
per_file,4-0.mid,equal_width,64<=LIGHT<85;85<=MEDIUM<106;106<=DEEP<128,MEDIUM,15,0.2,1.8977010937500065,0.24220214760525152,96.0
per_file,4-0.mid,equal_width,64<=LIGHT<85;85<=MEDIUM<106;106<=DEEP<128,DEEP,25,0.3333333333333333,2.7617493749999973,0.3524799727288233,127.0
per_file,5-0.mid,equal_width,64<=LIGHT<85;85<=MEDIUM<106;106<=DEEP<128,LIGHT,370,0.7740585774058577,24.296182968749928,0.7034645425721102,72.0
per_file,5-0.mid,equal_width,64<=LIGHT<85;85<=MEDIUM<106;106<=DEEP<128,MEDIUM,52,0.1087866108786611,4.7569396875001,0.13773103394942654,91.0
per_file,5-0.mid,equal_width,64<=LIGHT<85;85<=MEDIUM<106;106<=DEEP<128,DEEP,56,0.11715481171548117,5.484770156250036,0.15880442347846338,127.0
per_file,5-1.mid,equal_width,64<=LIGHT<85;85<=MEDIUM<106;106<=DEEP<128,LIGHT,202,0.2885714285714286,10.936933547917265,0.18186501803195093,73.0
per_file,5-1.mid,equal_width,64<=LIGHT<85;85<=MEDIUM<106;106<=DEEP<128,MEDIUM,94,0.13428571428571429,7.4743369249997045,0.12428716090176896,94.0
per_file,5-1.mid,equal_width,64<=LIGHT<85;85<=MEDIUM<106;106<=DEEP<128,DEEP,404,0.5771428571428572,41.72637263333347,0.6938478210662802,127.0
per_file,5-2.mid,equal_width,64<=LIGHT<85;85<=MEDIUM<106;106<=DEEP<128,LIGHT,605,0.4569486404833837,49.75823015625026,0.4707926359282819,73.0
per_file,5-2.mid,equal_width,64<=LIGHT<85;85<=MEDIUM<106;106<=DEEP<128,MEDIUM,190,0.14350453172205438,14.89715390624976,0.14095096094312443,92.0
per_file,5-2.mid,equal_width,64<=LIGHT<85;85<=MEDIUM<106;106<=DEEP<128,DEEP,529,0.3995468277945619,41.03494828125008,0.38825640312859366,127.0
per_file,6-0.mid,equal_width,64<=LIGHT<85;85<=MEDIUM<106;106<=DEEP<128,LIGHT,484,0.26993865030674846,45.03124999999981,0.19430850914402883,69.0
per_file,6-0.mid,equal_width,64<=LIGHT<85;85<=MEDIUM<106;106<=DEEP<128,MEDIUM,98,0.05465699944227551,16.72786458333307,0.07218023990785652,93.0
per_file,6-0.mid,equal_width,64<=LIGHT<85;85<=MEDIUM<106;106<=DEEP<128,DEEP,1211,0.675404350250976,169.99218749999966,0.7335112509481148,127.0
per_file,6-1.mid,equal_width,64<=LIGHT<85;85<=MEDIUM<106;106<=DEEP<128,LIGHT,157,0.06059436510999614,11.790586500000067,0.04317329170921037,75.0
per_file,6-1.mid,equal_width,64<=LIGHT<85;85<=MEDIUM<106;106<=DEEP<128,MEDIUM,146,0.056348900038595134,11.962594874999256,0.04380313041572994,95.0
per_file,6-1.mid,equal_width,64<=LIGHT<85;85<=MEDIUM<106;106<=DEEP<128,DEEP,2288,0.8830567348514087,249.34590450000067,0.9130235778750596,127.0
per_file,6-2.mid,equal_width,64<=LIGHT<85;85<=MEDIUM<106;106<=DEEP<128,LIGHT,157,0.06059436510999614,11.790586500000067,0.04317329170921037,75.0
per_file,6-2.mid,equal_width,64<=LIGHT<85;85<=MEDIUM<106;106<=DEEP<128,MEDIUM,146,0.056348900038595134,11.962594874999256,0.04380313041572994,95.0
per_file,6-2.mid,equal_width,64<=LIGHT<85;85<=MEDIUM<106;106<=DEEP<128,DEEP,2288,0.8830567348514087,249.34590450000067,0.9130235778750596,127.0
per_file,6-3.mid,equal_width,64<=LIGHT<85;85<=MEDIUM<106;106<=DEEP<128,LIGHT,157,0.06059436510999614,11.790586500000067,0.04317329170921037,75.0
per_file,6-3.mid,equal_width,64<=LIGHT<85;85<=MEDIUM<106;106<=DEEP<128,MEDIUM,146,0.056348900038595134,11.962594874999256,0.04380313041572994,95.0
per_file,6-3.mid,equal_width,64<=LIGHT<85;85<=MEDIUM<106;106<=DEEP<128,DEEP,2288,0.8830567348514087,249.34590450000067,0.9130235778750596,127.0
per_file,6-4.mid,equal_width,64<=LIGHT<85;85<=MEDIUM<106;106<=DEEP<128,LIGHT,157,0.06059436510999614,11.790586500000067,0.04317329170921037,75.0
per_file,6-4.mid,equal_width,64<=LIGHT<85;85<=MEDIUM<106;106<=DEEP<128,MEDIUM,146,0.056348900038595134,11.962594874999256,0.04380313041572994,95.0
per_file,6-4.mid,equal_width,64<=LIGHT<85;85<=MEDIUM<106;106<=DEEP<128,DEEP,2288,0.8830567348514087,249.34590450000067,0.9130235778750596,127.0
per_file,6-5.mid,equal_width,64<=LIGHT<85;85<=MEDIUM<106;106<=DEEP<128,LIGHT,323,0.14536453645364536,22.79912250000076,0.10107097820746161,73.0
per_file,6-5.mid,equal_width,64<=LIGHT<85;85<=MEDIUM<106;106<=DEEP<128,MEDIUM,171,0.07695769576957696,14.549932031249655,0.0645014238267474,93.0
per_file,6-5.mid,equal_width,64<=LIGHT<85;85<=MEDIUM<106;106<=DEEP<128,DEEP,1728,0.7776777677767777,188.22630749999988,0.834427597965791,127.0
per_file,6-6.mid,equal_width,64<=LIGHT<85;85<=MEDIUM<106;106<=DEEP<128,LIGHT,323,0.14536453645364536,22.79912250000076,0.10107097820746161,73.0
per_file,6-6.mid,equal_width,64<=LIGHT<85;85<=MEDIUM<106;106<=DEEP<128,MEDIUM,171,0.07695769576957696,14.549932031249655,0.0645014238267474,93.0
per_file,6-6.mid,equal_width,64<=LIGHT<85;85<=MEDIUM<106;106<=DEEP<128,DEEP,1728,0.7776777677767777,188.22630749999988,0.834427597965791,127.0
per_file,6-7.mid,equal_width,64<=LIGHT<85;85<=MEDIUM<106;106<=DEEP<128,LIGHT,323,0.14536453645364536,22.79912250000076,0.10107097820746161,73.0
per_file,6-7.mid,equal_width,64<=LIGHT<85;85<=MEDIUM<106;106<=DEEP<128,MEDIUM,171,0.07695769576957696,14.549932031249655,0.0645014238267474,93.0
per_file,6-7.mid,equal_width,64<=LIGHT<85;85<=MEDIUM<106;106<=DEEP<128,DEEP,1728,0.7776777677767777,188.22630749999988,0.834427597965791,127.0
per_file,6-8.mid,equal_width,64<=LIGHT<85;85<=MEDIUM<106;106<=DEEP<128,LIGHT,323,0.14536453645364536,22.79912250000076,0.10107097820746161,73.0
per_file,6-8.mid,equal_width,64<=LIGHT<85;85<=MEDIUM<106;106<=DEEP<128,MEDIUM,171,0.07695769576957696,14.549932031249655,0.0645014238267474,93.0
per_file,6-8.mid,equal_width,64<=LIGHT<85;85<=MEDIUM<106;106<=DEEP<128,DEEP,1728,0.7776777677767777,188.22630749999988,0.834427597965791,127.0
per_file,6-9.mid,equal_width,64<=LIGHT<85;85<=MEDIUM<106;106<=DEEP<128,LIGHT,323,0.14536453645364536,22.79912250000076,0.10107097820746161,73.0
per_file,6-9.mid,equal_width,64<=LIGHT<85;85<=MEDIUM<106;106<=DEEP<128,MEDIUM,171,0.07695769576957696,14.549932031249655,0.0645014238267474,93.0
per_file,6-9.mid,equal_width,64<=LIGHT<85;85<=MEDIUM<106;106<=DEEP<128,DEEP,1728,0.7776777677767777,188.22630749999988,0.834427597965791,127.0
per_file,6-10.mid,equal_width,64<=LIGHT<85;85<=MEDIUM<106;106<=DEEP<128,LIGHT,1266,0.61665854846566,132.23177083333346,0.5198513452639345,74.0
per_file,6-10.mid,equal_width,64<=LIGHT<85;85<=MEDIUM<106;106<=DEEP<128,MEDIUM,465,0.2264978080857282,75.6015624999996,0.2972173307670242,93.0
per_file,6-10.mid,equal_width,64<=LIGHT<85;85<=MEDIUM<106;106<=DEEP<128,DEEP,322,0.1568436434486118,46.531250000000185,0.18293132396904127,127.0
per_file,6-11.mid,equal_width,64<=LIGHT<85;85<=MEDIUM<106;106<=DEEP<128,LIGHT,1266,0.61665854846566,132.23177083333346,0.5198513452639345,74.0
per_file,6-11.mid,equal_width,64<=LIGHT<85;85<=MEDIUM<106;106<=DEEP<128,MEDIUM,465,0.2264978080857282,75.6015624999996,0.2972173307670242,93.0
per_file,6-11.mid,equal_width,64<=LIGHT<85;85<=MEDIUM<106;106<=DEEP<128,DEEP,322,0.1568436434486118,46.531250000000185,0.18293132396904127,127.0
per_file,6-12.mid,equal_width,64<=LIGHT<85;85<=MEDIUM<106;106<=DEEP<128,LIGHT,1266,0.61665854846566,132.23177083333346,0.5198513452639345,74.0
per_file,6-12.mid,equal_width,64<=LIGHT<85;85<=MEDIUM<106;106<=DEEP<128,MEDIUM,465,0.2264978080857282,75.6015624999996,0.2972173307670242,93.0
per_file,6-12.mid,equal_width,64<=LIGHT<85;85<=MEDIUM<106;106<=DEEP<128,DEEP,322,0.1568436434486118,46.531250000000185,0.18293132396904127,127.0
per_file,6-13.mid,equal_width,64<=LIGHT<85;85<=MEDIUM<106;106<=DEEP<128,LIGHT,1266,0.61665854846566,132.23177083333346,0.5198513452639345,74.0
per_file,6-13.mid,equal_width,64<=LIGHT<85;85<=MEDIUM<106;106<=DEEP<128,MEDIUM,465,0.2264978080857282,75.6015624999996,0.2972173307670242,93.0
per_file,6-13.mid,equal_width,64<=LIGHT<85;85<=MEDIUM<106;106<=DEEP<128,DEEP,322,0.1568436434486118,46.531250000000185,0.18293132396904127,127.0
per_file,6-14.mid,equal_width,64<=LIGHT<85;85<=MEDIUM<106;106<=DEEP<128,LIGHT,1266,0.61665854846566,132.23177083333346,0.5198513452639345,74.0
per_file,6-14.mid,equal_width,64<=LIGHT<85;85<=MEDIUM<106;106<=DEEP<128,MEDIUM,465,0.2264978080857282,75.6015624999996,0.2972173307670242,93.0
per_file,6-14.mid,equal_width,64<=LIGHT<85;85<=MEDIUM<106;106<=DEEP<128,DEEP,322,0.1568436434486118,46.531250000000185,0.18293132396904127,127.0
per_file,6-15.mid,equal_width,64<=LIGHT<85;85<=MEDIUM<106;106<=DEEP<128,LIGHT,1266,0.61665854846566,132.23177083333346,0.5198513452639345,74.0
per_file,6-15.mid,equal_width,64<=LIGHT<85;85<=MEDIUM<106;106<=DEEP<128,MEDIUM,465,0.2264978080857282,75.6015624999996,0.2972173307670242,93.0
per_file,6-15.mid,equal_width,64<=LIGHT<85;85<=MEDIUM<106;106<=DEEP<128,DEEP,322,0.1568436434486118,46.531250000000185,0.18293132396904127,127.0
per_file,6-16.mid,equal_width,64<=LIGHT<85;85<=MEDIUM<106;106<=DEEP<128,LIGHT,716,0.23314881146206448,74.53785281250003,0.24794100661898627,73.0
per_file,6-16.mid,equal_width,64<=LIGHT<85;85<=MEDIUM<106;106<=DEEP<128,MEDIUM,383,0.12471507652230544,50.14818703125033,0.1668117809071131,93.0
per_file,6-16.mid,equal_width,64<=LIGHT<85;85<=MEDIUM<106;106<=DEEP<128,DEEP,1972,0.64213611201563,175.94133046874975,0.5852472124739005,127.0
per_file,6-17.mid,equal_width,64<=LIGHT<85;85<=MEDIUM<106;106<=DEEP<128,LIGHT,716,0.23314881146206448,74.53785281250003,0.24794100661898627,73.0
per_file,6-17.mid,equal_width,64<=LIGHT<85;85<=MEDIUM<106;106<=DEEP<128,MEDIUM,383,0.12471507652230544,50.14818703125033,0.1668117809071131,93.0
per_file,6-17.mid,equal_width,64<=LIGHT<85;85<=MEDIUM<106;106<=DEEP<128,DEEP,1972,0.64213611201563,175.94133046874975,0.5852472124739005,127.0
per_file,6-18.mid,equal_width,64<=LIGHT<85;85<=MEDIUM<106;106<=DEEP<128,LIGHT,716,0.23314881146206448,74.53785281250003,0.24794100661898627,73.0
per_file,6-18.mid,equal_width,64<=LIGHT<85;85<=MEDIUM<106;106<=DEEP<128,MEDIUM,383,0.12471507652230544,50.14818703125033,0.1668117809071131,93.0
per_file,6-18.mid,equal_width,64<=LIGHT<85;85<=MEDIUM<106;106<=DEEP<128,DEEP,1972,0.64213611201563,175.94133046874975,0.5852472124739005,127.0
per_file,6-19.mid,equal_width,64<=LIGHT<85;85<=MEDIUM<106;106<=DEEP<128,LIGHT,477,0.1765358993338268,38.1080729166668,0.1400254530840338,74.0
per_file,6-19.mid,equal_width,64<=LIGHT<85;85<=MEDIUM<106;106<=DEEP<128,MEDIUM,172,0.06365655070318282,14.753906250000044,0.054212198342679006,92.0
per_file,6-19.mid,equal_width,64<=LIGHT<85;85<=MEDIUM<106;106<=DEEP<128,DEEP,2053,0.7598075499629904,219.28906250000009,0.8057623485732872,127.0
per_file,6-20.mid,equal_width,64<=LIGHT<85;85<=MEDIUM<106;106<=DEEP<128,LIGHT,477,0.1765358993338268,38.1080729166668,0.1400254530840338,74.0
per_file,6-20.mid,equal_width,64<=LIGHT<85;85<=MEDIUM<106;106<=DEEP<128,MEDIUM,172,0.06365655070318282,14.753906250000044,0.054212198342679006,92.0
per_file,6-20.mid,equal_width,64<=LIGHT<85;85<=MEDIUM<106;106<=DEEP<128,DEEP,2053,0.7598075499629904,219.28906250000009,0.8057623485732872,127.0
per_file,6-21.mid,equal_width,64<=LIGHT<85;85<=MEDIUM<106;106<=DEEP<128,LIGHT,477,0.1765358993338268,38.1080729166668,0.1400254530840338,74.0
per_file,6-21.mid,equal_width,64<=LIGHT<85;85<=MEDIUM<106;106<=DEEP<128,MEDIUM,172,0.06365655070318282,14.753906250000044,0.054212198342679006,92.0
per_file,6-21.mid,equal_width,64<=LIGHT<85;85<=MEDIUM<106;106<=DEEP<128,DEEP,2053,0.7598075499629904,219.28906250000009,0.8057623485732872,127.0
per_file,6-22.mid,equal_width,64<=LIGHT<85;85<=MEDIUM<106;106<=DEEP<128,LIGHT,477,0.1765358993338268,38.1080729166668,0.1400254530840338,74.0
per_file,6-22.mid,equal_width,64<=LIGHT<85;85<=MEDIUM<106;106<=DEEP<128,MEDIUM,172,0.06365655070318282,14.753906250000044,0.054212198342679006,92.0
per_file,6-22.mid,equal_width,64<=LIGHT<85;85<=MEDIUM<106;106<=DEEP<128,DEEP,2053,0.7598075499629904,219.28906250000009,0.8057623485732872,127.0
per_file,6-23.mid,equal_width,64<=LIGHT<85;85<=MEDIUM<106;106<=DEEP<128,LIGHT,708,0.19994351878000566,50.21896687499935,0.16248569759442866,72.0
per_file,6-23.mid,equal_width,64<=LIGHT<85;85<=MEDIUM<106;106<=DEEP<128,MEDIUM,414,0.11691612538830838,29.613218250000234,0.0958148827980527,94.0
per_file,6-23.mid,equal_width,64<=LIGHT<85;85<=MEDIUM<106;106<=DEEP<128,DEEP,2419,0.683140355831686,229.23481349999986,0.7416994196075187,127.0
per_file,6-24.mid,equal_width,64<=LIGHT<85;85<=MEDIUM<106;106<=DEEP<128,LIGHT,708,0.19994351878000566,50.21896687499935,0.16248569759442866,72.0
per_file,6-24.mid,equal_width,64<=LIGHT<85;85<=MEDIUM<106;106<=DEEP<128,MEDIUM,414,0.11691612538830838,29.613218250000234,0.0958148827980527,94.0
per_file,6-24.mid,equal_width,64<=LIGHT<85;85<=MEDIUM<106;106<=DEEP<128,DEEP,2419,0.683140355831686,229.23481349999986,0.7416994196075187,127.0
per_file,6-25.mid,equal_width,64<=LIGHT<85;85<=MEDIUM<106;106<=DEEP<128,LIGHT,708,0.19994351878000566,50.21896687499935,0.16248569759442866,72.0
per_file,6-25.mid,equal_width,64<=LIGHT<85;85<=MEDIUM<106;106<=DEEP<128,MEDIUM,414,0.11691612538830838,29.613218250000234,0.0958148827980527,94.0
per_file,6-25.mid,equal_width,64<=LIGHT<85;85<=MEDIUM<106;106<=DEEP<128,DEEP,2419,0.683140355831686,229.23481349999986,0.7416994196075187,127.0
per_file,6-26.mid,equal_width,64<=LIGHT<85;85<=MEDIUM<106;106<=DEEP<128,LIGHT,708,0.19994351878000566,50.21896687499935,0.16248569759442866,72.0
per_file,6-26.mid,equal_width,64<=LIGHT<85;85<=MEDIUM<106;106<=DEEP<128,MEDIUM,414,0.11691612538830838,29.613218250000234,0.0958148827980527,94.0
per_file,6-26.mid,equal_width,64<=LIGHT<85;85<=MEDIUM<106;106<=DEEP<128,DEEP,2419,0.683140355831686,229.23481349999986,0.7416994196075187,127.0
per_file,6-27.mid,equal_width,64<=LIGHT<85;85<=MEDIUM<106;106<=DEEP<128,LIGHT,297,0.13324360699865412,19.99570649999998,0.09447229078647812,72.0
per_file,6-27.mid,equal_width,64<=LIGHT<85;85<=MEDIUM<106;106<=DEEP<128,MEDIUM,234,0.10497981157469717,16.496778375000062,0.07794115420143277,96.0
per_file,6-27.mid,equal_width,64<=LIGHT<85;85<=MEDIUM<106;106<=DEEP<128,DEEP,1698,0.7617765814266487,175.1643547500001,0.827586555012089,127.0
per_file,6-28.mid,equal_width,64<=LIGHT<85;85<=MEDIUM<106;106<=DEEP<128,LIGHT,297,0.13324360699865412,19.99570649999998,0.09447229078647812,72.0
per_file,6-28.mid,equal_width,64<=LIGHT<85;85<=MEDIUM<106;106<=DEEP<128,MEDIUM,234,0.10497981157469717,16.496778375000062,0.07794115420143277,96.0
per_file,6-28.mid,equal_width,64<=LIGHT<85;85<=MEDIUM<106;106<=DEEP<128,DEEP,1698,0.7617765814266487,175.1643547500001,0.827586555012089,127.0
per_file,6-29.mid,equal_width,64<=LIGHT<85;85<=MEDIUM<106;106<=DEEP<128,LIGHT,297,0.13324360699865412,19.99570649999998,0.09447229078647812,72.0
per_file,6-29.mid,equal_width,64<=LIGHT<85;85<=MEDIUM<106;106<=DEEP<128,MEDIUM,234,0.10497981157469717,16.496778375000062,0.07794115420143277,96.0
per_file,6-29.mid,equal_width,64<=LIGHT<85;85<=MEDIUM<106;106<=DEEP<128,DEEP,1698,0.7617765814266487,175.1643547500001,0.827586555012089,127.0
per_file,6-30.mid,equal_width,64<=LIGHT<85;85<=MEDIUM<106;106<=DEEP<128,LIGHT,297,0.13324360699865412,19.99570649999998,0.09447229078647812,72.0
per_file,6-30.mid,equal_width,64<=LIGHT<85;85<=MEDIUM<106;106<=DEEP<128,MEDIUM,234,0.10497981157469717,16.496778375000062,0.07794115420143277,96.0
per_file,6-30.mid,equal_width,64<=LIGHT<85;85<=MEDIUM<106;106<=DEEP<128,DEEP,1698,0.7617765814266487,175.1643547500001,0.827586555012089,127.0
per_file,6-31.mid,equal_width,64<=LIGHT<85;85<=MEDIUM<106;106<=DEEP<128,LIGHT,297,0.13324360699865412,19.99570649999998,0.09447229078647812,72.0
per_file,6-31.mid,equal_width,64<=LIGHT<85;85<=MEDIUM<106;106<=DEEP<128,MEDIUM,234,0.10497981157469717,16.496778375000062,0.07794115420143277,96.0
per_file,6-31.mid,equal_width,64<=LIGHT<85;85<=MEDIUM<106;106<=DEEP<128,DEEP,1698,0.7617765814266487,175.1643547500001,0.827586555012089,127.0
per_file,6-32.mid,equal_width,64<=LIGHT<85;85<=MEDIUM<106;106<=DEEP<128,LIGHT,297,0.13324360699865412,19.99570649999998,0.09447229078647812,72.0
per_file,6-32.mid,equal_width,64<=LIGHT<85;85<=MEDIUM<106;106<=DEEP<128,MEDIUM,234,0.10497981157469717,16.496778375000062,0.07794115420143277,96.0
per_file,6-32.mid,equal_width,64<=LIGHT<85;85<=MEDIUM<106;106<=DEEP<128,DEEP,1698,0.7617765814266487,175.1643547500001,0.827586555012089,127.0
per_file,6-33.mid,equal_width,64<=LIGHT<85;85<=MEDIUM<106;106<=DEEP<128,LIGHT,715,0.28714859437751006,59.345560312500616,0.22790821716876608,73.0
per_file,6-33.mid,equal_width,64<=LIGHT<85;85<=MEDIUM<106;106<=DEEP<128,MEDIUM,416,0.1670682730923695,36.6759782812499,0.1408488988727157,95.0
per_file,6-33.mid,equal_width,64<=LIGHT<85;85<=MEDIUM<106;106<=DEEP<128,DEEP,1359,0.5457831325301205,164.37082921875015,0.6312428839585182,127.0
per_file,6-34.mid,equal_width,64<=LIGHT<85;85<=MEDIUM<106;106<=DEEP<128,LIGHT,715,0.28714859437751006,59.345560312500616,0.22790821716876608,73.0
per_file,6-34.mid,equal_width,64<=LIGHT<85;85<=MEDIUM<106;106<=DEEP<128,MEDIUM,416,0.1670682730923695,36.6759782812499,0.1408488988727157,95.0
per_file,6-34.mid,equal_width,64<=LIGHT<85;85<=MEDIUM<106;106<=DEEP<128,DEEP,1359,0.5457831325301205,164.37082921875015,0.6312428839585182,127.0
per_file,7-0.mid,equal_width,64<=LIGHT<85;85<=MEDIUM<106;106<=DEEP<128,LIGHT,518,0.3077837195484254,44.288330887499555,0.2812938949168396,74.0
per_file,7-0.mid,equal_width,64<=LIGHT<85;85<=MEDIUM<106;106<=DEEP<128,MEDIUM,354,0.2103386809269162,34.24883058958332,0.21752878827976105,93.0
per_file,7-0.mid,equal_width,64<=LIGHT<85;85<=MEDIUM<106;106<=DEEP<128,DEEP,811,0.48187759952465836,78.90788687916655,0.5011773168033994,127.0
per_file,7-1.mid,equal_width,64<=LIGHT<85;85<=MEDIUM<106;106<=DEEP<128,LIGHT,1134,0.7311411992263056,97.81106671875021,0.7250148485448437,72.0
per_file,7-1.mid,equal_width,64<=LIGHT<85;85<=MEDIUM<106;106<=DEEP<128,MEDIUM,235,0.15151515151515152,21.713386406250123,0.16094832706394852,93.0
per_file,7-1.mid,equal_width,64<=LIGHT<85;85<=MEDIUM<106;106<=DEEP<128,DEEP,182,0.11734364925854288,15.384599999999775,0.11403682439120791,127.0
per_file,7-2.mid,equal_width,64<=LIGHT<85;85<=MEDIUM<106;106<=DEEP<128,LIGHT,816,0.4708597807270629,60.981509531250175,0.4386750309819117,73.0
per_file,7-2.mid,equal_width,64<=LIGHT<85;85<=MEDIUM<106;106<=DEEP<128,MEDIUM,320,0.18465089440276977,27.152750625000053,0.19532533407625913,91.0
per_file,7-2.mid,equal_width,64<=LIGHT<85;85<=MEDIUM<106;106<=DEEP<128,DEEP,597,0.3444893248701673,50.878688437499754,0.3659996349418291,127.0
per_file,7-3.mid,equal_width,64<=LIGHT<85;85<=MEDIUM<106;106<=DEEP<128,LIGHT,509,0.2363045496750232,29.600260416666845,0.18988473103909212,71.0
per_file,7-3.mid,equal_width,64<=LIGHT<85;85<=MEDIUM<106;106<=DEEP<128,MEDIUM,159,0.07381615598885793,9.921874999999787,0.0636485131974593,92.0
per_file,7-3.mid,equal_width,64<=LIGHT<85;85<=MEDIUM<106;106<=DEEP<128,DEEP,1486,0.6898792943361188,116.36328125000024,0.7464667557634487,127.0
per_file,7-4.mid,equal_width,64<=LIGHT<85;85<=MEDIUM<106;106<=DEEP<128,LIGHT,310,0.1964512040557668,20.96458333333455,0.16163903880751299,71.0
per_file,7-4.mid,equal_width,64<=LIGHT<85;85<=MEDIUM<106;106<=DEEP<128,MEDIUM,134,0.08491761723700887,9.865624999999353,0.07606495759444333,93.0
per_file,7-4.mid,equal_width,64<=LIGHT<85;85<=MEDIUM<106;106<=DEEP<128,DEEP,1134,0.7186311787072244,98.8697916666668,0.7622960035980437,127.0
per_file,7-5.mid,equal_width,64<=LIGHT<85;85<=MEDIUM<106;106<=DEEP<128,LIGHT,595,0.3543776057176891,40.04791666666684,0.31684000593364414,70.0
per_file,7-5.mid,equal_width,64<=LIGHT<85;85<=MEDIUM<106;106<=DEEP<128,MEDIUM,179,0.10661107802263252,13.292708333333007,0.10516556509699619,92.0
per_file,7-5.mid,equal_width,64<=LIGHT<85;85<=MEDIUM<106;106<=DEEP<128,DEEP,905,0.5390113162596784,73.05729166666657,0.5779944289693597,127.0
per_file,7-6.mid,equal_width,64<=LIGHT<85;85<=MEDIUM<106;106<=DEEP<128,LIGHT,705,0.5745721271393643,50.61293015624997,0.5646622366578273,71.0
per_file,7-6.mid,equal_width,64<=LIGHT<85;85<=MEDIUM<106;106<=DEEP<128,MEDIUM,207,0.1687041564792176,14.404365937499541,0.1607020471408516,91.0
per_file,7-6.mid,equal_width,64<=LIGHT<85;85<=MEDIUM<106;106<=DEEP<128,DEEP,315,0.2567237163814181,24.616695468750322,0.2746357162013212,127.0
per_file,7-7.mid,equal_width,64<=LIGHT<85;85<=MEDIUM<106;106<=DEEP<128,LIGHT,705,0.5745721271393643,50.61293015624997,0.5646622366578273,71.0
per_file,7-7.mid,equal_width,64<=LIGHT<85;85<=MEDIUM<106;106<=DEEP<128,MEDIUM,207,0.1687041564792176,14.404365937499541,0.1607020471408516,91.0
per_file,7-7.mid,equal_width,64<=LIGHT<85;85<=MEDIUM<106;106<=DEEP<128,DEEP,315,0.2567237163814181,24.616695468750322,0.2746357162013212,127.0
per_file,7-8.mid,equal_width,64<=LIGHT<85;85<=MEDIUM<106;106<=DEEP<128,LIGHT,894,0.5908790482485129,56.22812500000033,0.5079133576724771,71.0
per_file,7-8.mid,equal_width,64<=LIGHT<85;85<=MEDIUM<106;106<=DEEP<128,MEDIUM,222,0.14672835426305353,17.788541666666525,0.16068538522337894,93.0
per_file,7-8.mid,equal_width,64<=LIGHT<85;85<=MEDIUM<106;106<=DEEP<128,DEEP,397,0.2623925974884336,36.6875000000001,0.331401257104144,127.0
per_file,7-9.mid,equal_width,64<=LIGHT<85;85<=MEDIUM<106;106<=DEEP<128,LIGHT,512,0.25346534653465347,28.29991828124977,0.19403545397941513,73.0
per_file,7-9.mid,equal_width,64<=LIGHT<85;85<=MEDIUM<106;106<=DEEP<128,MEDIUM,358,0.17722772277227722,25.739824687500235,0.17648243782734707,95.0
per_file,7-9.mid,equal_width,64<=LIGHT<85;85<=MEDIUM<106;106<=DEEP<128,DEEP,1150,0.5693069306930693,91.80947015624959,0.6294821081932377,127.0
per_file,7-10.mid,equal_width,64<=LIGHT<85;85<=MEDIUM<106;106<=DEEP<128,LIGHT,512,0.25346534653465347,28.29991828124977,0.19403545397941513,73.0
per_file,7-10.mid,equal_width,64<=LIGHT<85;85<=MEDIUM<106;106<=DEEP<128,MEDIUM,358,0.17722772277227722,25.739824687500235,0.17648243782734707,95.0
per_file,7-10.mid,equal_width,64<=LIGHT<85;85<=MEDIUM<106;106<=DEEP<128,DEEP,1150,0.5693069306930693,91.80947015624959,0.6294821081932377,127.0
per_file,8-0.mid,equal_width,64<=LIGHT<85;85<=MEDIUM<106;106<=DEEP<128,LIGHT,591,0.5055603079555175,56.114583333333215,0.4220629137775685,73.0
per_file,8-0.mid,equal_width,64<=LIGHT<85;85<=MEDIUM<106;106<=DEEP<128,MEDIUM,228,0.19503849443969204,28.192708333333286,0.21204998628902721,93.0
per_file,8-0.mid,equal_width,64<=LIGHT<85;85<=MEDIUM<106;106<=DEEP<128,DEEP,350,0.2994011976047904,48.645833333333314,0.3658870999334042,127.0
per_file,8-1.mid,equal_width,64<=LIGHT<85;85<=MEDIUM<106;106<=DEEP<128,LIGHT,591,0.5055603079555175,56.114583333333215,0.4220629137775685,73.0
per_file,8-1.mid,equal_width,64<=LIGHT<85;85<=MEDIUM<106;106<=DEEP<128,MEDIUM,228,0.19503849443969204,28.192708333333286,0.21204998628902721,93.0
per_file,8-1.mid,equal_width,64<=LIGHT<85;85<=MEDIUM<106;106<=DEEP<128,DEEP,350,0.2994011976047904,48.645833333333314,0.3658870999334042,127.0
per_file,8-2.mid,equal_width,64<=LIGHT<85;85<=MEDIUM<106;106<=DEEP<128,LIGHT,591,0.5055603079555175,56.114583333333215,0.4220629137775685,73.0
per_file,8-2.mid,equal_width,64<=LIGHT<85;85<=MEDIUM<106;106<=DEEP<128,MEDIUM,228,0.19503849443969204,28.192708333333286,0.21204998628902721,93.0
per_file,8-2.mid,equal_width,64<=LIGHT<85;85<=MEDIUM<106;106<=DEEP<128,DEEP,350,0.2994011976047904,48.645833333333314,0.3658870999334042,127.0
per_file,8-3.mid,equal_width,64<=LIGHT<85;85<=MEDIUM<106;106<=DEEP<128,LIGHT,591,0.5055603079555175,56.114583333333215,0.4220629137775685,73.0
per_file,8-3.mid,equal_width,64<=LIGHT<85;85<=MEDIUM<106;106<=DEEP<128,MEDIUM,228,0.19503849443969204,28.192708333333286,0.21204998628902721,93.0
per_file,8-3.mid,equal_width,64<=LIGHT<85;85<=MEDIUM<106;106<=DEEP<128,DEEP,350,0.2994011976047904,48.645833333333314,0.3658870999334042,127.0
per_file,8-4.mid,equal_width,64<=LIGHT<85;85<=MEDIUM<106;106<=DEEP<128,LIGHT,591,0.5055603079555175,56.114583333333215,0.4220629137775685,73.0
per_file,8-4.mid,equal_width,64<=LIGHT<85;85<=MEDIUM<106;106<=DEEP<128,MEDIUM,228,0.19503849443969204,28.192708333333286,0.21204998628902721,93.0
per_file,8-4.mid,equal_width,64<=LIGHT<85;85<=MEDIUM<106;106<=DEEP<128,DEEP,350,0.2994011976047904,48.645833333333314,0.3658870999334042,127.0
per_file,8-5.mid,equal_width,64<=LIGHT<85;85<=MEDIUM<106;106<=DEEP<128,LIGHT,245,0.29589371980676327,21.340625000000145,0.21028051772096154,69.0
per_file,8-5.mid,equal_width,64<=LIGHT<85;85<=MEDIUM<106;106<=DEEP<128,MEDIUM,65,0.0785024154589372,9.160416666666666,0.09026245291346333,92.0
per_file,8-5.mid,equal_width,64<=LIGHT<85;85<=MEDIUM<106;106<=DEEP<128,DEEP,518,0.6256038647342995,70.98541666666662,0.6994570293655752,127.0
per_file,8-6.mid,equal_width,64<=LIGHT<85;85<=MEDIUM<106;106<=DEEP<128,LIGHT,245,0.29589371980676327,21.340625000000145,0.21028051772096154,69.0
per_file,8-6.mid,equal_width,64<=LIGHT<85;85<=MEDIUM<106;106<=DEEP<128,MEDIUM,65,0.0785024154589372,9.160416666666666,0.09026245291346333,92.0
per_file,8-6.mid,equal_width,64<=LIGHT<85;85<=MEDIUM<106;106<=DEEP<128,DEEP,518,0.6256038647342995,70.98541666666662,0.6994570293655752,127.0
per_file,8-7.mid,equal_width,64<=LIGHT<85;85<=MEDIUM<106;106<=DEEP<128,LIGHT,245,0.29589371980676327,21.340625000000145,0.21028051772096154,69.0
per_file,8-7.mid,equal_width,64<=LIGHT<85;85<=MEDIUM<106;106<=DEEP<128,MEDIUM,65,0.0785024154589372,9.160416666666666,0.09026245291346333,92.0
per_file,8-7.mid,equal_width,64<=LIGHT<85;85<=MEDIUM<106;106<=DEEP<128,DEEP,518,0.6256038647342995,70.98541666666662,0.6994570293655752,127.0
per_file,8-8.mid,equal_width,64<=LIGHT<85;85<=MEDIUM<106;106<=DEEP<128,LIGHT,245,0.29589371980676327,21.340625000000145,0.21028051772096154,69.0
per_file,8-8.mid,equal_width,64<=LIGHT<85;85<=MEDIUM<106;106<=DEEP<128,MEDIUM,65,0.0785024154589372,9.160416666666666,0.09026245291346333,92.0
per_file,8-8.mid,equal_width,64<=LIGHT<85;85<=MEDIUM<106;106<=DEEP<128,DEEP,518,0.6256038647342995,70.98541666666662,0.6994570293655752,127.0
per_file,8-9.mid,equal_width,64<=LIGHT<85;85<=MEDIUM<106;106<=DEEP<128,LIGHT,245,0.29589371980676327,21.340625000000145,0.21028051772096154,69.0
per_file,8-9.mid,equal_width,64<=LIGHT<85;85<=MEDIUM<106;106<=DEEP<128,MEDIUM,65,0.0785024154589372,9.160416666666666,0.09026245291346333,92.0
per_file,8-9.mid,equal_width,64<=LIGHT<85;85<=MEDIUM<106;106<=DEEP<128,DEEP,518,0.6256038647342995,70.98541666666662,0.6994570293655752,127.0
per_file,8-10.mid,equal_width,64<=LIGHT<85;85<=MEDIUM<106;106<=DEEP<128,LIGHT,535,0.7210242587601078,48.72991921874987,0.6647053465707254,72.0
per_file,8-10.mid,equal_width,64<=LIGHT<85;85<=MEDIUM<106;106<=DEEP<128,MEDIUM,113,0.1522911051212938,13.824772499999945,0.18857819473540358,90.0
per_file,8-10.mid,equal_width,64<=LIGHT<85;85<=MEDIUM<106;106<=DEEP<128,DEEP,94,0.12668463611859837,10.755865312500044,0.146716458693871,127.0
per_file,8-11.mid,equal_width,64<=LIGHT<85;85<=MEDIUM<106;106<=DEEP<128,LIGHT,535,0.7210242587601078,48.72991921874987,0.6647053465707254,72.0
per_file,8-11.mid,equal_width,64<=LIGHT<85;85<=MEDIUM<106;106<=DEEP<128,MEDIUM,113,0.1522911051212938,13.824772499999945,0.18857819473540358,90.0
per_file,8-11.mid,equal_width,64<=LIGHT<85;85<=MEDIUM<106;106<=DEEP<128,DEEP,94,0.12668463611859837,10.755865312500044,0.146716458693871,127.0
per_file,8-12.mid,equal_width,64<=LIGHT<85;85<=MEDIUM<106;106<=DEEP<128,LIGHT,535,0.7210242587601078,48.72991921874987,0.6647053465707254,72.0
per_file,8-12.mid,equal_width,64<=LIGHT<85;85<=MEDIUM<106;106<=DEEP<128,MEDIUM,113,0.1522911051212938,13.824772499999945,0.18857819473540358,90.0
per_file,8-12.mid,equal_width,64<=LIGHT<85;85<=MEDIUM<106;106<=DEEP<128,DEEP,94,0.12668463611859837,10.755865312500044,0.146716458693871,127.0
per_file,8-13.mid,equal_width,64<=LIGHT<85;85<=MEDIUM<106;106<=DEEP<128,LIGHT,535,0.7210242587601078,48.72991921874987,0.6647053465707254,72.0
per_file,8-13.mid,equal_width,64<=LIGHT<85;85<=MEDIUM<106;106<=DEEP<128,MEDIUM,113,0.1522911051212938,13.824772499999945,0.18857819473540358,90.0
per_file,8-13.mid,equal_width,64<=LIGHT<85;85<=MEDIUM<106;106<=DEEP<128,DEEP,94,0.12668463611859837,10.755865312500044,0.146716458693871,127.0
per_file,8-14.mid,equal_width,64<=LIGHT<85;85<=MEDIUM<106;106<=DEEP<128,LIGHT,535,0.7210242587601078,48.72991921874987,0.6647053465707254,72.0
per_file,8-14.mid,equal_width,64<=LIGHT<85;85<=MEDIUM<106;106<=DEEP<128,MEDIUM,113,0.1522911051212938,13.824772499999945,0.18857819473540358,90.0
per_file,8-14.mid,equal_width,64<=LIGHT<85;85<=MEDIUM<106;106<=DEEP<128,DEEP,94,0.12668463611859837,10.755865312500044,0.146716458693871,127.0
per_file,9-0.mid,equal_width,64<=LIGHT<85;85<=MEDIUM<106;106<=DEEP<128,LIGHT,188,0.19282051282051282,11.662760416666817,0.16383157740708443,71.0
per_file,9-0.mid,equal_width,64<=LIGHT<85;85<=MEDIUM<106;106<=DEEP<128,MEDIUM,108,0.11076923076923077,5.661458333332992,0.07952882645595075,94.0
per_file,9-0.mid,equal_width,64<=LIGHT<85;85<=MEDIUM<106;106<=DEEP<128,DEEP,679,0.6964102564102564,53.86328125000016,0.7566395961369649,127.0
per_file,9-1.mid,equal_width,64<=LIGHT<85;85<=MEDIUM<106;106<=DEEP<128,LIGHT,339,0.5678391959798995,21.424082097916674,0.4533185640654674,72.0
per_file,9-1.mid,equal_width,64<=LIGHT<85;85<=MEDIUM<106;106<=DEEP<128,MEDIUM,108,0.18090452261306533,8.737153712499868,0.18487204991409442,93.0
per_file,9-1.mid,equal_width,64<=LIGHT<85;85<=MEDIUM<106;106<=DEEP<128,DEEP,150,0.25125628140703515,17.099308531250106,0.3618093860204383,127.0
per_file,9-2.mid,equal_width,64<=LIGHT<85;85<=MEDIUM<106;106<=DEEP<128,LIGHT,339,0.5678391959798995,21.424082097916674,0.4533185640654674,72.0
per_file,9-2.mid,equal_width,64<=LIGHT<85;85<=MEDIUM<106;106<=DEEP<128,MEDIUM,108,0.18090452261306533,8.737153712499868,0.18487204991409442,93.0
per_file,9-2.mid,equal_width,64<=LIGHT<85;85<=MEDIUM<106;106<=DEEP<128,DEEP,150,0.25125628140703515,17.099308531250106,0.3618093860204383,127.0
per_file,9-3.mid,equal_width,64<=LIGHT<85;85<=MEDIUM<106;106<=DEEP<128,LIGHT,799,0.930151338766007,56.71093750000016,0.8273307499430124,70.0
per_file,9-3.mid,equal_width,64<=LIGHT<85;85<=MEDIUM<106;106<=DEEP<128,MEDIUM,35,0.04074505238649592,7.746093750000015,0.11300433097788896,92.0
per_file,9-3.mid,equal_width,64<=LIGHT<85;85<=MEDIUM<106;106<=DEEP<128,DEEP,25,0.02910360884749709,4.089843750000103,0.059664919079098586,115.0
per_file,9-4.mid,equal_width,64<=LIGHT<85;85<=MEDIUM<106;106<=DEEP<128,LIGHT,453,0.40958408679927666,30.558593749999822,0.36322411898534285,73.0
per_file,9-4.mid,equal_width,64<=LIGHT<85;85<=MEDIUM<106;106<=DEEP<128,MEDIUM,191,0.17269439421338156,13.57161458333323,0.1613142865986715,94.0
per_file,9-4.mid,equal_width,64<=LIGHT<85;85<=MEDIUM<106;106<=DEEP<128,DEEP,462,0.4177215189873418,40.00130208333328,0.4754615944159857,127.0
per_file,9-5.mid,equal_width,64<=LIGHT<85;85<=MEDIUM<106;106<=DEEP<128,LIGHT,453,0.40958408679927666,30.558593749999822,0.36322411898534285,73.0
per_file,9-5.mid,equal_width,64<=LIGHT<85;85<=MEDIUM<106;106<=DEEP<128,MEDIUM,191,0.17269439421338156,13.57161458333323,0.1613142865986715,94.0
per_file,9-5.mid,equal_width,64<=LIGHT<85;85<=MEDIUM<106;106<=DEEP<128,DEEP,462,0.4177215189873418,40.00130208333328,0.4754615944159857,127.0
per_file,9-6.mid,equal_width,64<=LIGHT<85;85<=MEDIUM<106;106<=DEEP<128,LIGHT,289,0.6407982261640798,26.33945015624998,0.5408748114630479,71.0
per_file,9-6.mid,equal_width,64<=LIGHT<85;85<=MEDIUM<106;106<=DEEP<128,MEDIUM,93,0.20620842572062084,9.17867671874994,0.18848210612916427,94.0
per_file,9-6.mid,equal_width,64<=LIGHT<85;85<=MEDIUM<106;106<=DEEP<128,DEEP,69,0.15299334811529933,13.179741093749941,0.27064308240778784,127.0
per_file,9-7.mid,equal_width,64<=LIGHT<85;85<=MEDIUM<106;106<=DEEP<128,LIGHT,107,0.2884097035040431,7.26814095208332,0.22597575153628938,73.0
per_file,9-7.mid,equal_width,64<=LIGHT<85;85<=MEDIUM<106;106<=DEEP<128,MEDIUM,48,0.1293800539083558,4.019218912499959,0.12496263079222601,94.0
per_file,9-7.mid,equal_width,64<=LIGHT<85;85<=MEDIUM<106;106<=DEEP<128,DEEP,216,0.5822102425876011,20.876006791666697,0.6490616176714845,127.0
per_file,9-8.mid,equal_width,64<=LIGHT<85;85<=MEDIUM<106;106<=DEEP<128,LIGHT,107,0.2884097035040431,7.26814095208332,0.22597575153628938,73.0
per_file,9-8.mid,equal_width,64<=LIGHT<85;85<=MEDIUM<106;106<=DEEP<128,MEDIUM,48,0.1293800539083558,4.019218912499959,0.12496263079222601,94.0
per_file,9-8.mid,equal_width,64<=LIGHT<85;85<=MEDIUM<106;106<=DEEP<128,DEEP,216,0.5822102425876011,20.876006791666697,0.6490616176714845,127.0
per_file,9-9.mid,equal_width,64<=LIGHT<85;85<=MEDIUM<106;106<=DEEP<128,LIGHT,264,0.26506024096385544,15.454427083333776,0.20771061565924037,71.0
per_file,9-9.mid,equal_width,64<=LIGHT<85;85<=MEDIUM<106;106<=DEEP<128,MEDIUM,119,0.11947791164658635,6.908854166666544,0.09285639284589084,93.0
per_file,9-9.mid,equal_width,64<=LIGHT<85;85<=MEDIUM<106;106<=DEEP<128,DEEP,613,0.6154618473895582,52.04036458333318,0.6994329914948688,127.0
per_file,9-10.mid,equal_width,64<=LIGHT<85;85<=MEDIUM<106;106<=DEEP<128,LIGHT,782,0.5445682451253482,53.53124999999965,0.47221303341051657,71.0
per_file,9-10.mid,equal_width,64<=LIGHT<85;85<=MEDIUM<106;106<=DEEP<128,MEDIUM,255,0.1775766016713092,23.20104166666697,0.20466240305803934,92.0
per_file,9-10.mid,equal_width,64<=LIGHT<85;85<=MEDIUM<106;106<=DEEP<128,DEEP,399,0.27785515320334264,36.63020833333331,0.3231245635314441,127.0
per_file,9-11.mid,equal_width,64<=LIGHT<85;85<=MEDIUM<106;106<=DEEP<128,LIGHT,782,0.5445682451253482,53.53124999999965,0.47221303341051657,71.0
per_file,9-11.mid,equal_width,64<=LIGHT<85;85<=MEDIUM<106;106<=DEEP<128,MEDIUM,255,0.1775766016713092,23.20104166666697,0.20466240305803934,92.0
per_file,9-11.mid,equal_width,64<=LIGHT<85;85<=MEDIUM<106;106<=DEEP<128,DEEP,399,0.27785515320334264,36.63020833333331,0.3231245635314441,127.0
per_file,9-12.mid,equal_width,64<=LIGHT<85;85<=MEDIUM<106;106<=DEEP<128,LIGHT,387,0.640728476821192,23.928125000000517,0.5123681216960785,69.0
per_file,9-12.mid,equal_width,64<=LIGHT<85;85<=MEDIUM<106;106<=DEEP<128,MEDIUM,66,0.10927152317880795,4.440624999999909,0.09508620881939361,91.0
per_file,9-12.mid,equal_width,64<=LIGHT<85;85<=MEDIUM<106;106<=DEEP<128,DEEP,151,0.25,18.33229166666667,0.39254566948452796,127.0
per_file,9-13.mid,equal_width,64<=LIGHT<85;85<=MEDIUM<106;106<=DEEP<128,LIGHT,387,0.640728476821192,23.928125000000517,0.5123681216960785,69.0
per_file,9-13.mid,equal_width,64<=LIGHT<85;85<=MEDIUM<106;106<=DEEP<128,MEDIUM,66,0.10927152317880795,4.440624999999909,0.09508620881939361,91.0
per_file,9-13.mid,equal_width,64<=LIGHT<85;85<=MEDIUM<106;106<=DEEP<128,DEEP,151,0.25,18.33229166666667,0.39254566948452796,127.0
per_file,10-0.mid,equal_width,64<=LIGHT<85;85<=MEDIUM<106;106<=DEEP<128,LIGHT,148,0.519298245614035,13.091600156249935,0.47772904483430656,70.0
per_file,10-0.mid,equal_width,64<=LIGHT<85;85<=MEDIUM<106;106<=DEEP<128,MEDIUM,59,0.20701754385964913,6.7414462500000285,0.2460038986354791,93.0
per_file,10-0.mid,equal_width,64<=LIGHT<85;85<=MEDIUM<106;106<=DEEP<128,DEEP,78,0.2736842105263158,7.570772343749984,0.2762670565302144,127.0
per_file,10-1.mid,equal_width,64<=LIGHT<85;85<=MEDIUM<106;106<=DEEP<128,LIGHT,125,0.29904306220095694,5.69442764583334,0.2100906582577849,72.0
per_file,10-1.mid,equal_width,64<=LIGHT<85;85<=MEDIUM<106;106<=DEEP<128,MEDIUM,88,0.21052631578947367,5.568359641666651,0.20543949546708642,95.0
per_file,10-1.mid,equal_width,64<=LIGHT<85;85<=MEDIUM<106;106<=DEEP<128,DEEP,205,0.4904306220095694,15.84183360833336,0.5844698462751288,127.0
per_file,11-0.mid,equal_width,64<=LIGHT<85;85<=MEDIUM<106;106<=DEEP<128,LIGHT,783,0.6596461668070767,34.029079218750084,0.6267926106314428,73.0
per_file,11-0.mid,equal_width,64<=LIGHT<85;85<=MEDIUM<106;106<=DEEP<128,MEDIUM,279,0.2350463352990733,12.710991562499945,0.2341278626423622,90.0
per_file,11-0.mid,equal_width,64<=LIGHT<85;85<=MEDIUM<106;106<=DEEP<128,DEEP,125,0.10530749789385004,7.550740312500016,0.13907952672619506,127.0
per_file,11-1.mid,equal_width,64<=LIGHT<85;85<=MEDIUM<106;106<=DEEP<128,LIGHT,333,0.2479523454951601,11.89421887500002,0.2206302021403096,74.0
per_file,11-1.mid,equal_width,64<=LIGHT<85;85<=MEDIUM<106;106<=DEEP<128,MEDIUM,292,0.21742367833209233,10.638878249999927,0.19734443123265824,96.0
per_file,11-1.mid,equal_width,64<=LIGHT<85;85<=MEDIUM<106;106<=DEEP<128,DEEP,718,0.5346239761727476,31.377105375000035,0.5820253666270322,127.0
per_file,11-2.mid,equal_width,64<=LIGHT<85;85<=MEDIUM<106;106<=DEEP<128,LIGHT,310,0.23628048780487804,12.800175914583384,0.22393136833448665,76.0
per_file,11-2.mid,equal_width,64<=LIGHT<85;85<=MEDIUM<106;106<=DEEP<128,MEDIUM,428,0.32621951219512196,19.20186643124997,0.33592508831280415,94.0
per_file,11-2.mid,equal_width,64<=LIGHT<85;85<=MEDIUM<106;106<=DEEP<128,DEEP,574,0.4375,25.159113814583353,0.4401435433527092,124.0
per_file,11-3.mid,equal_width,64<=LIGHT<85;85<=MEDIUM<106;106<=DEEP<128,LIGHT,309,0.24919354838709679,13.863501093750036,0.24910015837212704,74.0
per_file,11-3.mid,equal_width,64<=LIGHT<85;85<=MEDIUM<106;106<=DEEP<128,MEDIUM,593,0.4782258064516129,25.347196874999987,0.4554398425877041,97.0
per_file,11-3.mid,equal_width,64<=LIGHT<85;85<=MEDIUM<106;106<=DEEP<128,DEEP,338,0.2725806451612903,16.443626718750004,0.29545999904016884,127.0
per_file,12-0.mid,equal_width,64<=LIGHT<85;85<=MEDIUM<106;106<=DEEP<128,LIGHT,633,0.2053861129136924,46.07767828125015,0.15489840446068653,73.0
per_file,12-0.mid,equal_width,64<=LIGHT<85;85<=MEDIUM<106;106<=DEEP<128,MEDIUM,481,0.15606748864373785,36.14846812500022,0.12151957835382068,95.0
per_file,12-0.mid,equal_width,64<=LIGHT<85;85<=MEDIUM<106;106<=DEEP<128,DEEP,1968,0.6385463984425698,215.24417578124988,0.7235820171854928,127.0
per_file,12-1.mid,equal_width,64<=LIGHT<85;85<=MEDIUM<106;106<=DEEP<128,LIGHT,633,0.2053861129136924,46.07767828125015,0.15489840446068653,73.0
per_file,12-1.mid,equal_width,64<=LIGHT<85;85<=MEDIUM<106;106<=DEEP<128,MEDIUM,481,0.15606748864373785,36.14846812500022,0.12151957835382068,95.0
per_file,12-1.mid,equal_width,64<=LIGHT<85;85<=MEDIUM<106;106<=DEEP<128,DEEP,1968,0.6385463984425698,215.24417578124988,0.7235820171854928,127.0
per_file,12-2.mid,equal_width,64<=LIGHT<85;85<=MEDIUM<106;106<=DEEP<128,LIGHT,633,0.2053861129136924,46.07767828125015,0.15489840446068653,73.0
per_file,12-2.mid,equal_width,64<=LIGHT<85;85<=MEDIUM<106;106<=DEEP<128,MEDIUM,481,0.15606748864373785,36.14846812500022,0.12151957835382068,95.0
per_file,12-2.mid,equal_width,64<=LIGHT<85;85<=MEDIUM<106;106<=DEEP<128,DEEP,1968,0.6385463984425698,215.24417578124988,0.7235820171854928,127.0
per_file,12-3.mid,equal_width,64<=LIGHT<85;85<=MEDIUM<106;106<=DEEP<128,LIGHT,633,0.2053861129136924,46.07767828125015,0.15489840446068653,73.0
per_file,12-3.mid,equal_width,64<=LIGHT<85;85<=MEDIUM<106;106<=DEEP<128,MEDIUM,481,0.15606748864373785,36.14846812500022,0.12151957835382068,95.0
per_file,12-3.mid,equal_width,64<=LIGHT<85;85<=MEDIUM<106;106<=DEEP<128,DEEP,1968,0.6385463984425698,215.24417578124988,0.7235820171854928,127.0
per_file,12-4.mid,equal_width,64<=LIGHT<85;85<=MEDIUM<106;106<=DEEP<128,LIGHT,633,0.2053861129136924,46.07767828125015,0.15489840446068653,73.0
per_file,12-4.mid,equal_width,64<=LIGHT<85;85<=MEDIUM<106;106<=DEEP<128,MEDIUM,481,0.15606748864373785,36.14846812500022,0.12151957835382068,95.0
per_file,12-4.mid,equal_width,64<=LIGHT<85;85<=MEDIUM<106;106<=DEEP<128,DEEP,1968,0.6385463984425698,215.24417578124988,0.7235820171854928,127.0
per_file,13-0.mid,equal_width,64<=LIGHT<85;85<=MEDIUM<106;106<=DEEP<128,LIGHT,622,0.18028985507246376,23.65625000000005,0.13109360117759142,69.0
per_file,13-0.mid,equal_width,64<=LIGHT<85;85<=MEDIUM<106;106<=DEEP<128,MEDIUM,150,0.043478260869565216,6.066406250000034,0.03361762923196833,92.0
per_file,13-0.mid,equal_width,64<=LIGHT<85;85<=MEDIUM<106;106<=DEEP<128,DEEP,2678,0.776231884057971,150.7304687499999,0.8352887695904402,127.0
per_file,13-1.mid,equal_width,64<=LIGHT<85;85<=MEDIUM<106;106<=DEEP<128,LIGHT,426,0.10884006131834441,19.68437499999982,0.08504423902575055,74.0
per_file,13-1.mid,equal_width,64<=LIGHT<85;85<=MEDIUM<106;106<=DEEP<128,MEDIUM,385,0.09836484414920797,16.578125000000377,0.0716240177856201,95.0
per_file,13-1.mid,equal_width,64<=LIGHT<85;85<=MEDIUM<106;106<=DEEP<128,DEEP,3103,0.7927950945324477,195.19791666666652,0.8433317431886292,127.0
per_file,13-2.mid,equal_width,64<=LIGHT<85;85<=MEDIUM<106;106<=DEEP<128,LIGHT,573,0.15288153681963715,27.00130208333307,0.12323866236397986,70.0
per_file,13-2.mid,equal_width,64<=LIGHT<85;85<=MEDIUM<106;106<=DEEP<128,MEDIUM,178,0.047491995731056565,7.919270833333068,0.036144936321440314,92.0
per_file,13-2.mid,equal_width,64<=LIGHT<85;85<=MEDIUM<106;106<=DEEP<128,DEEP,2997,0.7996264674493063,184.17708333333383,0.8406164013145798,127.0
per_file,13-3.mid,equal_width,64<=LIGHT<85;85<=MEDIUM<106;106<=DEEP<128,LIGHT,539,0.1361111111111111,20.622395833333456,0.09998510134870735,72.0
per_file,13-3.mid,equal_width,64<=LIGHT<85;85<=MEDIUM<106;106<=DEEP<128,MEDIUM,245,0.06186868686868687,10.497395833333444,0.050895307934921225,94.0
per_file,13-3.mid,equal_width,64<=LIGHT<85;85<=MEDIUM<106;106<=DEEP<128,DEEP,3176,0.802020202020202,175.13489583333305,0.8491195907163716,127.0
per_file,13-4.mid,equal_width,64<=LIGHT<85;85<=MEDIUM<106;106<=DEEP<128,LIGHT,604,0.15306639635073493,26.90624999999966,0.1011934202729623,73.0
per_file,13-4.mid,equal_width,64<=LIGHT<85;85<=MEDIUM<106;106<=DEEP<128,MEDIUM,330,0.08362899138367967,15.609375000000323,0.05870628737090169,94.0
per_file,13-4.mid,equal_width,64<=LIGHT<85;85<=MEDIUM<106;106<=DEEP<128,DEEP,3012,0.7633046122655854,223.3736979166669,0.8401002923561359,127.0
per_file,13-5.mid,equal_width,64<=LIGHT<85;85<=MEDIUM<106;106<=DEEP<128,LIGHT,715,0.17960311479527757,34.96223958333258,0.14023680073536415,72.0
per_file,13-5.mid,equal_width,64<=LIGHT<85;85<=MEDIUM<106;106<=DEEP<128,MEDIUM,496,0.12459181110273801,28.00000000000027,0.11231060902809446,94.0
per_file,13-5.mid,equal_width,64<=LIGHT<85;85<=MEDIUM<106;106<=DEEP<128,DEEP,2770,0.6958050741019844,186.346354166667,0.7474525902365413,127.0
per_file,13-6.mid,equal_width,64<=LIGHT<85;85<=MEDIUM<106;106<=DEEP<128,LIGHT,658,0.15722819593787335,28.014583333332897,0.1249593443049484,74.0
per_file,13-6.mid,equal_width,64<=LIGHT<85;85<=MEDIUM<106;106<=DEEP<128,MEDIUM,739,0.17658303464755076,33.823958333333664,0.15087212273838338,95.0
per_file,13-6.mid,equal_width,64<=LIGHT<85;85<=MEDIUM<106;106<=DEEP<128,DEEP,2788,0.6661887694145758,162.3510416666666,0.7241685329566683,127.0
per_file,13-7.mid,equal_width,64<=LIGHT<85;85<=MEDIUM<106;106<=DEEP<128,LIGHT,715,0.17084826762246116,37.49375000000041,0.13804291549214892,72.0
per_file,13-7.mid,equal_width,64<=LIGHT<85;85<=MEDIUM<106;106<=DEEP<128,MEDIUM,320,0.07646356033452807,19.365104166666026,0.07129762795067737,93.0
per_file,13-7.mid,equal_width,64<=LIGHT<85;85<=MEDIUM<106;106<=DEEP<128,DEEP,3150,0.7526881720430108,214.75052083333372,0.7906594565571736,127.0
per_file,13-8.mid,equal_width,64<=LIGHT<85;85<=MEDIUM<106;106<=DEEP<128,LIGHT,676,0.1783641160949868,28.63645833333296,0.1327952158749465,74.0
per_file,13-8.mid,equal_width,64<=LIGHT<85;85<=MEDIUM<106;106<=DEEP<128,MEDIUM,394,0.10395778364116096,20.472916666666872,0.0949386043725677,94.0
per_file,13-8.mid,equal_width,64<=LIGHT<85;85<=MEDIUM<106;106<=DEEP<128,DEEP,2720,0.7176781002638523,166.53437499999993,0.7722661797524858,127.0
per_file,14-0.mid,equal_width,64<=LIGHT<85;85<=MEDIUM<106;106<=DEEP<128,LIGHT,173,0.34462151394422313,13.141927083333428,0.3281529407939674,69.0
per_file,14-0.mid,equal_width,64<=LIGHT<85;85<=MEDIUM<106;106<=DEEP<128,MEDIUM,44,0.08764940239043825,2.8710937499998552,0.07169099717137188,92.0
per_file,14-0.mid,equal_width,64<=LIGHT<85;85<=MEDIUM<106;106<=DEEP<128,DEEP,285,0.5677290836653387,24.03515625000012,0.6001560620346608,127.0
per_file,14-1.mid,equal_width,64<=LIGHT<85;85<=MEDIUM<106;106<=DEEP<128,LIGHT,81,0.37155963302752293,5.682291666666517,0.32206642066419977,71.0
per_file,14-1.mid,equal_width,64<=LIGHT<85;85<=MEDIUM<106;106<=DEEP<128,MEDIUM,24,0.11009174311926606,1.5716145833333188,0.08907749077490737,94.0
per_file,14-1.mid,equal_width,64<=LIGHT<85;85<=MEDIUM<106;106<=DEEP<128,DEEP,113,0.518348623853211,10.389322916666742,0.5888560885608928,127.0
per_file,15-0.mid,equal_width,64<=LIGHT<85;85<=MEDIUM<106;106<=DEEP<128,LIGHT,47,0.746031746031746,5.594278593749875,0.6139528066832667,69.0
per_file,15-0.mid,equal_width,64<=LIGHT<85;85<=MEDIUM<106;106<=DEEP<128,MEDIUM,5,0.07936507936507936,1.1752125000000246,0.1289755239630695,94.0
per_file,15-0.mid,equal_width,64<=LIGHT<85;85<=MEDIUM<106;106<=DEEP<128,DEEP,11,0.1746031746031746,2.3424121875000523,0.2570716693536639,127.0
per_file,15-1.mid,equal_width,64<=LIGHT<85;85<=MEDIUM<106;106<=DEEP<128,LIGHT,133,0.13155291790306628,13.169858624999687,0.11125551674653861,76.0
per_file,15-1.mid,equal_width,64<=LIGHT<85;85<=MEDIUM<106;106<=DEEP<128,MEDIUM,145,0.1434223541048467,15.50639475000019,0.13099396203937044,94.0
per_file,15-1.mid,equal_width,64<=LIGHT<85;85<=MEDIUM<106;106<=DEEP<128,DEEP,733,0.7250247279920871,89.6986282499999,0.757750521214091,127.0
per_file,15-2.mid,equal_width,64<=LIGHT<85;85<=MEDIUM<106;106<=DEEP<128,LIGHT,231,0.4476744186046512,28.482877499999923,0.40859803057588273,76.0
per_file,15-2.mid,equal_width,64<=LIGHT<85;85<=MEDIUM<106;106<=DEEP<128,MEDIUM,185,0.35852713178294576,30.23100609375009,0.43367561975554714,93.0
per_file,15-2.mid,equal_width,64<=LIGHT<85;85<=MEDIUM<106;106<=DEEP<128,DEEP,100,0.1937984496124031,10.994914218750033,0.15772634966857002,127.0
per_file,16-0.mid,equal_width,64<=LIGHT<85;85<=MEDIUM<106;106<=DEEP<128,LIGHT,168,0.42857142857142855,11.09635416666666,0.34807825838336787,75.0
per_file,16-0.mid,equal_width,64<=LIGHT<85;85<=MEDIUM<106;106<=DEEP<128,MEDIUM,151,0.3852040816326531,12.22135416666667,0.38336805130090273,94.0
per_file,16-0.mid,equal_width,64<=LIGHT<85;85<=MEDIUM<106;106<=DEEP<128,DEEP,73,0.18622448979591838,8.561197916666671,0.26855369031572945,122.0
per_file,16-1.mid,equal_width,64<=LIGHT<85;85<=MEDIUM<106;106<=DEEP<128,LIGHT,53,0.14887640449438203,3.0479166666666804,0.09644987968487365,69.0
per_file,16-1.mid,equal_width,64<=LIGHT<85;85<=MEDIUM<106;106<=DEEP<128,MEDIUM,13,0.03651685393258427,1.1843750000000144,0.037478986056630956,91.0
per_file,16-1.mid,equal_width,64<=LIGHT<85;85<=MEDIUM<106;106<=DEEP<128,DEEP,290,0.8146067415730337,27.368749999999988,0.8660711342584955,127.0
per_file,17-0.mid,equal_width,64<=LIGHT<85;85<=MEDIUM<106;106<=DEEP<128,LIGHT,351,0.11894273127753303,13.603124999999752,0.0676540984116117,71.0
per_file,17-0.mid,equal_width,64<=LIGHT<85;85<=MEDIUM<106;106<=DEEP<128,MEDIUM,137,0.04642494069806845,6.547916666666699,0.032565561116119225,94.0
per_file,17-0.mid,equal_width,64<=LIGHT<85;85<=MEDIUM<106;106<=DEEP<128,DEEP,2463,0.8346323280243985,180.91770833333356,0.8997803404722691,127.0
per_file,17-1.mid,equal_width,64<=LIGHT<85;85<=MEDIUM<106;106<=DEEP<128,LIGHT,392,0.1060893098782138,17.499982500000314,0.07650273224043848,71.0
per_file,17-1.mid,equal_width,64<=LIGHT<85;85<=MEDIUM<106;106<=DEEP<128,MEDIUM,210,0.056833558863328824,8.349350625000007,0.0364999299425529,93.0
per_file,17-1.mid,equal_width,64<=LIGHT<85;85<=MEDIUM<106;106<=DEEP<128,DEEP,3093,0.8370771312584574,202.90043812499985,0.8869973378170086,127.0
per_file,17-2.mid,equal_width,64<=LIGHT<85;85<=MEDIUM<106;106<=DEEP<128,LIGHT,188,0.05586924219910847,9.155955895832655,0.037816275560181065,74.0
per_file,17-2.mid,equal_width,64<=LIGHT<85;85<=MEDIUM<106;106<=DEEP<128,MEDIUM,167,0.04962852897473997,8.10895043750043,0.03349189399087641,94.0
per_file,17-2.mid,equal_width,64<=LIGHT<85;85<=MEDIUM<106;106<=DEEP<128,DEEP,3010,0.8945022288261516,224.85190078750054,0.9286918304489424,127.0
per_file,17-3.mid,equal_width,64<=LIGHT<85;85<=MEDIUM<106;106<=DEEP<128,LIGHT,788,0.27600700525394045,49.05338541666732,0.21457660520935054,79.0
per_file,17-3.mid,equal_width,64<=LIGHT<85;85<=MEDIUM<106;106<=DEEP<128,MEDIUM,1095,0.38353765323992994,87.92057291666623,0.3845952303652672,92.0
per_file,17-3.mid,equal_width,64<=LIGHT<85;85<=MEDIUM<106;106<=DEEP<128,DEEP,972,0.3404553415061296,91.63151041666667,0.4008281644253822,127.0
per_file,17-4.mid,equal_width,64<=LIGHT<85;85<=MEDIUM<106;106<=DEEP<128,LIGHT,276,0.09007832898172324,13.745979843750145,0.05983293514465651,73.0
per_file,17-4.mid,equal_width,64<=LIGHT<85;85<=MEDIUM<106;106<=DEEP<128,MEDIUM,451,0.14719321148825065,31.283355468749956,0.13616890175493657,94.0
per_file,17-4.mid,equal_width,64<=LIGHT<85;85<=MEDIUM<106;106<=DEEP<128,DEEP,2337,0.7627284595300261,184.71001828124975,0.8039981631004068,127.0
per_file,17-5.mid,equal_width,64<=LIGHT<85;85<=MEDIUM<106;106<=DEEP<128,LIGHT,626,0.18218859138533178,27.71765390625015,0.11972818155072716,73.0
per_file,17-5.mid,equal_width,64<=LIGHT<85;85<=MEDIUM<106;106<=DEEP<128,MEDIUM,393,0.11437718277066357,24.234751406249813,0.10468356109857949,95.0
per_file,17-5.mid,equal_width,64<=LIGHT<85;85<=MEDIUM<106;106<=DEEP<128,DEEP,2417,0.7034342258440046,179.55243796875013,0.7755882573506934,127.0
per_file,17-6.mid,equal_width,64<=LIGHT<85;85<=MEDIUM<106;106<=DEEP<128,LIGHT,1160,0.32222222222222224,57.63482484374989,0.23937810614128446,74.0
per_file,17-6.mid,equal_width,64<=LIGHT<85;85<=MEDIUM<106;106<=DEEP<128,MEDIUM,886,0.2461111111111111,66.55308515625019,0.27641884096556685,93.0
per_file,17-6.mid,equal_width,64<=LIGHT<85;85<=MEDIUM<106;106<=DEEP<128,DEEP,1554,0.43166666666666664,116.58108000000006,0.4842030528931487,127.0
per_file,17-7.mid,equal_width,64<=LIGHT<85;85<=MEDIUM<106;106<=DEEP<128,LIGHT,351,0.11538461538461539,13.178385416666586,0.07234763463765378,72.0
per_file,17-7.mid,equal_width,64<=LIGHT<85;85<=MEDIUM<106;106<=DEEP<128,MEDIUM,210,0.06903353057199212,8.553385416666707,0.046956981714727085,93.0
per_file,17-7.mid,equal_width,64<=LIGHT<85;85<=MEDIUM<106;106<=DEEP<128,DEEP,2481,0.8155818540433925,160.42187500000006,0.8806953836476191,127.0
per_file,17-8.mid,equal_width,64<=LIGHT<85;85<=MEDIUM<106;106<=DEEP<128,LIGHT,563,0.1726464274762343,26.324708666666904,0.11579382683559634,76.0
per_file,17-8.mid,equal_width,64<=LIGHT<85;85<=MEDIUM<106;106<=DEEP<128,MEDIUM,600,0.18399264029438822,41.78085965208331,0.1837804052783938,95.0
per_file,17-8.mid,equal_width,64<=LIGHT<85;85<=MEDIUM<106;106<=DEEP<128,DEEP,2098,0.6433609322293775,159.23564136458316,0.7004257678860099,127.0
per_file,17-9.mid,equal_width,64<=LIGHT<85;85<=MEDIUM<106;106<=DEEP<128,LIGHT,319,0.1033700583279326,13.311952500000098,0.06892403006437474,74.0
per_file,17-9.mid,equal_width,64<=LIGHT<85;85<=MEDIUM<106;106<=DEEP<128,MEDIUM,190,0.06156837329876863,8.68054687500003,0.044944441755460876,95.0
per_file,17-9.mid,equal_width,64<=LIGHT<85;85<=MEDIUM<106;106<=DEEP<128,DEEP,2577,0.8350615683732988,171.14699765624997,0.8861315281801644,127.0
per_file,17-10.mid,equal_width,64<=LIGHT<85;85<=MEDIUM<106;106<=DEEP<128,LIGHT,228,0.07293666026871401,13.385403281249701,0.058405346976591076,73.0
per_file,17-10.mid,equal_width,64<=LIGHT<85;85<=MEDIUM<106;106<=DEEP<128,MEDIUM,183,0.05854126679462572,8.784713437500391,0.038330876225884644,94.0
per_file,17-10.mid,equal_width,64<=LIGHT<85;85<=MEDIUM<106;106<=DEEP<128,DEEP,2715,0.8685220729366603,207.0110109375,0.9032637767975242,127.0
per_file,17-11.mid,equal_width,64<=LIGHT<85;85<=MEDIUM<106;106<=DEEP<128,LIGHT,228,0.07293666026871401,13.385403281249701,0.058405346976591076,73.0
per_file,17-11.mid,equal_width,64<=LIGHT<85;85<=MEDIUM<106;106<=DEEP<128,MEDIUM,183,0.05854126679462572,8.784713437500391,0.038330876225884644,94.0
per_file,17-11.mid,equal_width,64<=LIGHT<85;85<=MEDIUM<106;106<=DEEP<128,DEEP,2715,0.8685220729366603,207.0110109375,0.9032637767975242,127.0
per_file,17-12.mid,equal_width,64<=LIGHT<85;85<=MEDIUM<106;106<=DEEP<128,LIGHT,233,0.06647646219686162,10.678387302083237,0.048458726449397874,73.0
per_file,17-12.mid,equal_width,64<=LIGHT<85;85<=MEDIUM<106;106<=DEEP<128,MEDIUM,220,0.06276747503566334,10.700823133333508,0.048560540682059165,95.0
per_file,17-12.mid,equal_width,64<=LIGHT<85;85<=MEDIUM<106;106<=DEEP<128,DEEP,3052,0.8707560627674751,198.98125061041665,0.902980732868543,127.0
per_file,17-13.mid,equal_width,64<=LIGHT<85;85<=MEDIUM<106;106<=DEEP<128,LIGHT,554,0.17767799871712636,29.109212343750137,0.13149496570404792,73.0
per_file,17-13.mid,equal_width,64<=LIGHT<85;85<=MEDIUM<106;106<=DEEP<128,MEDIUM,410,0.13149454778704298,27.884587499999853,0.1259629712300084,94.0
per_file,17-13.mid,equal_width,64<=LIGHT<85;85<=MEDIUM<106;106<=DEEP<128,DEEP,2154,0.6908274534958306,164.3775065625001,0.7425420630659436,127.0
per_file,17-14.mid,equal_width,64<=LIGHT<85;85<=MEDIUM<106;106<=DEEP<128,LIGHT,701,0.18808693319023342,30.801251250000245,0.12922890729181935,73.0
per_file,17-14.mid,equal_width,64<=LIGHT<85;85<=MEDIUM<106;106<=DEEP<128,MEDIUM,338,0.09068956265092568,19.78096312499987,0.08299248069746795,93.0
per_file,17-14.mid,equal_width,64<=LIGHT<85;85<=MEDIUM<106;106<=DEEP<128,DEEP,2688,0.7212235041588408,187.76423531250003,0.7877786120107126,127.0
per_file,17-15.mid,equal_width,64<=LIGHT<85;85<=MEDIUM<106;106<=DEEP<128,LIGHT,418,0.11970217640320734,17.729683125000008,0.07556405527855561,72.0
per_file,17-15.mid,equal_width,64<=LIGHT<85;85<=MEDIUM<106;106<=DEEP<128,MEDIUM,186,0.05326460481099656,9.545930625000146,0.04068483482457996,94.0
per_file,17-15.mid,equal_width,64<=LIGHT<85;85<=MEDIUM<106;106<=DEEP<128,DEEP,2888,0.827033218785796,207.35556187500006,0.8837511098968643,127.0
per_file,17-16.mid,equal_width,64<=LIGHT<85;85<=MEDIUM<106;106<=DEEP<128,LIGHT,626,0.20318078545926646,30.825289687500007,0.15524094562329782,74.0
per_file,17-16.mid,equal_width,64<=LIGHT<85;85<=MEDIUM<106;106<=DEEP<128,MEDIUM,193,0.06264199935086011,10.741175156249925,0.05409422604835696,94.0
per_file,17-16.mid,equal_width,64<=LIGHT<85;85<=MEDIUM<106;106<=DEEP<128,DEEP,2262,0.7341772151898734,156.9977062499998,0.7906648283283452,127.0
per_file,18-0.mid,equal_width,64<=LIGHT<85;85<=MEDIUM<106;106<=DEEP<128,LIGHT,647,0.21324983520105473,101.61458333333486,0.21039180216053593,76.0
per_file,18-0.mid,equal_width,64<=LIGHT<85;85<=MEDIUM<106;106<=DEEP<128,MEDIUM,630,0.20764667106130522,112.01692708333283,0.2319297328045668,94.0
per_file,18-0.mid,equal_width,64<=LIGHT<85;85<=MEDIUM<106;106<=DEEP<128,DEEP,1757,0.57910349373764,269.346354166666,0.5576784650348973,127.0
per_file,19-0.mid,equal_width,64<=LIGHT<85;85<=MEDIUM<106;106<=DEEP<128,LIGHT,402,0.551440329218107,53.69625,0.4308485430515055,70.0
per_file,19-0.mid,equal_width,64<=LIGHT<85;85<=MEDIUM<106;106<=DEEP<128,MEDIUM,102,0.13991769547325103,16.88093749999984,0.1354494462316913,94.0
per_file,19-0.mid,equal_width,64<=LIGHT<85;85<=MEDIUM<106;106<=DEEP<128,DEEP,225,0.30864197530864196,54.0518750000001,0.4337020107168031,127.0
per_file,19-1.mid,equal_width,64<=LIGHT<85;85<=MEDIUM<106;106<=DEEP<128,LIGHT,483,0.5955610357583231,67.27281249999986,0.4573455335765161,70.0
per_file,19-1.mid,equal_width,64<=LIGHT<85;85<=MEDIUM<106;106<=DEEP<128,MEDIUM,120,0.14796547472256474,25.114375000000123,0.1707368371853904,93.0
per_file,19-1.mid,equal_width,64<=LIGHT<85;85<=MEDIUM<106;106<=DEEP<128,DEEP,208,0.2564734895191122,54.706874999999904,0.37191762923809346,127.0
per_file,20-0.mid,equal_width,64<=LIGHT<85;85<=MEDIUM<106;106<=DEEP<128,LIGHT,616,0.5137614678899083,35.14553109375014,0.45779842048498876,71.0
per_file,20-0.mid,equal_width,64<=LIGHT<85;85<=MEDIUM<106;106<=DEEP<128,MEDIUM,207,0.17264386989157632,14.533906406250077,0.18931565946491394,91.0
per_file,20-0.mid,equal_width,64<=LIGHT<85;85<=MEDIUM<106;106<=DEEP<128,DEEP,376,0.31359466221851545,27.091319062499892,0.3528859200500972,127.0
per_file,20-1.mid,equal_width,64<=LIGHT<85;85<=MEDIUM<106;106<=DEEP<128,LIGHT,354,0.2544931703810209,20.68507546875,0.21872484643084095,72.0
per_file,20-1.mid,equal_width,64<=LIGHT<85;85<=MEDIUM<106;106<=DEEP<128,MEDIUM,87,0.0625449317038102,5.416661249999993,0.05727600084727805,93.0
per_file,20-1.mid,equal_width,64<=LIGHT<85;85<=MEDIUM<106;106<=DEEP<128,DEEP,950,0.6829618979151689,68.4694828125,0.7239991527218811,127.0
per_file,20-2.mid,equal_width,64<=LIGHT<85;85<=MEDIUM<106;106<=DEEP<128,LIGHT,60,0.5769230769230769,5.45939624999999,0.4936244204018529,73.0
per_file,20-2.mid,equal_width,64<=LIGHT<85;85<=MEDIUM<106;106<=DEEP<128,MEDIUM,23,0.22115384615384615,1.8108956250000716,0.1637364760432828,94.0
per_file,20-2.mid,equal_width,64<=LIGHT<85;85<=MEDIUM<106;106<=DEEP<128,DEEP,21,0.20192307692307693,3.7895261249999592,0.34263910355486427,127.0
per_file,20-3.mid,equal_width,64<=LIGHT<85;85<=MEDIUM<106;106<=DEEP<128,LIGHT,436,0.24563380281690142,24.452432812500128,0.17788270039734672,73.0
per_file,20-3.mid,equal_width,64<=LIGHT<85;85<=MEDIUM<106;106<=DEEP<128,MEDIUM,465,0.2619718309859155,37.987408593750025,0.27634480681608437,97.0
per_file,20-3.mid,equal_width,64<=LIGHT<85;85<=MEDIUM<106;106<=DEEP<128,DEEP,874,0.4923943661971831,75.02396343749989,0.5457724927865689,127.0
per_file,20-4.mid,equal_width,64<=LIGHT<85;85<=MEDIUM<106;106<=DEEP<128,LIGHT,856,0.7181208053691275,52.90593000000032,0.6509579677281563,72.0
per_file,20-4.mid,equal_width,64<=LIGHT<85;85<=MEDIUM<106;106<=DEEP<128,MEDIUM,208,0.174496644295302,15.962857968749944,0.1964080318117573,91.0
per_file,20-4.mid,equal_width,64<=LIGHT<85;85<=MEDIUM<106;106<=DEEP<128,DEEP,128,0.10738255033557047,12.405169218749947,0.15263400046008635,127.0
per_file,21-0.mid,equal_width,64<=LIGHT<85;85<=MEDIUM<106;106<=DEEP<128,LIGHT,138,0.02781136638452237,13.752657187500088,0.03391817873411239,72.0
per_file,21-0.mid,equal_width,64<=LIGHT<85;85<=MEDIUM<106;106<=DEEP<128,MEDIUM,63,0.012696493349455865,9.057149062499928,0.02233764693870139,92.0
per_file,21-0.mid,equal_width,64<=LIGHT<85;85<=MEDIUM<106;106<=DEEP<128,DEEP,4761,0.9594921402660218,382.65586734375006,0.9437441743271863,127.0
per_file,21-1.mid,equal_width,64<=LIGHT<85;85<=MEDIUM<106;106<=DEEP<128,LIGHT,138,0.02781136638452237,13.752657187500088,0.03391817873411239,72.0
per_file,21-1.mid,equal_width,64<=LIGHT<85;85<=MEDIUM<106;106<=DEEP<128,MEDIUM,63,0.012696493349455865,9.057149062499928,0.02233764693870139,92.0
per_file,21-1.mid,equal_width,64<=LIGHT<85;85<=MEDIUM<106;106<=DEEP<128,DEEP,4761,0.9594921402660218,382.65586734375006,0.9437441743271863,127.0
per_file,21-2.mid,equal_width,64<=LIGHT<85;85<=MEDIUM<106;106<=DEEP<128,LIGHT,138,0.02781136638452237,13.752657187500088,0.03391817873411239,72.0
per_file,21-2.mid,equal_width,64<=LIGHT<85;85<=MEDIUM<106;106<=DEEP<128,MEDIUM,63,0.012696493349455865,9.057149062499928,0.02233764693870139,92.0
per_file,21-2.mid,equal_width,64<=LIGHT<85;85<=MEDIUM<106;106<=DEEP<128,DEEP,4761,0.9594921402660218,382.65586734375006,0.9437441743271863,127.0
per_file,21-3.mid,equal_width,64<=LIGHT<85;85<=MEDIUM<106;106<=DEEP<128,LIGHT,130,0.027624309392265192,11.181879843749925,0.02769783458706292,71.0
per_file,21-3.mid,equal_width,64<=LIGHT<85;85<=MEDIUM<106;106<=DEEP<128,MEDIUM,71,0.015087122821929451,6.446307656250113,0.015967687513645763,94.0
per_file,21-3.mid,equal_width,64<=LIGHT<85;85<=MEDIUM<106;106<=DEEP<128,DEEP,4505,0.9572885677858054,386.08134468749984,0.9563344778992914,127.0
per_file,21-4.mid,equal_width,64<=LIGHT<85;85<=MEDIUM<106;106<=DEEP<128,LIGHT,130,0.027624309392265192,11.181879843749925,0.02769783458706292,71.0
per_file,21-4.mid,equal_width,64<=LIGHT<85;85<=MEDIUM<106;106<=DEEP<128,MEDIUM,71,0.015087122821929451,6.446307656250113,0.015967687513645763,94.0
per_file,21-4.mid,equal_width,64<=LIGHT<85;85<=MEDIUM<106;106<=DEEP<128,DEEP,4505,0.9572885677858054,386.08134468749984,0.9563344778992914,127.0
per_file,21-5.mid,equal_width,64<=LIGHT<85;85<=MEDIUM<106;106<=DEEP<128,LIGHT,130,0.027624309392265192,11.181879843749925,0.02769783458706292,71.0
per_file,21-5.mid,equal_width,64<=LIGHT<85;85<=MEDIUM<106;106<=DEEP<128,MEDIUM,71,0.015087122821929451,6.446307656250113,0.015967687513645763,94.0
per_file,21-5.mid,equal_width,64<=LIGHT<85;85<=MEDIUM<106;106<=DEEP<128,DEEP,4505,0.9572885677858054,386.08134468749984,0.9563344778992914,127.0
per_file,21-6.mid,equal_width,64<=LIGHT<85;85<=MEDIUM<106;106<=DEEP<128,LIGHT,130,0.027624309392265192,11.181879843749925,0.02769783458706292,71.0
per_file,21-6.mid,equal_width,64<=LIGHT<85;85<=MEDIUM<106;106<=DEEP<128,MEDIUM,71,0.015087122821929451,6.446307656250113,0.015967687513645763,94.0
per_file,21-6.mid,equal_width,64<=LIGHT<85;85<=MEDIUM<106;106<=DEEP<128,DEEP,4505,0.9572885677858054,386.08134468749984,0.9563344778992914,127.0
per_file,21-7.mid,equal_width,64<=LIGHT<85;85<=MEDIUM<106;106<=DEEP<128,LIGHT,271,0.060450591122016506,24.14928140624985,0.06629151697338473,71.0
per_file,21-7.mid,equal_width,64<=LIGHT<85;85<=MEDIUM<106;106<=DEEP<128,MEDIUM,134,0.029890698193174213,11.237969531250275,0.030849035853069157,94.0
per_file,21-7.mid,equal_width,64<=LIGHT<85;85<=MEDIUM<106;106<=DEEP<128,DEEP,4078,0.9096587106848093,328.9019146874999,0.902859447173546,127.0
per_file,21-8.mid,equal_width,64<=LIGHT<85;85<=MEDIUM<106;106<=DEEP<128,LIGHT,271,0.060450591122016506,24.14928140624985,0.06629151697338473,71.0
per_file,21-8.mid,equal_width,64<=LIGHT<85;85<=MEDIUM<106;106<=DEEP<128,MEDIUM,134,0.029890698193174213,11.237969531250275,0.030849035853069157,94.0
per_file,21-8.mid,equal_width,64<=LIGHT<85;85<=MEDIUM<106;106<=DEEP<128,DEEP,4078,0.9096587106848093,328.9019146874999,0.902859447173546,127.0
per_file,21-9.mid,equal_width,64<=LIGHT<85;85<=MEDIUM<106;106<=DEEP<128,LIGHT,271,0.060450591122016506,24.14928140624985,0.06629151697338473,71.0
per_file,21-9.mid,equal_width,64<=LIGHT<85;85<=MEDIUM<106;106<=DEEP<128,MEDIUM,134,0.029890698193174213,11.237969531250275,0.030849035853069157,94.0
per_file,21-9.mid,equal_width,64<=LIGHT<85;85<=MEDIUM<106;106<=DEEP<128,DEEP,4078,0.9096587106848093,328.9019146874999,0.902859447173546,127.0
per_file,21-10.mid,equal_width,64<=LIGHT<85;85<=MEDIUM<106;106<=DEEP<128,LIGHT,271,0.060450591122016506,24.14928140624985,0.06629151697338473,71.0
per_file,21-10.mid,equal_width,64<=LIGHT<85;85<=MEDIUM<106;106<=DEEP<128,MEDIUM,134,0.029890698193174213,11.237969531250275,0.030849035853069157,94.0
per_file,21-10.mid,equal_width,64<=LIGHT<85;85<=MEDIUM<106;106<=DEEP<128,DEEP,4078,0.9096587106848093,328.9019146874999,0.902859447173546,127.0
per_file,21-11.mid,equal_width,64<=LIGHT<85;85<=MEDIUM<106;106<=DEEP<128,LIGHT,271,0.060450591122016506,24.14928140624985,0.06629151697338473,71.0
per_file,21-11.mid,equal_width,64<=LIGHT<85;85<=MEDIUM<106;106<=DEEP<128,MEDIUM,134,0.029890698193174213,11.237969531250275,0.030849035853069157,94.0
per_file,21-11.mid,equal_width,64<=LIGHT<85;85<=MEDIUM<106;106<=DEEP<128,DEEP,4078,0.9096587106848093,328.9019146874999,0.902859447173546,127.0
per_file,21-12.mid,equal_width,64<=LIGHT<85;85<=MEDIUM<106;106<=DEEP<128,LIGHT,271,0.060450591122016506,24.14928140624985,0.06629151697338473,71.0
per_file,21-12.mid,equal_width,64<=LIGHT<85;85<=MEDIUM<106;106<=DEEP<128,MEDIUM,134,0.029890698193174213,11.237969531250275,0.030849035853069157,94.0
per_file,21-12.mid,equal_width,64<=LIGHT<85;85<=MEDIUM<106;106<=DEEP<128,DEEP,4078,0.9096587106848093,328.9019146874999,0.902859447173546,127.0
per_file,21-13.mid,equal_width,64<=LIGHT<85;85<=MEDIUM<106;106<=DEEP<128,LIGHT,271,0.060450591122016506,24.14928140624985,0.06629151697338473,71.0
per_file,21-13.mid,equal_width,64<=LIGHT<85;85<=MEDIUM<106;106<=DEEP<128,MEDIUM,134,0.029890698193174213,11.237969531250275,0.030849035853069157,94.0
per_file,21-13.mid,equal_width,64<=LIGHT<85;85<=MEDIUM<106;106<=DEEP<128,DEEP,4078,0.9096587106848093,328.9019146874999,0.902859447173546,127.0
per_file,21-14.mid,equal_width,64<=LIGHT<85;85<=MEDIUM<106;106<=DEEP<128,LIGHT,271,0.060450591122016506,24.14928140624985,0.06629151697338473,71.0
per_file,21-14.mid,equal_width,64<=LIGHT<85;85<=MEDIUM<106;106<=DEEP<128,MEDIUM,134,0.029890698193174213,11.237969531250275,0.030849035853069157,94.0
per_file,21-14.mid,equal_width,64<=LIGHT<85;85<=MEDIUM<106;106<=DEEP<128,DEEP,4078,0.9096587106848093,328.9019146874999,0.902859447173546,127.0
per_file,22-0.mid,equal_width,64<=LIGHT<85;85<=MEDIUM<106;106<=DEEP<128,LIGHT,255,0.17720639332870047,15.90104166666665,0.11910311802053966,70.0
per_file,22-0.mid,equal_width,64<=LIGHT<85;85<=MEDIUM<106;106<=DEEP<128,MEDIUM,86,0.059763724808895066,5.247395833333255,0.03930441906508092,94.0
per_file,22-0.mid,equal_width,64<=LIGHT<85;85<=MEDIUM<106;106<=DEEP<128,DEEP,1098,0.7630298818624045,112.35807291666669,0.8415924629143794,127.0
per_file,22-1.mid,equal_width,64<=LIGHT<85;85<=MEDIUM<106;106<=DEEP<128,LIGHT,255,0.17720639332870047,15.90104166666665,0.11910311802053966,70.0
per_file,22-1.mid,equal_width,64<=LIGHT<85;85<=MEDIUM<106;106<=DEEP<128,MEDIUM,86,0.059763724808895066,5.247395833333255,0.03930441906508092,94.0
per_file,22-1.mid,equal_width,64<=LIGHT<85;85<=MEDIUM<106;106<=DEEP<128,DEEP,1098,0.7630298818624045,112.35807291666669,0.8415924629143794,127.0
per_file,22-2.mid,equal_width,64<=LIGHT<85;85<=MEDIUM<106;106<=DEEP<128,LIGHT,463,0.30084470435347627,29.37890625000009,0.23902749086286423,74.0
per_file,22-2.mid,equal_width,64<=LIGHT<85;85<=MEDIUM<106;106<=DEEP<128,MEDIUM,274,0.17803768680961662,22.165364583333282,0.1803379416282638,94.0
per_file,22-2.mid,equal_width,64<=LIGHT<85;85<=MEDIUM<106;106<=DEEP<128,DEEP,802,0.521117608836907,71.36588541666663,0.580634567508872,127.0
per_file,22-3.mid,equal_width,64<=LIGHT<85;85<=MEDIUM<106;106<=DEEP<128,LIGHT,463,0.30084470435347627,29.37890625000009,0.23902749086286423,74.0
per_file,22-3.mid,equal_width,64<=LIGHT<85;85<=MEDIUM<106;106<=DEEP<128,MEDIUM,274,0.17803768680961662,22.165364583333282,0.1803379416282638,94.0
per_file,22-3.mid,equal_width,64<=LIGHT<85;85<=MEDIUM<106;106<=DEEP<128,DEEP,802,0.521117608836907,71.36588541666663,0.580634567508872,127.0
aggregate,ALL,time_weighted_tertile,64<=LIGHT<=122;122<MEDIUM<=127;127<DEEP<=127,LIGHT,119605,0.3521108101742817,9802.45197095834,0.33373292064771143,82.0
aggregate,ALL,time_weighted_tertile,64<=LIGHT<=122;122<MEDIUM<=127;127<DEEP<=127,MEDIUM,220075,0.6478891898257183,19569.693731460426,0.6662670793522886,127.0
aggregate,ALL,time_weighted_tertile,64<=LIGHT<=122;122<MEDIUM<=127;127<DEEP<=127,DEEP,0,0.0,0.0,0.0,
per_file,0-0.mid,time_weighted_tertile,64<=LIGHT<=122;122<MEDIUM<=127;127<DEEP<=127,LIGHT,0,,0.0,,
per_file,0-0.mid,time_weighted_tertile,64<=LIGHT<=122;122<MEDIUM<=127;127<DEEP<=127,MEDIUM,0,,0.0,,
per_file,0-0.mid,time_weighted_tertile,64<=LIGHT<=122;122<MEDIUM<=127;127<DEEP<=127,DEEP,0,,0.0,,
per_file,0-1.mid,time_weighted_tertile,64<=LIGHT<=122;122<MEDIUM<=127;127<DEEP<=127,LIGHT,0,0.0,0.20000000000000007,0.43438914027149345,72.0
per_file,0-1.mid,time_weighted_tertile,64<=LIGHT<=122;122<MEDIUM<=127;127<DEEP<=127,MEDIUM,1,1.0,0.2604166666666665,0.5656108597285066,127.0
per_file,0-1.mid,time_weighted_tertile,64<=LIGHT<=122;122<MEDIUM<=127;127<DEEP<=127,DEEP,0,0.0,0.0,0.0,
per_file,0-2.mid,time_weighted_tertile,64<=LIGHT<=122;122<MEDIUM<=127;127<DEEP<=127,LIGHT,18,0.6,1.0950520833333273,0.4466277217206557,78.0
per_file,0-2.mid,time_weighted_tertile,64<=LIGHT<=122;122<MEDIUM<=127;127<DEEP<=127,MEDIUM,12,0.4,1.3567708333333413,0.5533722782793442,127.0
per_file,0-2.mid,time_weighted_tertile,64<=LIGHT<=122;122<MEDIUM<=127;127<DEEP<=127,DEEP,0,0.0,0.0,0.0,
per_file,0-3.mid,time_weighted_tertile,64<=LIGHT<=122;122<MEDIUM<=127;127<DEEP<=127,LIGHT,12,0.631578947368421,0.839843750000006,0.4646974063400605,80.0
per_file,0-3.mid,time_weighted_tertile,64<=LIGHT<=122;122<MEDIUM<=127;127<DEEP<=127,MEDIUM,7,0.3684210526315789,0.9674479166666624,0.5353025936599395,127.0
per_file,0-3.mid,time_weighted_tertile,64<=LIGHT<=122;122<MEDIUM<=127;127<DEEP<=127,DEEP,0,0.0,0.0,0.0,
per_file,0-4.mid,time_weighted_tertile,64<=LIGHT<=122;122<MEDIUM<=127;127<DEEP<=127,LIGHT,5,1.0,0.29999999999999716,1.0,89.0
per_file,0-4.mid,time_weighted_tertile,64<=LIGHT<=122;122<MEDIUM<=127;127<DEEP<=127,MEDIUM,0,0.0,0.0,0.0,
per_file,0-4.mid,time_weighted_tertile,64<=LIGHT<=122;122<MEDIUM<=127;127<DEEP<=127,DEEP,0,0.0,0.0,0.0,
per_file,1-0.mid,time_weighted_tertile,64<=LIGHT<=122;122<MEDIUM<=127;127<DEEP<=127,LIGHT,18,0.9,1.8718750000000242,0.8643578643578648,66.0
per_file,1-0.mid,time_weighted_tertile,64<=LIGHT<=122;122<MEDIUM<=127;127<DEEP<=127,MEDIUM,2,0.1,0.29375000000000284,0.13564213564213526,127.0
per_file,1-0.mid,time_weighted_tertile,64<=LIGHT<=122;122<MEDIUM<=127;127<DEEP<=127,DEEP,0,0.0,0.0,0.0,
per_file,1-1.mid,time_weighted_tertile,64<=LIGHT<=122;122<MEDIUM<=127;127<DEEP<=127,LIGHT,18,0.9,1.8718750000000242,0.8643578643578648,66.0
per_file,1-1.mid,time_weighted_tertile,64<=LIGHT<=122;122<MEDIUM<=127;127<DEEP<=127,MEDIUM,2,0.1,0.29375000000000284,0.13564213564213526,127.0
per_file,1-1.mid,time_weighted_tertile,64<=LIGHT<=122;122<MEDIUM<=127;127<DEEP<=127,DEEP,0,0.0,0.0,0.0,
per_file,2-0.mid,time_weighted_tertile,64<=LIGHT<=122;122<MEDIUM<=127;127<DEEP<=127,LIGHT,490,0.5179704016913319,59.5258485937502,0.3400520304858986,76.0
per_file,2-0.mid,time_weighted_tertile,64<=LIGHT<=122;122<MEDIUM<=127;127<DEEP<=127,MEDIUM,456,0.4820295983086681,115.52338874999987,0.6599479695141014,127.0
per_file,2-0.mid,time_weighted_tertile,64<=LIGHT<=122;122<MEDIUM<=127;127<DEEP<=127,DEEP,0,0.0,0.0,0.0,
per_file,2-1.mid,time_weighted_tertile,64<=LIGHT<=122;122<MEDIUM<=127;127<DEEP<=127,LIGHT,516,0.546031746031746,69.55593750000043,0.38412976734313,79.0
per_file,2-1.mid,time_weighted_tertile,64<=LIGHT<=122;122<MEDIUM<=127;127<DEEP<=127,MEDIUM,429,0.45396825396825397,111.51812499999971,0.61587023265687,127.0
per_file,2-1.mid,time_weighted_tertile,64<=LIGHT<=122;122<MEDIUM<=127;127<DEEP<=127,DEEP,0,0.0,0.0,0.0,
per_file,2-2.mid,time_weighted_tertile,64<=LIGHT<=122;122<MEDIUM<=127;127<DEEP<=127,LIGHT,440,0.9821428571428571,73.30387968749993,0.9637094650350261,70.0
per_file,2-2.mid,time_weighted_tertile,64<=LIGHT<=122;122<MEDIUM<=127;127<DEEP<=127,MEDIUM,8,0.017857142857142856,2.7604139062500224,0.03629053496497389,127.0
per_file,2-2.mid,time_weighted_tertile,64<=LIGHT<=122;122<MEDIUM<=127;127<DEEP<=127,DEEP,0,0.0,0.0,0.0,
per_file,3-0.mid,time_weighted_tertile,64<=LIGHT<=122;122<MEDIUM<=127;127<DEEP<=127,LIGHT,139,0.43167701863354035,24.482929241666753,0.3996233258928585,76.0
per_file,3-0.mid,time_weighted_tertile,64<=LIGHT<=122;122<MEDIUM<=127;127<DEEP<=127,MEDIUM,183,0.5683229813664596,36.78208622499992,0.6003766741071415,127.0
per_file,3-0.mid,time_weighted_tertile,64<=LIGHT<=122;122<MEDIUM<=127;127<DEEP<=127,DEEP,0,0.0,0.0,0.0,
per_file,3-2.mid,time_weighted_tertile,64<=LIGHT<=122;122<MEDIUM<=127;127<DEEP<=127,LIGHT,440,1.0,90.37630208333331,1.0,80.0
per_file,3-2.mid,time_weighted_tertile,64<=LIGHT<=122;122<MEDIUM<=127;127<DEEP<=127,MEDIUM,0,0.0,0.0,0.0,
per_file,3-2.mid,time_weighted_tertile,64<=LIGHT<=122;122<MEDIUM<=127;127<DEEP<=127,DEEP,0,0.0,0.0,0.0,
per_file,3-3.mid,time_weighted_tertile,64<=LIGHT<=122;122<MEDIUM<=127;127<DEEP<=127,LIGHT,61,0.12655601659751037,33.50937499999965,0.26177281937357855,82.0
per_file,3-3.mid,time_weighted_tertile,64<=LIGHT<=122;122<MEDIUM<=127;127<DEEP<=127,MEDIUM,421,0.8734439834024896,94.50000000000024,0.7382271806264215,127.0
per_file,3-3.mid,time_weighted_tertile,64<=LIGHT<=122;122<MEDIUM<=127;127<DEEP<=127,DEEP,0,0.0,0.0,0.0,
per_file,3-4.mid,time_weighted_tertile,64<=LIGHT<=122;122<MEDIUM<=127;127<DEEP<=127,LIGHT,248,0.511340206185567,61.25753682708313,0.5593962809030407,96.0
per_file,3-4.mid,time_weighted_tertile,64<=LIGHT<=122;122<MEDIUM<=127;127<DEEP<=127,MEDIUM,237,0.488659793814433,48.248977460416754,0.4406037190969593,127.0
per_file,3-4.mid,time_weighted_tertile,64<=LIGHT<=122;122<MEDIUM<=127;127<DEEP<=127,DEEP,0,0.0,0.0,0.0,
per_file,3-5.mid,time_weighted_tertile,64<=LIGHT<=122;122<MEDIUM<=127;127<DEEP<=127,LIGHT,156,0.3,43.951964831250415,0.34468053018751227,103.0
per_file,3-5.mid,time_weighted_tertile,64<=LIGHT<=122;122<MEDIUM<=127;127<DEEP<=127,MEDIUM,364,0.7,83.56311357291641,0.6553194698124878,127.0
per_file,3-5.mid,time_weighted_tertile,64<=LIGHT<=122;122<MEDIUM<=127;127<DEEP<=127,DEEP,0,0.0,0.0,0.0,
per_file,4-0.mid,time_weighted_tertile,64<=LIGHT<=122;122<MEDIUM<=127;127<DEEP<=127,LIGHT,53,0.7066666666666667,5.369919843749967,0.6853587864325876,81.0
per_file,4-0.mid,time_weighted_tertile,64<=LIGHT<=122;122<MEDIUM<=127;127<DEEP<=127,MEDIUM,22,0.29333333333333333,2.465275312500001,0.31464121356741237,127.0
per_file,4-0.mid,time_weighted_tertile,64<=LIGHT<=122;122<MEDIUM<=127;127<DEEP<=127,DEEP,0,0.0,0.0,0.0,
per_file,5-0.mid,time_weighted_tertile,64<=LIGHT<=122;122<MEDIUM<=127;127<DEEP<=127,LIGHT,436,0.9121338912133892,29.722192500000066,0.8605676281803422,75.0
per_file,5-0.mid,time_weighted_tertile,64<=LIGHT<=122;122<MEDIUM<=127;127<DEEP<=127,MEDIUM,42,0.08786610878661087,4.815700312499999,0.1394323718196579,127.0
per_file,5-0.mid,time_weighted_tertile,64<=LIGHT<=122;122<MEDIUM<=127;127<DEEP<=127,DEEP,0,0.0,0.0,0.0,
per_file,5-1.mid,time_weighted_tertile,64<=LIGHT<=122;122<MEDIUM<=127;127<DEEP<=127,LIGHT,350,0.5,23.96253614791701,0.3984615111300638,86.0
per_file,5-1.mid,time_weighted_tertile,64<=LIGHT<=122;122<MEDIUM<=127;127<DEEP<=127,MEDIUM,350,0.5,36.17510695833343,0.6015384888699363,127.0
per_file,5-1.mid,time_weighted_tertile,64<=LIGHT<=122;122<MEDIUM<=127;127<DEEP<=127,DEEP,0,0.0,0.0,0.0,
per_file,5-2.mid,time_weighted_tertile,64<=LIGHT<=122;122<MEDIUM<=127;127<DEEP<=127,LIGHT,867,0.654833836858006,70.06670343750017,0.6629433542664368,77.0
per_file,5-2.mid,time_weighted_tertile,64<=LIGHT<=122;122<MEDIUM<=127;127<DEEP<=127,MEDIUM,457,0.34516616314199394,35.62362890624993,0.33705664573356314,127.0
per_file,5-2.mid,time_weighted_tertile,64<=LIGHT<=122;122<MEDIUM<=127;127<DEEP<=127,DEEP,0,0.0,0.0,0.0,
per_file,6-0.mid,time_weighted_tertile,64<=LIGHT<=122;122<MEDIUM<=127;127<DEEP<=127,LIGHT,614,0.3424428332403793,66.75651041666642,0.2880523639632553,75.0
per_file,6-0.mid,time_weighted_tertile,64<=LIGHT<=122;122<MEDIUM<=127;127<DEEP<=127,MEDIUM,1179,0.6575571667596207,164.99479166666612,0.7119476360367448,127.0
per_file,6-0.mid,time_weighted_tertile,64<=LIGHT<=122;122<MEDIUM<=127;127<DEEP<=127,DEEP,0,0.0,0.0,0.0,
per_file,6-1.mid,time_weighted_tertile,64<=LIGHT<=122;122<MEDIUM<=127;127<DEEP<=127,LIGHT,406,0.15669625627170977,32.110010624999695,0.11757641195363336,93.0
per_file,6-1.mid,time_weighted_tertile,64<=LIGHT<=122;122<MEDIUM<=127;127<DEEP<=127,MEDIUM,2185,0.8433037437282902,240.9890752500003,0.8824235880463666,127.0
per_file,6-1.mid,time_weighted_tertile,64<=LIGHT<=122;122<MEDIUM<=127;127<DEEP<=127,DEEP,0,0.0,0.0,0.0,
per_file,6-2.mid,time_weighted_tertile,64<=LIGHT<=122;122<MEDIUM<=127;127<DEEP<=127,LIGHT,406,0.15669625627170977,32.110010624999695,0.11757641195363336,93.0
per_file,6-2.mid,time_weighted_tertile,64<=LIGHT<=122;122<MEDIUM<=127;127<DEEP<=127,MEDIUM,2185,0.8433037437282902,240.9890752500003,0.8824235880463666,127.0
per_file,6-2.mid,time_weighted_tertile,64<=LIGHT<=122;122<MEDIUM<=127;127<DEEP<=127,DEEP,0,0.0,0.0,0.0,
per_file,6-3.mid,time_weighted_tertile,64<=LIGHT<=122;122<MEDIUM<=127;127<DEEP<=127,LIGHT,406,0.15669625627170977,32.110010624999695,0.11757641195363336,93.0
per_file,6-3.mid,time_weighted_tertile,64<=LIGHT<=122;122<MEDIUM<=127;127<DEEP<=127,MEDIUM,2185,0.8433037437282902,240.9890752500003,0.8824235880463666,127.0
per_file,6-3.mid,time_weighted_tertile,64<=LIGHT<=122;122<MEDIUM<=127;127<DEEP<=127,DEEP,0,0.0,0.0,0.0,
per_file,6-4.mid,time_weighted_tertile,64<=LIGHT<=122;122<MEDIUM<=127;127<DEEP<=127,LIGHT,406,0.15669625627170977,32.110010624999695,0.11757641195363336,93.0
per_file,6-4.mid,time_weighted_tertile,64<=LIGHT<=122;122<MEDIUM<=127;127<DEEP<=127,MEDIUM,2185,0.8433037437282902,240.9890752500003,0.8824235880463666,127.0
per_file,6-4.mid,time_weighted_tertile,64<=LIGHT<=122;122<MEDIUM<=127;127<DEEP<=127,DEEP,0,0.0,0.0,0.0,
per_file,6-5.mid,time_weighted_tertile,64<=LIGHT<=122;122<MEDIUM<=127;127<DEEP<=127,LIGHT,568,0.2556255625562556,42.89392078125044,0.19015339439113077,83.0
per_file,6-5.mid,time_weighted_tertile,64<=LIGHT<=122;122<MEDIUM<=127;127<DEEP<=127,MEDIUM,1654,0.7443744374437443,182.68144124999986,0.8098466056088692,127.0
per_file,6-5.mid,time_weighted_tertile,64<=LIGHT<=122;122<MEDIUM<=127;127<DEEP<=127,DEEP,0,0.0,0.0,0.0,
per_file,6-6.mid,time_weighted_tertile,64<=LIGHT<=122;122<MEDIUM<=127;127<DEEP<=127,LIGHT,568,0.2556255625562556,42.89392078125044,0.19015339439113077,83.0
per_file,6-6.mid,time_weighted_tertile,64<=LIGHT<=122;122<MEDIUM<=127;127<DEEP<=127,MEDIUM,1654,0.7443744374437443,182.68144124999986,0.8098466056088692,127.0
per_file,6-6.mid,time_weighted_tertile,64<=LIGHT<=122;122<MEDIUM<=127;127<DEEP<=127,DEEP,0,0.0,0.0,0.0,
per_file,6-7.mid,time_weighted_tertile,64<=LIGHT<=122;122<MEDIUM<=127;127<DEEP<=127,LIGHT,568,0.2556255625562556,42.89392078125044,0.19015339439113077,83.0
per_file,6-7.mid,time_weighted_tertile,64<=LIGHT<=122;122<MEDIUM<=127;127<DEEP<=127,MEDIUM,1654,0.7443744374437443,182.68144124999986,0.8098466056088692,127.0
per_file,6-7.mid,time_weighted_tertile,64<=LIGHT<=122;122<MEDIUM<=127;127<DEEP<=127,DEEP,0,0.0,0.0,0.0,
per_file,6-8.mid,time_weighted_tertile,64<=LIGHT<=122;122<MEDIUM<=127;127<DEEP<=127,LIGHT,568,0.2556255625562556,42.89392078125044,0.19015339439113077,83.0
per_file,6-8.mid,time_weighted_tertile,64<=LIGHT<=122;122<MEDIUM<=127;127<DEEP<=127,MEDIUM,1654,0.7443744374437443,182.68144124999986,0.8098466056088692,127.0
per_file,6-8.mid,time_weighted_tertile,64<=LIGHT<=122;122<MEDIUM<=127;127<DEEP<=127,DEEP,0,0.0,0.0,0.0,
per_file,6-9.mid,time_weighted_tertile,64<=LIGHT<=122;122<MEDIUM<=127;127<DEEP<=127,LIGHT,568,0.2556255625562556,42.89392078125044,0.19015339439113077,83.0
per_file,6-9.mid,time_weighted_tertile,64<=LIGHT<=122;122<MEDIUM<=127;127<DEEP<=127,MEDIUM,1654,0.7443744374437443,182.68144124999986,0.8098466056088692,127.0
per_file,6-9.mid,time_weighted_tertile,64<=LIGHT<=122;122<MEDIUM<=127;127<DEEP<=127,DEEP,0,0.0,0.0,0.0,
per_file,6-10.mid,time_weighted_tertile,64<=LIGHT<=122;122<MEDIUM<=127;127<DEEP<=127,LIGHT,1873,0.9123234291281052,225.0312499999999,0.8846799623244194,81.0
per_file,6-10.mid,time_weighted_tertile,64<=LIGHT<=122;122<MEDIUM<=127;127<DEEP<=127,MEDIUM,180,0.08767657087189479,29.333333333333357,0.11532003767558062,127.0
per_file,6-10.mid,time_weighted_tertile,64<=LIGHT<=122;122<MEDIUM<=127;127<DEEP<=127,DEEP,0,0.0,0.0,0.0,
per_file,6-11.mid,time_weighted_tertile,64<=LIGHT<=122;122<MEDIUM<=127;127<DEEP<=127,LIGHT,1873,0.9123234291281052,225.0312499999999,0.8846799623244194,81.0
per_file,6-11.mid,time_weighted_tertile,64<=LIGHT<=122;122<MEDIUM<=127;127<DEEP<=127,MEDIUM,180,0.08767657087189479,29.333333333333357,0.11532003767558062,127.0
per_file,6-11.mid,time_weighted_tertile,64<=LIGHT<=122;122<MEDIUM<=127;127<DEEP<=127,DEEP,0,0.0,0.0,0.0,
per_file,6-12.mid,time_weighted_tertile,64<=LIGHT<=122;122<MEDIUM<=127;127<DEEP<=127,LIGHT,1873,0.9123234291281052,225.0312499999999,0.8846799623244194,81.0
per_file,6-12.mid,time_weighted_tertile,64<=LIGHT<=122;122<MEDIUM<=127;127<DEEP<=127,MEDIUM,180,0.08767657087189479,29.333333333333357,0.11532003767558062,127.0
per_file,6-12.mid,time_weighted_tertile,64<=LIGHT<=122;122<MEDIUM<=127;127<DEEP<=127,DEEP,0,0.0,0.0,0.0,
per_file,6-13.mid,time_weighted_tertile,64<=LIGHT<=122;122<MEDIUM<=127;127<DEEP<=127,LIGHT,1873,0.9123234291281052,225.0312499999999,0.8846799623244194,81.0
per_file,6-13.mid,time_weighted_tertile,64<=LIGHT<=122;122<MEDIUM<=127;127<DEEP<=127,MEDIUM,180,0.08767657087189479,29.333333333333357,0.11532003767558062,127.0
per_file,6-13.mid,time_weighted_tertile,64<=LIGHT<=122;122<MEDIUM<=127;127<DEEP<=127,DEEP,0,0.0,0.0,0.0,
per_file,6-14.mid,time_weighted_tertile,64<=LIGHT<=122;122<MEDIUM<=127;127<DEEP<=127,LIGHT,1873,0.9123234291281052,225.0312499999999,0.8846799623244194,81.0
per_file,6-14.mid,time_weighted_tertile,64<=LIGHT<=122;122<MEDIUM<=127;127<DEEP<=127,MEDIUM,180,0.08767657087189479,29.333333333333357,0.11532003767558062,127.0
per_file,6-14.mid,time_weighted_tertile,64<=LIGHT<=122;122<MEDIUM<=127;127<DEEP<=127,DEEP,0,0.0,0.0,0.0,
per_file,6-15.mid,time_weighted_tertile,64<=LIGHT<=122;122<MEDIUM<=127;127<DEEP<=127,LIGHT,1873,0.9123234291281052,225.0312499999999,0.8846799623244194,81.0
per_file,6-15.mid,time_weighted_tertile,64<=LIGHT<=122;122<MEDIUM<=127;127<DEEP<=127,MEDIUM,180,0.08767657087189479,29.333333333333357,0.11532003767558062,127.0
per_file,6-15.mid,time_weighted_tertile,64<=LIGHT<=122;122<MEDIUM<=127;127<DEEP<=127,DEEP,0,0.0,0.0,0.0,
per_file,6-16.mid,time_weighted_tertile,64<=LIGHT<=122;122<MEDIUM<=127;127<DEEP<=127,LIGHT,1218,0.3966134809508303,135.75440484375036,0.4515703433876783,82.0
per_file,6-16.mid,time_weighted_tertile,64<=LIGHT<=122;122<MEDIUM<=127;127<DEEP<=127,MEDIUM,1853,0.6033865190491696,164.8729654687497,0.5484296566123218,127.0
per_file,6-16.mid,time_weighted_tertile,64<=LIGHT<=122;122<MEDIUM<=127;127<DEEP<=127,DEEP,0,0.0,0.0,0.0,
per_file,6-17.mid,time_weighted_tertile,64<=LIGHT<=122;122<MEDIUM<=127;127<DEEP<=127,LIGHT,1218,0.3966134809508303,135.75440484375036,0.4515703433876783,82.0
per_file,6-17.mid,time_weighted_tertile,64<=LIGHT<=122;122<MEDIUM<=127;127<DEEP<=127,MEDIUM,1853,0.6033865190491696,164.8729654687497,0.5484296566123218,127.0
per_file,6-17.mid,time_weighted_tertile,64<=LIGHT<=122;122<MEDIUM<=127;127<DEEP<=127,DEEP,0,0.0,0.0,0.0,
per_file,6-18.mid,time_weighted_tertile,64<=LIGHT<=122;122<MEDIUM<=127;127<DEEP<=127,LIGHT,1218,0.3966134809508303,135.75440484375036,0.4515703433876783,82.0
per_file,6-18.mid,time_weighted_tertile,64<=LIGHT<=122;122<MEDIUM<=127;127<DEEP<=127,MEDIUM,1853,0.6033865190491696,164.8729654687497,0.5484296566123218,127.0
per_file,6-18.mid,time_weighted_tertile,64<=LIGHT<=122;122<MEDIUM<=127;127<DEEP<=127,DEEP,0,0.0,0.0,0.0,
per_file,6-19.mid,time_weighted_tertile,64<=LIGHT<=122;122<MEDIUM<=127;127<DEEP<=127,LIGHT,691,0.2557364914877868,56.76822916666668,0.20859089430271932,80.0
per_file,6-19.mid,time_weighted_tertile,64<=LIGHT<=122;122<MEDIUM<=127;127<DEEP<=127,MEDIUM,2011,0.7442635085122131,215.38281250000023,0.7914091056972806,127.0
per_file,6-19.mid,time_weighted_tertile,64<=LIGHT<=122;122<MEDIUM<=127;127<DEEP<=127,DEEP,0,0.0,0.0,0.0,
per_file,6-20.mid,time_weighted_tertile,64<=LIGHT<=122;122<MEDIUM<=127;127<DEEP<=127,LIGHT,691,0.2557364914877868,56.76822916666668,0.20859089430271932,80.0
per_file,6-20.mid,time_weighted_tertile,64<=LIGHT<=122;122<MEDIUM<=127;127<DEEP<=127,MEDIUM,2011,0.7442635085122131,215.38281250000023,0.7914091056972806,127.0
per_file,6-20.mid,time_weighted_tertile,64<=LIGHT<=122;122<MEDIUM<=127;127<DEEP<=127,DEEP,0,0.0,0.0,0.0,
per_file,6-21.mid,time_weighted_tertile,64<=LIGHT<=122;122<MEDIUM<=127;127<DEEP<=127,LIGHT,691,0.2557364914877868,56.76822916666668,0.20859089430271932,80.0
per_file,6-21.mid,time_weighted_tertile,64<=LIGHT<=122;122<MEDIUM<=127;127<DEEP<=127,MEDIUM,2011,0.7442635085122131,215.38281250000023,0.7914091056972806,127.0
per_file,6-21.mid,time_weighted_tertile,64<=LIGHT<=122;122<MEDIUM<=127;127<DEEP<=127,DEEP,0,0.0,0.0,0.0,
per_file,6-22.mid,time_weighted_tertile,64<=LIGHT<=122;122<MEDIUM<=127;127<DEEP<=127,LIGHT,691,0.2557364914877868,56.76822916666668,0.20859089430271932,80.0
per_file,6-22.mid,time_weighted_tertile,64<=LIGHT<=122;122<MEDIUM<=127;127<DEEP<=127,MEDIUM,2011,0.7442635085122131,215.38281250000023,0.7914091056972806,127.0
per_file,6-22.mid,time_weighted_tertile,64<=LIGHT<=122;122<MEDIUM<=127;127<DEEP<=127,DEEP,0,0.0,0.0,0.0,
per_file,6-23.mid,time_weighted_tertile,64<=LIGHT<=122;122<MEDIUM<=127;127<DEEP<=127,LIGHT,1315,0.3713640214628636,93.54370987499958,0.30266482766249353,83.0
per_file,6-23.mid,time_weighted_tertile,64<=LIGHT<=122;122<MEDIUM<=127;127<DEEP<=127,MEDIUM,2226,0.6286359785371364,215.52328874999984,0.6973351723375064,127.0
per_file,6-23.mid,time_weighted_tertile,64<=LIGHT<=122;122<MEDIUM<=127;127<DEEP<=127,DEEP,0,0.0,0.0,0.0,
per_file,6-24.mid,time_weighted_tertile,64<=LIGHT<=122;122<MEDIUM<=127;127<DEEP<=127,LIGHT,1315,0.3713640214628636,93.54370987499958,0.30266482766249353,83.0
per_file,6-24.mid,time_weighted_tertile,64<=LIGHT<=122;122<MEDIUM<=127;127<DEEP<=127,MEDIUM,2226,0.6286359785371364,215.52328874999984,0.6973351723375064,127.0
per_file,6-24.mid,time_weighted_tertile,64<=LIGHT<=122;122<MEDIUM<=127;127<DEEP<=127,DEEP,0,0.0,0.0,0.0,
per_file,6-25.mid,time_weighted_tertile,64<=LIGHT<=122;122<MEDIUM<=127;127<DEEP<=127,LIGHT,1315,0.3713640214628636,93.54370987499958,0.30266482766249353,83.0
per_file,6-25.mid,time_weighted_tertile,64<=LIGHT<=122;122<MEDIUM<=127;127<DEEP<=127,MEDIUM,2226,0.6286359785371364,215.52328874999984,0.6973351723375064,127.0
per_file,6-25.mid,time_weighted_tertile,64<=LIGHT<=122;122<MEDIUM<=127;127<DEEP<=127,DEEP,0,0.0,0.0,0.0,
per_file,6-26.mid,time_weighted_tertile,64<=LIGHT<=122;122<MEDIUM<=127;127<DEEP<=127,LIGHT,1315,0.3713640214628636,93.54370987499958,0.30266482766249353,83.0
per_file,6-26.mid,time_weighted_tertile,64<=LIGHT<=122;122<MEDIUM<=127;127<DEEP<=127,MEDIUM,2226,0.6286359785371364,215.52328874999984,0.6973351723375064,127.0
per_file,6-26.mid,time_weighted_tertile,64<=LIGHT<=122;122<MEDIUM<=127;127<DEEP<=127,DEEP,0,0.0,0.0,0.0,
per_file,6-27.mid,time_weighted_tertile,64<=LIGHT<=122;122<MEDIUM<=127;127<DEEP<=127,LIGHT,708,0.31763122476446837,53.18904937500033,0.2512985144691626,94.0
per_file,6-27.mid,time_weighted_tertile,64<=LIGHT<=122;122<MEDIUM<=127;127<DEEP<=127,MEDIUM,1521,0.6823687752355316,158.4677902499998,0.7487014855308374,127.0
per_file,6-27.mid,time_weighted_tertile,64<=LIGHT<=122;122<MEDIUM<=127;127<DEEP<=127,DEEP,0,0.0,0.0,0.0,
per_file,6-28.mid,time_weighted_tertile,64<=LIGHT<=122;122<MEDIUM<=127;127<DEEP<=127,LIGHT,708,0.31763122476446837,53.18904937500033,0.2512985144691626,94.0
per_file,6-28.mid,time_weighted_tertile,64<=LIGHT<=122;122<MEDIUM<=127;127<DEEP<=127,MEDIUM,1521,0.6823687752355316,158.4677902499998,0.7487014855308374,127.0
per_file,6-28.mid,time_weighted_tertile,64<=LIGHT<=122;122<MEDIUM<=127;127<DEEP<=127,DEEP,0,0.0,0.0,0.0,
per_file,6-29.mid,time_weighted_tertile,64<=LIGHT<=122;122<MEDIUM<=127;127<DEEP<=127,LIGHT,708,0.31763122476446837,53.18904937500033,0.2512985144691626,94.0
per_file,6-29.mid,time_weighted_tertile,64<=LIGHT<=122;122<MEDIUM<=127;127<DEEP<=127,MEDIUM,1521,0.6823687752355316,158.4677902499998,0.7487014855308374,127.0
per_file,6-29.mid,time_weighted_tertile,64<=LIGHT<=122;122<MEDIUM<=127;127<DEEP<=127,DEEP,0,0.0,0.0,0.0,
per_file,6-30.mid,time_weighted_tertile,64<=LIGHT<=122;122<MEDIUM<=127;127<DEEP<=127,LIGHT,708,0.31763122476446837,53.18904937500033,0.2512985144691626,94.0
per_file,6-30.mid,time_weighted_tertile,64<=LIGHT<=122;122<MEDIUM<=127;127<DEEP<=127,MEDIUM,1521,0.6823687752355316,158.4677902499998,0.7487014855308374,127.0
per_file,6-30.mid,time_weighted_tertile,64<=LIGHT<=122;122<MEDIUM<=127;127<DEEP<=127,DEEP,0,0.0,0.0,0.0,
per_file,6-31.mid,time_weighted_tertile,64<=LIGHT<=122;122<MEDIUM<=127;127<DEEP<=127,LIGHT,708,0.31763122476446837,53.18904937500033,0.2512985144691626,94.0
per_file,6-31.mid,time_weighted_tertile,64<=LIGHT<=122;122<MEDIUM<=127;127<DEEP<=127,MEDIUM,1521,0.6823687752355316,158.4677902499998,0.7487014855308374,127.0
per_file,6-31.mid,time_weighted_tertile,64<=LIGHT<=122;122<MEDIUM<=127;127<DEEP<=127,DEEP,0,0.0,0.0,0.0,
per_file,6-32.mid,time_weighted_tertile,64<=LIGHT<=122;122<MEDIUM<=127;127<DEEP<=127,LIGHT,708,0.31763122476446837,53.18904937500033,0.2512985144691626,94.0
per_file,6-32.mid,time_weighted_tertile,64<=LIGHT<=122;122<MEDIUM<=127;127<DEEP<=127,MEDIUM,1521,0.6823687752355316,158.4677902499998,0.7487014855308374,127.0
per_file,6-32.mid,time_weighted_tertile,64<=LIGHT<=122;122<MEDIUM<=127;127<DEEP<=127,DEEP,0,0.0,0.0,0.0,
per_file,6-33.mid,time_weighted_tertile,64<=LIGHT<=122;122<MEDIUM<=127;127<DEEP<=127,LIGHT,1263,0.5072289156626506,112.07921484375048,0.430424346862788,83.0
per_file,6-33.mid,time_weighted_tertile,64<=LIGHT<=122;122<MEDIUM<=127;127<DEEP<=127,MEDIUM,1227,0.4927710843373494,148.31315296875022,0.5695756531372119,127.0
per_file,6-33.mid,time_weighted_tertile,64<=LIGHT<=122;122<MEDIUM<=127;127<DEEP<=127,DEEP,0,0.0,0.0,0.0,
per_file,6-34.mid,time_weighted_tertile,64<=LIGHT<=122;122<MEDIUM<=127;127<DEEP<=127,LIGHT,1263,0.5072289156626506,112.07921484375048,0.430424346862788,83.0
per_file,6-34.mid,time_weighted_tertile,64<=LIGHT<=122;122<MEDIUM<=127;127<DEEP<=127,MEDIUM,1227,0.4927710843373494,148.31315296875022,0.5695756531372119,127.0
per_file,6-34.mid,time_weighted_tertile,64<=LIGHT<=122;122<MEDIUM<=127;127<DEEP<=127,DEEP,0,0.0,0.0,0.0,
per_file,7-0.mid,time_weighted_tertile,64<=LIGHT<=122;122<MEDIUM<=127;127<DEEP<=127,LIGHT,1022,0.6072489601901366,91.5510119749992,0.5814791441890735,85.0
per_file,7-0.mid,time_weighted_tertile,64<=LIGHT<=122;122<MEDIUM<=127;127<DEEP<=127,MEDIUM,661,0.3927510398098633,65.8940363812502,0.41852085581092646,127.0
per_file,7-0.mid,time_weighted_tertile,64<=LIGHT<=122;122<MEDIUM<=127;127<DEEP<=127,DEEP,0,0.0,0.0,0.0,
per_file,7-1.mid,time_weighted_tertile,64<=LIGHT<=122;122<MEDIUM<=127;127<DEEP<=127,LIGHT,1408,0.9078014184397163,122.83240921875033,0.9104830726588812,74.0
per_file,7-1.mid,time_weighted_tertile,64<=LIGHT<=122;122<MEDIUM<=127;127<DEEP<=127,MEDIUM,143,0.09219858156028368,12.07664390624976,0.08951692734111873,127.0
per_file,7-1.mid,time_weighted_tertile,64<=LIGHT<=122;122<MEDIUM<=127;127<DEEP<=127,DEEP,0,0.0,0.0,0.0,
per_file,7-2.mid,time_weighted_tertile,64<=LIGHT<=122;122<MEDIUM<=127;127<DEEP<=127,LIGHT,1210,0.6982111944604732,93.0608043750002,0.6694398278462543,78.0
per_file,7-2.mid,time_weighted_tertile,64<=LIGHT<=122;122<MEDIUM<=127;127<DEEP<=127,MEDIUM,523,0.3017888055395268,45.952144218749794,0.33056017215374567,127.0
per_file,7-2.mid,time_weighted_tertile,64<=LIGHT<=122;122<MEDIUM<=127;127<DEEP<=127,DEEP,0,0.0,0.0,0.0,
per_file,7-3.mid,time_weighted_tertile,64<=LIGHT<=122;122<MEDIUM<=127;127<DEEP<=127,LIGHT,718,0.3333333333333333,42.69791666666681,0.2739057801536925,75.0
per_file,7-3.mid,time_weighted_tertile,64<=LIGHT<=122;122<MEDIUM<=127;127<DEEP<=127,MEDIUM,1436,0.6666666666666666,113.18750000000007,0.7260942198463075,127.0
per_file,7-3.mid,time_weighted_tertile,64<=LIGHT<=122;122<MEDIUM<=127;127<DEEP<=127,DEEP,0,0.0,0.0,0.0,
per_file,7-4.mid,time_weighted_tertile,64<=LIGHT<=122;122<MEDIUM<=127;127<DEEP<=127,LIGHT,479,0.30354879594423323,33.969791666667476,0.26191049858648646,78.0
per_file,7-4.mid,time_weighted_tertile,64<=LIGHT<=122;122<MEDIUM<=127;127<DEEP<=127,MEDIUM,1099,0.6964512040557668,95.73020833333322,0.7380895014135136,127.0
per_file,7-4.mid,time_weighted_tertile,64<=LIGHT<=122;122<MEDIUM<=127;127<DEEP<=127,DEEP,0,0.0,0.0,0.0,
per_file,7-5.mid,time_weighted_tertile,64<=LIGHT<=122;122<MEDIUM<=127;127<DEEP<=127,LIGHT,828,0.4931506849315068,58.111458333333076,0.45975012773812746,75.0
per_file,7-5.mid,time_weighted_tertile,64<=LIGHT<=122;122<MEDIUM<=127;127<DEEP<=127,MEDIUM,851,0.5068493150684932,68.28645833333334,0.5402498722618725,127.0
per_file,7-5.mid,time_weighted_tertile,64<=LIGHT<=122;122<MEDIUM<=127;127<DEEP<=127,DEEP,0,0.0,0.0,0.0,
per_file,7-6.mid,time_weighted_tertile,64<=LIGHT<=122;122<MEDIUM<=127;127<DEEP<=127,LIGHT,935,0.7620211898940505,67.59341531249959,0.7541047111058107,74.0
per_file,7-6.mid,time_weighted_tertile,64<=LIGHT<=122;122<MEDIUM<=127;127<DEEP<=127,MEDIUM,292,0.23797881010594946,22.040576250000214,0.2458952888941893,127.0
per_file,7-6.mid,time_weighted_tertile,64<=LIGHT<=122;122<MEDIUM<=127;127<DEEP<=127,DEEP,0,0.0,0.0,0.0,
per_file,7-7.mid,time_weighted_tertile,64<=LIGHT<=122;122<MEDIUM<=127;127<DEEP<=127,LIGHT,935,0.7620211898940505,67.59341531249959,0.7541047111058107,74.0
per_file,7-7.mid,time_weighted_tertile,64<=LIGHT<=122;122<MEDIUM<=127;127<DEEP<=127,MEDIUM,292,0.23797881010594946,22.040576250000214,0.2458952888941893,127.0
per_file,7-7.mid,time_weighted_tertile,64<=LIGHT<=122;122<MEDIUM<=127;127<DEEP<=127,DEEP,0,0.0,0.0,0.0,
per_file,7-8.mid,time_weighted_tertile,64<=LIGHT<=122;122<MEDIUM<=127;127<DEEP<=127,LIGHT,1159,0.7660277594183741,77.1197916666671,0.6966295306560297,76.0
per_file,7-8.mid,time_weighted_tertile,64<=LIGHT<=122;122<MEDIUM<=127;127<DEEP<=127,MEDIUM,354,0.2339722405816259,33.584374999999866,0.3033704693439703,127.0
per_file,7-8.mid,time_weighted_tertile,64<=LIGHT<=122;122<MEDIUM<=127;127<DEEP<=127,DEEP,0,0.0,0.0,0.0,
per_file,7-9.mid,time_weighted_tertile,64<=LIGHT<=122;122<MEDIUM<=127;127<DEEP<=127,LIGHT,1022,0.505940594059406,65.38054359374947,0.4482749148445203,88.0
per_file,7-9.mid,time_weighted_tertile,64<=LIGHT<=122;122<MEDIUM<=127;127<DEEP<=127,MEDIUM,998,0.49405940594059405,80.4686695312501,0.5517250851554798,127.0
per_file,7-9.mid,time_weighted_tertile,64<=LIGHT<=122;122<MEDIUM<=127;127<DEEP<=127,DEEP,0,0.0,0.0,0.0,
per_file,7-10.mid,time_weighted_tertile,64<=LIGHT<=122;122<MEDIUM<=127;127<DEEP<=127,LIGHT,1022,0.505940594059406,65.38054359374947,0.4482749148445203,88.0
per_file,7-10.mid,time_weighted_tertile,64<=LIGHT<=122;122<MEDIUM<=127;127<DEEP<=127,MEDIUM,998,0.49405940594059405,80.4686695312501,0.5517250851554798,127.0
per_file,7-10.mid,time_weighted_tertile,64<=LIGHT<=122;122<MEDIUM<=127;127<DEEP<=127,DEEP,0,0.0,0.0,0.0,
per_file,8-0.mid,time_weighted_tertile,64<=LIGHT<=122;122<MEDIUM<=127;127<DEEP<=127,LIGHT,884,0.756201881950385,91.61328124999974,0.6890645199200838,79.0
per_file,8-0.mid,time_weighted_tertile,64<=LIGHT<=122;122<MEDIUM<=127;127<DEEP<=127,MEDIUM,285,0.24379811804961504,41.33984375000006,0.3109354800799163,127.0
per_file,8-0.mid,time_weighted_tertile,64<=LIGHT<=122;122<MEDIUM<=127;127<DEEP<=127,DEEP,0,0.0,0.0,0.0,
per_file,8-1.mid,time_weighted_tertile,64<=LIGHT<=122;122<MEDIUM<=127;127<DEEP<=127,LIGHT,884,0.756201881950385,91.61328124999974,0.6890645199200838,79.0
per_file,8-1.mid,time_weighted_tertile,64<=LIGHT<=122;122<MEDIUM<=127;127<DEEP<=127,MEDIUM,285,0.24379811804961504,41.33984375000006,0.3109354800799163,127.0
per_file,8-1.mid,time_weighted_tertile,64<=LIGHT<=122;122<MEDIUM<=127;127<DEEP<=127,DEEP,0,0.0,0.0,0.0,
per_file,8-2.mid,time_weighted_tertile,64<=LIGHT<=122;122<MEDIUM<=127;127<DEEP<=127,LIGHT,884,0.756201881950385,91.61328124999974,0.6890645199200838,79.0
per_file,8-2.mid,time_weighted_tertile,64<=LIGHT<=122;122<MEDIUM<=127;127<DEEP<=127,MEDIUM,285,0.24379811804961504,41.33984375000006,0.3109354800799163,127.0
per_file,8-2.mid,time_weighted_tertile,64<=LIGHT<=122;122<MEDIUM<=127;127<DEEP<=127,DEEP,0,0.0,0.0,0.0,
per_file,8-3.mid,time_weighted_tertile,64<=LIGHT<=122;122<MEDIUM<=127;127<DEEP<=127,LIGHT,884,0.756201881950385,91.61328124999974,0.6890645199200838,79.0
per_file,8-3.mid,time_weighted_tertile,64<=LIGHT<=122;122<MEDIUM<=127;127<DEEP<=127,MEDIUM,285,0.24379811804961504,41.33984375000006,0.3109354800799163,127.0
per_file,8-3.mid,time_weighted_tertile,64<=LIGHT<=122;122<MEDIUM<=127;127<DEEP<=127,DEEP,0,0.0,0.0,0.0,
per_file,8-4.mid,time_weighted_tertile,64<=LIGHT<=122;122<MEDIUM<=127;127<DEEP<=127,LIGHT,884,0.756201881950385,91.61328124999974,0.6890645199200838,79.0
per_file,8-4.mid,time_weighted_tertile,64<=LIGHT<=122;122<MEDIUM<=127;127<DEEP<=127,MEDIUM,285,0.24379811804961504,41.33984375000006,0.3109354800799163,127.0
per_file,8-4.mid,time_weighted_tertile,64<=LIGHT<=122;122<MEDIUM<=127;127<DEEP<=127,DEEP,0,0.0,0.0,0.0,
per_file,8-5.mid,time_weighted_tertile,64<=LIGHT<=122;122<MEDIUM<=127;127<DEEP<=127,LIGHT,333,0.40217391304347827,33.655208333333505,0.33162265080521963,77.0
per_file,8-5.mid,time_weighted_tertile,64<=LIGHT<=122;122<MEDIUM<=127;127<DEEP<=127,MEDIUM,495,0.5978260869565217,67.83124999999993,0.6683773491947803,127.0
per_file,8-5.mid,time_weighted_tertile,64<=LIGHT<=122;122<MEDIUM<=127;127<DEEP<=127,DEEP,0,0.0,0.0,0.0,
per_file,8-6.mid,time_weighted_tertile,64<=LIGHT<=122;122<MEDIUM<=127;127<DEEP<=127,LIGHT,333,0.40217391304347827,33.655208333333505,0.33162265080521963,77.0
per_file,8-6.mid,time_weighted_tertile,64<=LIGHT<=122;122<MEDIUM<=127;127<DEEP<=127,MEDIUM,495,0.5978260869565217,67.83124999999993,0.6683773491947803,127.0
per_file,8-6.mid,time_weighted_tertile,64<=LIGHT<=122;122<MEDIUM<=127;127<DEEP<=127,DEEP,0,0.0,0.0,0.0,
per_file,8-7.mid,time_weighted_tertile,64<=LIGHT<=122;122<MEDIUM<=127;127<DEEP<=127,LIGHT,333,0.40217391304347827,33.655208333333505,0.33162265080521963,77.0
per_file,8-7.mid,time_weighted_tertile,64<=LIGHT<=122;122<MEDIUM<=127;127<DEEP<=127,MEDIUM,495,0.5978260869565217,67.83124999999993,0.6683773491947803,127.0
per_file,8-7.mid,time_weighted_tertile,64<=LIGHT<=122;122<MEDIUM<=127;127<DEEP<=127,DEEP,0,0.0,0.0,0.0,
per_file,8-8.mid,time_weighted_tertile,64<=LIGHT<=122;122<MEDIUM<=127;127<DEEP<=127,LIGHT,333,0.40217391304347827,33.655208333333505,0.33162265080521963,77.0
per_file,8-8.mid,time_weighted_tertile,64<=LIGHT<=122;122<MEDIUM<=127;127<DEEP<=127,MEDIUM,495,0.5978260869565217,67.83124999999993,0.6683773491947803,127.0
per_file,8-8.mid,time_weighted_tertile,64<=LIGHT<=122;122<MEDIUM<=127;127<DEEP<=127,DEEP,0,0.0,0.0,0.0,
per_file,8-9.mid,time_weighted_tertile,64<=LIGHT<=122;122<MEDIUM<=127;127<DEEP<=127,LIGHT,333,0.40217391304347827,33.655208333333505,0.33162265080521963,77.0
per_file,8-9.mid,time_weighted_tertile,64<=LIGHT<=122;122<MEDIUM<=127;127<DEEP<=127,MEDIUM,495,0.5978260869565217,67.83124999999993,0.6683773491947803,127.0
per_file,8-9.mid,time_weighted_tertile,64<=LIGHT<=122;122<MEDIUM<=127;127<DEEP<=127,DEEP,0,0.0,0.0,0.0,
per_file,8-10.mid,time_weighted_tertile,64<=LIGHT<=122;122<MEDIUM<=127;127<DEEP<=127,LIGHT,666,0.8975741239892183,63.70453031249981,0.8689680298752156,75.0
per_file,8-10.mid,time_weighted_tertile,64<=LIGHT<=122;122<MEDIUM<=127;127<DEEP<=127,MEDIUM,76,0.10242587601078167,9.606026718750032,0.1310319701247844,127.0
per_file,8-10.mid,time_weighted_tertile,64<=LIGHT<=122;122<MEDIUM<=127;127<DEEP<=127,DEEP,0,0.0,0.0,0.0,
per_file,8-11.mid,time_weighted_tertile,64<=LIGHT<=122;122<MEDIUM<=127;127<DEEP<=127,LIGHT,666,0.8975741239892183,63.70453031249981,0.8689680298752156,75.0
per_file,8-11.mid,time_weighted_tertile,64<=LIGHT<=122;122<MEDIUM<=127;127<DEEP<=127,MEDIUM,76,0.10242587601078167,9.606026718750032,0.1310319701247844,127.0
per_file,8-11.mid,time_weighted_tertile,64<=LIGHT<=122;122<MEDIUM<=127;127<DEEP<=127,DEEP,0,0.0,0.0,0.0,
per_file,8-12.mid,time_weighted_tertile,64<=LIGHT<=122;122<MEDIUM<=127;127<DEEP<=127,LIGHT,666,0.8975741239892183,63.70453031249981,0.8689680298752156,75.0
per_file,8-12.mid,time_weighted_tertile,64<=LIGHT<=122;122<MEDIUM<=127;127<DEEP<=127,MEDIUM,76,0.10242587601078167,9.606026718750032,0.1310319701247844,127.0
per_file,8-12.mid,time_weighted_tertile,64<=LIGHT<=122;122<MEDIUM<=127;127<DEEP<=127,DEEP,0,0.0,0.0,0.0,
per_file,8-13.mid,time_weighted_tertile,64<=LIGHT<=122;122<MEDIUM<=127;127<DEEP<=127,LIGHT,666,0.8975741239892183,63.70453031249981,0.8689680298752156,75.0
per_file,8-13.mid,time_weighted_tertile,64<=LIGHT<=122;122<MEDIUM<=127;127<DEEP<=127,MEDIUM,76,0.10242587601078167,9.606026718750032,0.1310319701247844,127.0
per_file,8-13.mid,time_weighted_tertile,64<=LIGHT<=122;122<MEDIUM<=127;127<DEEP<=127,DEEP,0,0.0,0.0,0.0,
per_file,8-14.mid,time_weighted_tertile,64<=LIGHT<=122;122<MEDIUM<=127;127<DEEP<=127,LIGHT,666,0.8975741239892183,63.70453031249981,0.8689680298752156,75.0
per_file,8-14.mid,time_weighted_tertile,64<=LIGHT<=122;122<MEDIUM<=127;127<DEEP<=127,MEDIUM,76,0.10242587601078167,9.606026718750032,0.1310319701247844,127.0
per_file,8-14.mid,time_weighted_tertile,64<=LIGHT<=122;122<MEDIUM<=127;127<DEEP<=127,DEEP,0,0.0,0.0,0.0,
per_file,9-0.mid,time_weighted_tertile,64<=LIGHT<=122;122<MEDIUM<=127;127<DEEP<=127,LIGHT,321,0.3292307692307692,18.96093749999983,0.26635206321334276,78.0
per_file,9-0.mid,time_weighted_tertile,64<=LIGHT<=122;122<MEDIUM<=127;127<DEEP<=127,MEDIUM,654,0.6707692307692308,52.22656250000014,0.7336479367866573,127.0
per_file,9-0.mid,time_weighted_tertile,64<=LIGHT<=122;122<MEDIUM<=127;127<DEEP<=127,DEEP,0,0.0,0.0,0.0,
per_file,9-1.mid,time_weighted_tertile,64<=LIGHT<=122;122<MEDIUM<=127;127<DEEP<=127,LIGHT,468,0.7839195979899497,32.42618639375,0.6861153811375353,78.0
per_file,9-1.mid,time_weighted_tertile,64<=LIGHT<=122;122<MEDIUM<=127;127<DEEP<=127,MEDIUM,129,0.21608040201005024,14.834357947916647,0.3138846188624647,127.0
per_file,9-1.mid,time_weighted_tertile,64<=LIGHT<=122;122<MEDIUM<=127;127<DEEP<=127,DEEP,0,0.0,0.0,0.0,
per_file,9-2.mid,time_weighted_tertile,64<=LIGHT<=122;122<MEDIUM<=127;127<DEEP<=127,LIGHT,468,0.7839195979899497,32.42618639375,0.6861153811375353,78.0
per_file,9-2.mid,time_weighted_tertile,64<=LIGHT<=122;122<MEDIUM<=127;127<DEEP<=127,MEDIUM,129,0.21608040201005024,14.834357947916647,0.3138846188624647,127.0
per_file,9-2.mid,time_weighted_tertile,64<=LIGHT<=122;122<MEDIUM<=127;127<DEEP<=127,DEEP,0,0.0,0.0,0.0,
per_file,9-3.mid,time_weighted_tertile,64<=LIGHT<=122;122<MEDIUM<=127;127<DEEP<=127,LIGHT,839,0.9767171129220024,66.5742187500002,0.9712217916571676,72.0
per_file,9-3.mid,time_weighted_tertile,64<=LIGHT<=122;122<MEDIUM<=127;127<DEEP<=127,MEDIUM,20,0.023282887077997673,1.972656250000103,0.02877820834283247,127.0
per_file,9-3.mid,time_weighted_tertile,64<=LIGHT<=122;122<MEDIUM<=127;127<DEEP<=127,DEEP,0,0.0,0.0,0.0,
per_file,9-4.mid,time_weighted_tertile,64<=LIGHT<=122;122<MEDIUM<=127;127<DEEP<=127,LIGHT,698,0.6311030741410488,48.08333333333281,0.5715258539303197,79.0
per_file,9-4.mid,time_weighted_tertile,64<=LIGHT<=122;122<MEDIUM<=127;127<DEEP<=127,MEDIUM,408,0.3688969258589512,36.04817708333351,0.4284741460696803,127.0
per_file,9-4.mid,time_weighted_tertile,64<=LIGHT<=122;122<MEDIUM<=127;127<DEEP<=127,DEEP,0,0.0,0.0,0.0,
per_file,9-5.mid,time_weighted_tertile,64<=LIGHT<=122;122<MEDIUM<=127;127<DEEP<=127,LIGHT,698,0.6311030741410488,48.08333333333281,0.5715258539303197,79.0
per_file,9-5.mid,time_weighted_tertile,64<=LIGHT<=122;122<MEDIUM<=127;127<DEEP<=127,MEDIUM,408,0.3688969258589512,36.04817708333351,0.4284741460696803,127.0
per_file,9-5.mid,time_weighted_tertile,64<=LIGHT<=122;122<MEDIUM<=127;127<DEEP<=127,DEEP,0,0.0,0.0,0.0,
per_file,9-6.mid,time_weighted_tertile,64<=LIGHT<=122;122<MEDIUM<=127;127<DEEP<=127,LIGHT,399,0.88470066518847,38.175709687499946,0.7839297956945027,75.0
per_file,9-6.mid,time_weighted_tertile,64<=LIGHT<=122;122<MEDIUM<=127;127<DEEP<=127,MEDIUM,52,0.11529933481152993,10.522158281249915,0.21607020430549728,127.0
per_file,9-6.mid,time_weighted_tertile,64<=LIGHT<=122;122<MEDIUM<=127;127<DEEP<=127,DEEP,0,0.0,0.0,0.0,
per_file,9-7.mid,time_weighted_tertile,64<=LIGHT<=122;122<MEDIUM<=127;127<DEEP<=127,LIGHT,179,0.48247978436657685,13.358934949999885,0.4153462879920246,83.0
per_file,9-7.mid,time_weighted_tertile,64<=LIGHT<=122;122<MEDIUM<=127;127<DEEP<=127,MEDIUM,192,0.5175202156334232,18.80443170625009,0.5846537120079752,127.0
per_file,9-7.mid,time_weighted_tertile,64<=LIGHT<=122;122<MEDIUM<=127;127<DEEP<=127,DEEP,0,0.0,0.0,0.0,
per_file,9-8.mid,time_weighted_tertile,64<=LIGHT<=122;122<MEDIUM<=127;127<DEEP<=127,LIGHT,179,0.48247978436657685,13.358934949999885,0.4153462879920246,83.0
per_file,9-8.mid,time_weighted_tertile,64<=LIGHT<=122;122<MEDIUM<=127;127<DEEP<=127,MEDIUM,192,0.5175202156334232,18.80443170625009,0.5846537120079752,127.0
per_file,9-8.mid,time_weighted_tertile,64<=LIGHT<=122;122<MEDIUM<=127;127<DEEP<=127,DEEP,0,0.0,0.0,0.0,
per_file,9-9.mid,time_weighted_tertile,64<=LIGHT<=122;122<MEDIUM<=127;127<DEEP<=127,LIGHT,404,0.40562248995983935,23.710937500000185,0.31867978019670473,77.0
per_file,9-9.mid,time_weighted_tertile,64<=LIGHT<=122;122<MEDIUM<=127;127<DEEP<=127,MEDIUM,592,0.5943775100401606,50.692708333333314,0.6813202198032953,127.0
per_file,9-9.mid,time_weighted_tertile,64<=LIGHT<=122;122<MEDIUM<=127;127<DEEP<=127,DEEP,0,0.0,0.0,0.0,
per_file,9-10.mid,time_weighted_tertile,64<=LIGHT<=122;122<MEDIUM<=127;127<DEEP<=127,LIGHT,1091,0.7597493036211699,81.62499999999999,0.7200352850369394,78.0
per_file,9-10.mid,time_weighted_tertile,64<=LIGHT<=122;122<MEDIUM<=127;127<DEEP<=127,MEDIUM,345,0.2402506963788301,31.73749999999994,0.27996471496306063,127.0
per_file,9-10.mid,time_weighted_tertile,64<=LIGHT<=122;122<MEDIUM<=127;127<DEEP<=127,DEEP,0,0.0,0.0,0.0,
per_file,9-11.mid,time_weighted_tertile,64<=LIGHT<=122;122<MEDIUM<=127;127<DEEP<=127,LIGHT,1091,0.7597493036211699,81.62499999999999,0.7200352850369394,78.0
per_file,9-11.mid,time_weighted_tertile,64<=LIGHT<=122;122<MEDIUM<=127;127<DEEP<=127,MEDIUM,345,0.2402506963788301,31.73749999999994,0.27996471496306063,127.0
per_file,9-11.mid,time_weighted_tertile,64<=LIGHT<=122;122<MEDIUM<=127;127<DEEP<=127,DEEP,0,0.0,0.0,0.0,
per_file,9-12.mid,time_weighted_tertile,64<=LIGHT<=122;122<MEDIUM<=127;127<DEEP<=127,LIGHT,465,0.7698675496688742,29.540625000000343,0.632547453884417,71.0
per_file,9-12.mid,time_weighted_tertile,64<=LIGHT<=122;122<MEDIUM<=127;127<DEEP<=127,MEDIUM,139,0.23013245033112584,17.16041666666675,0.367452546115583,127.0
per_file,9-12.mid,time_weighted_tertile,64<=LIGHT<=122;122<MEDIUM<=127;127<DEEP<=127,DEEP,0,0.0,0.0,0.0,
per_file,9-13.mid,time_weighted_tertile,64<=LIGHT<=122;122<MEDIUM<=127;127<DEEP<=127,LIGHT,465,0.7698675496688742,29.540625000000343,0.632547453884417,71.0
per_file,9-13.mid,time_weighted_tertile,64<=LIGHT<=122;122<MEDIUM<=127;127<DEEP<=127,MEDIUM,139,0.23013245033112584,17.16041666666675,0.367452546115583,127.0
per_file,9-13.mid,time_weighted_tertile,64<=LIGHT<=122;122<MEDIUM<=127;127<DEEP<=127,DEEP,0,0.0,0.0,0.0,
per_file,10-0.mid,time_weighted_tertile,64<=LIGHT<=122;122<MEDIUM<=127;127<DEEP<=127,LIGHT,216,0.7578947368421053,20.908098749999954,0.7629629629629627,78.0
per_file,10-0.mid,time_weighted_tertile,64<=LIGHT<=122;122<MEDIUM<=127;127<DEEP<=127,MEDIUM,69,0.24210526315789474,6.495719999999997,0.23703703703703735,127.0
per_file,10-0.mid,time_weighted_tertile,64<=LIGHT<=122;122<MEDIUM<=127;127<DEEP<=127,DEEP,0,0.0,0.0,0.0,
per_file,10-1.mid,time_weighted_tertile,64<=LIGHT<=122;122<MEDIUM<=127;127<DEEP<=127,LIGHT,249,0.5956937799043063,14.838631439583365,0.5474576271186449,92.0
per_file,10-1.mid,time_weighted_tertile,64<=LIGHT<=122;122<MEDIUM<=127;127<DEEP<=127,MEDIUM,169,0.4043062200956938,12.265989456249986,0.4525423728813552,127.0
per_file,10-1.mid,time_weighted_tertile,64<=LIGHT<=122;122<MEDIUM<=127;127<DEEP<=127,DEEP,0,0.0,0.0,0.0,
per_file,11-0.mid,time_weighted_tertile,64<=LIGHT<=122;122<MEDIUM<=127;127<DEEP<=127,LIGHT,1086,0.9149115417017691,48.075539531250065,0.885518903893932,78.0
per_file,11-0.mid,time_weighted_tertile,64<=LIGHT<=122;122<MEDIUM<=127;127<DEEP<=127,MEDIUM,101,0.08508845829823083,6.215271562499985,0.11448109610606805,127.0
per_file,11-0.mid,time_weighted_tertile,64<=LIGHT<=122;122<MEDIUM<=127;127<DEEP<=127,DEEP,0,0.0,0.0,0.0,
per_file,11-1.mid,time_weighted_tertile,64<=LIGHT<=122;122<MEDIUM<=127;127<DEEP<=127,LIGHT,815,0.6068503350707372,29.617491749999942,0.5493856520015845,90.0
per_file,11-1.mid,time_weighted_tertile,64<=LIGHT<=122;122<MEDIUM<=127;127<DEEP<=127,MEDIUM,528,0.39314966492926284,24.292710750000037,0.45061434799841543,127.0
per_file,11-1.mid,time_weighted_tertile,64<=LIGHT<=122;122<MEDIUM<=127;127<DEEP<=127,DEEP,0,0.0,0.0,0.0,
per_file,11-2.mid,time_weighted_tertile,64<=LIGHT<=122;122<MEDIUM<=127;127<DEEP<=127,LIGHT,972,0.7408536585365854,42.13449108750005,0.7371175448105717,93.0
per_file,11-2.mid,time_weighted_tertile,64<=LIGHT<=122;122<MEDIUM<=127;127<DEEP<=127,MEDIUM,340,0.25914634146341464,15.026665072916662,0.2628824551894283,126.0
per_file,11-2.mid,time_weighted_tertile,64<=LIGHT<=122;122<MEDIUM<=127;127<DEEP<=127,DEEP,0,0.0,0.0,0.0,
per_file,11-3.mid,time_weighted_tertile,64<=LIGHT<=122;122<MEDIUM<=127;127<DEEP<=127,LIGHT,1023,0.825,44.64605578125002,0.8022028123050344,94.0
per_file,11-3.mid,time_weighted_tertile,64<=LIGHT<=122;122<MEDIUM<=127;127<DEEP<=127,MEDIUM,217,0.175,11.008268906249993,0.19779718769496552,127.0
per_file,11-3.mid,time_weighted_tertile,64<=LIGHT<=122;122<MEDIUM<=127;127<DEEP<=127,DEEP,0,0.0,0.0,0.0,
per_file,12-0.mid,time_weighted_tertile,64<=LIGHT<=122;122<MEDIUM<=127;127<DEEP<=127,LIGHT,1290,0.41855937702790397,107.57467875000023,0.3616316342381013,89.0
per_file,12-0.mid,time_weighted_tertile,64<=LIGHT<=122;122<MEDIUM<=127;127<DEEP<=127,MEDIUM,1792,0.5814406229720961,189.8956434375,0.6383683657618987,127.0
per_file,12-0.mid,time_weighted_tertile,64<=LIGHT<=122;122<MEDIUM<=127;127<DEEP<=127,DEEP,0,0.0,0.0,0.0,
per_file,12-1.mid,time_weighted_tertile,64<=LIGHT<=122;122<MEDIUM<=127;127<DEEP<=127,LIGHT,1290,0.41855937702790397,107.57467875000023,0.3616316342381013,89.0
per_file,12-1.mid,time_weighted_tertile,64<=LIGHT<=122;122<MEDIUM<=127;127<DEEP<=127,MEDIUM,1792,0.5814406229720961,189.8956434375,0.6383683657618987,127.0
per_file,12-1.mid,time_weighted_tertile,64<=LIGHT<=122;122<MEDIUM<=127;127<DEEP<=127,DEEP,0,0.0,0.0,0.0,
per_file,12-2.mid,time_weighted_tertile,64<=LIGHT<=122;122<MEDIUM<=127;127<DEEP<=127,LIGHT,1290,0.41855937702790397,107.57467875000023,0.3616316342381013,89.0
per_file,12-2.mid,time_weighted_tertile,64<=LIGHT<=122;122<MEDIUM<=127;127<DEEP<=127,MEDIUM,1792,0.5814406229720961,189.8956434375,0.6383683657618987,127.0
per_file,12-2.mid,time_weighted_tertile,64<=LIGHT<=122;122<MEDIUM<=127;127<DEEP<=127,DEEP,0,0.0,0.0,0.0,
per_file,12-3.mid,time_weighted_tertile,64<=LIGHT<=122;122<MEDIUM<=127;127<DEEP<=127,LIGHT,1290,0.41855937702790397,107.57467875000023,0.3616316342381013,89.0
per_file,12-3.mid,time_weighted_tertile,64<=LIGHT<=122;122<MEDIUM<=127;127<DEEP<=127,MEDIUM,1792,0.5814406229720961,189.8956434375,0.6383683657618987,127.0
per_file,12-3.mid,time_weighted_tertile,64<=LIGHT<=122;122<MEDIUM<=127;127<DEEP<=127,DEEP,0,0.0,0.0,0.0,
per_file,12-4.mid,time_weighted_tertile,64<=LIGHT<=122;122<MEDIUM<=127;127<DEEP<=127,LIGHT,1290,0.41855937702790397,107.57467875000023,0.3616316342381013,89.0
per_file,12-4.mid,time_weighted_tertile,64<=LIGHT<=122;122<MEDIUM<=127;127<DEEP<=127,MEDIUM,1792,0.5814406229720961,189.8956434375,0.6383683657618987,127.0
per_file,12-4.mid,time_weighted_tertile,64<=LIGHT<=122;122<MEDIUM<=127;127<DEEP<=127,DEEP,0,0.0,0.0,0.0,
per_file,13-0.mid,time_weighted_tertile,64<=LIGHT<=122;122<MEDIUM<=127;127<DEEP<=127,LIGHT,806,0.2336231884057971,31.26562500000005,0.1732617542644388,73.0
per_file,13-0.mid,time_weighted_tertile,64<=LIGHT<=122;122<MEDIUM<=127;127<DEEP<=127,MEDIUM,2644,0.7663768115942029,149.18749999999991,0.8267382457355612,127.0
per_file,13-0.mid,time_weighted_tertile,64<=LIGHT<=122;122<MEDIUM<=127;127<DEEP<=127,DEEP,0,0.0,0.0,0.0,
per_file,13-1.mid,time_weighted_tertile,64<=LIGHT<=122;122<MEDIUM<=127;127<DEEP<=127,LIGHT,1087,0.2777210015329586,50.65312499999986,0.21884141456872508,91.0
per_file,13-1.mid,time_weighted_tertile,64<=LIGHT<=122;122<MEDIUM<=127;127<DEEP<=127,MEDIUM,2827,0.7222789984670414,180.80729166666686,0.7811585854312748,127.0
per_file,13-1.mid,time_weighted_tertile,64<=LIGHT<=122;122<MEDIUM<=127;127<DEEP<=127,DEEP,0,0.0,0.0,0.0,
per_file,13-2.mid,time_weighted_tertile,64<=LIGHT<=122;122<MEDIUM<=127;127<DEEP<=127,LIGHT,792,0.2113127001067236,37.076822916666075,0.16922510058418794,73.0
per_file,13-2.mid,time_weighted_tertile,64<=LIGHT<=122;122<MEDIUM<=127;127<DEEP<=127,MEDIUM,2956,0.7886872998932765,182.02083333333388,0.8307748994158122,127.0
per_file,13-2.mid,time_weighted_tertile,64<=LIGHT<=122;122<MEDIUM<=127;127<DEEP<=127,DEEP,0,0.0,0.0,0.0,
per_file,13-3.mid,time_weighted_tertile,64<=LIGHT<=122;122<MEDIUM<=127;127<DEEP<=127,LIGHT,867,0.21893939393939393,34.40885416666703,0.1668270165577063,80.0
per_file,13-3.mid,time_weighted_tertile,64<=LIGHT<=122;122<MEDIUM<=127;127<DEEP<=127,MEDIUM,3093,0.781060606060606,171.8458333333329,0.8331729834422937,127.0
per_file,13-3.mid,time_weighted_tertile,64<=LIGHT<=122;122<MEDIUM<=127;127<DEEP<=127,DEEP,0,0.0,0.0,0.0,
per_file,13-4.mid,time_weighted_tertile,64<=LIGHT<=122;122<MEDIUM<=127;127<DEEP<=127,LIGHT,1043,0.26431829700963,49.79296874999949,0.18726953081002523,82.0
per_file,13-4.mid,time_weighted_tertile,64<=LIGHT<=122;122<MEDIUM<=127;127<DEEP<=127,MEDIUM,2903,0.73568170299037,216.0963541666674,0.8127304691899749,127.0
per_file,13-4.mid,time_weighted_tertile,64<=LIGHT<=122;122<MEDIUM<=127;127<DEEP<=127,DEEP,0,0.0,0.0,0.0,
per_file,13-5.mid,time_weighted_tertile,64<=LIGHT<=122;122<MEDIUM<=127;127<DEEP<=127,LIGHT,1439,0.36146696809846773,78.35677083333344,0.31429630906308653,87.0
per_file,13-5.mid,time_weighted_tertile,64<=LIGHT<=122;122<MEDIUM<=127;127<DEEP<=127,MEDIUM,2542,0.6385330319015323,170.95182291666643,0.6857036909369134,127.0
per_file,13-5.mid,time_weighted_tertile,64<=LIGHT<=122;122<MEDIUM<=127;127<DEEP<=127,DEEP,0,0.0,0.0,0.0,
per_file,13-6.mid,time_weighted_tertile,64<=LIGHT<=122;122<MEDIUM<=127;127<DEEP<=127,LIGHT,1916,0.45782556750298686,91.81770833333306,0.40955385601843586,96.0
per_file,13-6.mid,time_weighted_tertile,64<=LIGHT<=122;122<MEDIUM<=127;127<DEEP<=127,MEDIUM,2269,0.5421744324970131,132.3718750000001,0.5904461439815641,127.0
per_file,13-6.mid,time_weighted_tertile,64<=LIGHT<=122;122<MEDIUM<=127;127<DEEP<=127,DEEP,0,0.0,0.0,0.0,
per_file,13-7.mid,time_weighted_tertile,64<=LIGHT<=122;122<MEDIUM<=127;127<DEEP<=127,LIGHT,1126,0.26905615292712065,62.34322916666707,0.22953268519051315,80.0
per_file,13-7.mid,time_weighted_tertile,64<=LIGHT<=122;122<MEDIUM<=127;127<DEEP<=127,MEDIUM,3059,0.7309438470728793,209.2661458333331,0.7704673148094868,127.0
per_file,13-7.mid,time_weighted_tertile,64<=LIGHT<=122;122<MEDIUM<=127;127<DEEP<=127,DEEP,0,0.0,0.0,0.0,
per_file,13-8.mid,time_weighted_tertile,64<=LIGHT<=122;122<MEDIUM<=127;127<DEEP<=127,LIGHT,1248,0.32928759894459103,58.69375000000005,0.2721792307915259,85.0
per_file,13-8.mid,time_weighted_tertile,64<=LIGHT<=122;122<MEDIUM<=127;127<DEEP<=127,MEDIUM,2542,0.670712401055409,156.9499999999997,0.727820769208474,127.0
per_file,13-8.mid,time_weighted_tertile,64<=LIGHT<=122;122<MEDIUM<=127;127<DEEP<=127,DEEP,0,0.0,0.0,0.0,
per_file,14-0.mid,time_weighted_tertile,64<=LIGHT<=122;122<MEDIUM<=127;127<DEEP<=127,LIGHT,223,0.4442231075697211,16.71614583333334,0.4174009168644531,72.0
per_file,14-0.mid,time_weighted_tertile,64<=LIGHT<=122;122<MEDIUM<=127;127<DEEP<=127,MEDIUM,279,0.5557768924302788,23.332031250000064,0.582599083135547,127.0
per_file,14-0.mid,time_weighted_tertile,64<=LIGHT<=122;122<MEDIUM<=127;127<DEEP<=127,DEEP,0,0.0,0.0,0.0,
per_file,14-1.mid,time_weighted_tertile,64<=LIGHT<=122;122<MEDIUM<=127;127<DEEP<=127,LIGHT,108,0.4954128440366973,7.554687499999815,0.42819188191881086,74.0
per_file,14-1.mid,time_weighted_tertile,64<=LIGHT<=122;122<MEDIUM<=127;127<DEEP<=127,MEDIUM,110,0.5045871559633027,10.088541666666762,0.571808118081189,127.0
per_file,14-1.mid,time_weighted_tertile,64<=LIGHT<=122;122<MEDIUM<=127;127<DEEP<=127,DEEP,0,0.0,0.0,0.0,
per_file,15-0.mid,time_weighted_tertile,64<=LIGHT<=122;122<MEDIUM<=127;127<DEEP<=127,LIGHT,53,0.8412698412698413,6.968475937499921,0.7647662318628123,73.0
per_file,15-0.mid,time_weighted_tertile,64<=LIGHT<=122;122<MEDIUM<=127;127<DEEP<=127,MEDIUM,10,0.15873015873015872,2.143427343750031,0.23523376813718772,127.0
per_file,15-0.mid,time_weighted_tertile,64<=LIGHT<=122;122<MEDIUM<=127;127<DEEP<=127,DEEP,0,0.0,0.0,0.0,
per_file,15-1.mid,time_weighted_tertile,64<=LIGHT<=122;122<MEDIUM<=127;127<DEEP<=127,LIGHT,385,0.380811078140455,38.31940612499952,0.3237123078728113,92.0
per_file,15-1.mid,time_weighted_tertile,64<=LIGHT<=122;122<MEDIUM<=127;127<DEEP<=127,MEDIUM,626,0.619188921859545,80.05547550000026,0.6762876921271888,127.0
per_file,15-1.mid,time_weighted_tertile,64<=LIGHT<=122;122<MEDIUM<=127;127<DEEP<=127,DEEP,0,0.0,0.0,0.0,
per_file,15-2.mid,time_weighted_tertile,64<=LIGHT<=122;122<MEDIUM<=127;127<DEEP<=127,LIGHT,451,0.874031007751938,63.04080234374998,0.9043449940610746,87.0
per_file,15-2.mid,time_weighted_tertile,64<=LIGHT<=122;122<MEDIUM<=127;127<DEEP<=127,MEDIUM,65,0.12596899224806202,6.667995468750043,0.09565500593892544,127.0
per_file,15-2.mid,time_weighted_tertile,64<=LIGHT<=122;122<MEDIUM<=127;127<DEEP<=127,DEEP,0,0.0,0.0,0.0,
per_file,16-0.mid,time_weighted_tertile,64<=LIGHT<=122;122<MEDIUM<=127;127<DEEP<=127,LIGHT,362,0.923469387755102,27.795572916666664,0.8719111220030225,88.0
per_file,16-0.mid,time_weighted_tertile,64<=LIGHT<=122;122<MEDIUM<=127;127<DEEP<=127,MEDIUM,30,0.07653061224489796,4.083333333333334,0.12808887799697752,127.0
per_file,16-0.mid,time_weighted_tertile,64<=LIGHT<=122;122<MEDIUM<=127;127<DEEP<=127,DEEP,0,0.0,0.0,0.0,
per_file,16-1.mid,time_weighted_tertile,64<=LIGHT<=122;122<MEDIUM<=127;127<DEEP<=127,LIGHT,70,0.19662921348314608,4.711458333333347,0.14909186801595448,76.0
per_file,16-1.mid,time_weighted_tertile,64<=LIGHT<=122;122<MEDIUM<=127;127<DEEP<=127,MEDIUM,286,0.8033707865168539,26.889583333333334,0.8509081319840455,127.0
per_file,16-1.mid,time_weighted_tertile,64<=LIGHT<=122;122<MEDIUM<=127;127<DEEP<=127,DEEP,0,0.0,0.0,0.0,
per_file,17-0.mid,time_weighted_tertile,64<=LIGHT<=122;122<MEDIUM<=127;127<DEEP<=127,LIGHT,529,0.17926126736699424,22.558333333333096,0.11219213991897345,79.0
per_file,17-0.mid,time_weighted_tertile,64<=LIGHT<=122;122<MEDIUM<=127;127<DEEP<=127,MEDIUM,2422,0.8207387326330058,178.5104166666669,0.8878078600810265,127.0
per_file,17-0.mid,time_weighted_tertile,64<=LIGHT<=122;122<MEDIUM<=127;127<DEEP<=127,DEEP,0,0.0,0.0,0.0,
per_file,17-1.mid,time_weighted_tertile,64<=LIGHT<=122;122<MEDIUM<=127;127<DEEP<=127,LIGHT,662,0.17916102841677944,28.310602031250305,0.12376231843445083,80.0
per_file,17-1.mid,time_weighted_tertile,64<=LIGHT<=122;122<MEDIUM<=127;127<DEEP<=127,MEDIUM,3033,0.8208389715832206,200.43916921874984,0.8762376815655492,127.0
per_file,17-1.mid,time_weighted_tertile,64<=LIGHT<=122;122<MEDIUM<=127;127<DEEP<=127,DEEP,0,0.0,0.0,0.0,
per_file,17-2.mid,time_weighted_tertile,64<=LIGHT<=122;122<MEDIUM<=127;127<DEEP<=127,LIGHT,470,0.13967310549777118,23.160188087499783,0.09565708536682127,90.0
per_file,17-2.mid,time_weighted_tertile,64<=LIGHT<=122;122<MEDIUM<=127;127<DEEP<=127,MEDIUM,2895,0.8603268945022289,218.95661903333385,0.9043429146331787,127.0
per_file,17-2.mid,time_weighted_tertile,64<=LIGHT<=122;122<MEDIUM<=127;127<DEEP<=127,DEEP,0,0.0,0.0,0.0,
per_file,17-3.mid,time_weighted_tertile,64<=LIGHT<=122;122<MEDIUM<=127;127<DEEP<=127,LIGHT,2161,0.7569176882661997,164.001302083334,0.7173988574292748,90.0
per_file,17-3.mid,time_weighted_tertile,64<=LIGHT<=122;122<MEDIUM<=127;127<DEEP<=127,MEDIUM,694,0.24308231173380035,64.60416666666627,0.2826011425707251,127.0
per_file,17-3.mid,time_weighted_tertile,64<=LIGHT<=122;122<MEDIUM<=127;127<DEEP<=127,DEEP,0,0.0,0.0,0.0,
per_file,17-4.mid,time_weighted_tertile,64<=LIGHT<=122;122<MEDIUM<=127;127<DEEP<=127,LIGHT,845,0.2757832898172324,53.59102546875005,0.23326880932866007,92.0
per_file,17-4.mid,time_weighted_tertile,64<=LIGHT<=122;122<MEDIUM<=127;127<DEEP<=127,MEDIUM,2219,0.7242167101827677,176.1483281249998,0.76673119067134,127.0
per_file,17-4.mid,time_weighted_tertile,64<=LIGHT<=122;122<MEDIUM<=127;127<DEEP<=127,DEEP,0,0.0,0.0,0.0,
per_file,17-5.mid,time_weighted_tertile,64<=LIGHT<=122;122<MEDIUM<=127;127<DEEP<=127,LIGHT,1133,0.329743888242142,59.07579562499994,0.25518168340534486,86.0
per_file,17-5.mid,time_weighted_tertile,64<=LIGHT<=122;122<MEDIUM<=127;127<DEEP<=127,MEDIUM,2303,0.6702561117578579,172.42904765625013,0.744818316594655,127.0
per_file,17-5.mid,time_weighted_tertile,64<=LIGHT<=122;122<MEDIUM<=127;127<DEEP<=127,DEEP,0,0.0,0.0,0.0,
per_file,17-6.mid,time_weighted_tertile,64<=LIGHT<=122;122<MEDIUM<=127;127<DEEP<=127,LIGHT,2320,0.6444444444444445,145.15476937499994,0.6028798367057148,88.0
per_file,17-6.mid,time_weighted_tertile,64<=LIGHT<=122;122<MEDIUM<=127;127<DEEP<=127,MEDIUM,1280,0.35555555555555557,95.61422062500017,0.39712016329428523,127.0
per_file,17-6.mid,time_weighted_tertile,64<=LIGHT<=122;122<MEDIUM<=127;127<DEEP<=127,DEEP,0,0.0,0.0,0.0,
per_file,17-7.mid,time_weighted_tertile,64<=LIGHT<=122;122<MEDIUM<=127;127<DEEP<=127,LIGHT,630,0.20710059171597633,24.6145833333333,0.13513088481278665,83.0
per_file,17-7.mid,time_weighted_tertile,64<=LIGHT<=122;122<MEDIUM<=127;127<DEEP<=127,MEDIUM,2412,0.7928994082840237,157.53906250000003,0.8648691151872134,127.0
per_file,17-7.mid,time_weighted_tertile,64<=LIGHT<=122;122<MEDIUM<=127;127<DEEP<=127,DEEP,0,0.0,0.0,0.0,
per_file,17-8.mid,time_weighted_tertile,64<=LIGHT<=122;122<MEDIUM<=127;127<DEEP<=127,LIGHT,1453,0.44556884391291013,90.08306758749978,0.39624609947742295,94.0
per_file,17-8.mid,time_weighted_tertile,64<=LIGHT<=122;122<MEDIUM<=127;127<DEEP<=127,MEDIUM,1808,0.5544311560870898,137.2581420958336,0.603753900522577,127.0
per_file,17-8.mid,time_weighted_tertile,64<=LIGHT<=122;122<MEDIUM<=127;127<DEEP<=127,DEEP,0,0.0,0.0,0.0,
per_file,17-9.mid,time_weighted_tertile,64<=LIGHT<=122;122<MEDIUM<=127;127<DEEP<=127,LIGHT,569,0.18438107582631239,25.011994218750154,0.12950222302123526,84.0
per_file,17-9.mid,time_weighted_tertile,64<=LIGHT<=122;122<MEDIUM<=127;127<DEEP<=127,MEDIUM,2517,0.8156189241736876,168.12750281249993,0.8704977769787647,127.0
per_file,17-9.mid,time_weighted_tertile,64<=LIGHT<=122;122<MEDIUM<=127;127<DEEP<=127,DEEP,0,0.0,0.0,0.0,
per_file,17-10.mid,time_weighted_tertile,64<=LIGHT<=122;122<MEDIUM<=127;127<DEEP<=127,LIGHT,458,0.14651311580294304,25.845326718750137,0.11277249127386993,84.0
per_file,17-10.mid,time_weighted_tertile,64<=LIGHT<=122;122<MEDIUM<=127;127<DEEP<=127,MEDIUM,2668,0.853486884197057,203.33580093749998,0.8872275087261301,127.0
per_file,17-10.mid,time_weighted_tertile,64<=LIGHT<=122;122<MEDIUM<=127;127<DEEP<=127,DEEP,0,0.0,0.0,0.0,
per_file,17-11.mid,time_weighted_tertile,64<=LIGHT<=122;122<MEDIUM<=127;127<DEEP<=127,LIGHT,458,0.14651311580294304,25.845326718750137,0.11277249127386993,84.0
per_file,17-11.mid,time_weighted_tertile,64<=LIGHT<=122;122<MEDIUM<=127;127<DEEP<=127,MEDIUM,2668,0.853486884197057,203.33580093749998,0.8872275087261301,127.0
per_file,17-11.mid,time_weighted_tertile,64<=LIGHT<=122;122<MEDIUM<=127;127<DEEP<=127,DEEP,0,0.0,0.0,0.0,
per_file,17-12.mid,time_weighted_tertile,64<=LIGHT<=122;122<MEDIUM<=127;127<DEEP<=127,LIGHT,586,0.16718972895863052,28.73175284791671,0.13038524566319867,92.0
per_file,17-12.mid,time_weighted_tertile,64<=LIGHT<=122;122<MEDIUM<=127;127<DEEP<=127,MEDIUM,2919,0.8328102710413695,191.6287081979167,0.8696147543368014,127.0
per_file,17-12.mid,time_weighted_tertile,64<=LIGHT<=122;122<MEDIUM<=127;127<DEEP<=127,DEEP,0,0.0,0.0,0.0,
per_file,17-13.mid,time_weighted_tertile,64<=LIGHT<=122;122<MEDIUM<=127;127<DEEP<=127,LIGHT,1112,0.35663887107119946,67.1967810937502,0.3035478363687924,88.0
per_file,17-13.mid,time_weighted_tertile,64<=LIGHT<=122;122<MEDIUM<=127;127<DEEP<=127,MEDIUM,2006,0.6433611289288005,154.1745253124999,0.6964521636312077,127.0
per_file,17-13.mid,time_weighted_tertile,64<=LIGHT<=122;122<MEDIUM<=127;127<DEEP<=127,DEEP,0,0.0,0.0,0.0,
per_file,17-14.mid,time_weighted_tertile,64<=LIGHT<=122;122<MEDIUM<=127;127<DEEP<=127,LIGHT,1124,0.3015830426616582,57.8044293749998,0.24252272039624723,83.0
per_file,17-14.mid,time_weighted_tertile,64<=LIGHT<=122;122<MEDIUM<=127;127<DEEP<=127,MEDIUM,2603,0.6984169573383419,180.54202031250034,0.7574772796037529,127.0
per_file,17-14.mid,time_weighted_tertile,64<=LIGHT<=122;122<MEDIUM<=127;127<DEEP<=127,DEEP,0,0.0,0.0,0.0,
per_file,17-15.mid,time_weighted_tertile,64<=LIGHT<=122;122<MEDIUM<=127;127<DEEP<=127,LIGHT,657,0.18814432989690721,30.19761937499994,0.1287025021059578,80.0
per_file,17-15.mid,time_weighted_tertile,64<=LIGHT<=122;122<MEDIUM<=127;127<DEEP<=127,MEDIUM,2835,0.8118556701030928,204.4335562500003,0.8712974978940423,127.0
per_file,17-15.mid,time_weighted_tertile,64<=LIGHT<=122;122<MEDIUM<=127;127<DEEP<=127,DEEP,0,0.0,0.0,0.0,
per_file,17-16.mid,time_weighted_tertile,64<=LIGHT<=122;122<MEDIUM<=127;127<DEEP<=127,LIGHT,948,0.3076923076923077,51.15913687499986,0.25764535763526886,79.0
per_file,17-16.mid,time_weighted_tertile,64<=LIGHT<=122;122<MEDIUM<=127;127<DEEP<=127,MEDIUM,2133,0.6923076923076923,147.40503421874985,0.7423546423647311,127.0
per_file,17-16.mid,time_weighted_tertile,64<=LIGHT<=122;122<MEDIUM<=127;127<DEEP<=127,DEEP,0,0.0,0.0,0.0,
per_file,18-0.mid,time_weighted_tertile,64<=LIGHT<=122;122<MEDIUM<=127;127<DEEP<=127,LIGHT,1406,0.4634146341463415,238.06119791666848,0.49290291620723553,87.0
per_file,18-0.mid,time_weighted_tertile,64<=LIGHT<=122;122<MEDIUM<=127;127<DEEP<=127,MEDIUM,1628,0.5365853658536586,244.91666666666524,0.5070970837927645,127.0
per_file,18-0.mid,time_weighted_tertile,64<=LIGHT<=122;122<MEDIUM<=127;127<DEEP<=127,DEEP,0,0.0,0.0,0.0,
per_file,19-0.mid,time_weighted_tertile,64<=LIGHT<=122;122<MEDIUM<=127;127<DEEP<=127,LIGHT,529,0.7256515775034293,75.89968749999989,0.6090047215110836,75.0
per_file,19-0.mid,time_weighted_tertile,64<=LIGHT<=122;122<MEDIUM<=127;127<DEEP<=127,MEDIUM,200,0.27434842249657065,48.72937500000003,0.39099527848891635,127.0
per_file,19-0.mid,time_weighted_tertile,64<=LIGHT<=122;122<MEDIUM<=127;127<DEEP<=127,DEEP,0,0.0,0.0,0.0,
per_file,19-1.mid,time_weighted_tertile,64<=LIGHT<=122;122<MEDIUM<=127;127<DEEP<=127,LIGHT,636,0.7842170160295932,98.47531249999997,0.6694717028432065,76.0
per_file,19-1.mid,time_weighted_tertile,64<=LIGHT<=122;122<MEDIUM<=127;127<DEEP<=127,MEDIUM,175,0.2157829839704069,48.618749999999906,0.3305282971567934,127.0
per_file,19-1.mid,time_weighted_tertile,64<=LIGHT<=122;122<MEDIUM<=127;127<DEEP<=127,DEEP,0,0.0,0.0,0.0,
per_file,20-0.mid,time_weighted_tertile,64<=LIGHT<=122;122<MEDIUM<=127;127<DEEP<=127,LIGHT,874,0.7289407839866555,53.43744656250024,0.696065128900952,78.0
per_file,20-0.mid,time_weighted_tertile,64<=LIGHT<=122;122<MEDIUM<=127;127<DEEP<=127,MEDIUM,325,0.27105921601334443,23.333309999999877,0.30393487109904815,127.0
per_file,20-0.mid,time_weighted_tertile,64<=LIGHT<=122;122<MEDIUM<=127;127<DEEP<=127,DEEP,0,0.0,0.0,0.0,
per_file,20-1.mid,time_weighted_tertile,64<=LIGHT<=122;122<MEDIUM<=127;127<DEEP<=127,LIGHT,454,0.32638389647735444,27.079299843749954,0.286337640330438,75.0
per_file,20-1.mid,time_weighted_tertile,64<=LIGHT<=122;122<MEDIUM<=127;127<DEEP<=127,MEDIUM,937,0.6736161035226456,67.49191968750004,0.713662359669562,127.0
per_file,20-1.mid,time_weighted_tertile,64<=LIGHT<=122;122<MEDIUM<=127;127<DEEP<=127,DEEP,0,0.0,0.0,0.0,
per_file,20-2.mid,time_weighted_tertile,64<=LIGHT<=122;122<MEDIUM<=127;127<DEEP<=127,LIGHT,85,0.8173076923076923,7.565163374999976,0.6840224111282809,77.0
per_file,20-2.mid,time_weighted_tertile,64<=LIGHT<=122;122<MEDIUM<=127;127<DEEP<=127,MEDIUM,19,0.18269230769230768,3.494654625000045,0.3159775888717191,127.0
per_file,20-2.mid,time_weighted_tertile,64<=LIGHT<=122;122<MEDIUM<=127;127<DEEP<=127,DEEP,0,0.0,0.0,0.0,
per_file,20-3.mid,time_weighted_tertile,64<=LIGHT<=122;122<MEDIUM<=127;127<DEEP<=127,LIGHT,1178,0.663661971830986,87.8938757812501,0.6393965006363367,97.0
per_file,20-3.mid,time_weighted_tertile,64<=LIGHT<=122;122<MEDIUM<=127;127<DEEP<=127,MEDIUM,597,0.3363380281690141,49.569929062499966,0.3606034993636633,127.0
per_file,20-3.mid,time_weighted_tertile,64<=LIGHT<=122;122<MEDIUM<=127;127<DEEP<=127,DEEP,0,0.0,0.0,0.0,
per_file,20-4.mid,time_weighted_tertile,64<=LIGHT<=122;122<MEDIUM<=127;127<DEEP<=127,LIGHT,1095,0.9186241610738255,71.3941593750001,0.87843833185448,76.0
per_file,20-4.mid,time_weighted_tertile,64<=LIGHT<=122;122<MEDIUM<=127;127<DEEP<=127,MEDIUM,97,0.08137583892617449,9.879797812500103,0.12156166814552004,127.0
per_file,20-4.mid,time_weighted_tertile,64<=LIGHT<=122;122<MEDIUM<=127;127<DEEP<=127,DEEP,0,0.0,0.0,0.0,
per_file,21-0.mid,time_weighted_tertile,64<=LIGHT<=122;122<MEDIUM<=127;127<DEEP<=127,LIGHT,231,0.046553808948004836,26.635924218750077,0.065692180506105,83.0
per_file,21-0.mid,time_weighted_tertile,64<=LIGHT<=122;122<MEDIUM<=127;127<DEEP<=127,MEDIUM,4731,0.9534461910519951,378.829749375,0.9343078194938951,127.0
per_file,21-0.mid,time_weighted_tertile,64<=LIGHT<=122;122<MEDIUM<=127;127<DEEP<=127,DEEP,0,0.0,0.0,0.0,
per_file,21-1.mid,time_weighted_tertile,64<=LIGHT<=122;122<MEDIUM<=127;127<DEEP<=127,LIGHT,231,0.046553808948004836,26.635924218750077,0.065692180506105,83.0
per_file,21-1.mid,time_weighted_tertile,64<=LIGHT<=122;122<MEDIUM<=127;127<DEEP<=127,MEDIUM,4731,0.9534461910519951,378.829749375,0.9343078194938951,127.0
per_file,21-1.mid,time_weighted_tertile,64<=LIGHT<=122;122<MEDIUM<=127;127<DEEP<=127,DEEP,0,0.0,0.0,0.0,
per_file,21-2.mid,time_weighted_tertile,64<=LIGHT<=122;122<MEDIUM<=127;127<DEEP<=127,LIGHT,231,0.046553808948004836,26.635924218750077,0.065692180506105,83.0
per_file,21-2.mid,time_weighted_tertile,64<=LIGHT<=122;122<MEDIUM<=127;127<DEEP<=127,MEDIUM,4731,0.9534461910519951,378.829749375,0.9343078194938951,127.0
per_file,21-2.mid,time_weighted_tertile,64<=LIGHT<=122;122<MEDIUM<=127;127<DEEP<=127,DEEP,0,0.0,0.0,0.0,
per_file,21-3.mid,time_weighted_tertile,64<=LIGHT<=122;122<MEDIUM<=127;127<DEEP<=127,LIGHT,232,0.04929876753081173,20.446026562499945,0.05064538964862475,81.0
per_file,21-3.mid,time_weighted_tertile,64<=LIGHT<=122;122<MEDIUM<=127;127<DEEP<=127,MEDIUM,4474,0.9507012324691883,383.26350562499994,0.9493546103513752,127.0
per_file,21-3.mid,time_weighted_tertile,64<=LIGHT<=122;122<MEDIUM<=127;127<DEEP<=127,DEEP,0,0.0,0.0,0.0,
per_file,21-4.mid,time_weighted_tertile,64<=LIGHT<=122;122<MEDIUM<=127;127<DEEP<=127,LIGHT,232,0.04929876753081173,20.446026562499945,0.05064538964862475,81.0
per_file,21-4.mid,time_weighted_tertile,64<=LIGHT<=122;122<MEDIUM<=127;127<DEEP<=127,MEDIUM,4474,0.9507012324691883,383.26350562499994,0.9493546103513752,127.0
per_file,21-4.mid,time_weighted_tertile,64<=LIGHT<=122;122<MEDIUM<=127;127<DEEP<=127,DEEP,0,0.0,0.0,0.0,
per_file,21-5.mid,time_weighted_tertile,64<=LIGHT<=122;122<MEDIUM<=127;127<DEEP<=127,LIGHT,232,0.04929876753081173,20.446026562499945,0.05064538964862475,81.0
per_file,21-5.mid,time_weighted_tertile,64<=LIGHT<=122;122<MEDIUM<=127;127<DEEP<=127,MEDIUM,4474,0.9507012324691883,383.26350562499994,0.9493546103513752,127.0
per_file,21-5.mid,time_weighted_tertile,64<=LIGHT<=122;122<MEDIUM<=127;127<DEEP<=127,DEEP,0,0.0,0.0,0.0,
per_file,21-6.mid,time_weighted_tertile,64<=LIGHT<=122;122<MEDIUM<=127;127<DEEP<=127,LIGHT,232,0.04929876753081173,20.446026562499945,0.05064538964862475,81.0
per_file,21-6.mid,time_weighted_tertile,64<=LIGHT<=122;122<MEDIUM<=127;127<DEEP<=127,MEDIUM,4474,0.9507012324691883,383.26350562499994,0.9493546103513752,127.0
per_file,21-6.mid,time_weighted_tertile,64<=LIGHT<=122;122<MEDIUM<=127;127<DEEP<=127,DEEP,0,0.0,0.0,0.0,
per_file,21-7.mid,time_weighted_tertile,64<=LIGHT<=122;122<MEDIUM<=127;127<DEEP<=127,LIGHT,444,0.09904082087887575,38.72859375000019,0.10631277952929154,78.0
per_file,21-7.mid,time_weighted_tertile,64<=LIGHT<=122;122<MEDIUM<=127;127<DEEP<=127,MEDIUM,4039,0.9009591791211242,325.5605718749998,0.8936872204707085,127.0
per_file,21-7.mid,time_weighted_tertile,64<=LIGHT<=122;122<MEDIUM<=127;127<DEEP<=127,DEEP,0,0.0,0.0,0.0,
per_file,21-8.mid,time_weighted_tertile,64<=LIGHT<=122;122<MEDIUM<=127;127<DEEP<=127,LIGHT,444,0.09904082087887575,38.72859375000019,0.10631277952929154,78.0
per_file,21-8.mid,time_weighted_tertile,64<=LIGHT<=122;122<MEDIUM<=127;127<DEEP<=127,MEDIUM,4039,0.9009591791211242,325.5605718749998,0.8936872204707085,127.0
per_file,21-8.mid,time_weighted_tertile,64<=LIGHT<=122;122<MEDIUM<=127;127<DEEP<=127,DEEP,0,0.0,0.0,0.0,
per_file,21-9.mid,time_weighted_tertile,64<=LIGHT<=122;122<MEDIUM<=127;127<DEEP<=127,LIGHT,444,0.09904082087887575,38.72859375000019,0.10631277952929154,78.0
per_file,21-9.mid,time_weighted_tertile,64<=LIGHT<=122;122<MEDIUM<=127;127<DEEP<=127,MEDIUM,4039,0.9009591791211242,325.5605718749998,0.8936872204707085,127.0
per_file,21-9.mid,time_weighted_tertile,64<=LIGHT<=122;122<MEDIUM<=127;127<DEEP<=127,DEEP,0,0.0,0.0,0.0,
per_file,21-10.mid,time_weighted_tertile,64<=LIGHT<=122;122<MEDIUM<=127;127<DEEP<=127,LIGHT,444,0.09904082087887575,38.72859375000019,0.10631277952929154,78.0
per_file,21-10.mid,time_weighted_tertile,64<=LIGHT<=122;122<MEDIUM<=127;127<DEEP<=127,MEDIUM,4039,0.9009591791211242,325.5605718749998,0.8936872204707085,127.0
per_file,21-10.mid,time_weighted_tertile,64<=LIGHT<=122;122<MEDIUM<=127;127<DEEP<=127,DEEP,0,0.0,0.0,0.0,
per_file,21-11.mid,time_weighted_tertile,64<=LIGHT<=122;122<MEDIUM<=127;127<DEEP<=127,LIGHT,444,0.09904082087887575,38.72859375000019,0.10631277952929154,78.0
per_file,21-11.mid,time_weighted_tertile,64<=LIGHT<=122;122<MEDIUM<=127;127<DEEP<=127,MEDIUM,4039,0.9009591791211242,325.5605718749998,0.8936872204707085,127.0
per_file,21-11.mid,time_weighted_tertile,64<=LIGHT<=122;122<MEDIUM<=127;127<DEEP<=127,DEEP,0,0.0,0.0,0.0,
per_file,21-12.mid,time_weighted_tertile,64<=LIGHT<=122;122<MEDIUM<=127;127<DEEP<=127,LIGHT,444,0.09904082087887575,38.72859375000019,0.10631277952929154,78.0
per_file,21-12.mid,time_weighted_tertile,64<=LIGHT<=122;122<MEDIUM<=127;127<DEEP<=127,MEDIUM,4039,0.9009591791211242,325.5605718749998,0.8936872204707085,127.0
per_file,21-12.mid,time_weighted_tertile,64<=LIGHT<=122;122<MEDIUM<=127;127<DEEP<=127,DEEP,0,0.0,0.0,0.0,
per_file,21-13.mid,time_weighted_tertile,64<=LIGHT<=122;122<MEDIUM<=127;127<DEEP<=127,LIGHT,444,0.09904082087887575,38.72859375000019,0.10631277952929154,78.0
per_file,21-13.mid,time_weighted_tertile,64<=LIGHT<=122;122<MEDIUM<=127;127<DEEP<=127,MEDIUM,4039,0.9009591791211242,325.5605718749998,0.8936872204707085,127.0
per_file,21-13.mid,time_weighted_tertile,64<=LIGHT<=122;122<MEDIUM<=127;127<DEEP<=127,DEEP,0,0.0,0.0,0.0,
per_file,21-14.mid,time_weighted_tertile,64<=LIGHT<=122;122<MEDIUM<=127;127<DEEP<=127,LIGHT,444,0.09904082087887575,38.72859375000019,0.10631277952929154,78.0
per_file,21-14.mid,time_weighted_tertile,64<=LIGHT<=122;122<MEDIUM<=127;127<DEEP<=127,MEDIUM,4039,0.9009591791211242,325.5605718749998,0.8936872204707085,127.0
per_file,21-14.mid,time_weighted_tertile,64<=LIGHT<=122;122<MEDIUM<=127;127<DEEP<=127,DEEP,0,0.0,0.0,0.0,
per_file,22-0.mid,time_weighted_tertile,64<=LIGHT<=122;122<MEDIUM<=127;127<DEEP<=127,LIGHT,358,0.24878387769284224,22.738281249999904,0.17031589829615768,74.0
per_file,22-0.mid,time_weighted_tertile,64<=LIGHT<=122;122<MEDIUM<=127;127<DEEP<=127,MEDIUM,1081,0.7512161223071577,110.76822916666669,0.8296841017038422,127.0
per_file,22-0.mid,time_weighted_tertile,64<=LIGHT<=122;122<MEDIUM<=127;127<DEEP<=127,DEEP,0,0.0,0.0,0.0,
per_file,22-1.mid,time_weighted_tertile,64<=LIGHT<=122;122<MEDIUM<=127;127<DEEP<=127,LIGHT,358,0.24878387769284224,22.738281249999904,0.17031589829615768,74.0
per_file,22-1.mid,time_weighted_tertile,64<=LIGHT<=122;122<MEDIUM<=127;127<DEEP<=127,MEDIUM,1081,0.7512161223071577,110.76822916666669,0.8296841017038422,127.0
per_file,22-1.mid,time_weighted_tertile,64<=LIGHT<=122;122<MEDIUM<=127;127<DEEP<=127,DEEP,0,0.0,0.0,0.0,
per_file,22-2.mid,time_weighted_tertile,64<=LIGHT<=122;122<MEDIUM<=127;127<DEEP<=127,LIGHT,802,0.521117608836907,57.56510416666678,0.4683510779172635,84.0
per_file,22-2.mid,time_weighted_tertile,64<=LIGHT<=122;122<MEDIUM<=127;127<DEEP<=127,MEDIUM,737,0.4788823911630929,65.34505208333323,0.5316489220827366,127.0
per_file,22-2.mid,time_weighted_tertile,64<=LIGHT<=122;122<MEDIUM<=127;127<DEEP<=127,DEEP,0,0.0,0.0,0.0,
per_file,22-3.mid,time_weighted_tertile,64<=LIGHT<=122;122<MEDIUM<=127;127<DEEP<=127,LIGHT,802,0.521117608836907,57.56510416666678,0.4683510779172635,84.0
per_file,22-3.mid,time_weighted_tertile,64<=LIGHT<=122;122<MEDIUM<=127;127<DEEP<=127,MEDIUM,737,0.4788823911630929,65.34505208333323,0.5316489220827366,127.0
per_file,22-3.mid,time_weighted_tertile,64<=LIGHT<=122;122<MEDIUM<=127;127<DEEP<=127,DEEP,0,0.0,0.0,0.0,
