file,interval_index,onset_start_sec,onset_end_sec,ioi_duration_sec,ioi_duration_ms,transition_count,event_types,event_absolute_times_sec,event_relative_times_tau
2-0.mid,12,7.64021671875,8.7366365625,1.0964198437499997,1096.4198437499997,3,UP|DOWN|UP,7.664255156|7.843207969|8.705920781,0.021924482|0.185140073|0.971985384
2-0.mid,21,12.89395078125,14.06916328125,1.1752125000000007,1175.2125000000005,3,UP|DOWN|UP,12.924666563|13.230488906|14.061150469,0.026136364|0.286363636|0.993181818
2-0.mid,27,17.366435625,18.51627421875,1.1498385937499975,1149.8385937499975,3,UP|DOWN|UP,17.409170625|17.844533438|18.468197344,0.037166086|0.415795587|0.958188153
2-0.mid,35,20.76921,21.88966828125,1.1204582812499986,1120.4582812499987,3,UP|DOWN|UP,20.785235625|21.021613594|21.884326406,0.014302741|0.225268176|0.995232420
2-0.mid,996,248.4105421875,249.49761375,1.0870715625000003,1087.0715625000003,3,UP|DOWN|UP,248.435916094|248.674965000|249.496278281,0.023341523|0.243243243|0.998771499
4-0.mid,154,21.85761703125,22.1020078125,0.24439078124999725,244.39078124999725,3,UP|DOWN|UP,21.858952500|21.977809219|22.095330469,0.005464481|0.491803279|0.972677596
5-0.mid,754,83.70050390625,84.75018234375,1.049678437499992,1049.678437499992,3,UP|DOWN|UP,83.731219688|84.236026875|84.549862031,0.029262087|0.510178117|0.809160305
5-0.mid,785,87.68287171875,88.70316984375,1.0202981250000107,1020.2981250000107,3,UP|DOWN|UP,87.748309687|88.175659688|88.631054531,0.064136126|0.482984293|0.929319372
5-0.mid,2732,296.169575625,297.17919,1.0096143750000124,1009.6143750000124,3,UP|DOWN|UP,296.186936719|296.662363594|297.000237187,0.017195767|0.488095238|0.822751323
5-0.mid,2770,300.21471046875,301.26438890625,1.0496784375000061,1049.678437500006,3,UP|DOWN|UP,300.249432656|300.723524063|301.249698750,0.033078880|0.484732824|0.986005089
5-1.mid,2706,292.07926656875003,292.78546106666664,0.7061944979166128,706.1944979166128,3,UP|DOWN|UP,292.087813552|292.224565285|292.554692517,0.012102874|0.205748865|0.673222390
5-2.mid,687,71.63320828125,72.33833578125,0.705127499999989,705.127499999989,3,DOWN|UP|DOWN,71.699981719|72.116647969|72.324981094,0.094696970|0.685606061|0.981060606
5-2.mid,2003,208.2716934375,209.56309171875,1.2913982812499967,1291.3982812499967,3,DOWN|UP|DOWN,208.306415625|208.861970625|209.525698594,0.026887280|0.457083764|0.971044467
5-2.mid,2741,286.7865721875,287.70938109375,0.9228089062499976,922.8089062499976,3,UP|DOWN|UP,286.823965312|286.961518594|287.686678125,0.040520984|0.189580318|0.975397974
6-0.mid,13,2.9895833333333335,5.638020833333333,2.6484374999999996,2648.4374999999995,3,UP|DOWN|UP,3.054687500|4.134114583|5.619791667,0.024582104|0.432153392|0.993117011
6-0.mid,193,39.8671875,41.2109375,1.34375,1343.75,3,UP|DOWN|UP,39.871093750|40.377604167|41.188802083,0.002906977|0.379844961|0.983527132
6-0.mid,226,46.369791666666664,47.79296875,1.4231770833333357,1423.1770833333358,3,UP|DOWN|UP,46.377604167|46.873697917|47.772135417,0.005489478|0.354071363|0.985361391
6-0.mid,245,50.014322916666664,53.001302083333336,2.9869791666666714,2986.9791666666715,3,UP|DOWN|UP,50.130208333|51.050781250|52.989583333,0.038796861|0.346992153|0.996076722
6-0.mid,1363,183.70963541666666,185.55338541666666,1.84375,1843.75,3,DOWN|UP|DOWN,184.239583333|185.000000000|185.278645833,0.287429379|0.699858757|0.850988701
6-0.mid,1418,194.42708333333334,197.61197916666666,3.1848958333333144,3184.8958333333144,3,UP|DOWN|UP,194.428385417|194.942708333|195.804687500,0.000408831|0.161896975|0.432542927
6-0.mid,1433,199.80598958333334,202.8984375,3.092447916666657,3092.447916666657,3,UP|DOWN|UP,199.822916667|200.407552083|201.257812500,0.005473684|0.194526316|0.469473684
6-0.mid,2698,300.1497395833333,301.7083333333333,1.55859375,1558.59375,3,DOWN|UP|DOWN,300.561197917|301.303385417|301.481770833,0.263993317|0.740183793|0.854636591
6-0.mid,2769,316.484375,319.421875,2.9375,2937.5,3,UP|DOWN|UP,316.503906250|317.059895833|318.080729167,0.006648936|0.195921986|0.543439716
6-0.mid,4347,445.1966145833333,447.21875,2.0221354166666856,2022.1354166666856,3,DOWN|UP|DOWN,445.854166667|446.712239583|446.930989583,0.325177077|0.749517064|0.857694784
6-0.mid,4404,457.5716145833333,460.9361979166667,3.3645833333333712,3364.5833333333712,3,UP|DOWN|UP,457.576822917|458.091145833|458.933593750,0.001547988|0.154411765|0.404798762
6-0.mid,4417,463.0221354166667,466.2682291666667,3.24609375,3246.09375,3,UP|DOWN|UP,463.032552083|463.596354167|464.774739583,0.003208985|0.176895307|0.539911753
6-1.mid,43,11.118578625,13.364302875,2.2457242500000003,2245.72425,4,UP|DOWN|UP|DOWN,11.219005875|11.477552625|12.219004875|13.098277500,0.044719315|0.159847764|0.490009515|0.881541389
6-1.mid,64,16.06836,20.77989375,4.711533750000001,4711.5337500000005,4,UP|DOWN|UP|DOWN,16.275624750|16.710453375|19.876048500|20.707244250,0.043990930|0.136281179|0.808163265|0.984580499
6-1.mid,113,29.60467125,31.59612225,1.9914510000000014,1991.4510000000014,4,UP|DOWN|UP|DOWN,29.699756625|29.945482875|30.577960875|31.339712250,0.047746781|0.171137339|0.488733906|0.871244635
6-1.mid,133,34.0384275,38.60038875,4.561961250000003,4561.961250000003,4,UP|DOWN|UP|DOWN,34.238213625|34.657016625|37.729663125|38.274534375,0.043793911|0.135597190|0.809133489|0.928571429
6-1.mid,323,79.366373625,80.227483875,0.8611102500000101,861.1102500000101,3,UP|DOWN|UP,79.398424875|79.439023125|79.695433125,0.037220844|0.084367246|0.382133995
6-1.mid,534,131.69003925,133.193242875,1.5032036249999976,1503.2036249999976,3,UP|DOWN|UP,131.702859750|131.871663000|132.206064375,0.008528785|0.120824449|0.343283582
6-1.mid,546,134.7648225,137.857768125,3.0929456249999987,3092.9456249999985,3,UP|DOWN|UP,134.925078750|136.538325000|137.676144375,0.051813472|0.573402418|0.941278066
6-1.mid,1394,202.024370625,203.485907625,1.4615370000000212,1461.5370000000212,4,UP|DOWN|UP|DOWN,202.156849125|202.373729250|203.155779750|203.413258125,0.090643275|0.239035088|0.774122807|0.950292398
6-1.mid,1451,210.49765275,213.763675125,3.2660223750000057,3266.022375000006,4,UP|DOWN|UP|DOWN,210.634404750|210.880131000|211.781839500|212.413249125,0.041871115|0.117108276|0.393195944|0.586522735
6-1.mid,1468,216.66645,220.011532125,3.3450821250000047,3345.0821250000045,3,UP|DOWN|UP,216.872646375|217.349141625|219.168584250,0.061641648|0.204088151|0.748003833
6-1.mid,1855,244.819199625,247.0467615,2.227561874999992,2227.561874999992,3,DOWN|UP|DOWN,244.839498750|245.134370250|246.975180375,0.009112710|0.141486811|0.967865707
6-1.mid,3055,344.7902535,346.287046875,1.4967933749999816,1496.7933749999816,4,UP|DOWN|UP|DOWN,344.936620875|345.135338625|345.816961875|346.213329000,0.097787295|0.230549607|0.685938615|0.950749465
6-1.mid,3112,354.68126925,358.62570975,3.9444404999999847,3944.4404999999847,4,UP|DOWN|UP|DOWN,354.876781875|355.037038125|356.015669625|356.974002000,0.049566631|0.090195016|0.338299025|0.581256771
6-1.mid,3129,361.524211125,365.529549,4.005337874999952,4005.3378749999524,4,UP|DOWN|UP|DOWN,361.700493000|362.048783250|363.480405750|364.807327500,0.044011736|0.130968258|0.488396906|0.819685249
6-1.mid,3821,424.733549625,425.919445875,1.1858962499999848,1185.8962499999848,3,DOWN|UP|DOWN,424.762395750|425.048720250|425.868163875,0.024324324|0.265765766|0.956756757
6-2.mid,43,11.118578625,13.364302875,2.2457242500000003,2245.72425,4,UP|DOWN|UP|DOWN,11.219005875|11.477552625|12.219004875|13.098277500,0.044719315|0.159847764|0.490009515|0.881541389
6-2.mid,64,16.06836,20.77989375,4.711533750000001,4711.5337500000005,4,UP|DOWN|UP|DOWN,16.275624750|16.710453375|19.876048500|20.707244250,0.043990930|0.136281179|0.808163265|0.984580499
6-2.mid,113,29.60467125,31.59612225,1.9914510000000014,1991.4510000000014,4,UP|DOWN|UP|DOWN,29.699756625|29.945482875|30.577960875|31.339712250,0.047746781|0.171137339|0.488733906|0.871244635
6-2.mid,133,34.0384275,38.60038875,4.561961250000003,4561.961250000003,4,UP|DOWN|UP|DOWN,34.238213625|34.657016625|37.729663125|38.274534375,0.043793911|0.135597190|0.809133489|0.928571429
6-2.mid,323,79.366373625,80.227483875,0.8611102500000101,861.1102500000101,3,UP|DOWN|UP,79.398424875|79.439023125|79.695433125,0.037220844|0.084367246|0.382133995
6-2.mid,534,131.69003925,133.193242875,1.5032036249999976,1503.2036249999976,3,UP|DOWN|UP,131.702859750|131.871663000|132.206064375,0.008528785|0.120824449|0.343283582
6-2.mid,546,134.7648225,137.857768125,3.0929456249999987,3092.9456249999985,3,UP|DOWN|UP,134.925078750|136.538325000|137.676144375,0.051813472|0.573402418|0.941278066
6-2.mid,1394,202.024370625,203.485907625,1.4615370000000212,1461.5370000000212,4,UP|DOWN|UP|DOWN,202.156849125|202.373729250|203.155779750|203.413258125,0.090643275|0.239035088|0.774122807|0.950292398
6-2.mid,1451,210.49765275,213.763675125,3.2660223750000057,3266.022375000006,4,UP|DOWN|UP|DOWN,210.634404750|210.880131000|211.781839500|212.413249125,0.041871115|0.117108276|0.393195944|0.586522735
6-2.mid,1468,216.66645,220.011532125,3.3450821250000047,3345.0821250000045,3,UP|DOWN|UP,216.872646375|217.349141625|219.168584250,0.061641648|0.204088151|0.748003833
6-2.mid,1855,244.819199625,247.0467615,2.227561874999992,2227.561874999992,3,DOWN|UP|DOWN,244.839498750|245.134370250|246.975180375,0.009112710|0.141486811|0.967865707
6-2.mid,3055,344.7902535,346.287046875,1.4967933749999816,1496.7933749999816,4,UP|DOWN|UP|DOWN,344.936620875|345.135338625|345.816961875|346.213329000,0.097787295|0.230549607|0.685938615|0.950749465
6-2.mid,3112,354.68126925,358.62570975,3.9444404999999847,3944.4404999999847,4,UP|DOWN|UP|DOWN,354.876781875|355.037038125|356.015669625|356.974002000,0.049566631|0.090195016|0.338299025|0.581256771
6-2.mid,3129,361.524211125,365.529549,4.005337874999952,4005.3378749999524,4,UP|DOWN|UP|DOWN,361.700493000|362.048783250|363.480405750|364.807327500,0.044011736|0.130968258|0.488396906|0.819685249
6-2.mid,3821,424.733549625,425.919445875,1.1858962499999848,1185.8962499999848,3,DOWN|UP|DOWN,424.762395750|425.048720250|425.868163875,0.024324324|0.265765766|0.956756757
6-3.mid,43,11.118578625,13.364302875,2.2457242500000003,2245.72425,4,UP|DOWN|UP|DOWN,11.219005875|11.477552625|12.219004875|13.098277500,0.044719315|0.159847764|0.490009515|0.881541389
6-3.mid,64,16.06836,20.77989375,4.711533750000001,4711.5337500000005,4,UP|DOWN|UP|DOWN,16.275624750|16.710453375|19.876048500|20.707244250,0.043990930|0.136281179|0.808163265|0.984580499
6-3.mid,113,29.60467125,31.59612225,1.9914510000000014,1991.4510000000014,4,UP|DOWN|UP|DOWN,29.699756625|29.945482875|30.577960875|31.339712250,0.047746781|0.171137339|0.488733906|0.871244635
6-3.mid,133,34.0384275,38.60038875,4.561961250000003,4561.961250000003,4,UP|DOWN|UP|DOWN,34.238213625|34.657016625|37.729663125|38.274534375,0.043793911|0.135597190|0.809133489|0.928571429
6-3.mid,323,79.366373625,80.227483875,0.8611102500000101,861.1102500000101,3,UP|DOWN|UP,79.398424875|79.439023125|79.695433125,0.037220844|0.084367246|0.382133995
6-3.mid,534,131.69003925,133.193242875,1.5032036249999976,1503.2036249999976,3,UP|DOWN|UP,131.702859750|131.871663000|132.206064375,0.008528785|0.120824449|0.343283582
6-3.mid,546,134.7648225,137.857768125,3.0929456249999987,3092.9456249999985,3,UP|DOWN|UP,134.925078750|136.538325000|137.676144375,0.051813472|0.573402418|0.941278066
6-3.mid,1394,202.024370625,203.485907625,1.4615370000000212,1461.5370000000212,4,UP|DOWN|UP|DOWN,202.156849125|202.373729250|203.155779750|203.413258125,0.090643275|0.239035088|0.774122807|0.950292398
6-3.mid,1451,210.49765275,213.763675125,3.2660223750000057,3266.022375000006,4,UP|DOWN|UP|DOWN,210.634404750|210.880131000|211.781839500|212.413249125,0.041871115|0.117108276|0.393195944|0.586522735
6-3.mid,1468,216.66645,220.011532125,3.3450821250000047,3345.0821250000045,3,UP|DOWN|UP,216.872646375|217.349141625|219.168584250,0.061641648|0.204088151|0.748003833
6-3.mid,1855,244.819199625,247.0467615,2.227561874999992,2227.561874999992,3,DOWN|UP|DOWN,244.839498750|245.134370250|246.975180375,0.009112710|0.141486811|0.967865707
6-3.mid,3055,344.7902535,346.287046875,1.4967933749999816,1496.7933749999816,4,UP|DOWN|UP|DOWN,344.936620875|345.135338625|345.816961875|346.213329000,0.097787295|0.230549607|0.685938615|0.950749465
6-3.mid,3112,354.68126925,358.62570975,3.9444404999999847,3944.4404999999847,4,UP|DOWN|UP|DOWN,354.876781875|355.037038125|356.015669625|356.974002000,0.049566631|0.090195016|0.338299025|0.581256771
6-3.mid,3129,361.524211125,365.529549,4.005337874999952,4005.3378749999524,4,UP|DOWN|UP|DOWN,361.700493000|362.048783250|363.480405750|364.807327500,0.044011736|0.130968258|0.488396906|0.819685249
6-3.mid,3821,424.733549625,425.919445875,1.1858962499999848,1185.8962499999848,3,DOWN|UP|DOWN,424.762395750|425.048720250|425.868163875,0.024324324|0.265765766|0.956756757
6-4.mid,43,11.118578625,13.364302875,2.2457242500000003,2245.72425,4,UP|DOWN|UP|DOWN,11.219005875|11.477552625|12.219004875|13.098277500,0.044719315|0.159847764|0.490009515|0.881541389
6-4.mid,64,16.06836,20.77989375,4.711533750000001,4711.5337500000005,4,UP|DOWN|UP|DOWN,16.275624750|16.710453375|19.876048500|20.707244250,0.043990930|0.136281179|0.808163265|0.984580499
6-4.mid,113,29.60467125,31.59612225,1.9914510000000014,1991.4510000000014,4,UP|DOWN|UP|DOWN,29.699756625|29.945482875|30.577960875|31.339712250,0.047746781|0.171137339|0.488733906|0.871244635
6-4.mid,133,34.0384275,38.60038875,4.561961250000003,4561.961250000003,4,UP|DOWN|UP|DOWN,34.238213625|34.657016625|37.729663125|38.274534375,0.043793911|0.135597190|0.809133489|0.928571429
6-4.mid,323,79.366373625,80.227483875,0.8611102500000101,861.1102500000101,3,UP|DOWN|UP,79.398424875|79.439023125|79.695433125,0.037220844|0.084367246|0.382133995
6-4.mid,534,131.69003925,133.193242875,1.5032036249999976,1503.2036249999976,3,UP|DOWN|UP,131.702859750|131.871663000|132.206064375,0.008528785|0.120824449|0.343283582
6-4.mid,546,134.7648225,137.857768125,3.0929456249999987,3092.9456249999985,3,UP|DOWN|UP,134.925078750|136.538325000|137.676144375,0.051813472|0.573402418|0.941278066
6-4.mid,1394,202.024370625,203.485907625,1.4615370000000212,1461.5370000000212,4,UP|DOWN|UP|DOWN,202.156849125|202.373729250|203.155779750|203.413258125,0.090643275|0.239035088|0.774122807|0.950292398
6-4.mid,1451,210.49765275,213.763675125,3.2660223750000057,3266.022375000006,4,UP|DOWN|UP|DOWN,210.634404750|210.880131000|211.781839500|212.413249125,0.041871115|0.117108276|0.393195944|0.586522735
6-4.mid,1468,216.66645,220.011532125,3.3450821250000047,3345.0821250000045,3,UP|DOWN|UP,216.872646375|217.349141625|219.168584250,0.061641648|0.204088151|0.748003833
6-4.mid,1855,244.819199625,247.0467615,2.227561874999992,2227.561874999992,3,DOWN|UP|DOWN,244.839498750|245.134370250|246.975180375,0.009112710|0.141486811|0.967865707
6-4.mid,3055,344.7902535,346.287046875,1.4967933749999816,1496.7933749999816,4,UP|DOWN|UP|DOWN,344.936620875|345.135338625|345.816961875|346.213329000,0.097787295|0.230549607|0.685938615|0.950749465
6-4.mid,3112,354.68126925,358.62570975,3.9444404999999847,3944.4404999999847,4,UP|DOWN|UP|DOWN,354.876781875|355.037038125|356.015669625|356.974002000,0.049566631|0.090195016|0.338299025|0.581256771
6-4.mid,3129,361.524211125,365.529549,4.005337874999952,4005.3378749999524,4,UP|DOWN|UP|DOWN,361.700493000|362.048783250|363.480405750|364.807327500,0.044011736|0.130968258|0.488396906|0.819685249
6-4.mid,3821,424.733549625,425.919445875,1.1858962499999848,1185.8962499999848,3,DOWN|UP|DOWN,424.762395750|425.048720250|425.868163875,0.024324324|0.265765766|0.956756757
6-5.mid,43,9.374990625,10.9428309375,1.5678403124999996,1567.8403124999995,4,UP|DOWN|UP|DOWN,9.425738437|9.723547969|10.149562500|10.783910156,0.032367973|0.222316865|0.494037479|0.898637138
6-5.mid,62,12.8498803125,16.10174671875,3.2518664062500005,3251.8664062500006,4,UP|DOWN|UP|DOWN,13.149025312|13.623116719|15.662377500|16.038979687,0.091991786|0.237782341|0.864887064|0.980698152
6-5.mid,109,22.6709175,24.1479459375,1.4770284374999996,1477.0284374999997,4,UP|DOWN|UP|DOWN,22.783096875|22.980746250|23.466856875|23.981012344,0.075949367|0.209764919|0.538878843|0.886980108
6-5.mid,127,25.913435625,28.91690484375,3.0034692187499985,3003.4692187499986,4,UP|DOWN|UP|DOWN,26.147142656|26.842921875|28.623101719|28.860815156,0.077812361|0.309470876|0.902178746|0.981325033
6-5.mid,311,63.69251109375,64.5111534375,0.8186423437499997,818.6423437499997,3,UP|DOWN|UP,63.721891406|63.800684062|63.900844219,0.035889070|0.132137031|0.254486134
6-5.mid,520,111.90827484375,113.42002546875,1.5117506250000048,1511.7506250000047,3,UP|DOWN|UP,111.977719219|112.284877031|112.718904375,0.045936396|0.249116608|0.536219081
6-5.mid,1367,177.665420625,179.00489578125,1.3394751562500176,1339.4751562500176,4,UP|DOWN|UP|DOWN,177.736200469|177.993945938|178.637641875|178.875355313,0.052841476|0.245264207|0.725822532|0.903290130
6-5.mid,1422,186.37935421875,189.20253515625,2.8231809375000125,2823.1809375000125,4,UP|DOWN|UP|DOWN,186.478178906|186.755956406|187.260763594|187.657397812,0.035004730|0.133396405|0.312204352|0.452696310
6-5.mid,1440,191.8454278125,194.300019375,2.4545915625000134,2454.5915625000134,4,UP|DOWN|UP|DOWN,192.013696875|192.498472031|193.577530781|194.221226719,0.068552775|0.266050054|0.705658324|0.967899891
6-5.mid,1826,217.75485703125,220.01981203125,2.2649550000000147,2264.9550000000145,3,DOWN|UP|DOWN,217.793585625|218.011267031|219.834181875,0.017099057|0.113207547|0.918042453
6-5.mid,3028,312.12442078125,313.39845796875,1.274037187499971,1274.037187499971,4,UP|DOWN|UP|DOWN,312.256632187|312.474313594|313.049900625|313.335690937,0.103773585|0.274633124|0.726415094|0.950733753
6-5.mid,3088,321.42195421875,324.40539140625,2.9834371874999874,2983.4371874999874,4,UP|DOWN|UP|DOWN,321.492734063|321.710415469|322.255286719|322.888298906,0.023724261|0.096687556|0.279319606|0.491495076
6-5.mid,3105,326.87066671875,330.48444515625,3.6137784375000024,3613.7784375000024,4,UP|DOWN|UP|DOWN,327.077664375|327.455602031|328.572053906|328.928624062,0.057280118|0.161862528|0.470805617|0.569475240
6-5.mid,3773,388.2928809375,389.299824375,1.0069434375000128,1006.9434375000128,3,DOWN|UP|DOWN,388.332945000|388.510562344|389.291811563,0.039787798|0.216180371|0.992042440
6-5.mid,3784,390.46835953125,391.5941596875,1.1258001562500226,1125.8001562500226,3,DOWN|UP|DOWN,390.491062500|390.668679844|391.550089219,0.020166074|0.177935943|0.960854093
6-6.mid,43,9.374990625,10.9428309375,1.5678403124999996,1567.8403124999995,4,UP|DOWN|UP|DOWN,9.425738437|9.723547969|10.149562500|10.783910156,0.032367973|0.222316865|0.494037479|0.898637138
6-6.mid,62,12.8498803125,16.10174671875,3.2518664062500005,3251.8664062500006,4,UP|DOWN|UP|DOWN,13.149025312|13.623116719|15.662377500|16.038979687,0.091991786|0.237782341|0.864887064|0.980698152
6-6.mid,109,22.6709175,24.1479459375,1.4770284374999996,1477.0284374999997,4,UP|DOWN|UP|DOWN,22.783096875|22.980746250|23.466856875|23.981012344,0.075949367|0.209764919|0.538878843|0.886980108
6-6.mid,127,25.913435625,28.91690484375,3.0034692187499985,3003.4692187499986,4,UP|DOWN|UP|DOWN,26.147142656|26.842921875|28.623101719|28.860815156,0.077812361|0.309470876|0.902178746|0.981325033
6-6.mid,311,63.69251109375,64.5111534375,0.8186423437499997,818.6423437499997,3,UP|DOWN|UP,63.721891406|63.800684062|63.900844219,0.035889070|0.132137031|0.254486134
6-6.mid,520,111.90827484375,113.42002546875,1.5117506250000048,1511.7506250000047,3,UP|DOWN|UP,111.977719219|112.284877031|112.718904375,0.045936396|0.249116608|0.536219081
6-6.mid,1367,177.665420625,179.00489578125,1.3394751562500176,1339.4751562500176,4,UP|DOWN|UP|DOWN,177.736200469|177.993945938|178.637641875|178.875355313,0.052841476|0.245264207|0.725822532|0.903290130
6-6.mid,1422,186.37935421875,189.20253515625,2.8231809375000125,2823.1809375000125,4,UP|DOWN|UP|DOWN,186.478178906|186.755956406|187.260763594|187.657397812,0.035004730|0.133396405|0.312204352|0.452696310
6-6.mid,1440,191.8454278125,194.300019375,2.4545915625000134,2454.5915625000134,4,UP|DOWN|UP|DOWN,192.013696875|192.498472031|193.577530781|194.221226719,0.068552775|0.266050054|0.705658324|0.967899891
6-6.mid,1826,217.75485703125,220.01981203125,2.2649550000000147,2264.9550000000145,3,DOWN|UP|DOWN,217.793585625|218.011267031|219.834181875,0.017099057|0.113207547|0.918042453
6-6.mid,3028,312.12442078125,313.39845796875,1.274037187499971,1274.037187499971,4,UP|DOWN|UP|DOWN,312.256632187|312.474313594|313.049900625|313.335690937,0.103773585|0.274633124|0.726415094|0.950733753
6-6.mid,3088,321.42195421875,324.40539140625,2.9834371874999874,2983.4371874999874,4,UP|DOWN|UP|DOWN,321.492734063|321.710415469|322.255286719|322.888298906,0.023724261|0.096687556|0.279319606|0.491495076
6-6.mid,3105,326.87066671875,330.48444515625,3.6137784375000024,3613.7784375000024,4,UP|DOWN|UP|DOWN,327.077664375|327.455602031|328.572053906|328.928624062,0.057280118|0.161862528|0.470805617|0.569475240
6-6.mid,3773,388.2928809375,389.299824375,1.0069434375000128,1006.9434375000128,3,DOWN|UP|DOWN,388.332945000|388.510562344|389.291811563,0.039787798|0.216180371|0.992042440
6-6.mid,3784,390.46835953125,391.5941596875,1.1258001562500226,1125.8001562500226,3,DOWN|UP|DOWN,390.491062500|390.668679844|391.550089219,0.020166074|0.177935943|0.960854093
6-7.mid,43,9.374990625,10.9428309375,1.5678403124999996,1567.8403124999995,4,UP|DOWN|UP|DOWN,9.425738437|9.723547969|10.149562500|10.783910156,0.032367973|0.222316865|0.494037479|0.898637138
6-7.mid,62,12.8498803125,16.10174671875,3.2518664062500005,3251.8664062500006,4,UP|DOWN|UP|DOWN,13.149025312|13.623116719|15.662377500|16.038979687,0.091991786|0.237782341|0.864887064|0.980698152
6-7.mid,109,22.6709175,24.1479459375,1.4770284374999996,1477.0284374999997,4,UP|DOWN|UP|DOWN,22.783096875|22.980746250|23.466856875|23.981012344,0.075949367|0.209764919|0.538878843|0.886980108
6-7.mid,127,25.913435625,28.91690484375,3.0034692187499985,3003.4692187499986,4,UP|DOWN|UP|DOWN,26.147142656|26.842921875|28.623101719|28.860815156,0.077812361|0.309470876|0.902178746|0.981325033
6-7.mid,311,63.69251109375,64.5111534375,0.8186423437499997,818.6423437499997,3,UP|DOWN|UP,63.721891406|63.800684062|63.900844219,0.035889070|0.132137031|0.254486134
6-7.mid,520,111.90827484375,113.42002546875,1.5117506250000048,1511.7506250000047,3,UP|DOWN|UP,111.977719219|112.284877031|112.718904375,0.045936396|0.249116608|0.536219081
6-7.mid,1367,177.665420625,179.00489578125,1.3394751562500176,1339.4751562500176,4,UP|DOWN|UP|DOWN,177.736200469|177.993945938|178.637641875|178.875355313,0.052841476|0.245264207|0.725822532|0.903290130
6-7.mid,1422,186.37935421875,189.20253515625,2.8231809375000125,2823.1809375000125,4,UP|DOWN|UP|DOWN,186.478178906|186.755956406|187.260763594|187.657397812,0.035004730|0.133396405|0.312204352|0.452696310
6-7.mid,1440,191.8454278125,194.300019375,2.4545915625000134,2454.5915625000134,4,UP|DOWN|UP|DOWN,192.013696875|192.498472031|193.577530781|194.221226719,0.068552775|0.266050054|0.705658324|0.967899891
6-7.mid,1826,217.75485703125,220.01981203125,2.2649550000000147,2264.9550000000145,3,DOWN|UP|DOWN,217.793585625|218.011267031|219.834181875,0.017099057|0.113207547|0.918042453
6-7.mid,3028,312.12442078125,313.39845796875,1.274037187499971,1274.037187499971,4,UP|DOWN|UP|DOWN,312.256632187|312.474313594|313.049900625|313.335690937,0.103773585|0.274633124|0.726415094|0.950733753
6-7.mid,3088,321.42195421875,324.40539140625,2.9834371874999874,2983.4371874999874,4,UP|DOWN|UP|DOWN,321.492734063|321.710415469|322.255286719|322.888298906,0.023724261|0.096687556|0.279319606|0.491495076
6-7.mid,3105,326.87066671875,330.48444515625,3.6137784375000024,3613.7784375000024,4,UP|DOWN|UP|DOWN,327.077664375|327.455602031|328.572053906|328.928624062,0.057280118|0.161862528|0.470805617|0.569475240
6-7.mid,3773,388.2928809375,389.299824375,1.0069434375000128,1006.9434375000128,3,DOWN|UP|DOWN,388.332945000|388.510562344|389.291811563,0.039787798|0.216180371|0.992042440
6-7.mid,3784,390.46835953125,391.5941596875,1.1258001562500226,1125.8001562500226,3,DOWN|UP|DOWN,390.491062500|390.668679844|391.550089219,0.020166074|0.177935943|0.960854093
6-8.mid,43,9.374990625,10.9428309375,1.5678403124999996,1567.8403124999995,4,UP|DOWN|UP|DOWN,9.425738437|9.723547969|10.149562500|10.783910156,0.032367973|0.222316865|0.494037479|0.898637138
6-8.mid,62,12.8498803125,16.10174671875,3.2518664062500005,3251.8664062500006,4,UP|DOWN|UP|DOWN,13.149025312|13.623116719|15.662377500|16.038979687,0.091991786|0.237782341|0.864887064|0.980698152
6-8.mid,109,22.6709175,24.1479459375,1.4770284374999996,1477.0284374999997,4,UP|DOWN|UP|DOWN,22.783096875|22.980746250|23.466856875|23.981012344,0.075949367|0.209764919|0.538878843|0.886980108
6-8.mid,127,25.913435625,28.91690484375,3.0034692187499985,3003.4692187499986,4,UP|DOWN|UP|DOWN,26.147142656|26.842921875|28.623101719|28.860815156,0.077812361|0.309470876|0.902178746|0.981325033
6-8.mid,311,63.69251109375,64.5111534375,0.8186423437499997,818.6423437499997,3,UP|DOWN|UP,63.721891406|63.800684062|63.900844219,0.035889070|0.132137031|0.254486134
6-8.mid,520,111.90827484375,113.42002546875,1.5117506250000048,1511.7506250000047,3,UP|DOWN|UP,111.977719219|112.284877031|112.718904375,0.045936396|0.249116608|0.536219081
6-8.mid,1367,177.665420625,179.00489578125,1.3394751562500176,1339.4751562500176,4,UP|DOWN|UP|DOWN,177.736200469|177.993945938|178.637641875|178.875355313,0.052841476|0.245264207|0.725822532|0.903290130
6-8.mid,1422,186.37935421875,189.20253515625,2.8231809375000125,2823.1809375000125,4,UP|DOWN|UP|DOWN,186.478178906|186.755956406|187.260763594|187.657397812,0.035004730|0.133396405|0.312204352|0.452696310
6-8.mid,1440,191.8454278125,194.300019375,2.4545915625000134,2454.5915625000134,4,UP|DOWN|UP|DOWN,192.013696875|192.498472031|193.577530781|194.221226719,0.068552775|0.266050054|0.705658324|0.967899891
6-8.mid,1826,217.75485703125,220.01981203125,2.2649550000000147,2264.9550000000145,3,DOWN|UP|DOWN,217.793585625|218.011267031|219.834181875,0.017099057|0.113207547|0.918042453
6-8.mid,3028,312.12442078125,313.39845796875,1.274037187499971,1274.037187499971,4,UP|DOWN|UP|DOWN,312.256632187|312.474313594|313.049900625|313.335690937,0.103773585|0.274633124|0.726415094|0.950733753
6-8.mid,3088,321.42195421875,324.40539140625,2.9834371874999874,2983.4371874999874,4,UP|DOWN|UP|DOWN,321.492734063|321.710415469|322.255286719|322.888298906,0.023724261|0.096687556|0.279319606|0.491495076
6-8.mid,3105,326.87066671875,330.48444515625,3.6137784375000024,3613.7784375000024,4,UP|DOWN|UP|DOWN,327.077664375|327.455602031|328.572053906|328.928624062,0.057280118|0.161862528|0.470805617|0.569475240
6-8.mid,3773,388.2928809375,389.299824375,1.0069434375000128,1006.9434375000128,3,DOWN|UP|DOWN,388.332945000|388.510562344|389.291811563,0.039787798|0.216180371|0.992042440
6-8.mid,3784,390.46835953125,391.5941596875,1.1258001562500226,1125.8001562500226,3,DOWN|UP|DOWN,390.491062500|390.668679844|391.550089219,0.020166074|0.177935943|0.960854093
6-9.mid,43,9.374990625,10.9428309375,1.5678403124999996,1567.8403124999995,4,UP|DOWN|UP|DOWN,9.425738437|9.723547969|10.149562500|10.783910156,0.032367973|0.222316865|0.494037479|0.898637138
6-9.mid,62,12.8498803125,16.10174671875,3.2518664062500005,3251.8664062500006,4,UP|DOWN|UP|DOWN,13.149025312|13.623116719|15.662377500|16.038979687,0.091991786|0.237782341|0.864887064|0.980698152
6-9.mid,109,22.6709175,24.1479459375,1.4770284374999996,1477.0284374999997,4,UP|DOWN|UP|DOWN,22.783096875|22.980746250|23.466856875|23.981012344,0.075949367|0.209764919|0.538878843|0.886980108
6-9.mid,127,25.913435625,28.91690484375,3.0034692187499985,3003.4692187499986,4,UP|DOWN|UP|DOWN,26.147142656|26.842921875|28.623101719|28.860815156,0.077812361|0.309470876|0.902178746|0.981325033
6-9.mid,311,63.69251109375,64.5111534375,0.8186423437499997,818.6423437499997,3,UP|DOWN|UP,63.721891406|63.800684062|63.900844219,0.035889070|0.132137031|0.254486134
6-9.mid,520,111.90827484375,113.42002546875,1.5117506250000048,1511.7506250000047,3,UP|DOWN|UP,111.977719219|112.284877031|112.718904375,0.045936396|0.249116608|0.536219081
6-9.mid,1367,177.665420625,179.00489578125,1.3394751562500176,1339.4751562500176,4,UP|DOWN|UP|DOWN,177.736200469|177.993945938|178.637641875|178.875355313,0.052841476|0.245264207|0.725822532|0.903290130
6-9.mid,1422,186.37935421875,189.20253515625,2.8231809375000125,2823.1809375000125,4,UP|DOWN|UP|DOWN,186.478178906|186.755956406|187.260763594|187.657397812,0.035004730|0.133396405|0.312204352|0.452696310
6-9.mid,1440,191.8454278125,194.300019375,2.4545915625000134,2454.5915625000134,4,UP|DOWN|UP|DOWN,192.013696875|192.498472031|193.577530781|194.221226719,0.068552775|0.266050054|0.705658324|0.967899891
6-9.mid,1826,217.75485703125,220.01981203125,2.2649550000000147,2264.9550000000145,3,DOWN|UP|DOWN,217.793585625|218.011267031|219.834181875,0.017099057|0.113207547|0.918042453
6-9.mid,3028,312.12442078125,313.39845796875,1.274037187499971,1274.037187499971,4,UP|DOWN|UP|DOWN,312.256632187|312.474313594|313.049900625|313.335690937,0.103773585|0.274633124|0.726415094|0.950733753
6-9.mid,3088,321.42195421875,324.40539140625,2.9834371874999874,2983.4371874999874,4,UP|DOWN|UP|DOWN,321.492734063|321.710415469|322.255286719|322.888298906,0.023724261|0.096687556|0.279319606|0.491495076
6-9.mid,3105,326.87066671875,330.48444515625,3.6137784375000024,3613.7784375000024,4,UP|DOWN|UP|DOWN,327.077664375|327.455602031|328.572053906|328.928624062,0.057280118|0.161862528|0.470805617|0.569475240
6-9.mid,3773,388.2928809375,389.299824375,1.0069434375000128,1006.9434375000128,3,DOWN|UP|DOWN,388.332945000|388.510562344|389.291811563,0.039787798|0.216180371|0.992042440
6-9.mid,3784,390.46835953125,391.5941596875,1.1258001562500226,1125.8001562500226,3,DOWN|UP|DOWN,390.491062500|390.668679844|391.550089219,0.020166074|0.177935943|0.960854093
6-10.mid,97,19.018229166666668,20.34375,1.3255208333333321,1325.5208333333321,3,UP|DOWN|UP,19.039062500|19.335937500|19.710937500,0.015717092|0.239685658|0.522593320
6-10.mid,115,22.200520833333332,25.515625,3.315104166666668,3315.104166666668,3,UP|DOWN|UP,22.217447917|22.394531250|25.037760417,0.005106049|0.058523174|0.855852317
6-10.mid,343,75.34375,76.32291666666667,0.9791666666666714,979.1666666666714,3,UP|DOWN|UP,75.351562500|75.531250000|76.292968750,0.007978723|0.191489362|0.969414894
6-10.mid,1374,190.58463541666666,193.98567708333334,3.4010416666666856,3401.0416666666856,4,UP|DOWN|UP|DOWN,190.644531250|191.050781250|192.444010417|193.326822917,0.017611026|0.137059724|0.546707504|0.806278714
6-10.mid,1389,196.64713541666666,199.11458333333334,2.4674479166666856,2467.4479166666856,3,UP|DOWN|UP,196.761718750|197.286458333|198.761718750,0.046437995|0.259102902|0.856992084
6-10.mid,2139,257.24479166666663,257.82421875,0.5794270833333712,579.4270833333712,3,UP|DOWN|UP,257.266927083|257.683593750|257.800781250,0.038202247|0.757303371|0.959550562
6-10.mid,2667,306.40625,309.5299479166667,3.1236979166666856,3123.6979166666856,4,UP|DOWN|UP|DOWN,306.459635417|306.815104167|308.162760417|308.983072917,0.017090454|0.130887870|0.562317632|0.824927053
6-10.mid,2682,311.4973958333333,313.7942708333333,2.296875,2296.875,3,UP|DOWN|UP,311.636718750|311.854166667|313.479166667,0.060657596|0.155328798|0.862811791
6-10.mid,4281,452.3059895833333,455.51171875,3.2057291666666856,3205.7291666666856,4,UP|DOWN|UP|DOWN,452.335937500|452.809895833|454.157552083|455.196614583,0.009341998|0.157189277|0.577579204|0.901705930
6-10.mid,4296,457.4596354166667,459.984375,2.5247395833333144,2524.7395833333144,4,UP|DOWN|UP|DOWN,457.494791667|458.195312500|459.255208333|459.959635417,0.013924703|0.291387313|0.711191336|0.990201135
6-11.mid,97,19.018229166666668,20.34375,1.3255208333333321,1325.5208333333321,3,UP|DOWN|UP,19.039062500|19.335937500|19.710937500,0.015717092|0.239685658|0.522593320
6-11.mid,115,22.200520833333332,25.515625,3.315104166666668,3315.104166666668,3,UP|DOWN|UP,22.217447917|22.394531250|25.037760417,0.005106049|0.058523174|0.855852317
6-11.mid,343,75.34375,76.32291666666667,0.9791666666666714,979.1666666666714,3,UP|DOWN|UP,75.351562500|75.531250000|76.292968750,0.007978723|0.191489362|0.969414894
6-11.mid,1374,190.58463541666666,193.98567708333334,3.4010416666666856,3401.0416666666856,4,UP|DOWN|UP|DOWN,190.644531250|191.050781250|192.444010417|193.326822917,0.017611026|0.137059724|0.546707504|0.806278714
6-11.mid,1389,196.64713541666666,199.11458333333334,2.4674479166666856,2467.4479166666856,3,UP|DOWN|UP,196.761718750|197.286458333|198.761718750,0.046437995|0.259102902|0.856992084
6-11.mid,2139,257.24479166666663,257.82421875,0.5794270833333712,579.4270833333712,3,UP|DOWN|UP,257.266927083|257.683593750|257.800781250,0.038202247|0.757303371|0.959550562
6-11.mid,2667,306.40625,309.5299479166667,3.1236979166666856,3123.6979166666856,4,UP|DOWN|UP|DOWN,306.459635417|306.815104167|308.162760417|308.983072917,0.017090454|0.130887870|0.562317632|0.824927053
6-11.mid,2682,311.4973958333333,313.7942708333333,2.296875,2296.875,3,UP|DOWN|UP,311.636718750|311.854166667|313.479166667,0.060657596|0.155328798|0.862811791
6-11.mid,4281,452.3059895833333,455.51171875,3.2057291666666856,3205.7291666666856,4,UP|DOWN|UP|DOWN,452.335937500|452.809895833|454.157552083|455.196614583,0.009341998|0.157189277|0.577579204|0.901705930
6-11.mid,4296,457.4596354166667,459.984375,2.5247395833333144,2524.7395833333144,4,UP|DOWN|UP|DOWN,457.494791667|458.195312500|459.255208333|459.959635417,0.013924703|0.291387313|0.711191336|0.990201135
6-12.mid,97,19.018229166666668,20.34375,1.3255208333333321,1325.5208333333321,3,UP|DOWN|UP,19.039062500|19.335937500|19.710937500,0.015717092|0.239685658|0.522593320
6-12.mid,115,22.200520833333332,25.515625,3.315104166666668,3315.104166666668,3,UP|DOWN|UP,22.217447917|22.394531250|25.037760417,0.005106049|0.058523174|0.855852317
6-12.mid,343,75.34375,76.32291666666667,0.9791666666666714,979.1666666666714,3,UP|DOWN|UP,75.351562500|75.531250000|76.292968750,0.007978723|0.191489362|0.969414894
6-12.mid,1374,190.58463541666666,193.98567708333334,3.4010416666666856,3401.0416666666856,4,UP|DOWN|UP|DOWN,190.644531250|191.050781250|192.444010417|193.326822917,0.017611026|0.137059724|0.546707504|0.806278714
6-12.mid,1389,196.64713541666666,199.11458333333334,2.4674479166666856,2467.4479166666856,3,UP|DOWN|UP,196.761718750|197.286458333|198.761718750,0.046437995|0.259102902|0.856992084
6-12.mid,2139,257.24479166666663,257.82421875,0.5794270833333712,579.4270833333712,3,UP|DOWN|UP,257.266927083|257.683593750|257.800781250,0.038202247|0.757303371|0.959550562
6-12.mid,2667,306.40625,309.5299479166667,3.1236979166666856,3123.6979166666856,4,UP|DOWN|UP|DOWN,306.459635417|306.815104167|308.162760417|308.983072917,0.017090454|0.130887870|0.562317632|0.824927053
6-12.mid,2682,311.4973958333333,313.7942708333333,2.296875,2296.875,3,UP|DOWN|UP,311.636718750|311.854166667|313.479166667,0.060657596|0.155328798|0.862811791
6-12.mid,4281,452.3059895833333,455.51171875,3.2057291666666856,3205.7291666666856,4,UP|DOWN|UP|DOWN,452.335937500|452.809895833|454.157552083|455.196614583,0.009341998|0.157189277|0.577579204|0.901705930
6-12.mid,4296,457.4596354166667,459.984375,2.5247395833333144,2524.7395833333144,4,UP|DOWN|UP|DOWN,457.494791667|458.195312500|459.255208333|459.959635417,0.013924703|0.291387313|0.711191336|0.990201135
6-13.mid,97,19.018229166666668,20.34375,1.3255208333333321,1325.5208333333321,3,UP|DOWN|UP,19.039062500|19.335937500|19.710937500,0.015717092|0.239685658|0.522593320
6-13.mid,115,22.200520833333332,25.515625,3.315104166666668,3315.104166666668,3,UP|DOWN|UP,22.217447917|22.394531250|25.037760417,0.005106049|0.058523174|0.855852317
6-13.mid,343,75.34375,76.32291666666667,0.9791666666666714,979.1666666666714,3,UP|DOWN|UP,75.351562500|75.531250000|76.292968750,0.007978723|0.191489362|0.969414894
6-13.mid,1374,190.58463541666666,193.98567708333334,3.4010416666666856,3401.0416666666856,4,UP|DOWN|UP|DOWN,190.644531250|191.050781250|192.444010417|193.326822917,0.017611026|0.137059724|0.546707504|0.806278714
6-13.mid,1389,196.64713541666666,199.11458333333334,2.4674479166666856,2467.4479166666856,3,UP|DOWN|UP,196.761718750|197.286458333|198.761718750,0.046437995|0.259102902|0.856992084
6-13.mid,2139,257.24479166666663,257.82421875,0.5794270833333712,579.4270833333712,3,UP|DOWN|UP,257.266927083|257.683593750|257.800781250,0.038202247|0.757303371|0.959550562
6-13.mid,2667,306.40625,309.5299479166667,3.1236979166666856,3123.6979166666856,4,UP|DOWN|UP|DOWN,306.459635417|306.815104167|308.162760417|308.983072917,0.017090454|0.130887870|0.562317632|0.824927053
6-13.mid,2682,311.4973958333333,313.7942708333333,2.296875,2296.875,3,UP|DOWN|UP,311.636718750|311.854166667|313.479166667,0.060657596|0.155328798|0.862811791
6-13.mid,4281,452.3059895833333,455.51171875,3.2057291666666856,3205.7291666666856,4,UP|DOWN|UP|DOWN,452.335937500|452.809895833|454.157552083|455.196614583,0.009341998|0.157189277|0.577579204|0.901705930
6-13.mid,4296,457.4596354166667,459.984375,2.5247395833333144,2524.7395833333144,4,UP|DOWN|UP|DOWN,457.494791667|458.195312500|459.255208333|459.959635417,0.013924703|0.291387313|0.711191336|0.990201135
6-14.mid,97,19.018229166666668,20.34375,1.3255208333333321,1325.5208333333321,3,UP|DOWN|UP,19.039062500|19.335937500|19.710937500,0.015717092|0.239685658|0.522593320
6-14.mid,115,22.200520833333332,25.515625,3.315104166666668,3315.104166666668,3,UP|DOWN|UP,22.217447917|22.394531250|25.037760417,0.005106049|0.058523174|0.855852317
6-14.mid,343,75.34375,76.32291666666667,0.9791666666666714,979.1666666666714,3,UP|DOWN|UP,75.351562500|75.531250000|76.292968750,0.007978723|0.191489362|0.969414894
6-14.mid,1374,190.58463541666666,193.98567708333334,3.4010416666666856,3401.0416666666856,4,UP|DOWN|UP|DOWN,190.644531250|191.050781250|192.444010417|193.326822917,0.017611026|0.137059724|0.546707504|0.806278714
6-14.mid,1389,196.64713541666666,199.11458333333334,2.4674479166666856,2467.4479166666856,3,UP|DOWN|UP,196.761718750|197.286458333|198.761718750,0.046437995|0.259102902|0.856992084
6-14.mid,2139,257.24479166666663,257.82421875,0.5794270833333712,579.4270833333712,3,UP|DOWN|UP,257.266927083|257.683593750|257.800781250,0.038202247|0.757303371|0.959550562
6-14.mid,2667,306.40625,309.5299479166667,3.1236979166666856,3123.6979166666856,4,UP|DOWN|UP|DOWN,306.459635417|306.815104167|308.162760417|308.983072917,0.017090454|0.130887870|0.562317632|0.824927053
6-14.mid,2682,311.4973958333333,313.7942708333333,2.296875,2296.875,3,UP|DOWN|UP,311.636718750|311.854166667|313.479166667,0.060657596|0.155328798|0.862811791
6-14.mid,4281,452.3059895833333,455.51171875,3.2057291666666856,3205.7291666666856,4,UP|DOWN|UP|DOWN,452.335937500|452.809895833|454.157552083|455.196614583,0.009341998|0.157189277|0.577579204|0.901705930
6-14.mid,4296,457.4596354166667,459.984375,2.5247395833333144,2524.7395833333144,4,UP|DOWN|UP|DOWN,457.494791667|458.195312500|459.255208333|459.959635417,0.013924703|0.291387313|0.711191336|0.990201135
6-15.mid,97,19.018229166666668,20.34375,1.3255208333333321,1325.5208333333321,3,UP|DOWN|UP,19.039062500|19.335937500|19.710937500,0.015717092|0.239685658|0.522593320
6-15.mid,115,22.200520833333332,25.515625,3.315104166666668,3315.104166666668,3,UP|DOWN|UP,22.217447917|22.394531250|25.037760417,0.005106049|0.058523174|0.855852317
6-15.mid,343,75.34375,76.32291666666667,0.9791666666666714,979.1666666666714,3,UP|DOWN|UP,75.351562500|75.531250000|76.292968750,0.007978723|0.191489362|0.969414894
6-15.mid,1374,190.58463541666666,193.98567708333334,3.4010416666666856,3401.0416666666856,4,UP|DOWN|UP|DOWN,190.644531250|191.050781250|192.444010417|193.326822917,0.017611026|0.137059724|0.546707504|0.806278714
6-15.mid,1389,196.64713541666666,199.11458333333334,2.4674479166666856,2467.4479166666856,3,UP|DOWN|UP,196.761718750|197.286458333|198.761718750,0.046437995|0.259102902|0.856992084
6-15.mid,2139,257.24479166666663,257.82421875,0.5794270833333712,579.4270833333712,3,UP|DOWN|UP,257.266927083|257.683593750|257.800781250,0.038202247|0.757303371|0.959550562
6-15.mid,2667,306.40625,309.5299479166667,3.1236979166666856,3123.6979166666856,4,UP|DOWN|UP|DOWN,306.459635417|306.815104167|308.162760417|308.983072917,0.017090454|0.130887870|0.562317632|0.824927053
6-15.mid,2682,311.4973958333333,313.7942708333333,2.296875,2296.875,3,UP|DOWN|UP,311.636718750|311.854166667|313.479166667,0.060657596|0.155328798|0.862811791
6-15.mid,4281,452.3059895833333,455.51171875,3.2057291666666856,3205.7291666666856,4,UP|DOWN|UP|DOWN,452.335937500|452.809895833|454.157552083|455.196614583,0.009341998|0.157189277|0.577579204|0.901705930
6-15.mid,4296,457.4596354166667,459.984375,2.5247395833333144,2524.7395833333144,4,UP|DOWN|UP|DOWN,457.494791667|458.195312500|459.255208333|459.959635417,0.013924703|0.291387313|0.711191336|0.990201135
6-16.mid,385,85.988161875,86.6852765625,0.6971146874999903,697.1146874999903,3,UP|DOWN|UP,86.009529375|86.228546250|86.682605625,0.030651341|0.344827586|0.996168582
6-16.mid,1387,177.5986471875,179.075675625,1.477028437499996,1477.028437499996,3,UP|DOWN|UP,177.658743281|178.004629687|178.697737969,0.040687161|0.274864376|0.744122966
6-16.mid,1443,188.32246125,191.79868640625,3.4762251562499955,3476.2251562499955,4,UP|DOWN|UP|DOWN,188.341157813|188.963486250|190.559371406|191.121603750,0.005378410|0.184402612|0.643488283|0.805224741
6-16.mid,1462,195.60477234375,198.82058109375,3.215808750000008,3215.808750000008,3,UP|DOWN|UP,195.655520156|196.280519531|198.496062188,0.015780731|0.210132890|0.899086379
6-16.mid,2695,291.22166390625,292.60520953125,1.3835456250000107,1383.5456250000107,3,UP|DOWN|UP,291.255050625|291.571556719|292.216588125,0.024131274|0.252895753|0.719111969
6-16.mid,2749,301.93345875,305.20669265625,3.2732339062500273,3273.2339062500273,4,UP|DOWN|UP|DOWN,301.957497187|302.513052188|303.937997344|304.472184844,0.007343941|0.177070583|0.612403101|0.775601795
6-16.mid,2767,309.02346234375,312.31806375,3.294601406250024,3294.601406250024,3,UP|DOWN|UP,309.075545625|309.728589844|311.896055625,0.015808675|0.214025132|0.871909201
6-16.mid,4335,432.77333859375,434.12750390625,1.3541653125000153,1354.1653125000153,3,UP|DOWN|UP,432.774674063|433.307526094|433.972589531,0.000986193|0.394477318|0.885601578
6-16.mid,4396,443.32354171875,446.4552159375,3.1316742187499926,3131.6742187499926,4,UP|DOWN|UP|DOWN,443.368947656|443.992611562|445.031606250|445.892983594,0.014498934|0.213646055|0.545415778|0.820469083
6-16.mid,4413,449.9381184375,452.85611765625,2.9179992187499693,2917.9992187499693,4,UP|DOWN|UP|DOWN,449.971505156|450.544421250|451.931973281|452.544953437,0.011441648|0.207780320|0.683295195|0.893363844
6-16.mid,5089,510.6325021875,511.94793890625,1.315436718749993,1315.436718749993,3,DOWN|UP|DOWN,510.644521406|511.246817813|511.771657031,0.009137056|0.467005076|0.865989848
6-17.mid,385,85.988161875,86.6852765625,0.6971146874999903,697.1146874999903,3,UP|DOWN|UP,86.009529375|86.228546250|86.682605625,0.030651341|0.344827586|0.996168582
6-17.mid,1387,177.5986471875,179.075675625,1.477028437499996,1477.028437499996,3,UP|DOWN|UP,177.658743281|178.004629687|178.697737969,0.040687161|0.274864376|0.744122966
6-17.mid,1443,188.32246125,191.79868640625,3.4762251562499955,3476.2251562499955,4,UP|DOWN|UP|DOWN,188.341157813|188.963486250|190.559371406|191.121603750,0.005378410|0.184402612|0.643488283|0.805224741
6-17.mid,1462,195.60477234375,198.82058109375,3.215808750000008,3215.808750000008,3,UP|DOWN|UP,195.655520156|196.280519531|198.496062188,0.015780731|0.210132890|0.899086379
6-17.mid,2695,291.22166390625,292.60520953125,1.3835456250000107,1383.5456250000107,3,UP|DOWN|UP,291.255050625|291.571556719|292.216588125,0.024131274|0.252895753|0.719111969
6-17.mid,2749,301.93345875,305.20669265625,3.2732339062500273,3273.2339062500273,4,UP|DOWN|UP|DOWN,301.957497187|302.513052188|303.937997344|304.472184844,0.007343941|0.177070583|0.612403101|0.775601795
6-17.mid,2767,309.02346234375,312.31806375,3.294601406250024,3294.601406250024,3,UP|DOWN|UP,309.075545625|309.728589844|311.896055625,0.015808675|0.214025132|0.871909201
6-17.mid,4335,432.77333859375,434.12750390625,1.3541653125000153,1354.1653125000153,3,UP|DOWN|UP,432.774674063|433.307526094|433.972589531,0.000986193|0.394477318|0.885601578
6-17.mid,4396,443.32354171875,446.4552159375,3.1316742187499926,3131.6742187499926,4,UP|DOWN|UP|DOWN,443.368947656|443.992611562|445.031606250|445.892983594,0.014498934|0.213646055|0.545415778|0.820469083
6-17.mid,4413,449.9381184375,452.85611765625,2.9179992187499693,2917.9992187499693,4,UP|DOWN|UP|DOWN,449.971505156|450.544421250|451.931973281|452.544953437,0.011441648|0.207780320|0.683295195|0.893363844
6-17.mid,5089,510.6325021875,511.94793890625,1.315436718749993,1315.436718749993,3,DOWN|UP|DOWN,510.644521406|511.246817813|511.771657031,0.009137056|0.467005076|0.865989848
6-18.mid,385,85.988161875,86.6852765625,0.6971146874999903,697.1146874999903,3,UP|DOWN|UP,86.009529375|86.228546250|86.682605625,0.030651341|0.344827586|0.996168582
6-18.mid,1387,177.5986471875,179.075675625,1.477028437499996,1477.028437499996,3,UP|DOWN|UP,177.658743281|178.004629687|178.697737969,0.040687161|0.274864376|0.744122966
6-18.mid,1443,188.32246125,191.79868640625,3.4762251562499955,3476.2251562499955,4,UP|DOWN|UP|DOWN,188.341157813|188.963486250|190.559371406|191.121603750,0.005378410|0.184402612|0.643488283|0.805224741
6-18.mid,1462,195.60477234375,198.82058109375,3.215808750000008,3215.808750000008,3,UP|DOWN|UP,195.655520156|196.280519531|198.496062188,0.015780731|0.210132890|0.899086379
6-18.mid,2695,291.22166390625,292.60520953125,1.3835456250000107,1383.5456250000107,3,UP|DOWN|UP,291.255050625|291.571556719|292.216588125,0.024131274|0.252895753|0.719111969
6-18.mid,2749,301.93345875,305.20669265625,3.2732339062500273,3273.2339062500273,4,UP|DOWN|UP|DOWN,301.957497187|302.513052188|303.937997344|304.472184844,0.007343941|0.177070583|0.612403101|0.775601795
6-18.mid,2767,309.02346234375,312.31806375,3.294601406250024,3294.601406250024,3,UP|DOWN|UP,309.075545625|309.728589844|311.896055625,0.015808675|0.214025132|0.871909201
6-18.mid,4335,432.77333859375,434.12750390625,1.3541653125000153,1354.1653125000153,3,UP|DOWN|UP,432.774674063|433.307526094|433.972589531,0.000986193|0.394477318|0.885601578
6-18.mid,4396,443.32354171875,446.4552159375,3.1316742187499926,3131.6742187499926,4,UP|DOWN|UP|DOWN,443.368947656|443.992611562|445.031606250|445.892983594,0.014498934|0.213646055|0.545415778|0.820469083
6-18.mid,4413,449.9381184375,452.85611765625,2.9179992187499693,2917.9992187499693,4,UP|DOWN|UP|DOWN,449.971505156|450.544421250|451.931973281|452.544953437,0.011441648|0.207780320|0.683295195|0.893363844
6-18.mid,5089,510.6325021875,511.94793890625,1.315436718749993,1315.436718749993,3,DOWN|UP|DOWN,510.644521406|511.246817813|511.771657031,0.009137056|0.467005076|0.865989848
6-19.mid,1372,184.87239583333334,186.36328125,1.4908854166666572,1490.8854166666572,3,UP|DOWN|UP,184.938802083|185.276041667|186.196614583,0.044541485|0.270742358|0.888209607
6-19.mid,2684,299.7200520833333,301.0338541666667,1.3138020833333712,1313.8020833333712,3,UP|DOWN|UP,299.735677083|300.111979167|300.973958333,0.011892963|0.298315164|0.954410307
6-19.mid,2755,316.73046875,320.12890625,3.3984375,3398.4375,3,UP|DOWN|UP,316.837239583|317.796875000|318.835937500,0.031417625|0.313793103|0.619540230
6-19.mid,4316,441.9427083333333,443.2734375,1.3307291666666856,1330.7291666666856,3,UP|DOWN|UP,442.009114583|442.395833333|443.208333333,0.049902153|0.340508806|0.951076321
6-20.mid,1372,184.87239583333334,186.36328125,1.4908854166666572,1490.8854166666572,3,UP|DOWN|UP,184.938802083|185.276041667|186.196614583,0.044541485|0.270742358|0.888209607
6-20.mid,2684,299.7200520833333,301.0338541666667,1.3138020833333712,1313.8020833333712,3,UP|DOWN|UP,299.735677083|300.111979167|300.973958333,0.011892963|0.298315164|0.954410307
6-20.mid,2755,316.73046875,320.12890625,3.3984375,3398.4375,3,UP|DOWN|UP,316.837239583|317.796875000|318.835937500,0.031417625|0.313793103|0.619540230
6-20.mid,4316,441.9427083333333,443.2734375,1.3307291666666856,1330.7291666666856,3,UP|DOWN|UP,442.009114583|442.395833333|443.208333333,0.049902153|0.340508806|0.951076321
6-21.mid,1372,184.87239583333334,186.36328125,1.4908854166666572,1490.8854166666572,3,UP|DOWN|UP,184.938802083|185.276041667|186.196614583,0.044541485|0.270742358|0.888209607
6-21.mid,2684,299.7200520833333,301.0338541666667,1.3138020833333712,1313.8020833333712,3,UP|DOWN|UP,299.735677083|300.111979167|300.973958333,0.011892963|0.298315164|0.954410307
6-21.mid,2755,316.73046875,320.12890625,3.3984375,3398.4375,3,UP|DOWN|UP,316.837239583|317.796875000|318.835937500,0.031417625|0.313793103|0.619540230
6-21.mid,4316,441.9427083333333,443.2734375,1.3307291666666856,1330.7291666666856,3,UP|DOWN|UP,442.009114583|442.395833333|443.208333333,0.049902153|0.340508806|0.951076321
6-22.mid,1372,184.87239583333334,186.36328125,1.4908854166666572,1490.8854166666572,3,UP|DOWN|UP,184.938802083|185.276041667|186.196614583,0.044541485|0.270742358|0.888209607
6-22.mid,2684,299.7200520833333,301.0338541666667,1.3138020833333712,1313.8020833333712,3,UP|DOWN|UP,299.735677083|300.111979167|300.973958333,0.011892963|0.298315164|0.954410307
6-22.mid,2755,316.73046875,320.12890625,3.3984375,3398.4375,3,UP|DOWN|UP,316.837239583|317.796875000|318.835937500,0.031417625|0.313793103|0.619540230
6-22.mid,4316,441.9427083333333,443.2734375,1.3307291666666856,1330.7291666666856,3,UP|DOWN|UP,442.009114583|442.395833333|443.208333333,0.049902153|0.340508806|0.951076321
6-23.mid,42,7.384608,8.829051,1.4444429999999997,1444.4429999999998,3,UP|DOWN|UP,7.396360125|7.595077875|8.238239625,0.008136095|0.145710059|0.590976331
6-23.mid,102,18.34399875,19.695493125,1.351494374999998,1351.494374999998,3,UP|DOWN|UP,18.369639750|18.525622500|19.170921000,0.018972332|0.134387352|0.611857708
6-23.mid,125,21.0640815,23.1410025,2.0769209999999987,2076.9209999999985,3,UP|DOWN|UP,21.067286625|21.619636500|23.102541000,0.001543210|0.267489712|0.981481481
6-23.mid,1458,172.731664875,176.128029,3.396364124999991,3396.364124999991,4,UP|DOWN|UP|DOWN,172.837434000|173.095980750|174.369483750|175.569268875,0.031141869|0.107266436|0.482227115|0.835482856
6-23.mid,1475,179.473111125,183.956012625,4.482901499999997,4482.901499999997,4,UP|DOWN|UP|DOWN,179.625888750|180.030802875|182.642979750|183.887636625,0.034080076|0.124404194|0.707102002|0.984747378
6-23.mid,2892,285.338389875,289.338385875,3.9999959999999533,3999.9959999999533,4,UP|DOWN|UP|DOWN,285.431338500|285.719799750|287.272148625|288.392874000,0.023237179|0.095352564|0.483440171|0.763621795
6-23.mid,2905,292.71551925,297.12577125,4.410252000000014,4410.252000000014,4,UP|DOWN|UP|DOWN,292.853339625|293.170647000|295.306328625|296.989019250,0.031250000|0.103197674|0.587451550|0.968992248
6-23.mid,3322,321.32660175,323.342625375,2.0160236250000025,2016.0236250000025,3,DOWN|UP|DOWN,321.368268375|321.831943125|323.266770750,0.020667727|0.250662427|0.962374139
6-23.mid,3334,325.011427125,326.970826875,1.9593997499999887,1959.3997499999887,3,DOWN|UP|DOWN,325.132153500|326.209075500|326.833006500,0.061613959|0.611232279|0.929661941
6-23.mid,3804,364.246430625,364.777413,0.5309823750000078,530.9823750000078,3,DOWN|UP|DOWN,364.258182750|364.478268000|364.725062625,0.022132797|0.436619718|0.901408451
6-23.mid,4643,425.528420625,426.534829875,1.0064092499999902,1006.4092499999902,3,DOWN|UP|DOWN,425.751711000|426.324360000|426.424787250,0.221868365|0.790870488|0.890658174
6-23.mid,4654,428.028418125,431.539098375,3.510680250000007,3510.680250000007,4,UP|DOWN|UP|DOWN,428.105341125|428.383118625|429.808330875|431.007047625,0.021911138|0.101034693|0.506999391|0.848447961
6-23.mid,4670,434.45469375,439.549774125,5.095080375000009,5095.080375000009,4,UP|DOWN|UP|DOWN,434.617086750|434.980334250|437.841442500|439.275201750,0.031872510|0.103166282|0.664709583|0.946110296
6-23.mid,5410,499.724927625,501.261250875,1.5363232499999526,1536.3232499999526,4,UP|DOWN|UP|DOWN,499.739884875|499.918303500|500.700354000|501.254840625,0.009735744|0.125869263|0.634909597|0.995827538
6-24.mid,42,7.384608,8.829051,1.4444429999999997,1444.4429999999998,3,UP|DOWN|UP,7.396360125|7.595077875|8.238239625,0.008136095|0.145710059|0.590976331
6-24.mid,102,18.34399875,19.695493125,1.351494374999998,1351.494374999998,3,UP|DOWN|UP,18.369639750|18.525622500|19.170921000,0.018972332|0.134387352|0.611857708
6-24.mid,125,21.0640815,23.1410025,2.0769209999999987,2076.9209999999985,3,UP|DOWN|UP,21.067286625|21.619636500|23.102541000,0.001543210|0.267489712|0.981481481
6-24.mid,1458,172.731664875,176.128029,3.396364124999991,3396.364124999991,4,UP|DOWN|UP|DOWN,172.837434000|173.095980750|174.369483750|175.569268875,0.031141869|0.107266436|0.482227115|0.835482856
6-24.mid,1475,179.473111125,183.956012625,4.482901499999997,4482.901499999997,4,UP|DOWN|UP|DOWN,179.625888750|180.030802875|182.642979750|183.887636625,0.034080076|0.124404194|0.707102002|0.984747378
6-24.mid,2892,285.338389875,289.338385875,3.9999959999999533,3999.9959999999533,4,UP|DOWN|UP|DOWN,285.431338500|285.719799750|287.272148625|288.392874000,0.023237179|0.095352564|0.483440171|0.763621795
6-24.mid,2905,292.71551925,297.12577125,4.410252000000014,4410.252000000014,4,UP|DOWN|UP|DOWN,292.853339625|293.170647000|295.306328625|296.989019250,0.031250000|0.103197674|0.587451550|0.968992248
6-24.mid,3322,321.32660175,323.342625375,2.0160236250000025,2016.0236250000025,3,DOWN|UP|DOWN,321.368268375|321.831943125|323.266770750,0.020667727|0.250662427|0.962374139
6-24.mid,3334,325.011427125,326.970826875,1.9593997499999887,1959.3997499999887,3,DOWN|UP|DOWN,325.132153500|326.209075500|326.833006500,0.061613959|0.611232279|0.929661941
6-24.mid,3804,364.246430625,364.777413,0.5309823750000078,530.9823750000078,3,DOWN|UP|DOWN,364.258182750|364.478268000|364.725062625,0.022132797|0.436619718|0.901408451
6-24.mid,4643,425.528420625,426.534829875,1.0064092499999902,1006.4092499999902,3,DOWN|UP|DOWN,425.751711000|426.324360000|426.424787250,0.221868365|0.790870488|0.890658174
6-24.mid,4654,428.028418125,431.539098375,3.510680250000007,3510.680250000007,4,UP|DOWN|UP|DOWN,428.105341125|428.383118625|429.808330875|431.007047625,0.021911138|0.101034693|0.506999391|0.848447961
6-24.mid,4670,434.45469375,439.549774125,5.095080375000009,5095.080375000009,4,UP|DOWN|UP|DOWN,434.617086750|434.980334250|437.841442500|439.275201750,0.031872510|0.103166282|0.664709583|0.946110296
6-24.mid,5410,499.724927625,501.261250875,1.5363232499999526,1536.3232499999526,4,UP|DOWN|UP|DOWN,499.739884875|499.918303500|500.700354000|501.254840625,0.009735744|0.125869263|0.634909597|0.995827538
6-25.mid,42,7.384608,8.829051,1.4444429999999997,1444.4429999999998,3,UP|DOWN|UP,7.396360125|7.595077875|8.238239625,0.008136095|0.145710059|0.590976331
6-25.mid,102,18.34399875,19.695493125,1.351494374999998,1351.494374999998,3,UP|DOWN|UP,18.369639750|18.525622500|19.170921000,0.018972332|0.134387352|0.611857708
6-25.mid,125,21.0640815,23.1410025,2.0769209999999987,2076.9209999999985,3,UP|DOWN|UP,21.067286625|21.619636500|23.102541000,0.001543210|0.267489712|0.981481481
6-25.mid,1458,172.731664875,176.128029,3.396364124999991,3396.364124999991,4,UP|DOWN|UP|DOWN,172.837434000|173.095980750|174.369483750|175.569268875,0.031141869|0.107266436|0.482227115|0.835482856
6-25.mid,1475,179.473111125,183.956012625,4.482901499999997,4482.901499999997,4,UP|DOWN|UP|DOWN,179.625888750|180.030802875|182.642979750|183.887636625,0.034080076|0.124404194|0.707102002|0.984747378
6-25.mid,2892,285.338389875,289.338385875,3.9999959999999533,3999.9959999999533,4,UP|DOWN|UP|DOWN,285.431338500|285.719799750|287.272148625|288.392874000,0.023237179|0.095352564|0.483440171|0.763621795
6-25.mid,2905,292.71551925,297.12577125,4.410252000000014,4410.252000000014,4,UP|DOWN|UP|DOWN,292.853339625|293.170647000|295.306328625|296.989019250,0.031250000|0.103197674|0.587451550|0.968992248
6-25.mid,3322,321.32660175,323.342625375,2.0160236250000025,2016.0236250000025,3,DOWN|UP|DOWN,321.368268375|321.831943125|323.266770750,0.020667727|0.250662427|0.962374139
6-25.mid,3334,325.011427125,326.970826875,1.9593997499999887,1959.3997499999887,3,DOWN|UP|DOWN,325.132153500|326.209075500|326.833006500,0.061613959|0.611232279|0.929661941
6-25.mid,3804,364.246430625,364.777413,0.5309823750000078,530.9823750000078,3,DOWN|UP|DOWN,364.258182750|364.478268000|364.725062625,0.022132797|0.436619718|0.901408451
6-25.mid,4643,425.528420625,426.534829875,1.0064092499999902,1006.4092499999902,3,DOWN|UP|DOWN,425.751711000|426.324360000|426.424787250,0.221868365|0.790870488|0.890658174
6-25.mid,4654,428.028418125,431.539098375,3.510680250000007,3510.680250000007,4,UP|DOWN|UP|DOWN,428.105341125|428.383118625|429.808330875|431.007047625,0.021911138|0.101034693|0.506999391|0.848447961
6-25.mid,4670,434.45469375,439.549774125,5.095080375000009,5095.080375000009,4,UP|DOWN|UP|DOWN,434.617086750|434.980334250|437.841442500|439.275201750,0.031872510|0.103166282|0.664709583|0.946110296
6-25.mid,5410,499.724927625,501.261250875,1.5363232499999526,1536.3232499999526,4,UP|DOWN|UP|DOWN,499.739884875|499.918303500|500.700354000|501.254840625,0.009735744|0.125869263|0.634909597|0.995827538
6-26.mid,42,7.384608,8.829051,1.4444429999999997,1444.4429999999998,3,UP|DOWN|UP,7.396360125|7.595077875|8.238239625,0.008136095|0.145710059|0.590976331
6-26.mid,102,18.34399875,19.695493125,1.351494374999998,1351.494374999998,3,UP|DOWN|UP,18.369639750|18.525622500|19.170921000,0.018972332|0.134387352|0.611857708
6-26.mid,125,21.0640815,23.1410025,2.0769209999999987,2076.9209999999985,3,UP|DOWN|UP,21.067286625|21.619636500|23.102541000,0.001543210|0.267489712|0.981481481
6-26.mid,1458,172.731664875,176.128029,3.396364124999991,3396.364124999991,4,UP|DOWN|UP|DOWN,172.837434000|173.095980750|174.369483750|175.569268875,0.031141869|0.107266436|0.482227115|0.835482856
6-26.mid,1475,179.473111125,183.956012625,4.482901499999997,4482.901499999997,4,UP|DOWN|UP|DOWN,179.625888750|180.030802875|182.642979750|183.887636625,0.034080076|0.124404194|0.707102002|0.984747378
6-26.mid,2892,285.338389875,289.338385875,3.9999959999999533,3999.9959999999533,4,UP|DOWN|UP|DOWN,285.431338500|285.719799750|287.272148625|288.392874000,0.023237179|0.095352564|0.483440171|0.763621795
6-26.mid,2905,292.71551925,297.12577125,4.410252000000014,4410.252000000014,4,UP|DOWN|UP|DOWN,292.853339625|293.170647000|295.306328625|296.989019250,0.031250000|0.103197674|0.587451550|0.968992248
6-26.mid,3322,321.32660175,323.342625375,2.0160236250000025,2016.0236250000025,3,DOWN|UP|DOWN,321.368268375|321.831943125|323.266770750,0.020667727|0.250662427|0.962374139
6-26.mid,3334,325.011427125,326.970826875,1.9593997499999887,1959.3997499999887,3,DOWN|UP|DOWN,325.132153500|326.209075500|326.833006500,0.061613959|0.611232279|0.929661941
6-26.mid,3804,364.246430625,364.777413,0.5309823750000078,530.9823750000078,3,DOWN|UP|DOWN,364.258182750|364.478268000|364.725062625,0.022132797|0.436619718|0.901408451
6-26.mid,4643,425.528420625,426.534829875,1.0064092499999902,1006.4092499999902,3,DOWN|UP|DOWN,425.751711000|426.324360000|426.424787250,0.221868365|0.790870488|0.890658174
6-26.mid,4654,428.028418125,431.539098375,3.510680250000007,3510.680250000007,4,UP|DOWN|UP|DOWN,428.105341125|428.383118625|429.808330875|431.007047625,0.021911138|0.101034693|0.506999391|0.848447961
6-26.mid,4670,434.45469375,439.549774125,5.095080375000009,5095.080375000009,4,UP|DOWN|UP|DOWN,434.617086750|434.980334250|437.841442500|439.275201750,0.031872510|0.103166282|0.664709583|0.946110296
6-26.mid,5410,499.724927625,501.261250875,1.5363232499999526,1536.3232499999526,4,UP|DOWN|UP|DOWN,499.739884875|499.918303500|500.700354000|501.254840625,0.009735744|0.125869263|0.634909597|0.995827538
6-27.mid,58,11.973278625,15.313018875,3.3397402499999984,3339.7402499999985,3,UP|DOWN|UP,12.030970875|12.131398125|14.879258625,0.017274472|0.047344850|0.870121561
6-27.mid,115,25.169846625,27.9615105,2.7916638749999976,2791.6638749999975,3,UP|DOWN|UP,25.208308125|25.309803750|27.702963750,0.013777268|0.050133946|0.907386146
6-27.mid,1361,165.290433,165.889791375,0.59935837499998,599.35837499998,3,UP|DOWN|UP,165.305390250|165.427185000|165.880176000,0.024955437|0.228163993|0.983957219
6-27.mid,1407,171.949614375,172.620553875,0.6709395000000029,670.9395000000029,3,DOWN|UP|DOWN,172.101323625|172.339571250|172.598118000,0.226114650|0.581210191|0.966560510
6-27.mid,1435,175.6023885,178.500889875,2.8985013750000235,2898.5013750000235,3,UP|DOWN|UP,175.614140625|175.910080500|176.731660875,0.004054552|0.106155547|0.389605603
6-27.mid,1451,180.99340875,183.59169675,2.598288000000025,2598.288000000025,3,UP|DOWN|UP,181.042554000|181.280801625|182.637637875,0.018914474|0.110608553|0.632812500
6-27.mid,3125,314.862933,317.709084,2.8461510000000203,2846.1510000000203,3,UP|DOWN|UP,314.896052625|315.183445500|316.162077000,0.011636637|0.112612613|0.456456456
6-28.mid,58,11.973278625,15.313018875,3.3397402499999984,3339.7402499999985,3,UP|DOWN|UP,12.030970875|12.131398125|14.879258625,0.017274472|0.047344850|0.870121561
6-28.mid,115,25.169846625,27.9615105,2.7916638749999976,2791.6638749999975,3,UP|DOWN|UP,25.208308125|25.309803750|27.702963750,0.013777268|0.050133946|0.907386146
6-28.mid,1361,165.290433,165.889791375,0.59935837499998,599.35837499998,3,UP|DOWN|UP,165.305390250|165.427185000|165.880176000,0.024955437|0.228163993|0.983957219
6-28.mid,1407,171.949614375,172.620553875,0.6709395000000029,670.9395000000029,3,DOWN|UP|DOWN,172.101323625|172.339571250|172.598118000,0.226114650|0.581210191|0.966560510
6-28.mid,1435,175.6023885,178.500889875,2.8985013750000235,2898.5013750000235,3,UP|DOWN|UP,175.614140625|175.910080500|176.731660875,0.004054552|0.106155547|0.389605603
6-28.mid,1451,180.99340875,183.59169675,2.598288000000025,2598.288000000025,3,UP|DOWN|UP,181.042554000|181.280801625|182.637637875,0.018914474|0.110608553|0.632812500
6-28.mid,3125,314.862933,317.709084,2.8461510000000203,2846.1510000000203,3,UP|DOWN|UP,314.896052625|315.183445500|316.162077000,0.011636637|0.112612613|0.456456456
6-29.mid,58,11.973278625,15.313018875,3.3397402499999984,3339.7402499999985,3,UP|DOWN|UP,12.030970875|12.131398125|14.879258625,0.017274472|0.047344850|0.870121561
6-29.mid,115,25.169846625,27.9615105,2.7916638749999976,2791.6638749999975,3,UP|DOWN|UP,25.208308125|25.309803750|27.702963750,0.013777268|0.050133946|0.907386146
6-29.mid,1361,165.290433,165.889791375,0.59935837499998,599.35837499998,3,UP|DOWN|UP,165.305390250|165.427185000|165.880176000,0.024955437|0.228163993|0.983957219
6-29.mid,1407,171.949614375,172.620553875,0.6709395000000029,670.9395000000029,3,DOWN|UP|DOWN,172.101323625|172.339571250|172.598118000,0.226114650|0.581210191|0.966560510
6-29.mid,1435,175.6023885,178.500889875,2.8985013750000235,2898.5013750000235,3,UP|DOWN|UP,175.614140625|175.910080500|176.731660875,0.004054552|0.106155547|0.389605603
6-29.mid,1451,180.99340875,183.59169675,2.598288000000025,2598.288000000025,3,UP|DOWN|UP,181.042554000|181.280801625|182.637637875,0.018914474|0.110608553|0.632812500
6-29.mid,3125,314.862933,317.709084,2.8461510000000203,2846.1510000000203,3,UP|DOWN|UP,314.896052625|315.183445500|316.162077000,0.011636637|0.112612613|0.456456456
6-30.mid,58,11.973278625,15.313018875,3.3397402499999984,3339.7402499999985,3,UP|DOWN|UP,12.030970875|12.131398125|14.879258625,0.017274472|0.047344850|0.870121561
6-30.mid,115,25.169846625,27.9615105,2.7916638749999976,2791.6638749999975,3,UP|DOWN|UP,25.208308125|25.309803750|27.702963750,0.013777268|0.050133946|0.907386146
6-30.mid,1361,165.290433,165.889791375,0.59935837499998,599.35837499998,3,UP|DOWN|UP,165.305390250|165.427185000|165.880176000,0.024955437|0.228163993|0.983957219
6-30.mid,1407,171.949614375,172.620553875,0.6709395000000029,670.9395000000029,3,DOWN|UP|DOWN,172.101323625|172.339571250|172.598118000,0.226114650|0.581210191|0.966560510
6-30.mid,1435,175.6023885,178.500889875,2.8985013750000235,2898.5013750000235,3,UP|DOWN|UP,175.614140625|175.910080500|176.731660875,0.004054552|0.106155547|0.389605603
6-30.mid,1451,180.99340875,183.59169675,2.598288000000025,2598.288000000025,3,UP|DOWN|UP,181.042554000|181.280801625|182.637637875,0.018914474|0.110608553|0.632812500
6-30.mid,3125,314.862933,317.709084,2.8461510000000203,2846.1510000000203,3,UP|DOWN|UP,314.896052625|315.183445500|316.162077000,0.011636637|0.112612613|0.456456456
6-31.mid,58,11.973278625,15.313018875,3.3397402499999984,3339.7402499999985,3,UP|DOWN|UP,12.030970875|12.131398125|14.879258625,0.017274472|0.047344850|0.870121561
6-31.mid,115,25.169846625,27.9615105,2.7916638749999976,2791.6638749999975,3,UP|DOWN|UP,25.208308125|25.309803750|27.702963750,0.013777268|0.050133946|0.907386146
6-31.mid,1361,165.290433,165.889791375,0.59935837499998,599.35837499998,3,UP|DOWN|UP,165.305390250|165.427185000|165.880176000,0.024955437|0.228163993|0.983957219
6-31.mid,1407,171.949614375,172.620553875,0.6709395000000029,670.9395000000029,3,DOWN|UP|DOWN,172.101323625|172.339571250|172.598118000,0.226114650|0.581210191|0.966560510
6-31.mid,1435,175.6023885,178.500889875,2.8985013750000235,2898.5013750000235,3,UP|DOWN|UP,175.614140625|175.910080500|176.731660875,0.004054552|0.106155547|0.389605603
6-31.mid,1451,180.99340875,183.59169675,2.598288000000025,2598.288000000025,3,UP|DOWN|UP,181.042554000|181.280801625|182.637637875,0.018914474|0.110608553|0.632812500
6-31.mid,3125,314.862933,317.709084,2.8461510000000203,2846.1510000000203,3,UP|DOWN|UP,314.896052625|315.183445500|316.162077000,0.011636637|0.112612613|0.456456456
6-32.mid,58,11.973278625,15.313018875,3.3397402499999984,3339.7402499999985,3,UP|DOWN|UP,12.030970875|12.131398125|14.879258625,0.017274472|0.047344850|0.870121561
6-32.mid,115,25.169846625,27.9615105,2.7916638749999976,2791.6638749999975,3,UP|DOWN|UP,25.208308125|25.309803750|27.702963750,0.013777268|0.050133946|0.907386146
6-32.mid,1361,165.290433,165.889791375,0.59935837499998,599.35837499998,3,UP|DOWN|UP,165.305390250|165.427185000|165.880176000,0.024955437|0.228163993|0.983957219
6-32.mid,1407,171.949614375,172.620553875,0.6709395000000029,670.9395000000029,3,DOWN|UP|DOWN,172.101323625|172.339571250|172.598118000,0.226114650|0.581210191|0.966560510
6-32.mid,1435,175.6023885,178.500889875,2.8985013750000235,2898.5013750000235,3,UP|DOWN|UP,175.614140625|175.910080500|176.731660875,0.004054552|0.106155547|0.389605603
6-32.mid,1451,180.99340875,183.59169675,2.598288000000025,2598.288000000025,3,UP|DOWN|UP,181.042554000|181.280801625|182.637637875,0.018914474|0.110608553|0.632812500
6-32.mid,3125,314.862933,317.709084,2.8461510000000203,2846.1510000000203,3,UP|DOWN|UP,314.896052625|315.183445500|316.162077000,0.011636637|0.112612613|0.456456456
6-33.mid,62,12.74704921875,15.98155453125,3.2345053124999996,3234.5053124999995,3,DOWN|UP|DOWN,12.912647344|15.514140469|15.912110156,0.051197358|0.855491329|0.978530140
6-33.mid,111,22.9834171875,24.77695171875,1.7935345312499997,1793.5345312499996,4,UP|DOWN|UP|DOWN,23.010126563|23.456173125|23.811407813|24.286834688,0.014892033|0.263588980|0.461653016|0.726731199
6-33.mid,130,26.90301796875,29.91583546875,3.0128175000000006,3012.8175000000006,3,DOWN|UP|DOWN,27.069951562|29.416370156|29.893132500,0.055407801|0.834219858|0.992464539
6-33.mid,1361,173.5388221875,173.99421703125,0.45539484375001393,455.39484375001393,3,UP|DOWN|UP,173.556183281|173.696407500|173.974185000,0.038123167|0.346041056|0.956011730
6-33.mid,1378,175.30297640625,177.67743984375,2.3744634374999976,2374.463437499998,4,UP|DOWN|UP|DOWN,175.359066094|175.834492969|176.597045625|176.995015312,0.023622047|0.223847019|0.544994376|0.712598425
6-33.mid,1404,181.48486125,182.3956509375,0.9107896874999994,910.7896874999994,3,DOWN|UP|DOWN,181.657136719|182.032403437|182.380960781,0.189149560|0.601173021|0.983870968
6-33.mid,1417,183.6670171875,184.87161,1.2045928125000103,1204.5928125000103,3,DOWN|UP|DOWN,183.914078906|184.400189531|184.735392187,0.205099778|0.608647450|0.886917960
6-33.mid,1432,186.7012021875,190.2749165625,3.5737143750000087,3573.7143750000087,4,UP|DOWN|UP|DOWN,186.755956406|187.318188750|188.556168281|189.596498438,0.015321375|0.172645740|0.519058296|0.810164425
6-33.mid,1450,192.195320625,194.87827734375,2.682956718750006,2682.956718750006,3,UP|DOWN|UP,192.230042812|192.636025313|194.499004219,0.012941762|0.164260826|0.858636137
6-33.mid,1822,217.2300178125,217.87504921875,0.6450314062500127,645.0314062500127,3,DOWN|UP|DOWN,217.232688750|217.599942656|217.836320625,0.004140787|0.573498965|0.939958592
6-33.mid,1840,223.4906953125,226.5836409375,3.0929456249999987,3092.9456249999985,3,DOWN|UP|DOWN,223.558804219|224.271944531|226.321889062,0.022020725|0.252590674|0.915371330
6-33.mid,2251,263.05662796875,263.66293078125,0.6063028125000187,606.3028125000187,3,DOWN|UP|DOWN,263.073989063|263.323721719|263.658924375,0.028634361|0.440528634|0.993392070
6-33.mid,2985,316.27772859375,318.92996953125,2.6522409374999825,2652.2409374999825,4,UP|DOWN|UP|DOWN,316.383230625|316.878689531|317.679970781|318.075269531,0.039778449|0.226586103|0.528700906|0.677744209
6-33.mid,3015,322.6626046875,323.62013578125,0.9575310937499921,957.5310937499921,3,DOWN|UP|DOWN,322.817519063|323.194121250|323.600103750,0.161785216|0.555090656|0.979079498
6-33.mid,3029,324.81404484375,326.20560328125,1.3915584374999526,1391.5584374999526,3,DOWN|UP|DOWN,325.094493281|325.580603906|326.015966719,0.201535509|0.550863724|0.863723608
6-33.mid,3041,327.93904171875,331.5942196875,3.6551779687500243,3655.1779687500243,4,UP|DOWN|UP|DOWN,327.997802344|328.501274062|329.680492969|331.383215625,0.016075996|0.153818049|0.476434052|0.942272561
6-33.mid,3058,333.61745484375,336.80521875,3.187763906249984,3187.763906249984,4,UP|DOWN|UP|DOWN,333.620125781|334.076856094|335.521833281|336.303082500,0.000837872|0.144113951|0.597402597|0.842480101
6-33.mid,3113,345.2053171875,345.61530609375,0.40998890625002105,409.98890625002105,3,UP|DOWN|UP,345.214665469|345.324173906|345.563222812,0.022801303|0.289902280|0.872964169
6-33.mid,3158,350.9959096875,351.96946640625,0.9735567187499896,973.5567187499896,3,DOWN|UP|DOWN,351.117437344|351.640941094|351.958782656,0.124828532|0.662551440|0.989026063
6-33.mid,3173,353.4050953125,355.0076578125,1.6025624999999764,1602.5624999999764,3,DOWN|UP|DOWN,353.620105781|354.363961875|354.938213437,0.134166667|0.598333333|0.956666667
6-34.mid,62,12.74704921875,15.98155453125,3.2345053124999996,3234.5053124999995,3,DOWN|UP|DOWN,12.912647344|15.514140469|15.912110156,0.051197358|0.855491329|0.978530140
6-34.mid,111,22.9834171875,24.77695171875,1.7935345312499997,1793.5345312499996,4,UP|DOWN|UP|DOWN,23.010126563|23.456173125|23.811407813|24.286834688,0.014892033|0.263588980|0.461653016|0.726731199
6-34.mid,130,26.90301796875,29.91583546875,3.0128175000000006,3012.8175000000006,3,DOWN|UP|DOWN,27.069951562|29.416370156|29.893132500,0.055407801|0.834219858|0.992464539
6-34.mid,1361,173.5388221875,173.99421703125,0.45539484375001393,455.39484375001393,3,UP|DOWN|UP,173.556183281|173.696407500|173.974185000,0.038123167|0.346041056|0.956011730
6-34.mid,1378,175.30297640625,177.67743984375,2.3744634374999976,2374.463437499998,4,UP|DOWN|UP|DOWN,175.359066094|175.834492969|176.597045625|176.995015312,0.023622047|0.223847019|0.544994376|0.712598425
6-34.mid,1404,181.48486125,182.3956509375,0.9107896874999994,910.7896874999994,3,DOWN|UP|DOWN,181.657136719|182.032403437|182.380960781,0.189149560|0.601173021|0.983870968
6-34.mid,1417,183.6670171875,184.87161,1.2045928125000103,1204.5928125000103,3,DOWN|UP|DOWN,183.914078906|184.400189531|184.735392187,0.205099778|0.608647450|0.886917960
6-34.mid,1432,186.7012021875,190.2749165625,3.5737143750000087,3573.7143750000087,4,UP|DOWN|UP|DOWN,186.755956406|187.318188750|188.556168281|189.596498438,0.015321375|0.172645740|0.519058296|0.810164425
6-34.mid,1450,192.195320625,194.87827734375,2.682956718750006,2682.956718750006,3,UP|DOWN|UP,192.230042812|192.636025313|194.499004219,0.012941762|0.164260826|0.858636137
6-34.mid,1822,217.2300178125,217.87504921875,0.6450314062500127,645.0314062500127,3,DOWN|UP|DOWN,217.232688750|217.599942656|217.836320625,0.004140787|0.573498965|0.939958592
6-34.mid,1840,223.4906953125,226.5836409375,3.0929456249999987,3092.9456249999985,3,DOWN|UP|DOWN,223.558804219|224.271944531|226.321889062,0.022020725|0.252590674|0.915371330
6-34.mid,2251,263.05662796875,263.66293078125,0.6063028125000187,606.3028125000187,3,DOWN|UP|DOWN,263.073989063|263.323721719|263.658924375,0.028634361|0.440528634|0.993392070
6-34.mid,2985,316.27772859375,318.92996953125,2.6522409374999825,2652.2409374999825,4,UP|DOWN|UP|DOWN,316.383230625|316.878689531|317.679970781|318.075269531,0.039778449|0.226586103|0.528700906|0.677744209
6-34.mid,3015,322.6626046875,323.62013578125,0.9575310937499921,957.5310937499921,3,DOWN|UP|DOWN,322.817519063|323.194121250|323.600103750,0.161785216|0.555090656|0.979079498
6-34.mid,3029,324.81404484375,326.20560328125,1.3915584374999526,1391.5584374999526,3,DOWN|UP|DOWN,325.094493281|325.580603906|326.015966719,0.201535509|0.550863724|0.863723608
6-34.mid,3041,327.93904171875,331.5942196875,3.6551779687500243,3655.1779687500243,4,UP|DOWN|UP|DOWN,327.997802344|328.501274062|329.680492969|331.383215625,0.016075996|0.153818049|0.476434052|0.942272561
6-34.mid,3058,333.61745484375,336.80521875,3.187763906249984,3187.763906249984,4,UP|DOWN|UP|DOWN,333.620125781|334.076856094|335.521833281|336.303082500,0.000837872|0.144113951|0.597402597|0.842480101
6-34.mid,3113,345.2053171875,345.61530609375,0.40998890625002105,409.98890625002105,3,UP|DOWN|UP,345.214665469|345.324173906|345.563222812,0.022801303|0.289902280|0.872964169
6-34.mid,3158,350.9959096875,351.96946640625,0.9735567187499896,973.5567187499896,3,DOWN|UP|DOWN,351.117437344|351.640941094|351.958782656,0.124828532|0.662551440|0.989026063
6-34.mid,3173,353.4050953125,355.0076578125,1.6025624999999764,1602.5624999999764,3,DOWN|UP|DOWN,353.620105781|354.363961875|354.938213437,0.134166667|0.598333333|0.956666667
7-0.mid,568,58.84384350416667,59.350252266666665,0.5064087624999942,506.4087624999942,3,UP|DOWN|UP,58.851322115|58.991278967|59.345978775,0.014767932|0.291139241|0.991561181
7-0.mid,586,61.5190492875,62.024389677083335,0.5053403895833313,505.3403895833313,3,UP|DOWN|UP,61.524391152|61.624818206|61.991270117,0.010570825|0.209302326|0.934460888
7-0.mid,1777,160.80614955208335,160.95358501458333,0.14743546249997053,147.43546249997053,3,UP|DOWN|UP,160.813628162|160.871320300|160.952516642,0.050724638|0.442028986|0.992753623
7-0.mid,1991,185.87552004166665,187.3477379208333,1.4722178791666636,1472.2178791666636,3,UP|DOWN|UP,185.956716383|186.213125883|186.776158410,0.055152395|0.229317852|0.611756168
7-0.mid,2508,239.38711431875,239.89352308125,0.5064087625000013,506.40876250000133,3,UP|DOWN|UP,239.402071540|239.520660933|239.884976098,0.029535865|0.263713080|0.983122363
7-1.mid,566,58.96361625,59.47510078125,0.511484531249998,511.48453124999804,3,UP|DOWN|UP,58.966287188|59.103840469|59.472429844,0.005221932|0.274151436|0.994778068
7-1.mid,2444,233.76712734375,234.299979375,0.5328520312500018,532.8520312500018,3,UP|DOWN|UP,233.800514063|233.919370781|234.265257187,0.062656642|0.285714286|0.934837093
7-1.mid,2452,234.8475215625,235.36968984375,0.5221682812500035,522.1682812500035,3,UP|DOWN|UP,234.878237344|235.015790625|235.341645000,0.058823529|0.322250639|0.946291560
7-1.mid,2464,237.00163265625,237.515788125,0.5141554687500047,514.1554687500047,3,UP|DOWN|UP,237.017658281|237.145863281|237.462369375,0.031168831|0.280519481|0.896103896
7-1.mid,3499,318.6348309375,319.13429625,0.4994653124999786,499.4653124999786,3,UP|DOWN|UP,318.638837344|318.757694062|319.092896719,0.008021390|0.245989305|0.917112299
7-2.mid,549,52.580075625,53.0581734375,0.47809781250000327,478.0978125000033,3,UP|DOWN|UP,52.589423906|52.788408750|52.975374375,0.019553073|0.435754190|0.826815642
7-2.mid,849,73.2023840625,73.691165625,0.4887815624999945,488.7815624999945,3,UP|DOWN|UP,73.233099844|73.390685156|73.668462656,0.062841530|0.385245902|0.953551913
7-2.mid,858,74.8076175,75.31108921875,0.5034717187499922,503.4717187499922,3,UP|DOWN|UP,74.835662344|74.994583125|75.272360625,0.055702918|0.371352785|0.923076923
7-2.mid,1944,173.12349140625,174.25863984375,1.1351484374999927,1135.1484374999927,3,UP|DOWN|UP,173.190264844|173.387914219|173.684388281,0.058823529|0.232941176|0.494117647
7-2.mid,1949,175.74101015625,176.9255709375,1.184560781249985,1184.560781249985,3,UP|DOWN|UP,175.803777188|175.933317656|176.626425937,0.052987599|0.162344983|0.747463360
7-2.mid,2433,220.92525984375,221.40335765625,0.47809781249998196,478.09781249998196,3,UP|DOWN|UP,220.950633750|221.128251094|221.307203906,0.053072626|0.424581006|0.798882682
7-2.mid,2728,241.74121125,242.248689375,0.5074781250000058,507.4781250000058,3,UP|DOWN|UP,241.762578750|241.949544375|242.246018437,0.042105263|0.410526316|0.994736842
7-3.mid,275,25.614583333333332,26.39453125,0.7799479166666679,779.9479166666679,3,UP|DOWN|UP,25.649739583|25.808593750|26.095052083,0.045075125|0.248747913|0.616026711
7-3.mid,867,74.37630208333333,74.86979166666667,0.4934895833333428,493.4895833333428,3,DOWN|UP|DOWN,74.473958333|74.791666667|74.812500000,0.197889182|0.841688654|0.883905013
7-3.mid,1506,123.04166666666667,124.10026041666667,1.05859375,1058.59375,3,DOWN|UP|DOWN,123.407552083|123.467447917|124.022135417,0.345633456|0.402214022|0.926199262
7-3.mid,2456,218.37369791666666,218.82291666666666,0.44921875,449.21875,3,UP|DOWN|UP,218.382812500|218.481770833|218.799479167,0.020289855|0.240579710|0.947826087
7-3.mid,3491,296.3932291666667,296.8828125,0.4895833333333144,489.5833333333144,3,UP|DOWN|UP,296.419270833|296.537760417|296.876302083,0.053191489|0.295212766|0.986702128
7-4.mid,535,58.2,58.66875,0.46875,468.75,3,UP|DOWN|UP,58.252083333|58.351041667|58.650000000,0.111111111|0.322222222|0.960000000
7-4.mid,751,73.84270833333333,74.44479166666667,0.60208333333334,602.08333333334,3,UP|DOWN|UP,73.870833333|74.031250000|74.391666667,0.046712803|0.313148789|0.911764706
7-4.mid,2259,223.23125,223.78854166666665,0.5572916666666572,557.2916666666572,3,UP|DOWN|UP,223.264583333|223.443750000|223.783333333,0.059813084|0.381308411|0.990654206
7-4.mid,2269,224.809375,225.27708333333334,0.4677083333333485,467.7083333333485,3,UP|DOWN|UP,224.822916667|224.963541667|225.222916667,0.028953229|0.329621381|0.884187082
7-5.mid,3855,323.703125,324.1708333333333,0.46770833333329165,467.70833333329165,3,UP|DOWN|UP,323.706250000|323.806250000|324.086458333,0.006681514|0.220489978|0.819599109
7-6.mid,247,23.85814921875,24.65675953125,0.7986103124999993,798.6103124999993,3,UP|DOWN|UP,23.900884219|24.039772969|24.288170156,0.053511706|0.227424749|0.538461538
7-6.mid,280,27.5827715625,28.36669171875,0.7839201562500016,783.9201562500016,3,UP|DOWN|UP,27.604139062|27.781756406|27.999437812,0.027257240|0.253833049|0.531516184
7-6.mid,552,54.4470609375,54.845030625,0.3979696875000016,397.9696875000016,3,UP|DOWN|UP,54.463086563|54.583278750|54.800960156,0.040268456|0.342281879|0.889261745
7-6.mid,567,56.35811671875,56.80416328125,0.4460465625000012,446.0465625000012,3,UP|DOWN|UP,56.364794063|56.502347344|56.800156875,0.014970060|0.323353293|0.991017964
7-6.mid,2473,227.02033921875,227.47706953125,0.4567303125000137,456.7303125000137,3,UP|DOWN|UP,227.071087031|227.191279219|227.418308906,0.111111111|0.374269006|0.871345029
7-6.mid,2487,229.37877703125,229.83016546875,0.45138843750001456,451.38843750001456,3,UP|DOWN|UP,229.378777031|229.496298281|229.794107812,0.000000000|0.260355030|0.920118343
7-6.mid,3393,294.94628625,295.08918140625,0.14289515625000604,142.89515625000604,3,DOWN|UP|DOWN,294.967653750|294.987685781|295.087845937,0.149532710|0.289719626|0.990654206
7-7.mid,247,23.85814921875,24.65675953125,0.7986103124999993,798.6103124999993,3,UP|DOWN|UP,23.900884219|24.039772969|24.288170156,0.053511706|0.227424749|0.538461538
7-7.mid,280,27.5827715625,28.36669171875,0.7839201562500016,783.9201562500016,3,UP|DOWN|UP,27.604139062|27.781756406|27.999437812,0.027257240|0.253833049|0.531516184
7-7.mid,552,54.4470609375,54.845030625,0.3979696875000016,397.9696875000016,3,UP|DOWN|UP,54.463086563|54.583278750|54.800960156,0.040268456|0.342281879|0.889261745
7-7.mid,567,56.35811671875,56.80416328125,0.4460465625000012,446.0465625000012,3,UP|DOWN|UP,56.364794063|56.502347344|56.800156875,0.014970060|0.323353293|0.991017964
7-7.mid,2473,227.02033921875,227.47706953125,0.4567303125000137,456.7303125000137,3,UP|DOWN|UP,227.071087031|227.191279219|227.418308906,0.111111111|0.374269006|0.871345029
7-7.mid,2487,229.37877703125,229.83016546875,0.45138843750001456,451.38843750001456,3,UP|DOWN|UP,229.378777031|229.496298281|229.794107812,0.000000000|0.260355030|0.920118343
7-7.mid,3393,294.94628625,295.08918140625,0.14289515625000604,142.89515625000604,3,DOWN|UP|DOWN,294.967653750|294.987685781|295.087845937,0.149532710|0.289719626|0.990654206
7-8.mid,556,53.90625,54.409375,0.5031249999999972,503.12499999999716,3,UP|DOWN|UP,53.944791667|54.125000000|54.364583333,0.076604555|0.434782609|0.910973085
7-8.mid,566,55.38333333333333,55.81875,0.43541666666666856,435.41666666666856,3,UP|DOWN|UP,55.402083333|55.541666667|55.801041667,0.043062201|0.363636364|0.959330144
7-8.mid,584,57.68020833333333,58.08958333333334,0.40937500000000426,409.37500000000426,3,UP|DOWN|UP,57.684375000|57.825000000|58.084375000,0.010178117|0.353689567|0.987277354
7-8.mid,867,76.403125,76.85833333333333,0.45520833333333144,455.20833333333144,3,UP|DOWN|UP,76.423958333|76.584375000|76.804166667,0.045766590|0.398169336|0.881006865
7-8.mid,2436,222.94583333333335,223.38020833333334,0.43437499999998863,434.37499999998863,3,UP|DOWN|UP,222.976041667|223.176041667|223.358333333,0.069544365|0.529976019|0.949640288
7-8.mid,3481,301.8197916666667,302.246875,0.4270833333333144,427.0833333333144,3,UP|DOWN|UP,301.867708333|302.087500000|302.228125000,0.112195122|0.626829268|0.956097561
7-9.mid,244,23.4641859375,24.2601253125,0.7959393749999997,795.9393749999997,3,UP|DOWN|UP,23.510927344|23.591055469|23.997037969,0.058724832|0.159395973|0.669463087
7-9.mid,276,27.23287875,27.96872203125,0.7358432812499984,735.8432812499984,3,UP|DOWN|UP,27.254246250|27.373102969|27.788433750,0.029038113|0.190562613|0.754990926
7-9.mid,565,55.55683546875,56.0389396875,0.48210421874999554,482.10421874999554,3,UP|DOWN|UP,55.630286250|55.729110938|55.976172656,0.152354571|0.357340720|0.869806094
7-9.mid,1459,119.0356715625,119.4897309375,0.45405937499999993,454.05937499999993,3,UP|DOWN|UP,119.053032656|119.272049531|119.429634844,0.038235294|0.520588235|0.867647059
7-9.mid,1725,146.394084375,146.8080796875,0.413995312499992,413.995312499992,3,UP|DOWN|UP,146.410110000|146.586391875|146.645152500,0.038709677|0.464516129|0.606451613
7-9.mid,2468,222.06307921875,222.49310015625,0.4300209374999895,430.0209374999895,3,UP|DOWN|UP,222.071092031|222.228677344|222.485087344,0.018633540|0.385093168|0.981366460
7-9.mid,3495,298.2448940625,298.722991875,0.47809781249998196,478.09781249998196,3,UP|DOWN|UP,298.244894063|298.422511406|298.658889375,0.000000000|0.371508380|0.865921788
7-10.mid,244,23.4641859375,24.2601253125,0.7959393749999997,795.9393749999997,3,UP|DOWN|UP,23.510927344|23.591055469|23.997037969,0.058724832|0.159395973|0.669463087
7-10.mid,276,27.23287875,27.96872203125,0.7358432812499984,735.8432812499984,3,UP|DOWN|UP,27.254246250|27.373102969|27.788433750,0.029038113|0.190562613|0.754990926
7-10.mid,565,55.55683546875,56.0389396875,0.48210421874999554,482.10421874999554,3,UP|DOWN|UP,55.630286250|55.729110938|55.976172656,0.152354571|0.357340720|0.869806094
7-10.mid,1459,119.0356715625,119.4897309375,0.45405937499999993,454.05937499999993,3,UP|DOWN|UP,119.053032656|119.272049531|119.429634844,0.038235294|0.520588235|0.867647059
7-10.mid,1725,146.394084375,146.8080796875,0.413995312499992,413.995312499992,3,UP|DOWN|UP,146.410110000|146.586391875|146.645152500,0.038709677|0.464516129|0.606451613
7-10.mid,2468,222.06307921875,222.49310015625,0.4300209374999895,430.0209374999895,3,UP|DOWN|UP,222.071092031|222.228677344|222.485087344,0.018633540|0.385093168|0.981366460
7-10.mid,3495,298.2448940625,298.722991875,0.47809781249998196,478.09781249998196,3,UP|DOWN|UP,298.244894063|298.422511406|298.658889375,0.000000000|0.371508380|0.865921788
8-0.mid,22,4.0625,4.6484375,0.5859375,585.9375,3,UP|DOWN|UP,4.093750000|4.231770833|4.618489583,0.053333333|0.288888889|0.948888889
8-0.mid,80,12.274739583333334,12.888020833333334,0.61328125,613.28125,3,UP|DOWN|UP,12.317708333|12.505208333|12.861979167,0.070063694|0.375796178|0.957537155
8-0.mid,94,14.0703125,14.5625,0.4921875,492.1875,3,UP|DOWN|UP,14.079427083|14.216145833|14.545572917,0.018518519|0.296296296|0.965608466
8-0.mid,114,17.368489583333332,18.553385416666668,1.1848958333333357,1184.8958333333358,3,UP|DOWN|UP,17.428385417|17.608072917|17.864583333,0.050549451|0.202197802|0.418681319
8-0.mid,139,20.981770833333332,22.166666666666668,1.1848958333333357,1184.8958333333358,3,DOWN|UP|DOWN,21.153645833|21.380208333|21.934895833,0.145054945|0.336263736|0.804395604
8-0.mid,742,100.03776041666667,101.64453125,1.6067708333333286,1606.7708333333285,3,UP|DOWN|UP,100.166666667|100.433593750|100.832031250,0.080226904|0.246353323|0.494327391
8-0.mid,811,111.6640625,112.12109375,0.45703125,457.03125,3,UP|DOWN|UP,111.677083333|111.795572917|112.092447917,0.028490028|0.287749288|0.937321937
8-0.mid,814,113.47005208333333,115.30338541666667,1.8333333333333428,1833.3333333333428,3,DOWN|UP|DOWN,113.557291667|114.230468750|115.151041667,0.047585227|0.414772727|0.916903409
8-0.mid,1242,166.99348958333334,167.41536458333334,0.421875,421.875,3,DOWN|UP|DOWN,167.046875000|167.225260417|167.412760417,0.126543210|0.549382716|0.993827160
8-0.mid,1284,172.94921875,173.625,0.67578125,675.78125,3,UP|DOWN|UP,173.009114583|173.147135417|173.611979167,0.088631985|0.292870906|0.980732177
8-0.mid,1316,177.01041666666666,177.4921875,0.4817708333333428,481.7708333333428,3,UP|DOWN|UP,177.067708333|177.244791667|177.453125000,0.118918919|0.486486486|0.918918919
8-0.mid,1320,178.12890625,179.41927083333334,1.2903645833333428,1290.3645833333428,3,UP|DOWN|UP,178.207031250|178.354166667|178.751302083,0.060544904|0.174571140|0.482341070
8-0.mid,1334,180.05208333333334,181.19401041666666,1.1419270833333144,1141.9270833333144,3,DOWN|UP|DOWN,180.143229167|180.351562500|180.946614583,0.079817560|0.262257697|0.783352338
8-0.mid,1347,181.79036458333334,183.00651041666666,1.2161458333333144,1216.1458333333144,3,DOWN|UP|DOWN,181.967447917|182.243489583|182.846354167,0.145610278|0.372591006|0.868308351
8-1.mid,22,4.0625,4.6484375,0.5859375,585.9375,3,UP|DOWN|UP,4.093750000|4.231770833|4.618489583,0.053333333|0.288888889|0.948888889
8-1.mid,80,12.274739583333334,12.888020833333334,0.61328125,613.28125,3,UP|DOWN|UP,12.317708333|12.505208333|12.861979167,0.070063694|0.375796178|0.957537155
8-1.mid,94,14.0703125,14.5625,0.4921875,492.1875,3,UP|DOWN|UP,14.079427083|14.216145833|14.545572917,0.018518519|0.296296296|0.965608466
8-1.mid,114,17.368489583333332,18.553385416666668,1.1848958333333357,1184.8958333333358,3,UP|DOWN|UP,17.428385417|17.608072917|17.864583333,0.050549451|0.202197802|0.418681319
8-1.mid,139,20.981770833333332,22.166666666666668,1.1848958333333357,1184.8958333333358,3,DOWN|UP|DOWN,21.153645833|21.380208333|21.934895833,0.145054945|0.336263736|0.804395604
8-1.mid,742,100.03776041666667,101.64453125,1.6067708333333286,1606.7708333333285,3,UP|DOWN|UP,100.166666667|100.433593750|100.832031250,0.080226904|0.246353323|0.494327391
8-1.mid,811,111.6640625,112.12109375,0.45703125,457.03125,3,UP|DOWN|UP,111.677083333|111.795572917|112.092447917,0.028490028|0.287749288|0.937321937
8-1.mid,814,113.47005208333333,115.30338541666667,1.8333333333333428,1833.3333333333428,3,DOWN|UP|DOWN,113.557291667|114.230468750|115.151041667,0.047585227|0.414772727|0.916903409
8-1.mid,1242,166.99348958333334,167.41536458333334,0.421875,421.875,3,DOWN|UP|DOWN,167.046875000|167.225260417|167.412760417,0.126543210|0.549382716|0.993827160
8-1.mid,1284,172.94921875,173.625,0.67578125,675.78125,3,UP|DOWN|UP,173.009114583|173.147135417|173.611979167,0.088631985|0.292870906|0.980732177
8-1.mid,1316,177.01041666666666,177.4921875,0.4817708333333428,481.7708333333428,3,UP|DOWN|UP,177.067708333|177.244791667|177.453125000,0.118918919|0.486486486|0.918918919
8-1.mid,1320,178.12890625,179.41927083333334,1.2903645833333428,1290.3645833333428,3,UP|DOWN|UP,178.207031250|178.354166667|178.751302083,0.060544904|0.174571140|0.482341070
8-1.mid,1334,180.05208333333334,181.19401041666666,1.1419270833333144,1141.9270833333144,3,DOWN|UP|DOWN,180.143229167|180.351562500|180.946614583,0.079817560|0.262257697|0.783352338
8-1.mid,1347,181.79036458333334,183.00651041666666,1.2161458333333144,1216.1458333333144,3,DOWN|UP|DOWN,181.967447917|182.243489583|182.846354167,0.145610278|0.372591006|0.868308351
8-2.mid,22,4.0625,4.6484375,0.5859375,585.9375,3,UP|DOWN|UP,4.093750000|4.231770833|4.618489583,0.053333333|0.288888889|0.948888889
8-2.mid,80,12.274739583333334,12.888020833333334,0.61328125,613.28125,3,UP|DOWN|UP,12.317708333|12.505208333|12.861979167,0.070063694|0.375796178|0.957537155
8-2.mid,94,14.0703125,14.5625,0.4921875,492.1875,3,UP|DOWN|UP,14.079427083|14.216145833|14.545572917,0.018518519|0.296296296|0.965608466
8-2.mid,114,17.368489583333332,18.553385416666668,1.1848958333333357,1184.8958333333358,3,UP|DOWN|UP,17.428385417|17.608072917|17.864583333,0.050549451|0.202197802|0.418681319
8-2.mid,139,20.981770833333332,22.166666666666668,1.1848958333333357,1184.8958333333358,3,DOWN|UP|DOWN,21.153645833|21.380208333|21.934895833,0.145054945|0.336263736|0.804395604
8-2.mid,742,100.03776041666667,101.64453125,1.6067708333333286,1606.7708333333285,3,UP|DOWN|UP,100.166666667|100.433593750|100.832031250,0.080226904|0.246353323|0.494327391
8-2.mid,811,111.6640625,112.12109375,0.45703125,457.03125,3,UP|DOWN|UP,111.677083333|111.795572917|112.092447917,0.028490028|0.287749288|0.937321937
8-2.mid,814,113.47005208333333,115.30338541666667,1.8333333333333428,1833.3333333333428,3,DOWN|UP|DOWN,113.557291667|114.230468750|115.151041667,0.047585227|0.414772727|0.916903409
8-2.mid,1242,166.99348958333334,167.41536458333334,0.421875,421.875,3,DOWN|UP|DOWN,167.046875000|167.225260417|167.412760417,0.126543210|0.549382716|0.993827160
8-2.mid,1284,172.94921875,173.625,0.67578125,675.78125,3,UP|DOWN|UP,173.009114583|173.147135417|173.611979167,0.088631985|0.292870906|0.980732177
8-2.mid,1316,177.01041666666666,177.4921875,0.4817708333333428,481.7708333333428,3,UP|DOWN|UP,177.067708333|177.244791667|177.453125000,0.118918919|0.486486486|0.918918919
8-2.mid,1320,178.12890625,179.41927083333334,1.2903645833333428,1290.3645833333428,3,UP|DOWN|UP,178.207031250|178.354166667|178.751302083,0.060544904|0.174571140|0.482341070
8-2.mid,1334,180.05208333333334,181.19401041666666,1.1419270833333144,1141.9270833333144,3,DOWN|UP|DOWN,180.143229167|180.351562500|180.946614583,0.079817560|0.262257697|0.783352338
8-2.mid,1347,181.79036458333334,183.00651041666666,1.2161458333333144,1216.1458333333144,3,DOWN|UP|DOWN,181.967447917|182.243489583|182.846354167,0.145610278|0.372591006|0.868308351
8-3.mid,22,4.0625,4.6484375,0.5859375,585.9375,3,UP|DOWN|UP,4.093750000|4.231770833|4.618489583,0.053333333|0.288888889|0.948888889
8-3.mid,80,12.274739583333334,12.888020833333334,0.61328125,613.28125,3,UP|DOWN|UP,12.317708333|12.505208333|12.861979167,0.070063694|0.375796178|0.957537155
8-3.mid,94,14.0703125,14.5625,0.4921875,492.1875,3,UP|DOWN|UP,14.079427083|14.216145833|14.545572917,0.018518519|0.296296296|0.965608466
8-3.mid,114,17.368489583333332,18.553385416666668,1.1848958333333357,1184.8958333333358,3,UP|DOWN|UP,17.428385417|17.608072917|17.864583333,0.050549451|0.202197802|0.418681319
8-3.mid,139,20.981770833333332,22.166666666666668,1.1848958333333357,1184.8958333333358,3,DOWN|UP|DOWN,21.153645833|21.380208333|21.934895833,0.145054945|0.336263736|0.804395604
8-3.mid,742,100.03776041666667,101.64453125,1.6067708333333286,1606.7708333333285,3,UP|DOWN|UP,100.166666667|100.433593750|100.832031250,0.080226904|0.246353323|0.494327391
8-3.mid,811,111.6640625,112.12109375,0.45703125,457.03125,3,UP|DOWN|UP,111.677083333|111.795572917|112.092447917,0.028490028|0.287749288|0.937321937
8-3.mid,814,113.47005208333333,115.30338541666667,1.8333333333333428,1833.3333333333428,3,DOWN|UP|DOWN,113.557291667|114.230468750|115.151041667,0.047585227|0.414772727|0.916903409
8-3.mid,1242,166.99348958333334,167.41536458333334,0.421875,421.875,3,DOWN|UP|DOWN,167.046875000|167.225260417|167.412760417,0.126543210|0.549382716|0.993827160
8-3.mid,1284,172.94921875,173.625,0.67578125,675.78125,3,UP|DOWN|UP,173.009114583|173.147135417|173.611979167,0.088631985|0.292870906|0.980732177
8-3.mid,1316,177.01041666666666,177.4921875,0.4817708333333428,481.7708333333428,3,UP|DOWN|UP,177.067708333|177.244791667|177.453125000,0.118918919|0.486486486|0.918918919
8-3.mid,1320,178.12890625,179.41927083333334,1.2903645833333428,1290.3645833333428,3,UP|DOWN|UP,178.207031250|178.354166667|178.751302083,0.060544904|0.174571140|0.482341070
8-3.mid,1334,180.05208333333334,181.19401041666666,1.1419270833333144,1141.9270833333144,3,DOWN|UP|DOWN,180.143229167|180.351562500|180.946614583,0.079817560|0.262257697|0.783352338
8-3.mid,1347,181.79036458333334,183.00651041666666,1.2161458333333144,1216.1458333333144,3,DOWN|UP|DOWN,181.967447917|182.243489583|182.846354167,0.145610278|0.372591006|0.868308351
8-4.mid,22,4.0625,4.6484375,0.5859375,585.9375,3,UP|DOWN|UP,4.093750000|4.231770833|4.618489583,0.053333333|0.288888889|0.948888889
8-4.mid,80,12.274739583333334,12.888020833333334,0.61328125,613.28125,3,UP|DOWN|UP,12.317708333|12.505208333|12.861979167,0.070063694|0.375796178|0.957537155
8-4.mid,94,14.0703125,14.5625,0.4921875,492.1875,3,UP|DOWN|UP,14.079427083|14.216145833|14.545572917,0.018518519|0.296296296|0.965608466
8-4.mid,114,17.368489583333332,18.553385416666668,1.1848958333333357,1184.8958333333358,3,UP|DOWN|UP,17.428385417|17.608072917|17.864583333,0.050549451|0.202197802|0.418681319
8-4.mid,139,20.981770833333332,22.166666666666668,1.1848958333333357,1184.8958333333358,3,DOWN|UP|DOWN,21.153645833|21.380208333|21.934895833,0.145054945|0.336263736|0.804395604
8-4.mid,742,100.03776041666667,101.64453125,1.6067708333333286,1606.7708333333285,3,UP|DOWN|UP,100.166666667|100.433593750|100.832031250,0.080226904|0.246353323|0.494327391
8-4.mid,811,111.6640625,112.12109375,0.45703125,457.03125,3,UP|DOWN|UP,111.677083333|111.795572917|112.092447917,0.028490028|0.287749288|0.937321937
8-4.mid,814,113.47005208333333,115.30338541666667,1.8333333333333428,1833.3333333333428,3,DOWN|UP|DOWN,113.557291667|114.230468750|115.151041667,0.047585227|0.414772727|0.916903409
8-4.mid,1242,166.99348958333334,167.41536458333334,0.421875,421.875,3,DOWN|UP|DOWN,167.046875000|167.225260417|167.412760417,0.126543210|0.549382716|0.993827160
8-4.mid,1284,172.94921875,173.625,0.67578125,675.78125,3,UP|DOWN|UP,173.009114583|173.147135417|173.611979167,0.088631985|0.292870906|0.980732177
8-4.mid,1316,177.01041666666666,177.4921875,0.4817708333333428,481.7708333333428,3,UP|DOWN|UP,177.067708333|177.244791667|177.453125000,0.118918919|0.486486486|0.918918919
8-4.mid,1320,178.12890625,179.41927083333334,1.2903645833333428,1290.3645833333428,3,UP|DOWN|UP,178.207031250|178.354166667|178.751302083,0.060544904|0.174571140|0.482341070
8-4.mid,1334,180.05208333333334,181.19401041666666,1.1419270833333144,1141.9270833333144,3,DOWN|UP|DOWN,180.143229167|180.351562500|180.946614583,0.079817560|0.262257697|0.783352338
8-4.mid,1347,181.79036458333334,183.00651041666666,1.2161458333333144,1216.1458333333144,3,DOWN|UP|DOWN,181.967447917|182.243489583|182.846354167,0.145610278|0.372591006|0.868308351
8-5.mid,1249,158.80416666666665,161.7125,2.90833333333336,2908.33333333336,3,DOWN|UP|DOWN,158.867708333|159.385416667|161.270833333,0.021848138|0.199856734|0.848137536
8-6.mid,1249,158.80416666666665,161.7125,2.90833333333336,2908.33333333336,3,DOWN|UP|DOWN,158.867708333|159.385416667|161.270833333,0.021848138|0.199856734|0.848137536
8-7.mid,1249,158.80416666666665,161.7125,2.90833333333336,2908.33333333336,3,DOWN|UP|DOWN,158.867708333|159.385416667|161.270833333,0.021848138|0.199856734|0.848137536
8-8.mid,1249,158.80416666666665,161.7125,2.90833333333336,2908.33333333336,3,DOWN|UP|DOWN,158.867708333|159.385416667|161.270833333,0.021848138|0.199856734|0.848137536
8-9.mid,1249,158.80416666666665,161.7125,2.90833333333336,2908.33333333336,3,DOWN|UP|DOWN,158.867708333|159.385416667|161.270833333,0.021848138|0.199856734|0.848137536
9-1.mid,3020,261.75777482083333,262.4789265395833,0.7211517187499794,721.1517187499794,3,UP|DOWN|UP,261.787689263|262.006705710|262.413755792,0.041481481|0.345185185|0.909629630
9-2.mid,3020,261.75777482083333,262.4789265395833,0.7211517187499794,721.1517187499794,3,UP|DOWN|UP,261.787689263|262.006705710|262.413755792,0.041481481|0.345185185|0.909629630
9-3.mid,1133,94.48177083333333,94.90625,0.4244791666666714,424.4791666666714,3,UP|DOWN|UP,94.502604167|94.709635417|94.868489583,0.049079755|0.536809816|0.911042945
9-3.mid,1161,99.22005208333333,99.96614583333333,0.74609375,746.09375,3,UP|DOWN|UP,99.250000000|99.447916667|99.930989583,0.040139616|0.305410122|0.952879581
9-3.mid,1925,170.328125,170.49348958333334,0.1653645833333428,165.3645833333428,3,DOWN|UP|DOWN,170.373697917|170.393229167|170.472656250,0.275590551|0.393700787|0.874015748
9-3.mid,2929,254.51953125,254.97135416666666,0.4518229166666572,451.8229166666572,4,UP|DOWN|UP|DOWN,254.563802083|254.772135417|254.871093750|254.970052083,0.097982709|0.559077810|0.778097983|0.997118156
9-4.mid,1883,168.08072916666666,168.25390625,0.1731770833333428,173.1770833333428,3,DOWN|UP|DOWN,168.085937500|168.126302083|168.243489583,0.030075188|0.263157895|0.939849624
9-4.mid,1887,168.28255208333334,168.48567708333334,0.203125,203.125,3,UP|DOWN|UP,168.303385417|168.393229167|168.471354167,0.102564103|0.544871795|0.929487179
9-5.mid,1883,168.08072916666666,168.25390625,0.1731770833333428,173.1770833333428,3,DOWN|UP|DOWN,168.085937500|168.126302083|168.243489583,0.030075188|0.263157895|0.939849624
9-5.mid,1887,168.28255208333334,168.48567708333334,0.203125,203.125,3,UP|DOWN|UP,168.303385417|168.393229167|168.471354167,0.102564103|0.544871795|0.929487179
9-7.mid,1854,150.97498197291665,153.55830768541668,2.5833257125000273,2583.3257125000273,3,UP|DOWN|UP,151.041221094|152.218568048|153.257026523,0.025641026|0.481389578|0.883374690
9-8.mid,1854,150.97498197291665,153.55830768541668,2.5833257125000273,2583.3257125000273,3,UP|DOWN|UP,151.041221094|152.218568048|153.257026523,0.025641026|0.481389578|0.883374690
9-9.mid,1876,147.52864583333334,150.36979166666666,2.8411458333333144,2841.1458333333144,3,UP|DOWN|UP,147.574218750|148.029947917|150.105468750,0.016040330|0.176443630|0.906966086
9-10.mid,1856,162.165625,165.978125,3.8125,3812.5,3,UP|DOWN|UP,162.215625000|164.717708333|165.796875000,0.013114754|0.669398907|0.952459016
9-10.mid,1897,168.63645833333334,171.06354166666665,2.4270833333333144,2427.0833333333144,4,DOWN|UP|DOWN|UP,169.219791667|169.456250000|169.696875000|171.056250000,0.240343348|0.337768240|0.436909871|0.996995708
9-10.mid,2952,257.1489583333333,257.584375,0.435416666666697,435.416666666697,3,UP|DOWN|UP,257.157291667|257.278125000|257.577083333,0.019138756|0.296650718|0.983253589
9-11.mid,1856,162.165625,165.978125,3.8125,3812.5,3,UP|DOWN|UP,162.215625000|164.717708333|165.796875000,0.013114754|0.669398907|0.952459016
9-11.mid,1897,168.63645833333334,171.06354166666665,2.4270833333333144,2427.0833333333144,4,DOWN|UP|DOWN|UP,169.219791667|169.456250000|169.696875000|171.056250000,0.240343348|0.337768240|0.436909871|0.996995708
9-11.mid,2952,257.1489583333333,257.584375,0.435416666666697,435.416666666697,3,UP|DOWN|UP,257.157291667|257.278125000|257.577083333,0.019138756|0.296650718|0.983253589
9-12.mid,1897,153.31875,158.028125,4.709374999999994,4709.3749999999945,3,UP|DOWN|UP,153.330208333|154.764583333|156.665625000,0.002433090|0.307011723|0.710683477
9-13.mid,1897,153.31875,158.028125,4.709374999999994,4709.3749999999945,3,UP|DOWN|UP,153.330208333|154.764583333|156.665625000,0.002433090|0.307011723|0.710683477
10-0.mid,1374,97.20476390625,101.116351875,3.9115879687500126,3911.587968750013,4,UP|DOWN|UP|DOWN,97.276879219|97.841782500|99.139858125|100.496694375,0.018436326|0.162854216|0.494708091|0.841584158
11-1.mid,155,8.834392875,9.009606375,0.1752134999999999,175.2134999999999,3,UP|DOWN|UP,8.844008250|8.924136375|9.002127750,0.054878049|0.512195122|0.957317073
11-1.mid,358,17.26280325,17.428401375,0.16559812499999893,165.59812499999893,3,DOWN|UP|DOWN,17.269213500|17.365367250|17.405965500,0.038709677|0.619354839|0.864516129
11-1.mid,499,22.753182375,22.881387375,0.12820499999999768,128.20499999999768,3,UP|DOWN|UP,22.758524250|22.779891750|22.878182250,0.041666667|0.208333333|0.975000000
12-0.mid,411,25.53282703125,25.89874546875,0.3659184374999995,365.9184374999995,3,UP|DOWN|UP,25.546181719|25.665038438|25.872036094,0.036496350|0.361313869|0.927007299
12-0.mid,516,32.34905953125,33.32662265625,0.9775631250000032,977.5631250000032,3,UP|DOWN|UP,32.349059531|32.608140469|33.191740313,0.000000000|0.265027322|0.862021858
12-0.mid,1196,69.76889390625,74.13854765625,4.369653749999998,4369.653749999998,4,UP|DOWN|UP|DOWN,69.794267812|70.930751719|72.911251875|73.466806875,0.005806846|0.265892421|0.719132029|0.846271394
12-0.mid,1486,114.48305859375,114.8422996875,0.3592410937500006,359.2410937500006,3,UP|DOWN|UP,114.484394063|114.604586250|114.831615938,0.003717472|0.338289963|0.970260223
12-0.mid,2213,209.82751453125,210.186755625,0.3592410937500006,359.2410937500006,3,UP|DOWN|UP,209.827514531|209.925003750|210.162717187,0.000000000|0.271375465|0.933085502
12-0.mid,3065,300.66876984375,300.99462421875,0.3258543750000058,325.8543750000058,3,UP|DOWN|UP,300.676782656|300.764923594|300.923844375,0.024590164|0.295081967|0.782786885
12-0.mid,3431,324.9489271875,326.05603078125,1.1071035937500255,1107.1035937500255,3,UP|DOWN|UP,325.003681406|325.141234688|325.786266094,0.049457177|0.173703257|0.756332931
12-0.mid,4319,387.74667421875,390.57786796875,2.8311937500000113,2831.1937500000113,3,UP|DOWN|UP,387.901588594|388.553297344|389.237057344,0.054716981|0.284905660|0.526415094
12-1.mid,411,25.53282703125,25.89874546875,0.3659184374999995,365.9184374999995,3,UP|DOWN|UP,25.546181719|25.665038438|25.872036094,0.036496350|0.361313869|0.927007299
12-1.mid,516,32.34905953125,33.32662265625,0.9775631250000032,977.5631250000032,3,UP|DOWN|UP,32.349059531|32.608140469|33.191740313,0.000000000|0.265027322|0.862021858
12-1.mid,1196,69.76889390625,74.13854765625,4.369653749999998,4369.653749999998,4,UP|DOWN|UP|DOWN,69.794267812|70.930751719|72.911251875|73.466806875,0.005806846|0.265892421|0.719132029|0.846271394
12-1.mid,1486,114.48305859375,114.8422996875,0.3592410937500006,359.2410937500006,3,UP|DOWN|UP,114.484394063|114.604586250|114.831615938,0.003717472|0.338289963|0.970260223
12-1.mid,2213,209.82751453125,210.186755625,0.3592410937500006,359.2410937500006,3,UP|DOWN|UP,209.827514531|209.925003750|210.162717187,0.000000000|0.271375465|0.933085502
12-1.mid,3065,300.66876984375,300.99462421875,0.3258543750000058,325.8543750000058,3,UP|DOWN|UP,300.676782656|300.764923594|300.923844375,0.024590164|0.295081967|0.782786885
12-1.mid,3431,324.9489271875,326.05603078125,1.1071035937500255,1107.1035937500255,3,UP|DOWN|UP,325.003681406|325.141234688|325.786266094,0.049457177|0.173703257|0.756332931
12-1.mid,4319,387.74667421875,390.57786796875,2.8311937500000113,2831.1937500000113,3,UP|DOWN|UP,387.901588594|388.553297344|389.237057344,0.054716981|0.284905660|0.526415094
12-2.mid,411,25.53282703125,25.89874546875,0.3659184374999995,365.9184374999995,3,UP|DOWN|UP,25.546181719|25.665038438|25.872036094,0.036496350|0.361313869|0.927007299
12-2.mid,516,32.34905953125,33.32662265625,0.9775631250000032,977.5631250000032,3,UP|DOWN|UP,32.349059531|32.608140469|33.191740313,0.000000000|0.265027322|0.862021858
12-2.mid,1196,69.76889390625,74.13854765625,4.369653749999998,4369.653749999998,4,UP|DOWN|UP|DOWN,69.794267812|70.930751719|72.911251875|73.466806875,0.005806846|0.265892421|0.719132029|0.846271394
12-2.mid,1486,114.48305859375,114.8422996875,0.3592410937500006,359.2410937500006,3,UP|DOWN|UP,114.484394063|114.604586250|114.831615938,0.003717472|0.338289963|0.970260223
12-2.mid,2213,209.82751453125,210.186755625,0.3592410937500006,359.2410937500006,3,UP|DOWN|UP,209.827514531|209.925003750|210.162717187,0.000000000|0.271375465|0.933085502
12-2.mid,3065,300.66876984375,300.99462421875,0.3258543750000058,325.8543750000058,3,UP|DOWN|UP,300.676782656|300.764923594|300.923844375,0.024590164|0.295081967|0.782786885
12-2.mid,3431,324.9489271875,326.05603078125,1.1071035937500255,1107.1035937500255,3,UP|DOWN|UP,325.003681406|325.141234688|325.786266094,0.049457177|0.173703257|0.756332931
12-2.mid,4319,387.74667421875,390.57786796875,2.8311937500000113,2831.1937500000113,3,UP|DOWN|UP,387.901588594|388.553297344|389.237057344,0.054716981|0.284905660|0.526415094
12-3.mid,411,25.53282703125,25.89874546875,0.3659184374999995,365.9184374999995,3,UP|DOWN|UP,25.546181719|25.665038438|25.872036094,0.036496350|0.361313869|0.927007299
12-3.mid,516,32.34905953125,33.32662265625,0.9775631250000032,977.5631250000032,3,UP|DOWN|UP,32.349059531|32.608140469|33.191740313,0.000000000|0.265027322|0.862021858
12-3.mid,1196,69.76889390625,74.13854765625,4.369653749999998,4369.653749999998,4,UP|DOWN|UP|DOWN,69.794267812|70.930751719|72.911251875|73.466806875,0.005806846|0.265892421|0.719132029|0.846271394
12-3.mid,1486,114.48305859375,114.8422996875,0.3592410937500006,359.2410937500006,3,UP|DOWN|UP,114.484394063|114.604586250|114.831615938,0.003717472|0.338289963|0.970260223
12-3.mid,2213,209.82751453125,210.186755625,0.3592410937500006,359.2410937500006,3,UP|DOWN|UP,209.827514531|209.925003750|210.162717187,0.000000000|0.271375465|0.933085502
12-3.mid,3065,300.66876984375,300.99462421875,0.3258543750000058,325.8543750000058,3,UP|DOWN|UP,300.676782656|300.764923594|300.923844375,0.024590164|0.295081967|0.782786885
12-3.mid,3431,324.9489271875,326.05603078125,1.1071035937500255,1107.1035937500255,3,UP|DOWN|UP,325.003681406|325.141234688|325.786266094,0.049457177|0.173703257|0.756332931
12-3.mid,4319,387.74667421875,390.57786796875,2.8311937500000113,2831.1937500000113,3,UP|DOWN|UP,387.901588594|388.553297344|389.237057344,0.054716981|0.284905660|0.526415094
12-4.mid,411,25.53282703125,25.89874546875,0.3659184374999995,365.9184374999995,3,UP|DOWN|UP,25.546181719|25.665038438|25.872036094,0.036496350|0.361313869|0.927007299
12-4.mid,516,32.34905953125,33.32662265625,0.9775631250000032,977.5631250000032,3,UP|DOWN|UP,32.349059531|32.608140469|33.191740313,0.000000000|0.265027322|0.862021858
12-4.mid,1196,69.76889390625,74.13854765625,4.369653749999998,4369.653749999998,4,UP|DOWN|UP|DOWN,69.794267812|70.930751719|72.911251875|73.466806875,0.005806846|0.265892421|0.719132029|0.846271394
12-4.mid,1486,114.48305859375,114.8422996875,0.3592410937500006,359.2410937500006,3,UP|DOWN|UP,114.484394063|114.604586250|114.831615938,0.003717472|0.338289963|0.970260223
12-4.mid,2213,209.82751453125,210.186755625,0.3592410937500006,359.2410937500006,3,UP|DOWN|UP,209.827514531|209.925003750|210.162717187,0.000000000|0.271375465|0.933085502
12-4.mid,3065,300.66876984375,300.99462421875,0.3258543750000058,325.8543750000058,3,UP|DOWN|UP,300.676782656|300.764923594|300.923844375,0.024590164|0.295081967|0.782786885
12-4.mid,3431,324.9489271875,326.05603078125,1.1071035937500255,1107.1035937500255,3,UP|DOWN|UP,325.003681406|325.141234688|325.786266094,0.049457177|0.173703257|0.756332931
12-4.mid,4319,387.74667421875,390.57786796875,2.8311937500000113,2831.1937500000113,3,UP|DOWN|UP,387.901588594|388.553297344|389.237057344,0.054716981|0.284905660|0.526415094
13-0.mid,2994,167.89453125,168.17708333333334,0.2825520833333428,282.5520833333428,3,DOWN|UP|DOWN,167.963541667|168.080729167|168.160156250,0.244239631|0.658986175|0.940092166
13-0.mid,4439,240.6796875,240.82161458333334,0.1419270833333428,141.9270833333428,3,DOWN|UP|DOWN,240.679687500|240.757812500|240.817708333,0.000000000|0.550458716|0.972477064
13-0.mid,4465,242.48828125,242.66536458333334,0.1770833333333428,177.0833333333428,3,DOWN|UP|DOWN,242.494791667|242.622395833|242.662760417,0.036764706|0.757352941|0.985294118
13-4.mid,866,70.30989583333333,70.79817708333333,0.48828125,488.28125,3,DOWN|UP|DOWN,70.333333333|70.670572917|70.789062500,0.048000000|0.738666667|0.981333333
13-5.mid,866,72.453125,73.02473958333333,0.5716145833333286,571.6145833333286,3,DOWN|UP|DOWN,72.550781250|72.798177083|73.015625000,0.170842825|0.603644647|0.984054670
13-5.mid,2498,184.79947916666666,185.13671875,0.3372395833333428,337.2395833333428,3,DOWN|UP|DOWN,184.912760417|185.031250000|185.131510417,0.335907336|0.687258687|0.984555985
13-7.mid,920,76.15364583333333,76.64322916666667,0.4895833333333428,489.5833333333428,3,UP|DOWN|UP,76.231770833|76.329687500|76.638020833,0.159574468|0.359574468|0.989361702
13-7.mid,979,80.38541666666667,80.84791666666668,0.4625000000000057,462.5000000000057,3,UP|DOWN|UP,80.401041667|80.480729167|80.827083333,0.033783784|0.206081081|0.954954955
13-8.mid,875,59.4359375,59.9015625,0.46562499999999574,465.62499999999574,3,DOWN|UP|DOWN,59.501562500|59.735937500|59.871354167,0.140939597|0.644295302|0.935123043
13-8.mid,2378,145.70364583333335,145.98697916666666,0.283333333333303,283.333333333303,3,DOWN|UP|DOWN,145.779687500|145.917187500|145.975520833,0.268382353|0.753676471|0.959558824
15-1.mid,764,92.29691625,93.825760875,1.528844625000005,1528.844625000005,3,DOWN|UP|DOWN,92.296916250|92.979607875|93.700761000,0.000000000|0.446540881|0.918238994
15-1.mid,2245,275.022160875,275.599083375,0.5769225000000233,576.9225000000233,3,UP|DOWN|UP,275.104425750|275.183485500|275.450579250,0.142592593|0.279629630|0.742592593
15-1.mid,2390,292.156759125,294.78816675,2.6314076250000085,2631.4076250000085,3,UP|DOWN|UP,292.466587875|292.703767125|294.602269500,0.117742590|0.207876573|0.929354446
15-1.mid,2579,324.314846625,324.666342,0.35149537500001315,351.49537500001315,3,UP|DOWN|UP,324.342624375|324.400316625|324.665273625,0.079027356|0.243161094|0.996960486
15-2.mid,231,36.99114890625,39.8530584375,2.8619095312500065,2861.9095312500067,3,UP|DOWN|UP,37.202152969|38.143658438|39.362941406,0.073728418|0.402706486|0.828744750
15-2.mid,1446,176.15233453125,177.44640375,1.2940692187499963,1294.0692187499963,3,DOWN|UP|DOWN,176.201746875|177.001692656|177.358262812,0.038183695|0.656346749|0.931888545
15-2.mid,1519,190.46321765625,191.48885765625,1.0256399999999815,1025.6399999999815,3,UP|DOWN|UP,190.547352187|190.704937500|191.180364375,0.082031250|0.235677083|0.699218750
15-2.mid,2216,284.6551640625,285.41771671875,0.7625526562500227,762.5526562500227,3,UP|DOWN|UP,284.879522812|284.919586875|285.354949687,0.294220665|0.346760070|0.917688266
17-0.mid,3510,239.46458333333334,240.78958333333335,1.325000000000017,1325.000000000017,3,DOWN|UP|DOWN,239.505208333|239.745833333|240.764583333,0.030660377|0.212264151|0.981132075
17-2.mid,1384,95.97621259583333,96.68454383958334,0.7083312437500098,708.3312437500098,3,UP|DOWN|UP,96.030699615|96.131126669|96.671723365,0.076923077|0.218702866|0.981900452
17-5.mid,973,64.34956171875,64.73684765625,0.3872859375000104,387.2859375000104,3,UP|DOWN|UP,64.353568125|64.421677031|64.719486562,0.010344828|0.186206897|0.955172414
17-5.mid,1697,109.27473046875,110.04930234375,0.7745718750000066,774.5718750000066,3,UP|DOWN|UP,109.274730469|109.402935469|109.779537656,0.000000000|0.165517241|0.651724138
17-5.mid,3526,238.68966515625,240.9639684375,2.2743032812500132,2274.3032812500132,3,UP|DOWN|UP,238.723051875|238.801844531|240.525934688,0.014679977|0.049324721|0.807398708
17-5.mid,3951,265.50854859375,266.3378746875,0.8293260937500122,829.3260937500122,3,UP|DOWN|UP,265.545941719|265.606037813|266.022704062,0.045088567|0.117552335|0.619967794
17-7.mid,3994,230.07421875,230.36458333333334,0.2903645833333428,290.3645833333428,3,UP|DOWN|UP,230.074218750|230.164062500|230.361979167,0.000000000|0.309417040|0.991031390
17-8.mid,1386,95.02749744583333,96.00933215625,0.9818347104166634,981.8347104166634,3,UP|DOWN|UP,95.041386294|95.101215177|95.537111327,0.014145811|0.075081610|0.519042437
17-12.mid,2210,136.2367775875,136.345751625,0.10897403749999057,108.97403749999057,4,UP|DOWN|UP|DOWN,136.236777588|136.236777588|136.252803181|136.293401352,0.000000000|0.000000000|0.147058824|0.519607843
17-12.mid,4116,260.95329001458333,261.319741925,0.3664519104166857,366.4519104166857,3,UP|DOWN|UP,260.953290015|260.992819812|261.306921450,0.000000000|0.107871720|0.965014577
17-14.mid,3759,251.14691765625,252.75482203125,1.607904375000004,1607.904375000004,3,UP|DOWN|UP,251.166949687|251.948198906|252.672022969,0.012458472|0.498338870|0.948504983
17-14.mid,4245,274.3400034375,274.75399875,0.413995312499992,413.995312499992,3,DOWN|UP|DOWN,274.345345313|274.711263750|274.751327812,0.012903226|0.896774194|0.993548387
17-15.mid,4039,276.554210625,277.5237609375,0.9695503125000187,969.5503125000187,3,DOWN|UP|DOWN,276.966870469|277.203248438|277.509070781,0.425619835|0.669421488|0.984848485
17-16.mid,3489,226.180329375,227.2567171875,1.0763878124999735,1076.3878124999735,3,DOWN|UP|DOWN,226.185671250|226.719858750|227.205969375,0.004962779|0.501240695|0.952853598
18-0.mid,19,8.080729166666668,10.614583333333334,2.533854166666666,2533.854166666666,4,UP|DOWN|UP|DOWN,8.250000000|8.695312500|9.615885417|10.074218750,0.066803700|0.242548818|0.605858171|0.786742035
18-0.mid,31,13.7421875,18.69140625,4.94921875,4949.21875,4,UP|DOWN|UP|DOWN,13.934895833|14.350260417|16.291666667|17.777343750,0.038937122|0.122862405|0.515127598|0.815311760
18-0.mid,55,25.307291666666668,27.565104166666668,2.2578125,2257.8125,4,UP|DOWN|UP|DOWN,25.490885417|25.878906250|26.739583333|27.136718750,0.081314879|0.253171857|0.634371396|0.810265283
18-0.mid,67,30.751302083333332,35.680989583333336,4.9296875000000036,4929.687500000004,4,UP|DOWN|UP|DOWN,30.957031250|31.354166667|33.434895833|34.351562500,0.041732699|0.122292657|0.544374010|0.730322240
18-0.mid,208,69.76302083333333,70.2578125,0.4947916666666714,494.7916666666714,3,UP|DOWN|UP,69.825520833|69.963541667|70.221354167,0.126315789|0.405263158|0.926315789
18-0.mid,248,75.18489583333333,75.73828125,0.5533854166666714,553.3854166666714,3,UP|DOWN|UP,75.235677083|75.434895833|75.720052083,0.091764706|0.451764706|0.967058824
18-0.mid,298,80.64453125,81.10546875,0.4609375,460.9375,3,UP|DOWN|UP,80.704427083|80.843750000|81.082031250,0.129943503|0.432203390|0.949152542
18-0.mid,623,129.70833333333331,131.99088541666669,2.2825520833333712,2282.5520833333712,3,UP|DOWN|UP,129.906250000|130.162760417|131.183593750,0.086708500|0.199087279|0.646320593
18-0.mid,638,133.98046875,136.00520833333334,2.024739583333343,2024.7395833333428,4,UP|DOWN|UP|DOWN,134.024739583|134.322916667|135.024739583|135.322916667,0.021864952|0.169131833|0.515755627|0.663022508
18-0.mid,650,137.50520833333334,139.24609375,1.7408854166666572,1740.8854166666572,4,UP|DOWN|UP|DOWN,137.531250000|137.805989583|138.501302083|138.906250000,0.014958863|0.172774869|0.572176515|0.804786836
18-0.mid,653,141.10677083333334,142.87109375,1.7643229166666572,1764.3229166666572,4,UP|DOWN|UP|DOWN,141.208333333|141.505208333|142.427083333|142.635416667,0.057564576|0.225830258|0.748339483|0.866420664
18-0.mid,667,144.57682291666666,146.15104166666666,1.57421875,1574.21875,4,UP|DOWN|UP|DOWN,144.654947917|144.971354167|145.532552083|145.690104167,0.049627792|0.250620347|0.607113317|0.707196030
18-0.mid,681,148.0234375,149.77864583333334,1.7552083333333428,1755.2083333333428,4,UP|DOWN|UP|DOWN,148.166666667|148.532552083|149.088541667|149.265625000,0.081602374|0.290059347|0.606824926|0.707715134
18-0.mid,696,152.05859375,154.01822916666666,1.9596354166666572,1959.6354166666572,4,UP|DOWN|UP|DOWN,152.246093750|152.770833333|153.464843750|153.731770833,0.095681063|0.363455150|0.717607973|0.853820598
18-0.mid,923,203.359375,204.64583333333334,1.2864583333333428,1286.4583333333428,3,UP|DOWN|UP,203.391927083|203.658854167|204.313802083,0.025303644|0.232793522|0.741902834
18-0.mid,1039,225.8828125,227.28515625,1.40234375,1402.34375,3,UP|DOWN|UP,225.955729167|226.154947917|226.937500000,0.051996286|0.194057567|0.752089136
18-0.mid,1214,259.67838541666663,261.02994791666663,1.3515625,1351.5625,3,UP|DOWN|UP,259.781250000|259.959635417|260.703125000,0.076107900|0.208092486|0.758188825
18-0.mid,1248,266.40885416666663,268.40234375,1.9934895833333712,1993.4895833333712,4,UP|DOWN|UP|DOWN,266.473958333|266.580729167|267.117187500|268.076822917,0.032658393|0.086218158|0.355323318|0.836708034
18-0.mid,1258,269.2018229166667,271.90234375,2.7005208333333144,2700.5208333333144,4,UP|DOWN|UP|DOWN,269.278645833|269.377604167|270.039062500|270.494791667,0.028447445|0.065091610|0.310028930|0.478784957
18-0.mid,1267,273.32421875,277.4244791666667,4.100260416666686,4100.260416666686,3,UP|DOWN|UP,273.415364583|273.604166667|276.000000000,0.022229279|0.068275643|0.652588123
18-0.mid,2019,356.6510416666667,359.1848958333333,2.5338541666666288,2533.8541666666288,4,UP|DOWN|UP|DOWN,356.770833333|357.087239583|358.483072917|358.928385417,0.047276465|0.172147996|0.723021583|0.898766701
18-0.mid,2038,366.89453125,367.6744791666667,0.7799479166666856,779.9479166666856,3,UP|DOWN|UP,366.930989583|367.108072917|367.388020833,0.046744574|0.273789649|0.632721202
18-0.mid,2133,386.78125,389.2578125,2.4765625,2476.5625,4,UP|DOWN|UP|DOWN,386.933593750|387.191406250|388.231770833|388.467447917,0.061514196|0.165615142|0.585699264|0.680862250
18-0.mid,2151,393.1419270833333,393.953125,0.8111979166666856,811.1979166666856,3,UP|DOWN|UP,393.166666667|393.343750000|393.630208333,0.030497592|0.248796148|0.601926164
18-0.mid,2251,414.2330729166667,416.97265625,2.7395833333333144,2739.5833333333144,4,UP|DOWN|UP|DOWN,414.335937500|414.701822917|416.136718750|416.533854167,0.037547529|0.171102662|0.694866920|0.839828897
18-0.mid,2339,429.1302083333333,430.4231770833333,1.29296875,1292.96875,3,UP|DOWN|UP,429.136718750|429.354166667|429.778645833,0.005035247|0.173212487|0.501510574
18-0.mid,2397,442.2916666666667,444.5807291666667,2.2890625,2289.0625,3,UP|DOWN|UP,442.334635417|442.513020833|443.799479167,0.018771331|0.096700796|0.658703072
18-0.mid,2517,459.6953125,460.7864583333333,1.0911458333333144,1091.1458333333144,3,UP|DOWN|UP,459.718750000|459.936197917|460.372395833,0.021479714|0.220763723|0.620525060
18-0.mid,2564,471.4674479166667,473.8828125,2.4153645833333144,2415.3645833333144,4,UP|DOWN|UP|DOWN,471.670572917|471.962239583|472.919270833|473.136718750,0.084097035|0.204851752|0.601078167|0.691105121
18-0.mid,2587,479.8125,482.6471354166667,2.8346354166666856,2834.6354166666856,4,UP|DOWN|UP|DOWN,479.881510417|480.118489583|480.958333333|481.641927083,0.024345429|0.107946716|0.404225999|0.645383555
18-0.mid,2596,484.0846354166667,485.3424479166667,1.2578125,1257.8125,3,UP|DOWN|UP,484.084635417|484.359375000|485.023437500,0.000000000|0.218426501|0.746376812
18-0.mid,2610,488.8203125,490.9986979166667,2.1783854166666856,2178.3854166666856,4,UP|DOWN|UP|DOWN,488.880208333|489.138020833|490.079427083|490.703125000,0.027495517|0.145845786|0.578003586|0.864315601
18-0.mid,2619,492.328125,493.53515625,1.20703125,1207.03125,3,UP|DOWN|UP,492.415364583|492.662760417|493.138020833,0.072276160|0.277238403|0.670981661
18-0.mid,2633,496.7161458333333,498.51171875,1.7955729166666856,1795.5729166666856,3,DOWN|UP|DOWN,496.824218750|497.804687500|498.101562500,0.060188542|0.606236403|0.771573604
18-0.mid,3421,591.2421875,598.6822916666666,7.440104166666629,7440.104166666629,4,UP|DOWN|UP|DOWN,591.872395833|592.526041667|596.307291667|597.345052083,0.084704235|0.172558628|0.680784039|0.820266013
18-0.mid,3440,604.9518229166666,606.9127604166666,1.9609375,1960.9375,4,UP|DOWN|UP|DOWN,605.128906250|605.466145833|606.109375000|606.328125000,0.090305445|0.262284197|0.590305445|0.701859230
18-0.mid,3451,609.9283854166666,613.890625,3.9622395833333712,3962.2395833333712,4,UP|DOWN|UP|DOWN,610.050781250|610.326822917|611.734375000|612.674479167,0.030890569|0.100558659|0.455800197|0.693066053
18-0.mid,3476,620.61328125,622.6302083333334,2.0169270833333712,2016.9270833333712,4,UP|DOWN|UP|DOWN,620.752604167|621.089843750|621.791666667|622.089843750,0.069076824|0.236281472|0.584247902|0.732085216
18-0.mid,3488,625.5885416666666,629.30859375,3.7200520833333712,3720.0520833333712,4,UP|DOWN|UP|DOWN,625.820312500|626.195312500|627.997395833|628.471354167,0.062303115|0.163108155|0.647532377|0.774938747
18-0.mid,3682,655.2890625,656.0950520833334,0.8059895833333712,805.9895833333712,3,UP|DOWN|UP,655.372395833|655.471354167|656.036458333,0.103392569|0.226171244|0.927302100
18-0.mid,3696,659.0963541666666,659.4348958333334,0.33854166666674246,338.54166666674246,3,UP|DOWN|UP,659.115885417|659.174479167|659.416666667,0.057692308|0.230769231|0.946153846
18-0.mid,3861,683.26953125,685.0416666666666,1.7721354166666288,1772.1354166666288,4,UP|DOWN|UP|DOWN,683.450520833|683.796875000|684.333333333|684.619791667,0.102130786|0.297575312|0.600293902|0.761939750
19-0.mid,418,92.7375,94.3521875,1.6146875000000023,1614.6875000000023,3,UP|DOWN|UP,92.741562500|93.261562500|94.340625000,0.002515967|0.324559706|0.992839172
19-0.mid,1138,216.5384375,218.1040625,1.5656250000000114,1565.6250000000114,3,UP|DOWN|UP,216.556250000|217.137500000|218.057187500,0.011377246|0.382634731|0.970059880
19-1.mid,338,81.1728125,81.605,0.4321874999999977,432.1874999999977,3,UP|DOWN|UP,81.182187500|81.379062500|81.603125000,0.021691974|0.477223427|0.995661605
19-1.mid,595,134.21125,134.6353125,0.4240624999999909,424.0624999999909,3,UP|DOWN|UP,134.300000000|134.539375000|134.596875000,0.209285188|0.773765660|0.909358880
19-1.mid,614,138.1790625,140.4425,2.263437500000009,2263.437500000009,3,UP|DOWN|UP,138.219687500|139.016562500|139.836250000,0.017948364|0.370012426|0.732155184
19-1.mid,1141,246.028125,247.739375,1.7112500000000068,1711.2500000000068,3,UP|DOWN|UP,246.034375000|246.633125000|247.735312500,0.003652301|0.353542732|0.997626004
20-0.mid,1162,85.31642109375,86.50765921875,1.1912381250000124,1191.2381250000124,3,UP|DOWN|UP,85.357820625|85.515405938|85.993503750,0.034753363|0.167040359|0.568385650
20-3.mid,2892,230.7342778125,231.2177175,0.4834396874999811,483.4396874999811,3,UP|DOWN|UP,230.758316250|230.877172969|231.204362812,0.049723757|0.295580110|0.972375691
21-3.mid,4578,388.0097615625,388.47584015625,0.46607859375001226,466.07859375001226,3,UP|DOWN|UP,388.019109844|388.097902500|388.473169219,0.020057307|0.189111748|0.994269341
21-4.mid,4578,388.0097615625,388.47584015625,0.46607859375001226,466.07859375001226,3,UP|DOWN|UP,388.019109844|388.097902500|388.473169219,0.020057307|0.189111748|0.994269341
21-5.mid,4578,388.0097615625,388.47584015625,0.46607859375001226,466.07859375001226,3,UP|DOWN|UP,388.019109844|388.097902500|388.473169219,0.020057307|0.189111748|0.994269341
21-6.mid,4578,388.0097615625,388.47584015625,0.46607859375001226,466.07859375001226,3,UP|DOWN|UP,388.019109844|388.097902500|388.473169219,0.020057307|0.189111748|0.994269341
22-2.mid,807,63.157552083333336,64.91927083333334,1.761718750000007,1761.718750000007,3,DOWN|UP|DOWN,63.200520833|63.960937500|64.725260417,0.024390244|0.456023651|0.889874353
22-3.mid,807,63.157552083333336,64.91927083333334,1.761718750000007,1761.718750000007,3,DOWN|UP|DOWN,63.200520833|63.960937500|64.725260417,0.024390244|0.456023651|0.889874353
