performance_path,piece_id,composer,title,class_id,class_name,count,ratio,token_count
Bach/Fugue/bwv_846/Shi05M.mid,piece_95144f66af25b32c,Bach,Fugue_bwv_846,0,ZERO,752,0.2493368700265252,3016
Bach/Fugue/bwv_846/Shi05M.mid,piece_95144f66af25b32c,Bach,Fugue_bwv_846,1,LOW,642,0.21286472148541113,3016
Bach/Fugue/bwv_846/Shi05M.mid,piece_95144f66af25b32c,Bach,Fugue_bwv_846,2,MID,634,0.21021220159151194,3016
Bach/Fugue/bwv_846/Shi05M.mid,piece_95144f66af25b32c,Bach,Fugue_bwv_846,3,HIGH,379,0.1256631299734748,3016
Bach/Fugue/bwv_846/Shi05M.mid,piece_95144f66af25b32c,Bach,Fugue_bwv_846,4,FULL,609,0.20192307692307693,3016
Bach/Fugue/bwv_848/Denisova06M.mid,piece_03244c28858cefca,Bach,Fugue_bwv_848,0,ZERO,5703,0.9935540069686412,5740
Bach/Fugue/bwv_848/Denisova06M.mid,piece_03244c28858cefca,Bach,Fugue_bwv_848,1,LOW,4,0.0006968641114982578,5740
Bach/Fugue/bwv_848/Denisova06M.mid,piece_03244c28858cefca,Bach,Fugue_bwv_848,2,MID,33,0.005749128919860627,5740
Bach/Fugue/bwv_848/Denisova06M.mid,piece_03244c28858cefca,Bach,Fugue_bwv_848,3,HIGH,0,0.0,5740
Bach/Fugue/bwv_848/Denisova06M.mid,piece_03244c28858cefca,Bach,Fugue_bwv_848,4,FULL,0,0.0,5740
Bach/Fugue/bwv_848/Lee01M.mid,piece_03244c28858cefca,Bach,Fugue_bwv_848,0,ZERO,2572,0.4471488178025035,5752
Bach/Fugue/bwv_848/Lee01M.mid,piece_03244c28858cefca,Bach,Fugue_bwv_848,1,LOW,2826,0.49130737134909597,5752
Bach/Fugue/bwv_848/Lee01M.mid,piece_03244c28858cefca,Bach,Fugue_bwv_848,2,MID,223,0.03876912378303199,5752
Bach/Fugue/bwv_848/Lee01M.mid,piece_03244c28858cefca,Bach,Fugue_bwv_848,3,HIGH,44,0.0076495132127955496,5752
Bach/Fugue/bwv_848/Lee01M.mid,piece_03244c28858cefca,Bach,Fugue_bwv_848,4,FULL,87,0.015125173852573018,5752
Bach/Fugue/bwv_848/LeeSH01M.mid,piece_03244c28858cefca,Bach,Fugue_bwv_848,0,ZERO,4999,0.8745626312106368,5716
Bach/Fugue/bwv_848/LeeSH01M.mid,piece_03244c28858cefca,Bach,Fugue_bwv_848,1,LOW,198,0.03463960811756473,5716
Bach/Fugue/bwv_848/LeeSH01M.mid,piece_03244c28858cefca,Bach,Fugue_bwv_848,2,MID,219,0.03831350594821554,5716
Bach/Fugue/bwv_848/LeeSH01M.mid,piece_03244c28858cefca,Bach,Fugue_bwv_848,3,HIGH,26,0.004548635409377187,5716
Bach/Fugue/bwv_848/LeeSH01M.mid,piece_03244c28858cefca,Bach,Fugue_bwv_848,4,FULL,274,0.04793561931420574,5716
Bach/Fugue/bwv_848/Lin04M.mid,piece_03244c28858cefca,Bach,Fugue_bwv_848,0,ZERO,5563,0.9718728162124388,5724
Bach/Fugue/bwv_848/Lin04M.mid,piece_03244c28858cefca,Bach,Fugue_bwv_848,1,LOW,20,0.0034940600978336828,5724
Bach/Fugue/bwv_848/Lin04M.mid,piece_03244c28858cefca,Bach,Fugue_bwv_848,2,MID,87,0.01519916142557652,5724
Bach/Fugue/bwv_848/Lin04M.mid,piece_03244c28858cefca,Bach,Fugue_bwv_848,3,HIGH,54,0.009433962264150943,5724
Bach/Fugue/bwv_848/Lin04M.mid,piece_03244c28858cefca,Bach,Fugue_bwv_848,4,FULL,0,0.0,5724
Bach/Fugue/bwv_848/Lou01M.mid,piece_03244c28858cefca,Bach,Fugue_bwv_848,0,ZERO,2748,0.479413817166783,5732
Bach/Fugue/bwv_848/Lou01M.mid,piece_03244c28858cefca,Bach,Fugue_bwv_848,1,LOW,2835,0.49459176552686673,5732
Bach/Fugue/bwv_848/Lou01M.mid,piece_03244c28858cefca,Bach,Fugue_bwv_848,2,MID,129,0.02250523377529658,5732
Bach/Fugue/bwv_848/Lou01M.mid,piece_03244c28858cefca,Bach,Fugue_bwv_848,3,HIGH,10,0.0017445917655268667,5732
Bach/Fugue/bwv_848/Lou01M.mid,piece_03244c28858cefca,Bach,Fugue_bwv_848,4,FULL,10,0.0017445917655268667,5732
Bach/Fugue/bwv_848/MiyashitaM01M.mid,piece_03244c28858cefca,Bach,Fugue_bwv_848,0,ZERO,406,0.07058414464534075,5752
Bach/Fugue/bwv_848/MiyashitaM01M.mid,piece_03244c28858cefca,Bach,Fugue_bwv_848,1,LOW,5164,0.8977746870653686,5752
Bach/Fugue/bwv_848/MiyashitaM01M.mid,piece_03244c28858cefca,Bach,Fugue_bwv_848,2,MID,94,0.01634214186369958,5752
Bach/Fugue/bwv_848/MiyashitaM01M.mid,piece_03244c28858cefca,Bach,Fugue_bwv_848,3,HIGH,8,0.0013908205841446453,5752
Bach/Fugue/bwv_848/MiyashitaM01M.mid,piece_03244c28858cefca,Bach,Fugue_bwv_848,4,FULL,80,0.013908205841446454,5752
Bach/Fugue/bwv_848/Mizumoto03M.mid,piece_03244c28858cefca,Bach,Fugue_bwv_848,0,ZERO,5653,0.9814236111111111,5760
Bach/Fugue/bwv_848/Mizumoto03M.mid,piece_03244c28858cefca,Bach,Fugue_bwv_848,1,LOW,59,0.010243055555555556,5760
Bach/Fugue/bwv_848/Mizumoto03M.mid,piece_03244c28858cefca,Bach,Fugue_bwv_848,2,MID,22,0.0038194444444444443,5760
Bach/Fugue/bwv_848/Mizumoto03M.mid,piece_03244c28858cefca,Bach,Fugue_bwv_848,3,HIGH,7,0.0012152777777777778,5760
Bach/Fugue/bwv_848/Mizumoto03M.mid,piece_03244c28858cefca,Bach,Fugue_bwv_848,4,FULL,19,0.003298611111111111,5760
Bach/Fugue/bwv_848/SunY01M.mid,piece_03244c28858cefca,Bach,Fugue_bwv_848,0,ZERO,4219,0.7370719776380154,5724
Bach/Fugue/bwv_848/SunY01M.mid,piece_03244c28858cefca,Bach,Fugue_bwv_848,1,LOW,1133,0.19793850454227813,5724
Bach/Fugue/bwv_848/SunY01M.mid,piece_03244c28858cefca,Bach,Fugue_bwv_848,2,MID,172,0.03004891684136967,5724
Bach/Fugue/bwv_848/SunY01M.mid,piece_03244c28858cefca,Bach,Fugue_bwv_848,3,HIGH,45,0.007861635220125786,5724
Bach/Fugue/bwv_848/SunY01M.mid,piece_03244c28858cefca,Bach,Fugue_bwv_848,4,FULL,155,0.027078965758211043,5724
Bach/Fugue/bwv_848/Zhou01M.mid,piece_03244c28858cefca,Bach,Fugue_bwv_848,0,ZERO,5667,0.9907342657342657,5720
Bach/Fugue/bwv_848/Zhou01M.mid,piece_03244c28858cefca,Bach,Fugue_bwv_848,1,LOW,25,0.004370629370629371,5720
Bach/Fugue/bwv_848/Zhou01M.mid,piece_03244c28858cefca,Bach,Fugue_bwv_848,2,MID,13,0.0022727272727272726,5720
Bach/Fugue/bwv_848/Zhou01M.mid,piece_03244c28858cefca,Bach,Fugue_bwv_848,3,HIGH,2,0.00034965034965034965,5720
Bach/Fugue/bwv_848/Zhou01M.mid,piece_03244c28858cefca,Bach,Fugue_bwv_848,4,FULL,13,0.0022727272727272726,5720
Bach/Fugue/bwv_856/LuoJ01M.mid,piece_9c4cbf5a26ef339d,Bach,Fugue_bwv_856,0,ZERO,7,0.002364864864864865,2960
Bach/Fugue/bwv_856/LuoJ01M.mid,piece_9c4cbf5a26ef339d,Bach,Fugue_bwv_856,1,LOW,2953,0.9976351351351351,2960
Bach/Fugue/bwv_856/LuoJ01M.mid,piece_9c4cbf5a26ef339d,Bach,Fugue_bwv_856,2,MID,0,0.0,2960
Bach/Fugue/bwv_856/LuoJ01M.mid,piece_9c4cbf5a26ef339d,Bach,Fugue_bwv_856,3,HIGH,0,0.0,2960
Bach/Fugue/bwv_856/LuoJ01M.mid,piece_9c4cbf5a26ef339d,Bach,Fugue_bwv_856,4,FULL,0,0.0,2960
Bach/Fugue/bwv_857/Bult-ItoS02M.mid,piece_ab87564eee000628,Bach,Fugue_bwv_857,0,ZERO,445,0.07946428571428571,5600
Bach/Fugue/bwv_857/Bult-ItoS02M.mid,piece_ab87564eee000628,Bach,Fugue_bwv_857,1,LOW,2874,0.5132142857142857,5600
Bach/Fugue/bwv_857/Bult-ItoS02M.mid,piece_ab87564eee000628,Bach,Fugue_bwv_857,2,MID,1751,0.3126785714285714,5600
Bach/Fugue/bwv_857/Bult-ItoS02M.mid,piece_ab87564eee000628,Bach,Fugue_bwv_857,3,HIGH,251,0.044821428571428575,5600
Bach/Fugue/bwv_857/Bult-ItoS02M.mid,piece_ab87564eee000628,Bach,Fugue_bwv_857,4,FULL,279,0.04982142857142857,5600
Bach/Fugue/bwv_857/Lan01M.mid,piece_ab87564eee000628,Bach,Fugue_bwv_857,0,ZERO,25,0.004619364375461937,5412
Bach/Fugue/bwv_857/Lan01M.mid,piece_ab87564eee000628,Bach,Fugue_bwv_857,1,LOW,5387,0.995380635624538,5412
Bach/Fugue/bwv_857/Lan01M.mid,piece_ab87564eee000628,Bach,Fugue_bwv_857,2,MID,0,0.0,5412
Bach/Fugue/bwv_857/Lan01M.mid,piece_ab87564eee000628,Bach,Fugue_bwv_857,3,HIGH,0,0.0,5412
Bach/Fugue/bwv_857/Lan01M.mid,piece_ab87564eee000628,Bach,Fugue_bwv_857,4,FULL,0,0.0,5412
Bach/Fugue/bwv_857/Lisiecki04M.mid,piece_ab87564eee000628,Bach,Fugue_bwv_857,0,ZERO,5294,0.9840148698884759,5380
Bach/Fugue/bwv_857/Lisiecki04M.mid,piece_ab87564eee000628,Bach,Fugue_bwv_857,1,LOW,10,0.0018587360594795538,5380
Bach/Fugue/bwv_857/Lisiecki04M.mid,piece_ab87564eee000628,Bach,Fugue_bwv_857,2,MID,54,0.010037174721189592,5380
Bach/Fugue/bwv_857/Lisiecki04M.mid,piece_ab87564eee000628,Bach,Fugue_bwv_857,3,HIGH,22,0.004089219330855019,5380
Bach/Fugue/bwv_857/Lisiecki04M.mid,piece_ab87564eee000628,Bach,Fugue_bwv_857,4,FULL,0,0.0,5380
Bach/Fugue/bwv_857/ToA01M.mid,piece_ab87564eee000628,Bach,Fugue_bwv_857,0,ZERO,955,0.1754224834680382,5444
Bach/Fugue/bwv_857/ToA01M.mid,piece_ab87564eee000628,Bach,Fugue_bwv_857,1,LOW,2160,0.3967670830271859,5444
Bach/Fugue/bwv_857/ToA01M.mid,piece_ab87564eee000628,Bach,Fugue_bwv_857,2,MID,1465,0.26910360029390157,5444
Bach/Fugue/bwv_857/ToA01M.mid,piece_ab87564eee000628,Bach,Fugue_bwv_857,3,HIGH,292,0.05363703159441587,5444
Bach/Fugue/bwv_857/ToA01M.mid,piece_ab87564eee000628,Bach,Fugue_bwv_857,4,FULL,572,0.10506980161645849,5444
Bach/Fugue/bwv_857/WangA01M.mid,piece_ab87564eee000628,Bach,Fugue_bwv_857,0,ZERO,2430,0.4533582089552239,5360
Bach/Fugue/bwv_857/WangA01M.mid,piece_ab87564eee000628,Bach,Fugue_bwv_857,1,LOW,1550,0.2891791044776119,5360
Bach/Fugue/bwv_857/WangA01M.mid,piece_ab87564eee000628,Bach,Fugue_bwv_857,2,MID,560,0.1044776119402985,5360
Bach/Fugue/bwv_857/WangA01M.mid,piece_ab87564eee000628,Bach,Fugue_bwv_857,3,HIGH,102,0.019029850746268655,5360
Bach/Fugue/bwv_857/WangA01M.mid,piece_ab87564eee000628,Bach,Fugue_bwv_857,4,FULL,718,0.13395522388059702,5360
Bach/Fugue/bwv_857/YuP01M.mid,piece_ab87564eee000628,Bach,Fugue_bwv_857,0,ZERO,3046,0.5607511045655376,5432
Bach/Fugue/bwv_857/YuP01M.mid,piece_ab87564eee000628,Bach,Fugue_bwv_857,1,LOW,1177,0.21667893961708395,5432
Bach/Fugue/bwv_857/YuP01M.mid,piece_ab87564eee000628,Bach,Fugue_bwv_857,2,MID,554,0.10198821796759941,5432
Bach/Fugue/bwv_857/YuP01M.mid,piece_ab87564eee000628,Bach,Fugue_bwv_857,3,HIGH,152,0.027982326951399118,5432
Bach/Fugue/bwv_857/YuP01M.mid,piece_ab87564eee000628,Bach,Fugue_bwv_857,4,FULL,503,0.09259941089837997,5432
Bach/Fugue/bwv_858/VuV01M.mid,piece_8d6589d771d00836,Bach,Fugue_bwv_858,0,ZERO,3039,0.8682857142857143,3500
Bach/Fugue/bwv_858/VuV01M.mid,piece_8d6589d771d00836,Bach,Fugue_bwv_858,1,LOW,336,0.096,3500
Bach/Fugue/bwv_858/VuV01M.mid,piece_8d6589d771d00836,Bach,Fugue_bwv_858,2,MID,113,0.032285714285714286,3500
Bach/Fugue/bwv_858/VuV01M.mid,piece_8d6589d771d00836,Bach,Fugue_bwv_858,3,HIGH,1,0.00028571428571428574,3500
Bach/Fugue/bwv_858/VuV01M.mid,piece_8d6589d771d00836,Bach,Fugue_bwv_858,4,FULL,11,0.003142857142857143,3500
Bach/Fugue/bwv_858/Zhang01M.mid,piece_8d6589d771d00836,Bach,Fugue_bwv_858,0,ZERO,3552,1.0,3552
Bach/Fugue/bwv_858/Zhang01M.mid,piece_8d6589d771d00836,Bach,Fugue_bwv_858,1,LOW,0,0.0,3552
Bach/Fugue/bwv_858/Zhang01M.mid,piece_8d6589d771d00836,Bach,Fugue_bwv_858,2,MID,0,0.0,3552
Bach/Fugue/bwv_858/Zhang01M.mid,piece_8d6589d771d00836,Bach,Fugue_bwv_858,3,HIGH,0,0.0,3552
Bach/Fugue/bwv_858/Zhang01M.mid,piece_8d6589d771d00836,Bach,Fugue_bwv_858,4,FULL,0,0.0,3552
Bach/Fugue/bwv_860/Ko04M.mid,piece_ab33880c0bc19a7a,Bach,Fugue_bwv_860,0,ZERO,5856,0.8418631397354802,6956
Bach/Fugue/bwv_860/Ko04M.mid,piece_ab33880c0bc19a7a,Bach,Fugue_bwv_860,1,LOW,125,0.0179700977573318,6956
Bach/Fugue/bwv_860/Ko04M.mid,piece_ab33880c0bc19a7a,Bach,Fugue_bwv_860,2,MID,597,0.08582518688901668,6956
Bach/Fugue/bwv_860/Ko04M.mid,piece_ab33880c0bc19a7a,Bach,Fugue_bwv_860,3,HIGH,252,0.03622771707878091,6956
Bach/Fugue/bwv_860/Ko04M.mid,piece_ab33880c0bc19a7a,Bach,Fugue_bwv_860,4,FULL,126,0.018113858539390456,6956
Bach/Fugue/bwv_860/Nikiforov05M.mid,piece_ab33880c0bc19a7a,Bach,Fugue_bwv_860,0,ZERO,2264,0.32342857142857145,7000
Bach/Fugue/bwv_860/Nikiforov05M.mid,piece_ab33880c0bc19a7a,Bach,Fugue_bwv_860,1,LOW,4667,0.6667142857142857,7000
Bach/Fugue/bwv_860/Nikiforov05M.mid,piece_ab33880c0bc19a7a,Bach,Fugue_bwv_860,2,MID,69,0.009857142857142858,7000
Bach/Fugue/bwv_860/Nikiforov05M.mid,piece_ab33880c0bc19a7a,Bach,Fugue_bwv_860,3,HIGH,0,0.0,7000
Bach/Fugue/bwv_860/Nikiforov05M.mid,piece_ab33880c0bc19a7a,Bach,Fugue_bwv_860,4,FULL,0,0.0,7000
Bach/Fugue/bwv_860/Tetzloff04M.mid,piece_ab33880c0bc19a7a,Bach,Fugue_bwv_860,0,ZERO,4842,0.6854473386183465,7064
Bach/Fugue/bwv_860/Tetzloff04M.mid,piece_ab33880c0bc19a7a,Bach,Fugue_bwv_860,1,LOW,901,0.12754813137032842,7064
Bach/Fugue/bwv_860/Tetzloff04M.mid,piece_ab33880c0bc19a7a,Bach,Fugue_bwv_860,2,MID,906,0.1282559456398641,7064
Bach/Fugue/bwv_860/Tetzloff04M.mid,piece_ab33880c0bc19a7a,Bach,Fugue_bwv_860,3,HIGH,201,0.028454133635334087,7064
Bach/Fugue/bwv_860/Tetzloff04M.mid,piece_ab33880c0bc19a7a,Bach,Fugue_bwv_860,4,FULL,214,0.03029445073612684,7064
Bach/Fugue/bwv_860/TuanS01M.mid,piece_ab33880c0bc19a7a,Bach,Fugue_bwv_860,0,ZERO,6577,0.9449712643678161,6960
Bach/Fugue/bwv_860/TuanS01M.mid,piece_ab33880c0bc19a7a,Bach,Fugue_bwv_860,1,LOW,65,0.009339080459770116,6960
Bach/Fugue/bwv_860/TuanS01M.mid,piece_ab33880c0bc19a7a,Bach,Fugue_bwv_860,2,MID,128,0.01839080459770115,6960
Bach/Fugue/bwv_860/TuanS01M.mid,piece_ab33880c0bc19a7a,Bach,Fugue_bwv_860,3,HIGH,26,0.003735632183908046,6960
Bach/Fugue/bwv_860/TuanS01M.mid,piece_ab33880c0bc19a7a,Bach,Fugue_bwv_860,4,FULL,164,0.023563218390804597,6960
Bach/Fugue/bwv_860/YoungS01M.mid,piece_ab33880c0bc19a7a,Bach,Fugue_bwv_860,0,ZERO,6533,0.9269296254256527,7048
Bach/Fugue/bwv_860/YoungS01M.mid,piece_ab33880c0bc19a7a,Bach,Fugue_bwv_860,1,LOW,375,0.05320658342792282,7048
Bach/Fugue/bwv_860/YoungS01M.mid,piece_ab33880c0bc19a7a,Bach,Fugue_bwv_860,2,MID,96,0.01362088535754824,7048
Bach/Fugue/bwv_860/YoungS01M.mid,piece_ab33880c0bc19a7a,Bach,Fugue_bwv_860,3,HIGH,5,0.0007094211123723042,7048
Bach/Fugue/bwv_860/YoungS01M.mid,piece_ab33880c0bc19a7a,Bach,Fugue_bwv_860,4,FULL,39,0.005533484676503973,7048
Bach/Fugue/bwv_860/ZhangH04M.mid,piece_ab33880c0bc19a7a,Bach,Fugue_bwv_860,0,ZERO,6976,1.0,6976
Bach/Fugue/bwv_860/ZhangH04M.mid,piece_ab33880c0bc19a7a,Bach,Fugue_bwv_860,1,LOW,0,0.0,6976
Bach/Fugue/bwv_860/ZhangH04M.mid,piece_ab33880c0bc19a7a,Bach,Fugue_bwv_860,2,MID,0,0.0,6976
Bach/Fugue/bwv_860/ZhangH04M.mid,piece_ab33880c0bc19a7a,Bach,Fugue_bwv_860,3,HIGH,0,0.0,6976
Bach/Fugue/bwv_860/ZhangH04M.mid,piece_ab33880c0bc19a7a,Bach,Fugue_bwv_860,4,FULL,0,0.0,6976
Bach/Fugue/bwv_862/Song04M.mid,piece_8b760d5e59bd8897,Bach,Fugue_bwv_862,0,ZERO,458,0.13191244239631336,3472
Bach/Fugue/bwv_862/Song04M.mid,piece_8b760d5e59bd8897,Bach,Fugue_bwv_862,1,LOW,1639,0.47206221198156684,3472
Bach/Fugue/bwv_862/Song04M.mid,piece_8b760d5e59bd8897,Bach,Fugue_bwv_862,2,MID,1375,0.39602534562211983,3472
Bach/Fugue/bwv_862/Song04M.mid,piece_8b760d5e59bd8897,Bach,Fugue_bwv_862,3,HIGH,0,0.0,3472
Bach/Fugue/bwv_862/Song04M.mid,piece_8b760d5e59bd8897,Bach,Fugue_bwv_862,4,FULL,0,0.0,3472
Bach/Fugue/bwv_863/LeeN01M.mid,piece_023ccee6f631dbef,Bach,Fugue_bwv_863,0,ZERO,1989,0.6278409090909091,3168
Bach/Fugue/bwv_863/LeeN01M.mid,piece_023ccee6f631dbef,Bach,Fugue_bwv_863,1,LOW,452,0.14267676767676768,3168
Bach/Fugue/bwv_863/LeeN01M.mid,piece_023ccee6f631dbef,Bach,Fugue_bwv_863,2,MID,393,0.1240530303030303,3168
Bach/Fugue/bwv_863/LeeN01M.mid,piece_023ccee6f631dbef,Bach,Fugue_bwv_863,3,HIGH,87,0.027462121212121212,3168
Bach/Fugue/bwv_863/LeeN01M.mid,piece_023ccee6f631dbef,Bach,Fugue_bwv_863,4,FULL,247,0.07796717171717171,3168
Bach/Fugue/bwv_863/Shychko01M.mid,piece_023ccee6f631dbef,Bach,Fugue_bwv_863,0,ZERO,133,0.041614518147684604,3196
Bach/Fugue/bwv_863/Shychko01M.mid,piece_023ccee6f631dbef,Bach,Fugue_bwv_863,1,LOW,2153,0.6736545682102628,3196
Bach/Fugue/bwv_863/Shychko01M.mid,piece_023ccee6f631dbef,Bach,Fugue_bwv_863,2,MID,630,0.19712140175219023,3196
Bach/Fugue/bwv_863/Shychko01M.mid,piece_023ccee6f631dbef,Bach,Fugue_bwv_863,3,HIGH,18,0.005632040050062578,3196
Bach/Fugue/bwv_863/Shychko01M.mid,piece_023ccee6f631dbef,Bach,Fugue_bwv_863,4,FULL,262,0.08197747183979975,3196
Bach/Fugue/bwv_863/TongB01M.mid,piece_023ccee6f631dbef,Bach,Fugue_bwv_863,0,ZERO,214,0.06662515566625156,3212
Bach/Fugue/bwv_863/TongB01M.mid,piece_023ccee6f631dbef,Bach,Fugue_bwv_863,1,LOW,2145,0.6678082191780822,3212
Bach/Fugue/bwv_863/TongB01M.mid,piece_023ccee6f631dbef,Bach,Fugue_bwv_863,2,MID,824,0.25653798256537985,3212
Bach/Fugue/bwv_863/TongB01M.mid,piece_023ccee6f631dbef,Bach,Fugue_bwv_863,3,HIGH,16,0.0049813200498132005,3212
Bach/Fugue/bwv_863/TongB01M.mid,piece_023ccee6f631dbef,Bach,Fugue_bwv_863,4,FULL,13,0.004047322540473225,3212
Bach/Fugue/bwv_865/Rizikov01M.mid,piece_34e87ec013c87f4e,Bach,Fugue_bwv_865,0,ZERO,1069,0.11144703919933278,9592
Bach/Fugue/bwv_865/Rizikov01M.mid,piece_34e87ec013c87f4e,Bach,Fugue_bwv_865,1,LOW,7325,0.7636572143452878,9592
Bach/Fugue/bwv_865/Rizikov01M.mid,piece_34e87ec013c87f4e,Bach,Fugue_bwv_865,2,MID,680,0.07089241034195162,9592
Bach/Fugue/bwv_865/Rizikov01M.mid,piece_34e87ec013c87f4e,Bach,Fugue_bwv_865,3,HIGH,80,0.008340283569641367,9592
Bach/Fugue/bwv_865/Rizikov01M.mid,piece_34e87ec013c87f4e,Bach,Fugue_bwv_865,4,FULL,438,0.04566305254378649,9592
Bach/Fugue/bwv_865/Teo01M.mid,piece_34e87ec013c87f4e,Bach,Fugue_bwv_865,0,ZERO,7193,0.7321864820846905,9824
Bach/Fugue/bwv_865/Teo01M.mid,piece_34e87ec013c87f4e,Bach,Fugue_bwv_865,1,LOW,1689,0.17192589576547232,9824
Bach/Fugue/bwv_865/Teo01M.mid,piece_34e87ec013c87f4e,Bach,Fugue_bwv_865,2,MID,738,0.07512214983713356,9824
Bach/Fugue/bwv_865/Teo01M.mid,piece_34e87ec013c87f4e,Bach,Fugue_bwv_865,3,HIGH,77,0.007837947882736156,9824
Bach/Fugue/bwv_865/Teo01M.mid,piece_34e87ec013c87f4e,Bach,Fugue_bwv_865,4,FULL,127,0.012927524429967427,9824
Bach/Fugue/bwv_865/ZhangE01M.mid,piece_34e87ec013c87f4e,Bach,Fugue_bwv_865,0,ZERO,8362,0.8703164029975021,9608
Bach/Fugue/bwv_865/ZhangE01M.mid,piece_34e87ec013c87f4e,Bach,Fugue_bwv_865,1,LOW,574,0.05974188176519567,9608
Bach/Fugue/bwv_865/ZhangE01M.mid,piece_34e87ec013c87f4e,Bach,Fugue_bwv_865,2,MID,493,0.051311407160699415,9608
Bach/Fugue/bwv_865/ZhangE01M.mid,piece_34e87ec013c87f4e,Bach,Fugue_bwv_865,3,HIGH,40,0.004163197335553705,9608
Bach/Fugue/bwv_865/ZhangE01M.mid,piece_34e87ec013c87f4e,Bach,Fugue_bwv_865,4,FULL,139,0.014467110741049125,9608
Bach/Fugue/bwv_866/SOLOM02.mid,piece_ff5b87b8e13622db,Bach,Fugue_bwv_866,0,ZERO,3613,0.9548097251585623,3784
Bach/Fugue/bwv_866/SOLOM02.mid,piece_ff5b87b8e13622db,Bach,Fugue_bwv_866,1,LOW,154,0.040697674418604654,3784
Bach/Fugue/bwv_866/SOLOM02.mid,piece_ff5b87b8e13622db,Bach,Fugue_bwv_866,2,MID,12,0.003171247357293869,3784
Bach/Fugue/bwv_866/SOLOM02.mid,piece_ff5b87b8e13622db,Bach,Fugue_bwv_866,3,HIGH,3,0.0007928118393234672,3784
Bach/Fugue/bwv_866/SOLOM02.mid,piece_ff5b87b8e13622db,Bach,Fugue_bwv_866,4,FULL,2,0.0005285412262156448,3784
Bach/Fugue/bwv_867/HuNY01M.mid,piece_182456f2214312df,Bach,Fugue_bwv_867,0,ZERO,1172,0.392235609103079,2988
Bach/Fugue/bwv_867/HuNY01M.mid,piece_182456f2214312df,Bach,Fugue_bwv_867,1,LOW,433,0.14491298527443106,2988
Bach/Fugue/bwv_867/HuNY01M.mid,piece_182456f2214312df,Bach,Fugue_bwv_867,2,MID,484,0.16198125836680052,2988
Bach/Fugue/bwv_867/HuNY01M.mid,piece_182456f2214312df,Bach,Fugue_bwv_867,3,HIGH,131,0.043842034805890225,2988
Bach/Fugue/bwv_867/HuNY01M.mid,piece_182456f2214312df,Bach,Fugue_bwv_867,4,FULL,768,0.2570281124497992,2988
Bach/Fugue/bwv_867/Sham01M.mid,piece_182456f2214312df,Bach,Fugue_bwv_867,0,ZERO,1187,0.40155615696887687,2956
Bach/Fugue/bwv_867/Sham01M.mid,piece_182456f2214312df,Bach,Fugue_bwv_867,1,LOW,1354,0.4580514208389716,2956
Bach/Fugue/bwv_867/Sham01M.mid,piece_182456f2214312df,Bach,Fugue_bwv_867,2,MID,48,0.016238159675236806,2956
Bach/Fugue/bwv_867/Sham01M.mid,piece_182456f2214312df,Bach,Fugue_bwv_867,3,HIGH,60,0.02029769959404601,2956
Bach/Fugue/bwv_867/Sham01M.mid,piece_182456f2214312df,Bach,Fugue_bwv_867,4,FULL,307,0.10385656292286874,2956
Bach/Fugue/bwv_868/GonzalezJ05M.mid,piece_b7d3ae5b13624524,Bach,Fugue_bwv_868,0,ZERO,2606,0.7471330275229358,3488
Bach/Fugue/bwv_868/GonzalezJ05M.mid,piece_b7d3ae5b13624524,Bach,Fugue_bwv_868,1,LOW,438,0.12557339449541285,3488
Bach/Fugue/bwv_868/GonzalezJ05M.mid,piece_b7d3ae5b13624524,Bach,Fugue_bwv_868,2,MID,347,0.09948394495412843,3488
Bach/Fugue/bwv_868/GonzalezJ05M.mid,piece_b7d3ae5b13624524,Bach,Fugue_bwv_868,3,HIGH,21,0.006020642201834863,3488
Bach/Fugue/bwv_868/GonzalezJ05M.mid,piece_b7d3ae5b13624524,Bach,Fugue_bwv_868,4,FULL,76,0.021788990825688075,3488
Bach/Fugue/bwv_870/ChenW01M.mid,piece_a4ad7b65a28a3523,Bach,Fugue_bwv_870,0,ZERO,4280,1.0,4280
Bach/Fugue/bwv_870/ChenW01M.mid,piece_a4ad7b65a28a3523,Bach,Fugue_bwv_870,1,LOW,0,0.0,4280
Bach/Fugue/bwv_870/ChenW01M.mid,piece_a4ad7b65a28a3523,Bach,Fugue_bwv_870,2,MID,0,0.0,4280
Bach/Fugue/bwv_870/ChenW01M.mid,piece_a4ad7b65a28a3523,Bach,Fugue_bwv_870,3,HIGH,0,0.0,4280
Bach/Fugue/bwv_870/ChenW01M.mid,piece_a4ad7b65a28a3523,Bach,Fugue_bwv_870,4,FULL,0,0.0,4280
Bach/Fugue/bwv_870/LeeE01M.mid,piece_a4ad7b65a28a3523,Bach,Fugue_bwv_870,0,ZERO,45,0.010724499523355576,4196
Bach/Fugue/bwv_870/LeeE01M.mid,piece_a4ad7b65a28a3523,Bach,Fugue_bwv_870,1,LOW,4108,0.9790276453765491,4196
Bach/Fugue/bwv_870/LeeE01M.mid,piece_a4ad7b65a28a3523,Bach,Fugue_bwv_870,2,MID,23,0.00548141086749285,4196
Bach/Fugue/bwv_870/LeeE01M.mid,piece_a4ad7b65a28a3523,Bach,Fugue_bwv_870,3,HIGH,9,0.0021448999046711154,4196
Bach/Fugue/bwv_870/LeeE01M.mid,piece_a4ad7b65a28a3523,Bach,Fugue_bwv_870,4,FULL,11,0.002621544327931363,4196
Bach/Fugue/bwv_870/MaximovI01M.mid,piece_a4ad7b65a28a3523,Bach,Fugue_bwv_870,0,ZERO,4305,0.9855769230769231,4368
Bach/Fugue/bwv_870/MaximovI01M.mid,piece_a4ad7b65a28a3523,Bach,Fugue_bwv_870,1,LOW,12,0.0027472527472527475,4368
Bach/Fugue/bwv_870/MaximovI01M.mid,piece_a4ad7b65a28a3523,Bach,Fugue_bwv_870,2,MID,14,0.003205128205128205,4368
Bach/Fugue/bwv_870/MaximovI01M.mid,piece_a4ad7b65a28a3523,Bach,Fugue_bwv_870,3,HIGH,6,0.0013736263736263737,4368
Bach/Fugue/bwv_870/MaximovI01M.mid,piece_a4ad7b65a28a3523,Bach,Fugue_bwv_870,4,FULL,31,0.007097069597069597,4368
Bach/Fugue/bwv_873/Lisiecki02.mid,piece_e75a4fd92837f60c,Bach,Fugue_bwv_873,0,ZERO,4858,0.8768953068592058,5540
Bach/Fugue/bwv_873/Lisiecki02.mid,piece_e75a4fd92837f60c,Bach,Fugue_bwv_873,1,LOW,438,0.07906137184115523,5540
Bach/Fugue/bwv_873/Lisiecki02.mid,piece_e75a4fd92837f60c,Bach,Fugue_bwv_873,2,MID,244,0.04404332129963899,5540
Bach/Fugue/bwv_873/Lisiecki02.mid,piece_e75a4fd92837f60c,Bach,Fugue_bwv_873,3,HIGH,0,0.0,5540
Bach/Fugue/bwv_873/Lisiecki02.mid,piece_e75a4fd92837f60c,Bach,Fugue_bwv_873,4,FULL,0,0.0,5540
Bach/Fugue/bwv_873/Lisiecki13M.mid,piece_e75a4fd92837f60c,Bach,Fugue_bwv_873,0,ZERO,5123,0.9280797101449275,5520
Bach/Fugue/bwv_873/Lisiecki13M.mid,piece_e75a4fd92837f60c,Bach,Fugue_bwv_873,1,LOW,57,0.010326086956521738,5520
Bach/Fugue/bwv_873/Lisiecki13M.mid,piece_e75a4fd92837f60c,Bach,Fugue_bwv_873,2,MID,326,0.059057971014492755,5520
Bach/Fugue/bwv_873/Lisiecki13M.mid,piece_e75a4fd92837f60c,Bach,Fugue_bwv_873,3,HIGH,14,0.002536231884057971,5520
Bach/Fugue/bwv_873/Lisiecki13M.mid,piece_e75a4fd92837f60c,Bach,Fugue_bwv_873,4,FULL,0,0.0,5520
Bach/Fugue/bwv_874/BianF01.mid,piece_fb58ccb173903f1f,Bach,Fugue_bwv_874,0,ZERO,754,0.2174163783160323,3468
Bach/Fugue/bwv_874/BianF01.mid,piece_fb58ccb173903f1f,Bach,Fugue_bwv_874,1,LOW,1234,0.3558246828143022,3468
Bach/Fugue/bwv_874/BianF01.mid,piece_fb58ccb173903f1f,Bach,Fugue_bwv_874,2,MID,1394,0.4019607843137255,3468
Bach/Fugue/bwv_874/BianF01.mid,piece_fb58ccb173903f1f,Bach,Fugue_bwv_874,3,HIGH,64,0.01845444059976932,3468
Bach/Fugue/bwv_874/BianF01.mid,piece_fb58ccb173903f1f,Bach,Fugue_bwv_874,4,FULL,22,0.006343713956170703,3468
Bach/Fugue/bwv_874/Kurz01M.mid,piece_fb58ccb173903f1f,Bach,Fugue_bwv_874,0,ZERO,51,0.014621559633027524,3488
Bach/Fugue/bwv_874/Kurz01M.mid,piece_fb58ccb173903f1f,Bach,Fugue_bwv_874,1,LOW,2711,0.7772362385321101,3488
Bach/Fugue/bwv_874/Kurz01M.mid,piece_fb58ccb173903f1f,Bach,Fugue_bwv_874,2,MID,626,0.17947247706422018,3488
Bach/Fugue/bwv_874/Kurz01M.mid,piece_fb58ccb173903f1f,Bach,Fugue_bwv_874,3,HIGH,54,0.01548165137614679,3488
Bach/Fugue/bwv_874/Kurz01M.mid,piece_fb58ccb173903f1f,Bach,Fugue_bwv_874,4,FULL,46,0.013188073394495414,3488
Bach/Fugue/bwv_874/WongWY01M.mid,piece_fb58ccb173903f1f,Bach,Fugue_bwv_874,0,ZERO,486,0.14013840830449828,3468
Bach/Fugue/bwv_874/WongWY01M.mid,piece_fb58ccb173903f1f,Bach,Fugue_bwv_874,1,LOW,1886,0.5438292964244521,3468
Bach/Fugue/bwv_874/WongWY01M.mid,piece_fb58ccb173903f1f,Bach,Fugue_bwv_874,2,MID,711,0.2050173010380623,3468
Bach/Fugue/bwv_874/WongWY01M.mid,piece_fb58ccb173903f1f,Bach,Fugue_bwv_874,3,HIGH,164,0.04728950403690888,3468
Bach/Fugue/bwv_874/WongWY01M.mid,piece_fb58ccb173903f1f,Bach,Fugue_bwv_874,4,FULL,221,0.06372549019607843,3468
Bach/Fugue/bwv_875/Ahfat01M.mid,piece_8288aa3742885356,Bach,Fugue_bwv_875,0,ZERO,98,0.030397022332506202,3224
Bach/Fugue/bwv_875/Ahfat01M.mid,piece_8288aa3742885356,Bach,Fugue_bwv_875,1,LOW,2685,0.8328163771712159,3224
Bach/Fugue/bwv_875/Ahfat01M.mid,piece_8288aa3742885356,Bach,Fugue_bwv_875,2,MID,341,0.10576923076923077,3224
Bach/Fugue/bwv_875/Ahfat01M.mid,piece_8288aa3742885356,Bach,Fugue_bwv_875,3,HIGH,39,0.012096774193548387,3224
Bach/Fugue/bwv_875/Ahfat01M.mid,piece_8288aa3742885356,Bach,Fugue_bwv_875,4,FULL,61,0.01892059553349876,3224
Bach/Fugue/bwv_875/CaoJ01M.mid,piece_8288aa3742885356,Bach,Fugue_bwv_875,0,ZERO,3169,0.9915519399249061,3196
Bach/Fugue/bwv_875/CaoJ01M.mid,piece_8288aa3742885356,Bach,Fugue_bwv_875,1,LOW,7,0.002190237797246558,3196
Bach/Fugue/bwv_875/CaoJ01M.mid,piece_8288aa3742885356,Bach,Fugue_bwv_875,2,MID,14,0.004380475594493116,3196
Bach/Fugue/bwv_875/CaoJ01M.mid,piece_8288aa3742885356,Bach,Fugue_bwv_875,3,HIGH,2,0.0006257822277847309,3196
Bach/Fugue/bwv_875/CaoJ01M.mid,piece_8288aa3742885356,Bach,Fugue_bwv_875,4,FULL,4,0.0012515644555694619,3196
Bach/Fugue/bwv_876/SirajA01M.mid,piece_a167685be68feec2,Bach,Fugue_bwv_876,0,ZERO,1486,0.5376266280752533,2764
Bach/Fugue/bwv_876/SirajA01M.mid,piece_a167685be68feec2,Bach,Fugue_bwv_876,1,LOW,624,0.22575976845151954,2764
Bach/Fugue/bwv_876/SirajA01M.mid,piece_a167685be68feec2,Bach,Fugue_bwv_876,2,MID,592,0.2141823444283647,2764
Bach/Fugue/bwv_876/SirajA01M.mid,piece_a167685be68feec2,Bach,Fugue_bwv_876,3,HIGH,34,0.012301013024602027,2764
Bach/Fugue/bwv_876/SirajA01M.mid,piece_a167685be68feec2,Bach,Fugue_bwv_876,4,FULL,28,0.010130246020260492,2764
Bach/Fugue/bwv_876/Song01M.mid,piece_a167685be68feec2,Bach,Fugue_bwv_876,0,ZERO,9,0.0031960227272727275,2816
Bach/Fugue/bwv_876/Song01M.mid,piece_a167685be68feec2,Bach,Fugue_bwv_876,1,LOW,2730,0.9694602272727273,2816
Bach/Fugue/bwv_876/Song01M.mid,piece_a167685be68feec2,Bach,Fugue_bwv_876,2,MID,33,0.01171875,2816
Bach/Fugue/bwv_876/Song01M.mid,piece_a167685be68feec2,Bach,Fugue_bwv_876,3,HIGH,3,0.001065340909090909,2816
Bach/Fugue/bwv_876/Song01M.mid,piece_a167685be68feec2,Bach,Fugue_bwv_876,4,FULL,41,0.01455965909090909,2816
Bach/Fugue/bwv_880/LeungR01M.mid,piece_26821ce443911314,Bach,Fugue_bwv_880,0,ZERO,421,0.10696138211382114,3936
Bach/Fugue/bwv_880/LeungR01M.mid,piece_26821ce443911314,Bach,Fugue_bwv_880,1,LOW,3492,0.8871951219512195,3936
Bach/Fugue/bwv_880/LeungR01M.mid,piece_26821ce443911314,Bach,Fugue_bwv_880,2,MID,6,0.001524390243902439,3936
Bach/Fugue/bwv_880/LeungR01M.mid,piece_26821ce443911314,Bach,Fugue_bwv_880,3,HIGH,0,0.0,3936
Bach/Fugue/bwv_880/LeungR01M.mid,piece_26821ce443911314,Bach,Fugue_bwv_880,4,FULL,17,0.004319105691056911,3936
Bach/Fugue/bwv_880/Sun02.mid,piece_26821ce443911314,Bach,Fugue_bwv_880,0,ZERO,3707,0.9437372708757638,3928
Bach/Fugue/bwv_880/Sun02.mid,piece_26821ce443911314,Bach,Fugue_bwv_880,1,LOW,40,0.010183299389002037,3928
Bach/Fugue/bwv_880/Sun02.mid,piece_26821ce443911314,Bach,Fugue_bwv_880,2,MID,99,0.025203665987780042,3928
Bach/Fugue/bwv_880/Sun02.mid,piece_26821ce443911314,Bach,Fugue_bwv_880,3,HIGH,35,0.008910386965376781,3928
Bach/Fugue/bwv_880/Sun02.mid,piece_26821ce443911314,Bach,Fugue_bwv_880,4,FULL,47,0.011965376782077392,3928
Bach/Fugue/bwv_880/WangA04M.mid,piece_26821ce443911314,Bach,Fugue_bwv_880,0,ZERO,3862,0.9902564102564102,3900
Bach/Fugue/bwv_880/WangA04M.mid,piece_26821ce443911314,Bach,Fugue_bwv_880,1,LOW,15,0.0038461538461538464,3900
Bach/Fugue/bwv_880/WangA04M.mid,piece_26821ce443911314,Bach,Fugue_bwv_880,2,MID,23,0.005897435897435898,3900
Bach/Fugue/bwv_880/WangA04M.mid,piece_26821ce443911314,Bach,Fugue_bwv_880,3,HIGH,0,0.0,3900
Bach/Fugue/bwv_880/WangA04M.mid,piece_26821ce443911314,Bach,Fugue_bwv_880,4,FULL,0,0.0,3900
Bach/Fugue/bwv_883/GuoE01M.mid,piece_e31f4b9d7e471762,Bach,Fugue_bwv_883,0,ZERO,171,0.029442148760330578,5808
Bach/Fugue/bwv_883/GuoE01M.mid,piece_e31f4b9d7e471762,Bach,Fugue_bwv_883,1,LOW,1413,0.24328512396694216,5808
Bach/Fugue/bwv_883/GuoE01M.mid,piece_e31f4b9d7e471762,Bach,Fugue_bwv_883,2,MID,4102,0.706267217630854,5808
Bach/Fugue/bwv_883/GuoE01M.mid,piece_e31f4b9d7e471762,Bach,Fugue_bwv_883,3,HIGH,81,0.013946280991735538,5808
Bach/Fugue/bwv_883/GuoE01M.mid,piece_e31f4b9d7e471762,Bach,Fugue_bwv_883,4,FULL,41,0.007059228650137741,5808
Bach/Fugue/bwv_883/Herbert02.mid,piece_e31f4b9d7e471762,Bach,Fugue_bwv_883,0,ZERO,5800,1.0,5800
Bach/Fugue/bwv_883/Herbert02.mid,piece_e31f4b9d7e471762,Bach,Fugue_bwv_883,1,LOW,0,0.0,5800
Bach/Fugue/bwv_883/Herbert02.mid,piece_e31f4b9d7e471762,Bach,Fugue_bwv_883,2,MID,0,0.0,5800
Bach/Fugue/bwv_883/Herbert02.mid,piece_e31f4b9d7e471762,Bach,Fugue_bwv_883,3,HIGH,0,0.0,5800
Bach/Fugue/bwv_883/Herbert02.mid,piece_e31f4b9d7e471762,Bach,Fugue_bwv_883,4,FULL,0,0.0,5800
Bach/Fugue/bwv_883/KaiRuiR03.mid,piece_e31f4b9d7e471762,Bach,Fugue_bwv_883,0,ZERO,1106,0.18860845839017734,5864
Bach/Fugue/bwv_883/KaiRuiR03.mid,piece_e31f4b9d7e471762,Bach,Fugue_bwv_883,1,LOW,4745,0.8091746248294679,5864
Bach/Fugue/bwv_883/KaiRuiR03.mid,piece_e31f4b9d7e471762,Bach,Fugue_bwv_883,2,MID,2,0.00034106412005457026,5864
Bach/Fugue/bwv_883/KaiRuiR03.mid,piece_e31f4b9d7e471762,Bach,Fugue_bwv_883,3,HIGH,0,0.0,5864
Bach/Fugue/bwv_883/KaiRuiR03.mid,piece_e31f4b9d7e471762,Bach,Fugue_bwv_883,4,FULL,11,0.0018758526603001365,5864
Bach/Fugue/bwv_883/Khmara04.mid,piece_e31f4b9d7e471762,Bach,Fugue_bwv_883,0,ZERO,15,0.002598752598752599,5772
Bach/Fugue/bwv_883/Khmara04.mid,piece_e31f4b9d7e471762,Bach,Fugue_bwv_883,1,LOW,5757,0.9974012474012474,5772
Bach/Fugue/bwv_883/Khmara04.mid,piece_e31f4b9d7e471762,Bach,Fugue_bwv_883,2,MID,0,0.0,5772
Bach/Fugue/bwv_883/Khmara04.mid,piece_e31f4b9d7e471762,Bach,Fugue_bwv_883,3,HIGH,0,0.0,5772
Bach/Fugue/bwv_883/Khmara04.mid,piece_e31f4b9d7e471762,Bach,Fugue_bwv_883,4,FULL,0,0.0,5772
Bach/Fugue/bwv_883/Lim01.mid,piece_e31f4b9d7e471762,Bach,Fugue_bwv_883,0,ZERO,4186,0.7328431372549019,5712
Bach/Fugue/bwv_883/Lim01.mid,piece_e31f4b9d7e471762,Bach,Fugue_bwv_883,1,LOW,1298,0.22724089635854341,5712
Bach/Fugue/bwv_883/Lim01.mid,piece_e31f4b9d7e471762,Bach,Fugue_bwv_883,2,MID,172,0.03011204481792717,5712
Bach/Fugue/bwv_883/Lim01.mid,piece_e31f4b9d7e471762,Bach,Fugue_bwv_883,3,HIGH,46,0.008053221288515405,5712
Bach/Fugue/bwv_883/Lim01.mid,piece_e31f4b9d7e471762,Bach,Fugue_bwv_883,4,FULL,10,0.0017507002801120449,5712
Bach/Fugue/bwv_883/LuM01M.mid,piece_e31f4b9d7e471762,Bach,Fugue_bwv_883,0,ZERO,6176,1.0,6176
Bach/Fugue/bwv_883/LuM01M.mid,piece_e31f4b9d7e471762,Bach,Fugue_bwv_883,1,LOW,0,0.0,6176
Bach/Fugue/bwv_883/LuM01M.mid,piece_e31f4b9d7e471762,Bach,Fugue_bwv_883,2,MID,0,0.0,6176
Bach/Fugue/bwv_883/LuM01M.mid,piece_e31f4b9d7e471762,Bach,Fugue_bwv_883,3,HIGH,0,0.0,6176
Bach/Fugue/bwv_883/LuM01M.mid,piece_e31f4b9d7e471762,Bach,Fugue_bwv_883,4,FULL,0,0.0,6176
Bach/Fugue/bwv_884/LiA01M.mid,piece_b792afc2177b46e8,Bach,Fugue_bwv_884,0,ZERO,2980,1.0,2980
Bach/Fugue/bwv_884/LiA01M.mid,piece_b792afc2177b46e8,Bach,Fugue_bwv_884,1,LOW,0,0.0,2980
Bach/Fugue/bwv_884/LiA01M.mid,piece_b792afc2177b46e8,Bach,Fugue_bwv_884,2,MID,0,0.0,2980
Bach/Fugue/bwv_884/LiA01M.mid,piece_b792afc2177b46e8,Bach,Fugue_bwv_884,3,HIGH,0,0.0,2980
Bach/Fugue/bwv_884/LiA01M.mid,piece_b792afc2177b46e8,Bach,Fugue_bwv_884,4,FULL,0,0.0,2980
Bach/Fugue/bwv_885/Chon02.mid,piece_589f19bb9d7c23c3,Bach,Fugue_bwv_885,0,ZERO,3530,0.5374543239951279,6568
Bach/Fugue/bwv_885/Chon02.mid,piece_589f19bb9d7c23c3,Bach,Fugue_bwv_885,1,LOW,2675,0.40727771010962244,6568
Bach/Fugue/bwv_885/Chon02.mid,piece_589f19bb9d7c23c3,Bach,Fugue_bwv_885,2,MID,221,0.033647990255785624,6568
Bach/Fugue/bwv_885/Chon02.mid,piece_589f19bb9d7c23c3,Bach,Fugue_bwv_885,3,HIGH,45,0.006851400730816078,6568
Bach/Fugue/bwv_885/Chon02.mid,piece_589f19bb9d7c23c3,Bach,Fugue_bwv_885,4,FULL,97,0.01476857490864799,6568
Bach/Fugue/bwv_885/Guo01M.mid,piece_589f19bb9d7c23c3,Bach,Fugue_bwv_885,0,ZERO,6704,1.0,6704
Bach/Fugue/bwv_885/Guo01M.mid,piece_589f19bb9d7c23c3,Bach,Fugue_bwv_885,1,LOW,0,0.0,6704
Bach/Fugue/bwv_885/Guo01M.mid,piece_589f19bb9d7c23c3,Bach,Fugue_bwv_885,2,MID,0,0.0,6704
Bach/Fugue/bwv_885/Guo01M.mid,piece_589f19bb9d7c23c3,Bach,Fugue_bwv_885,3,HIGH,0,0.0,6704
Bach/Fugue/bwv_885/Guo01M.mid,piece_589f19bb9d7c23c3,Bach,Fugue_bwv_885,4,FULL,0,0.0,6704
Bach/Fugue/bwv_885/Huang04M.mid,piece_589f19bb9d7c23c3,Bach,Fugue_bwv_885,0,ZERO,4447,0.6701326100060278,6636
Bach/Fugue/bwv_885/Huang04M.mid,piece_589f19bb9d7c23c3,Bach,Fugue_bwv_885,1,LOW,1157,0.17435201928872815,6636
Bach/Fugue/bwv_885/Huang04M.mid,piece_589f19bb9d7c23c3,Bach,Fugue_bwv_885,2,MID,1032,0.15551537070524413,6636
Bach/Fugue/bwv_885/Huang04M.mid,piece_589f19bb9d7c23c3,Bach,Fugue_bwv_885,3,HIGH,0,0.0,6636
Bach/Fugue/bwv_885/Huang04M.mid,piece_589f19bb9d7c23c3,Bach,Fugue_bwv_885,4,FULL,0,0.0,6636
Bach/Fugue/bwv_885/JeonH01M.mid,piece_589f19bb9d7c23c3,Bach,Fugue_bwv_885,0,ZERO,5944,0.8941034897713598,6648
Bach/Fugue/bwv_885/JeonH01M.mid,piece_589f19bb9d7c23c3,Bach,Fugue_bwv_885,1,LOW,192,0.02888086642599278,6648
Bach/Fugue/bwv_885/JeonH01M.mid,piece_589f19bb9d7c23c3,Bach,Fugue_bwv_885,2,MID,195,0.029332129963898917,6648
Bach/Fugue/bwv_885/JeonH01M.mid,piece_589f19bb9d7c23c3,Bach,Fugue_bwv_885,3,HIGH,48,0.007220216606498195,6648
Bach/Fugue/bwv_885/JeonH01M.mid,piece_589f19bb9d7c23c3,Bach,Fugue_bwv_885,4,FULL,269,0.0404632972322503,6648
Bach/Fugue/bwv_885/SINKEV01.mid,piece_589f19bb9d7c23c3,Bach,Fugue_bwv_885,0,ZERO,6259,0.9403545673076923,6656
Bach/Fugue/bwv_885/SINKEV01.mid,piece_589f19bb9d7c23c3,Bach,Fugue_bwv_885,1,LOW,118,0.017728365384615384,6656
Bach/Fugue/bwv_885/SINKEV01.mid,piece_589f19bb9d7c23c3,Bach,Fugue_bwv_885,2,MID,125,0.018780048076923076,6656
Bach/Fugue/bwv_885/SINKEV01.mid,piece_589f19bb9d7c23c3,Bach,Fugue_bwv_885,3,HIGH,83,0.012469951923076924,6656
Bach/Fugue/bwv_885/SINKEV01.mid,piece_589f19bb9d7c23c3,Bach,Fugue_bwv_885,4,FULL,71,0.010667067307692308,6656
Bach/Fugue/bwv_885/SINKEV06.mid,piece_589f19bb9d7c23c3,Bach,Fugue_bwv_885,0,ZERO,5946,0.8895870736086176,6684
Bach/Fugue/bwv_885/SINKEV06.mid,piece_589f19bb9d7c23c3,Bach,Fugue_bwv_885,1,LOW,248,0.03710353081986834,6684
Bach/Fugue/bwv_885/SINKEV06.mid,piece_589f19bb9d7c23c3,Bach,Fugue_bwv_885,2,MID,205,0.030670257330939556,6684
Bach/Fugue/bwv_885/SINKEV06.mid,piece_589f19bb9d7c23c3,Bach,Fugue_bwv_885,3,HIGH,147,0.02199281867145422,6684
Bach/Fugue/bwv_885/SINKEV06.mid,piece_589f19bb9d7c23c3,Bach,Fugue_bwv_885,4,FULL,138,0.02064631956912029,6684
Bach/Fugue/bwv_887/LiYZ01M.mid,piece_5a7ace9adaa1dfd9,Bach,Fugue_bwv_887,0,ZERO,182,0.028652392947103273,6352
Bach/Fugue/bwv_887/LiYZ01M.mid,piece_5a7ace9adaa1dfd9,Bach,Fugue_bwv_887,1,LOW,3768,0.593198992443325,6352
Bach/Fugue/bwv_887/LiYZ01M.mid,piece_5a7ace9adaa1dfd9,Bach,Fugue_bwv_887,2,MID,1468,0.23110831234256926,6352
Bach/Fugue/bwv_887/LiYZ01M.mid,piece_5a7ace9adaa1dfd9,Bach,Fugue_bwv_887,3,HIGH,223,0.035107052896725444,6352
Bach/Fugue/bwv_887/LiYZ01M.mid,piece_5a7ace9adaa1dfd9,Bach,Fugue_bwv_887,4,FULL,711,0.11193324937027707,6352
Bach/Fugue/bwv_888/ZhaoK01M.mid,piece_0965117795215b98,Bach,Fugue_bwv_888,0,ZERO,429,0.1396484375,3072
Bach/Fugue/bwv_888/ZhaoK01M.mid,piece_0965117795215b98,Bach,Fugue_bwv_888,1,LOW,2603,0.8473307291666666,3072
Bach/Fugue/bwv_888/ZhaoK01M.mid,piece_0965117795215b98,Bach,Fugue_bwv_888,2,MID,11,0.0035807291666666665,3072
Bach/Fugue/bwv_888/ZhaoK01M.mid,piece_0965117795215b98,Bach,Fugue_bwv_888,3,HIGH,1,0.0003255208333333333,3072
Bach/Fugue/bwv_888/ZhaoK01M.mid,piece_0965117795215b98,Bach,Fugue_bwv_888,4,FULL,28,0.009114583333333334,3072
Bach/Fugue/bwv_889/Giesbrecht01M.mid,piece_6502bfee44189192,Bach,Fugue_bwv_889,0,ZERO,3335,0.994928400954654,3352
Bach/Fugue/bwv_889/Giesbrecht01M.mid,piece_6502bfee44189192,Bach,Fugue_bwv_889,1,LOW,14,0.004176610978520286,3352
Bach/Fugue/bwv_889/Giesbrecht01M.mid,piece_6502bfee44189192,Bach,Fugue_bwv_889,2,MID,2,0.0005966587112171838,3352
Bach/Fugue/bwv_889/Giesbrecht01M.mid,piece_6502bfee44189192,Bach,Fugue_bwv_889,3,HIGH,0,0.0,3352
Bach/Fugue/bwv_889/Giesbrecht01M.mid,piece_6502bfee44189192,Bach,Fugue_bwv_889,4,FULL,1,0.0002983293556085919,3352
Bach/Fugue/bwv_889/LiuY01M.mid,piece_6502bfee44189192,Bach,Fugue_bwv_889,0,ZERO,3171,0.9348466981132075,3392
Bach/Fugue/bwv_889/LiuY01M.mid,piece_6502bfee44189192,Bach,Fugue_bwv_889,1,LOW,50,0.01474056603773585,3392
Bach/Fugue/bwv_889/LiuY01M.mid,piece_6502bfee44189192,Bach,Fugue_bwv_889,2,MID,82,0.024174528301886794,3392
Bach/Fugue/bwv_889/LiuY01M.mid,piece_6502bfee44189192,Bach,Fugue_bwv_889,3,HIGH,35,0.010318396226415094,3392
Bach/Fugue/bwv_889/LiuY01M.mid,piece_6502bfee44189192,Bach,Fugue_bwv_889,4,FULL,54,0.015919811320754717,3392
Bach/Fugue/bwv_889/MunA01M.mid,piece_6502bfee44189192,Bach,Fugue_bwv_889,0,ZERO,3016,0.9117291414752116,3308
Bach/Fugue/bwv_889/MunA01M.mid,piece_6502bfee44189192,Bach,Fugue_bwv_889,1,LOW,233,0.07043530834340991,3308
Bach/Fugue/bwv_889/MunA01M.mid,piece_6502bfee44189192,Bach,Fugue_bwv_889,2,MID,53,0.016021765417170496,3308
Bach/Fugue/bwv_889/MunA01M.mid,piece_6502bfee44189192,Bach,Fugue_bwv_889,3,HIGH,6,0.0018137847642079807,3308
Bach/Fugue/bwv_889/MunA01M.mid,piece_6502bfee44189192,Bach,Fugue_bwv_889,4,FULL,0,0.0,3308
Bach/Fugue/bwv_889/Wang01M.mid,piece_6502bfee44189192,Bach,Fugue_bwv_889,0,ZERO,2265,0.6741071428571429,3360
Bach/Fugue/bwv_889/Wang01M.mid,piece_6502bfee44189192,Bach,Fugue_bwv_889,1,LOW,884,0.2630952380952381,3360
Bach/Fugue/bwv_889/Wang01M.mid,piece_6502bfee44189192,Bach,Fugue_bwv_889,2,MID,178,0.052976190476190475,3360
Bach/Fugue/bwv_889/Wang01M.mid,piece_6502bfee44189192,Bach,Fugue_bwv_889,3,HIGH,14,0.004166666666666667,3360
Bach/Fugue/bwv_889/Wang01M.mid,piece_6502bfee44189192,Bach,Fugue_bwv_889,4,FULL,19,0.005654761904761905,3360
Bach/Fugue/bwv_889/YangY02M.mid,piece_6502bfee44189192,Bach,Fugue_bwv_889,0,ZERO,1730,0.5094228504122497,3396
Bach/Fugue/bwv_889/YangY02M.mid,piece_6502bfee44189192,Bach,Fugue_bwv_889,1,LOW,1504,0.44287396937573614,3396
Bach/Fugue/bwv_889/YangY02M.mid,piece_6502bfee44189192,Bach,Fugue_bwv_889,2,MID,34,0.010011778563015312,3396
Bach/Fugue/bwv_889/YangY02M.mid,piece_6502bfee44189192,Bach,Fugue_bwv_889,3,HIGH,8,0.002355712603062426,3396
Bach/Fugue/bwv_889/YangY02M.mid,piece_6502bfee44189192,Bach,Fugue_bwv_889,4,FULL,120,0.0353356890459364,3396
Bach/Fugue/bwv_889/ZhangW02M.mid,piece_6502bfee44189192,Bach,Fugue_bwv_889,0,ZERO,2651,0.7984939759036145,3320
Bach/Fugue/bwv_889/ZhangW02M.mid,piece_6502bfee44189192,Bach,Fugue_bwv_889,1,LOW,589,0.17740963855421688,3320
Bach/Fugue/bwv_889/ZhangW02M.mid,piece_6502bfee44189192,Bach,Fugue_bwv_889,2,MID,80,0.024096385542168676,3320
Bach/Fugue/bwv_889/ZhangW02M.mid,piece_6502bfee44189192,Bach,Fugue_bwv_889,3,HIGH,0,0.0,3320
Bach/Fugue/bwv_889/ZhangW02M.mid,piece_6502bfee44189192,Bach,Fugue_bwv_889,4,FULL,0,0.0,3320
Bach/Fugue/bwv_891/Duepree06M.mid,piece_aa9d4c56d26cf629,Bach,Fugue_bwv_891,0,ZERO,4844,0.6880681818181819,7040
Bach/Fugue/bwv_891/Duepree06M.mid,piece_aa9d4c56d26cf629,Bach,Fugue_bwv_891,1,LOW,667,0.09474431818181818,7040
Bach/Fugue/bwv_891/Duepree06M.mid,piece_aa9d4c56d26cf629,Bach,Fugue_bwv_891,2,MID,1482,0.21051136363636364,7040
Bach/Fugue/bwv_891/Duepree06M.mid,piece_aa9d4c56d26cf629,Bach,Fugue_bwv_891,3,HIGH,37,0.005255681818181818,7040
Bach/Fugue/bwv_891/Duepree06M.mid,piece_aa9d4c56d26cf629,Bach,Fugue_bwv_891,4,FULL,10,0.0014204545454545455,7040
Bach/Fugue/bwv_892/Hou01M.mid,piece_b0f1ce4a73c5ca06,Bach,Fugue_bwv_892,0,ZERO,1849,0.35421455938697316,5220
Bach/Fugue/bwv_892/Hou01M.mid,piece_b0f1ce4a73c5ca06,Bach,Fugue_bwv_892,1,LOW,2217,0.4247126436781609,5220
Bach/Fugue/bwv_892/Hou01M.mid,piece_b0f1ce4a73c5ca06,Bach,Fugue_bwv_892,2,MID,490,0.09386973180076628,5220
Bach/Fugue/bwv_892/Hou01M.mid,piece_b0f1ce4a73c5ca06,Bach,Fugue_bwv_892,3,HIGH,93,0.017816091954022988,5220
Bach/Fugue/bwv_892/Hou01M.mid,piece_b0f1ce4a73c5ca06,Bach,Fugue_bwv_892,4,FULL,571,0.10938697318007663,5220
Bach/Fugue/bwv_892/KabuliL01M.mid,piece_b0f1ce4a73c5ca06,Bach,Fugue_bwv_892,0,ZERO,949,0.18110687022900762,5240
Bach/Fugue/bwv_892/KabuliL01M.mid,piece_b0f1ce4a73c5ca06,Bach,Fugue_bwv_892,1,LOW,2948,0.5625954198473282,5240
Bach/Fugue/bwv_892/KabuliL01M.mid,piece_b0f1ce4a73c5ca06,Bach,Fugue_bwv_892,2,MID,1239,0.2364503816793893,5240
Bach/Fugue/bwv_892/KabuliL01M.mid,piece_b0f1ce4a73c5ca06,Bach,Fugue_bwv_892,3,HIGH,40,0.007633587786259542,5240
Bach/Fugue/bwv_892/KabuliL01M.mid,piece_b0f1ce4a73c5ca06,Bach,Fugue_bwv_892,4,FULL,64,0.012213740458015267,5240
Bach/Fugue/bwv_893/Kleisen04M.mid,piece_85123a55f4260879,Bach,Fugue_bwv_893,0,ZERO,3937,0.9921875,3968
Bach/Fugue/bwv_893/Kleisen04M.mid,piece_85123a55f4260879,Bach,Fugue_bwv_893,1,LOW,9,0.0022681451612903227,3968
Bach/Fugue/bwv_893/Kleisen04M.mid,piece_85123a55f4260879,Bach,Fugue_bwv_893,2,MID,10,0.0025201612903225806,3968
Bach/Fugue/bwv_893/Kleisen04M.mid,piece_85123a55f4260879,Bach,Fugue_bwv_893,3,HIGH,12,0.0030241935483870967,3968
Bach/Fugue/bwv_893/Kleisen04M.mid,piece_85123a55f4260879,Bach,Fugue_bwv_893,4,FULL,0,0.0,3968
Bach/Fugue/bwv_893/Levitsky04M.mid,piece_85123a55f4260879,Bach,Fugue_bwv_893,0,ZERO,3835,0.9399509803921569,4080
Bach/Fugue/bwv_893/Levitsky04M.mid,piece_85123a55f4260879,Bach,Fugue_bwv_893,1,LOW,192,0.047058823529411764,4080
Bach/Fugue/bwv_893/Levitsky04M.mid,piece_85123a55f4260879,Bach,Fugue_bwv_893,2,MID,46,0.011274509803921568,4080
Bach/Fugue/bwv_893/Levitsky04M.mid,piece_85123a55f4260879,Bach,Fugue_bwv_893,3,HIGH,7,0.001715686274509804,4080
Bach/Fugue/bwv_893/Levitsky04M.mid,piece_85123a55f4260879,Bach,Fugue_bwv_893,4,FULL,0,0.0,4080
Bach/Fugue/bwv_893/Wong01M.mid,piece_85123a55f4260879,Bach,Fugue_bwv_893,0,ZERO,3752,0.9097963142580019,4124
Bach/Fugue/bwv_893/Wong01M.mid,piece_85123a55f4260879,Bach,Fugue_bwv_893,1,LOW,109,0.026430649854510185,4124
Bach/Fugue/bwv_893/Wong01M.mid,piece_85123a55f4260879,Bach,Fugue_bwv_893,2,MID,193,0.0467992240543162,4124
Bach/Fugue/bwv_893/Wong01M.mid,piece_85123a55f4260879,Bach,Fugue_bwv_893,3,HIGH,20,0.004849660523763337,4124
Bach/Fugue/bwv_893/Wong01M.mid,piece_85123a55f4260879,Bach,Fugue_bwv_893,4,FULL,50,0.01212415130940834,4124
Bach/Prelude/bwv_846/Shi05M.mid,piece_a848e78b0704b4b6,Bach,Prelude_bwv_846,0,ZERO,134,0.06113138686131387,2192
Bach/Prelude/bwv_846/Shi05M.mid,piece_a848e78b0704b4b6,Bach,Prelude_bwv_846,1,LOW,302,0.13777372262773724,2192
Bach/Prelude/bwv_846/Shi05M.mid,piece_a848e78b0704b4b6,Bach,Prelude_bwv_846,2,MID,319,0.14552919708029197,2192
Bach/Prelude/bwv_846/Shi05M.mid,piece_a848e78b0704b4b6,Bach,Prelude_bwv_846,3,HIGH,178,0.0812043795620438,2192
Bach/Prelude/bwv_846/Shi05M.mid,piece_a848e78b0704b4b6,Bach,Prelude_bwv_846,4,FULL,1259,0.5743613138686131,2192
Bach/Prelude/bwv_848/Denisova06M.mid,piece_9d7bcecc3238b291,Bach,Prelude_bwv_848,0,ZERO,3244,1.0,3244
Bach/Prelude/bwv_848/Denisova06M.mid,piece_9d7bcecc3238b291,Bach,Prelude_bwv_848,1,LOW,0,0.0,3244
Bach/Prelude/bwv_848/Denisova06M.mid,piece_9d7bcecc3238b291,Bach,Prelude_bwv_848,2,MID,0,0.0,3244
Bach/Prelude/bwv_848/Denisova06M.mid,piece_9d7bcecc3238b291,Bach,Prelude_bwv_848,3,HIGH,0,0.0,3244
Bach/Prelude/bwv_848/Denisova06M.mid,piece_9d7bcecc3238b291,Bach,Prelude_bwv_848,4,FULL,0,0.0,3244
Bach/Prelude/bwv_848/Lee01M.mid,piece_9d7bcecc3238b291,Bach,Prelude_bwv_848,0,ZERO,2272,0.696078431372549,3264
Bach/Prelude/bwv_848/Lee01M.mid,piece_9d7bcecc3238b291,Bach,Prelude_bwv_848,1,LOW,927,0.28400735294117646,3264
Bach/Prelude/bwv_848/Lee01M.mid,piece_9d7bcecc3238b291,Bach,Prelude_bwv_848,2,MID,31,0.009497549019607842,3264
Bach/Prelude/bwv_848/Lee01M.mid,piece_9d7bcecc3238b291,Bach,Prelude_bwv_848,3,HIGH,12,0.003676470588235294,3264
Bach/Prelude/bwv_848/Lee01M.mid,piece_9d7bcecc3238b291,Bach,Prelude_bwv_848,4,FULL,22,0.006740196078431373,3264
Bach/Prelude/bwv_848/LeeSH01M.mid,piece_9d7bcecc3238b291,Bach,Prelude_bwv_848,0,ZERO,3124,0.9641975308641976,3240
Bach/Prelude/bwv_848/LeeSH01M.mid,piece_9d7bcecc3238b291,Bach,Prelude_bwv_848,1,LOW,59,0.018209876543209876,3240
Bach/Prelude/bwv_848/LeeSH01M.mid,piece_9d7bcecc3238b291,Bach,Prelude_bwv_848,2,MID,16,0.0049382716049382715,3240
Bach/Prelude/bwv_848/LeeSH01M.mid,piece_9d7bcecc3238b291,Bach,Prelude_bwv_848,3,HIGH,4,0.0012345679012345679,3240
Bach/Prelude/bwv_848/LeeSH01M.mid,piece_9d7bcecc3238b291,Bach,Prelude_bwv_848,4,FULL,37,0.011419753086419753,3240
Bach/Prelude/bwv_848/Lin04M.mid,piece_9d7bcecc3238b291,Bach,Prelude_bwv_848,0,ZERO,3237,0.9990740740740741,3240
Bach/Prelude/bwv_848/Lin04M.mid,piece_9d7bcecc3238b291,Bach,Prelude_bwv_848,1,LOW,0,0.0,3240
Bach/Prelude/bwv_848/Lin04M.mid,piece_9d7bcecc3238b291,Bach,Prelude_bwv_848,2,MID,0,0.0,3240
Bach/Prelude/bwv_848/Lin04M.mid,piece_9d7bcecc3238b291,Bach,Prelude_bwv_848,3,HIGH,3,0.000925925925925926,3240
Bach/Prelude/bwv_848/Lin04M.mid,piece_9d7bcecc3238b291,Bach,Prelude_bwv_848,4,FULL,0,0.0,3240
Bach/Prelude/bwv_848/Lou01M.mid,piece_9d7bcecc3238b291,Bach,Prelude_bwv_848,0,ZERO,3217,0.9929012345679012,3240
Bach/Prelude/bwv_848/Lou01M.mid,piece_9d7bcecc3238b291,Bach,Prelude_bwv_848,1,LOW,20,0.006172839506172839,3240
Bach/Prelude/bwv_848/Lou01M.mid,piece_9d7bcecc3238b291,Bach,Prelude_bwv_848,2,MID,1,0.00030864197530864197,3240
Bach/Prelude/bwv_848/Lou01M.mid,piece_9d7bcecc3238b291,Bach,Prelude_bwv_848,3,HIGH,0,0.0,3240
Bach/Prelude/bwv_848/Lou01M.mid,piece_9d7bcecc3238b291,Bach,Prelude_bwv_848,4,FULL,2,0.0006172839506172839,3240
Bach/Prelude/bwv_848/MiyashitaM01M.mid,piece_9d7bcecc3238b291,Bach,Prelude_bwv_848,0,ZERO,424,0.13070283600493218,3244
Bach/Prelude/bwv_848/MiyashitaM01M.mid,piece_9d7bcecc3238b291,Bach,Prelude_bwv_848,1,LOW,2735,0.843094944512947,3244
Bach/Prelude/bwv_848/MiyashitaM01M.mid,piece_9d7bcecc3238b291,Bach,Prelude_bwv_848,2,MID,48,0.014796547472256474,3244
Bach/Prelude/bwv_848/MiyashitaM01M.mid,piece_9d7bcecc3238b291,Bach,Prelude_bwv_848,3,HIGH,10,0.0030826140567200987,3244
Bach/Prelude/bwv_848/MiyashitaM01M.mid,piece_9d7bcecc3238b291,Bach,Prelude_bwv_848,4,FULL,27,0.008323057953144267,3244
Bach/Prelude/bwv_848/Mizumoto03M.mid,piece_9d7bcecc3238b291,Bach,Prelude_bwv_848,0,ZERO,3221,0.9990694789081885,3224
Bach/Prelude/bwv_848/Mizumoto03M.mid,piece_9d7bcecc3238b291,Bach,Prelude_bwv_848,1,LOW,0,0.0,3224
Bach/Prelude/bwv_848/Mizumoto03M.mid,piece_9d7bcecc3238b291,Bach,Prelude_bwv_848,2,MID,0,0.0,3224
Bach/Prelude/bwv_848/Mizumoto03M.mid,piece_9d7bcecc3238b291,Bach,Prelude_bwv_848,3,HIGH,0,0.0,3224
Bach/Prelude/bwv_848/Mizumoto03M.mid,piece_9d7bcecc3238b291,Bach,Prelude_bwv_848,4,FULL,3,0.0009305210918114144,3224
Bach/Prelude/bwv_848/SunY01M.mid,piece_9d7bcecc3238b291,Bach,Prelude_bwv_848,0,ZERO,3056,0.9420468557336621,3244
Bach/Prelude/bwv_848/SunY01M.mid,piece_9d7bcecc3238b291,Bach,Prelude_bwv_848,1,LOW,36,0.011097410604192354,3244
Bach/Prelude/bwv_848/SunY01M.mid,piece_9d7bcecc3238b291,Bach,Prelude_bwv_848,2,MID,77,0.023736128236744758,3244
Bach/Prelude/bwv_848/SunY01M.mid,piece_9d7bcecc3238b291,Bach,Prelude_bwv_848,3,HIGH,7,0.002157829839704069,3244
Bach/Prelude/bwv_848/SunY01M.mid,piece_9d7bcecc3238b291,Bach,Prelude_bwv_848,4,FULL,68,0.02096177558569667,3244
Bach/Prelude/bwv_848/Zhou01M.mid,piece_9d7bcecc3238b291,Bach,Prelude_bwv_848,0,ZERO,3232,1.0,3232
Bach/Prelude/bwv_848/Zhou01M.mid,piece_9d7bcecc3238b291,Bach,Prelude_bwv_848,1,LOW,0,0.0,3232
Bach/Prelude/bwv_848/Zhou01M.mid,piece_9d7bcecc3238b291,Bach,Prelude_bwv_848,2,MID,0,0.0,3232
Bach/Prelude/bwv_848/Zhou01M.mid,piece_9d7bcecc3238b291,Bach,Prelude_bwv_848,3,HIGH,0,0.0,3232
Bach/Prelude/bwv_848/Zhou01M.mid,piece_9d7bcecc3238b291,Bach,Prelude_bwv_848,4,FULL,0,0.0,3232
Bach/Prelude/bwv_854/LuA01M.mid,piece_0526ae12a699b81e,Bach,Prelude_bwv_854,0,ZERO,1326,0.7222222222222222,1836
Bach/Prelude/bwv_854/LuA01M.mid,piece_0526ae12a699b81e,Bach,Prelude_bwv_854,1,LOW,284,0.15468409586056645,1836
Bach/Prelude/bwv_854/LuA01M.mid,piece_0526ae12a699b81e,Bach,Prelude_bwv_854,2,MID,91,0.049564270152505446,1836
Bach/Prelude/bwv_854/LuA01M.mid,piece_0526ae12a699b81e,Bach,Prelude_bwv_854,3,HIGH,15,0.008169934640522876,1836
Bach/Prelude/bwv_854/LuA01M.mid,piece_0526ae12a699b81e,Bach,Prelude_bwv_854,4,FULL,120,0.06535947712418301,1836
Bach/Prelude/bwv_854/MiyashitaM01M.mid,piece_0526ae12a699b81e,Bach,Prelude_bwv_854,0,ZERO,1163,0.6548423423423423,1776
Bach/Prelude/bwv_854/MiyashitaM01M.mid,piece_0526ae12a699b81e,Bach,Prelude_bwv_854,1,LOW,415,0.23367117117117117,1776
Bach/Prelude/bwv_854/MiyashitaM01M.mid,piece_0526ae12a699b81e,Bach,Prelude_bwv_854,2,MID,188,0.10585585585585586,1776
Bach/Prelude/bwv_854/MiyashitaM01M.mid,piece_0526ae12a699b81e,Bach,Prelude_bwv_854,3,HIGH,4,0.0022522522522522522,1776
Bach/Prelude/bwv_854/MiyashitaM01M.mid,piece_0526ae12a699b81e,Bach,Prelude_bwv_854,4,FULL,6,0.0033783783783783786,1776
Bach/Prelude/bwv_854/Ozaki01M.mid,piece_0526ae12a699b81e,Bach,Prelude_bwv_854,0,ZERO,826,0.46613995485327314,1772
Bach/Prelude/bwv_854/Ozaki01M.mid,piece_0526ae12a699b81e,Bach,Prelude_bwv_854,1,LOW,685,0.38656884875846503,1772
Bach/Prelude/bwv_854/Ozaki01M.mid,piece_0526ae12a699b81e,Bach,Prelude_bwv_854,2,MID,105,0.05925507900677201,1772
Bach/Prelude/bwv_854/Ozaki01M.mid,piece_0526ae12a699b81e,Bach,Prelude_bwv_854,3,HIGH,49,0.027652370203160272,1772
Bach/Prelude/bwv_854/Ozaki01M.mid,piece_0526ae12a699b81e,Bach,Prelude_bwv_854,4,FULL,107,0.06038374717832957,1772
Bach/Prelude/bwv_854/Richardson01M.mid,piece_0526ae12a699b81e,Bach,Prelude_bwv_854,0,ZERO,1310,0.7376126126126126,1776
Bach/Prelude/bwv_854/Richardson01M.mid,piece_0526ae12a699b81e,Bach,Prelude_bwv_854,1,LOW,167,0.09403153153153153,1776
Bach/Prelude/bwv_854/Richardson01M.mid,piece_0526ae12a699b81e,Bach,Prelude_bwv_854,2,MID,52,0.02927927927927928,1776
Bach/Prelude/bwv_854/Richardson01M.mid,piece_0526ae12a699b81e,Bach,Prelude_bwv_854,3,HIGH,72,0.04054054054054054,1776
Bach/Prelude/bwv_854/Richardson01M.mid,piece_0526ae12a699b81e,Bach,Prelude_bwv_854,4,FULL,175,0.09853603603603604,1776
Bach/Prelude/bwv_854/WangA01M.mid,piece_0526ae12a699b81e,Bach,Prelude_bwv_854,0,ZERO,1700,0.9139784946236559,1860
Bach/Prelude/bwv_854/WangA01M.mid,piece_0526ae12a699b81e,Bach,Prelude_bwv_854,1,LOW,24,0.012903225806451613,1860
Bach/Prelude/bwv_854/WangA01M.mid,piece_0526ae12a699b81e,Bach,Prelude_bwv_854,2,MID,39,0.020967741935483872,1860
Bach/Prelude/bwv_854/WangA01M.mid,piece_0526ae12a699b81e,Bach,Prelude_bwv_854,3,HIGH,18,0.00967741935483871,1860
Bach/Prelude/bwv_854/WangA01M.mid,piece_0526ae12a699b81e,Bach,Prelude_bwv_854,4,FULL,79,0.04247311827956989,1860
Bach/Prelude/bwv_857/Bult-ItoS02M.mid,piece_eab1e235ef128251,Bach,Prelude_bwv_857,0,ZERO,290,0.1320582877959927,2196
Bach/Prelude/bwv_857/Bult-ItoS02M.mid,piece_eab1e235ef128251,Bach,Prelude_bwv_857,1,LOW,1203,0.5478142076502732,2196
Bach/Prelude/bwv_857/Bult-ItoS02M.mid,piece_eab1e235ef128251,Bach,Prelude_bwv_857,2,MID,574,0.26138433515482695,2196
Bach/Prelude/bwv_857/Bult-ItoS02M.mid,piece_eab1e235ef128251,Bach,Prelude_bwv_857,3,HIGH,77,0.03506375227686703,2196
Bach/Prelude/bwv_857/Bult-ItoS02M.mid,piece_eab1e235ef128251,Bach,Prelude_bwv_857,4,FULL,52,0.023679417122040074,2196
Bach/Prelude/bwv_857/Lan01M.mid,piece_eab1e235ef128251,Bach,Prelude_bwv_857,0,ZERO,2264,1.0,2264
Bach/Prelude/bwv_857/Lan01M.mid,piece_eab1e235ef128251,Bach,Prelude_bwv_857,1,LOW,0,0.0,2264
Bach/Prelude/bwv_857/Lan01M.mid,piece_eab1e235ef128251,Bach,Prelude_bwv_857,2,MID,0,0.0,2264
Bach/Prelude/bwv_857/Lan01M.mid,piece_eab1e235ef128251,Bach,Prelude_bwv_857,3,HIGH,0,0.0,2264
Bach/Prelude/bwv_857/Lan01M.mid,piece_eab1e235ef128251,Bach,Prelude_bwv_857,4,FULL,0,0.0,2264
Bach/Prelude/bwv_857/Lisiecki04M.mid,piece_eab1e235ef128251,Bach,Prelude_bwv_857,0,ZERO,2028,0.9118705035971223,2224
Bach/Prelude/bwv_857/Lisiecki04M.mid,piece_eab1e235ef128251,Bach,Prelude_bwv_857,1,LOW,34,0.015287769784172662,2224
Bach/Prelude/bwv_857/Lisiecki04M.mid,piece_eab1e235ef128251,Bach,Prelude_bwv_857,2,MID,129,0.05800359712230216,2224
Bach/Prelude/bwv_857/Lisiecki04M.mid,piece_eab1e235ef128251,Bach,Prelude_bwv_857,3,HIGH,10,0.0044964028776978415,2224
Bach/Prelude/bwv_857/Lisiecki04M.mid,piece_eab1e235ef128251,Bach,Prelude_bwv_857,4,FULL,23,0.010341726618705036,2224
Bach/Prelude/bwv_857/ToA01M.mid,piece_eab1e235ef128251,Bach,Prelude_bwv_857,0,ZERO,475,0.21319569120287254,2228
Bach/Prelude/bwv_857/ToA01M.mid,piece_eab1e235ef128251,Bach,Prelude_bwv_857,1,LOW,698,0.3132854578096948,2228
Bach/Prelude/bwv_857/ToA01M.mid,piece_eab1e235ef128251,Bach,Prelude_bwv_857,2,MID,673,0.302064631956912,2228
Bach/Prelude/bwv_857/ToA01M.mid,piece_eab1e235ef128251,Bach,Prelude_bwv_857,3,HIGH,180,0.0807899461400359,2228
Bach/Prelude/bwv_857/ToA01M.mid,piece_eab1e235ef128251,Bach,Prelude_bwv_857,4,FULL,202,0.09066427289048475,2228
Bach/Prelude/bwv_857/WangA01M.mid,piece_eab1e235ef128251,Bach,Prelude_bwv_857,0,ZERO,483,0.22956273764258556,2104
Bach/Prelude/bwv_857/WangA01M.mid,piece_eab1e235ef128251,Bach,Prelude_bwv_857,1,LOW,909,0.4320342205323194,2104
Bach/Prelude/bwv_857/WangA01M.mid,piece_eab1e235ef128251,Bach,Prelude_bwv_857,2,MID,382,0.18155893536121673,2104
Bach/Prelude/bwv_857/WangA01M.mid,piece_eab1e235ef128251,Bach,Prelude_bwv_857,3,HIGH,76,0.03612167300380228,2104
Bach/Prelude/bwv_857/WangA01M.mid,piece_eab1e235ef128251,Bach,Prelude_bwv_857,4,FULL,254,0.12072243346007605,2104
Bach/Prelude/bwv_857/YuP01M.mid,piece_eab1e235ef128251,Bach,Prelude_bwv_857,0,ZERO,1581,0.7070661896243292,2236
Bach/Prelude/bwv_857/YuP01M.mid,piece_eab1e235ef128251,Bach,Prelude_bwv_857,1,LOW,91,0.040697674418604654,2236
Bach/Prelude/bwv_857/YuP01M.mid,piece_eab1e235ef128251,Bach,Prelude_bwv_857,2,MID,237,0.10599284436493739,2236
Bach/Prelude/bwv_857/YuP01M.mid,piece_eab1e235ef128251,Bach,Prelude_bwv_857,3,HIGH,119,0.053220035778175315,2236
Bach/Prelude/bwv_857/YuP01M.mid,piece_eab1e235ef128251,Bach,Prelude_bwv_857,4,FULL,208,0.09302325581395349,2236
Bach/Prelude/bwv_858/VuV01M.mid,piece_f5bd27fe48f82236,Bach,Prelude_bwv_858,0,ZERO,1201,0.6839407744874715,1756
Bach/Prelude/bwv_858/VuV01M.mid,piece_f5bd27fe48f82236,Bach,Prelude_bwv_858,1,LOW,449,0.25569476082004555,1756
Bach/Prelude/bwv_858/VuV01M.mid,piece_f5bd27fe48f82236,Bach,Prelude_bwv_858,2,MID,106,0.06036446469248292,1756
Bach/Prelude/bwv_858/VuV01M.mid,piece_f5bd27fe48f82236,Bach,Prelude_bwv_858,3,HIGH,0,0.0,1756
Bach/Prelude/bwv_858/VuV01M.mid,piece_f5bd27fe48f82236,Bach,Prelude_bwv_858,4,FULL,0,0.0,1756
Bach/Prelude/bwv_858/Zhang01M.mid,piece_f5bd27fe48f82236,Bach,Prelude_bwv_858,0,ZERO,1944,1.0,1944
Bach/Prelude/bwv_858/Zhang01M.mid,piece_f5bd27fe48f82236,Bach,Prelude_bwv_858,1,LOW,0,0.0,1944
Bach/Prelude/bwv_858/Zhang01M.mid,piece_f5bd27fe48f82236,Bach,Prelude_bwv_858,2,MID,0,0.0,1944
Bach/Prelude/bwv_858/Zhang01M.mid,piece_f5bd27fe48f82236,Bach,Prelude_bwv_858,3,HIGH,0,0.0,1944
Bach/Prelude/bwv_858/Zhang01M.mid,piece_f5bd27fe48f82236,Bach,Prelude_bwv_858,4,FULL,0,0.0,1944
Bach/Prelude/bwv_860/Ko04M.mid,piece_ef65dce01c893091,Bach,Prelude_bwv_860,0,ZERO,2177,0.8835227272727273,2464
Bach/Prelude/bwv_860/Ko04M.mid,piece_ef65dce01c893091,Bach,Prelude_bwv_860,1,LOW,34,0.013798701298701298,2464
Bach/Prelude/bwv_860/Ko04M.mid,piece_ef65dce01c893091,Bach,Prelude_bwv_860,2,MID,156,0.0633116883116883,2464
Bach/Prelude/bwv_860/Ko04M.mid,piece_ef65dce01c893091,Bach,Prelude_bwv_860,3,HIGH,58,0.02353896103896104,2464
Bach/Prelude/bwv_860/Ko04M.mid,piece_ef65dce01c893091,Bach,Prelude_bwv_860,4,FULL,39,0.015827922077922076,2464
Bach/Prelude/bwv_860/Nikiforov05M.mid,piece_ef65dce01c893091,Bach,Prelude_bwv_860,0,ZERO,456,0.1875,2432
Bach/Prelude/bwv_860/Nikiforov05M.mid,piece_ef65dce01c893091,Bach,Prelude_bwv_860,1,LOW,1961,0.8063322368421053,2432
Bach/Prelude/bwv_860/Nikiforov05M.mid,piece_ef65dce01c893091,Bach,Prelude_bwv_860,2,MID,15,0.006167763157894737,2432
Bach/Prelude/bwv_860/Nikiforov05M.mid,piece_ef65dce01c893091,Bach,Prelude_bwv_860,3,HIGH,0,0.0,2432
Bach/Prelude/bwv_860/Nikiforov05M.mid,piece_ef65dce01c893091,Bach,Prelude_bwv_860,4,FULL,0,0.0,2432
Bach/Prelude/bwv_860/Tetzloff04M.mid,piece_ef65dce01c893091,Bach,Prelude_bwv_860,0,ZERO,1245,0.508578431372549,2448
Bach/Prelude/bwv_860/Tetzloff04M.mid,piece_ef65dce01c893091,Bach,Prelude_bwv_860,1,LOW,1025,0.4187091503267974,2448
Bach/Prelude/bwv_860/Tetzloff04M.mid,piece_ef65dce01c893091,Bach,Prelude_bwv_860,2,MID,172,0.07026143790849673,2448
Bach/Prelude/bwv_860/Tetzloff04M.mid,piece_ef65dce01c893091,Bach,Prelude_bwv_860,3,HIGH,6,0.0024509803921568627,2448
Bach/Prelude/bwv_860/Tetzloff04M.mid,piece_ef65dce01c893091,Bach,Prelude_bwv_860,4,FULL,0,0.0,2448
Bach/Prelude/bwv_860/TuanS01M.mid,piece_ef65dce01c893091,Bach,Prelude_bwv_860,0,ZERO,2435,0.9930668841761827,2452
Bach/Prelude/bwv_860/TuanS01M.mid,piece_ef65dce01c893091,Bach,Prelude_bwv_860,1,LOW,2,0.0008156606851549756,2452
Bach/Prelude/bwv_860/TuanS01M.mid,piece_ef65dce01c893091,Bach,Prelude_bwv_860,2,MID,15,0.006117455138662317,2452
Bach/Prelude/bwv_860/TuanS01M.mid,piece_ef65dce01c893091,Bach,Prelude_bwv_860,3,HIGH,0,0.0,2452
Bach/Prelude/bwv_860/TuanS01M.mid,piece_ef65dce01c893091,Bach,Prelude_bwv_860,4,FULL,0,0.0,2452
Bach/Prelude/bwv_860/YoungS01M.mid,piece_ef65dce01c893091,Bach,Prelude_bwv_860,0,ZERO,2441,0.9987725040916531,2444
Bach/Prelude/bwv_860/YoungS01M.mid,piece_ef65dce01c893091,Bach,Prelude_bwv_860,1,LOW,0,0.0,2444
Bach/Prelude/bwv_860/YoungS01M.mid,piece_ef65dce01c893091,Bach,Prelude_bwv_860,2,MID,0,0.0,2444
Bach/Prelude/bwv_860/YoungS01M.mid,piece_ef65dce01c893091,Bach,Prelude_bwv_860,3,HIGH,0,0.0,2444
Bach/Prelude/bwv_860/YoungS01M.mid,piece_ef65dce01c893091,Bach,Prelude_bwv_860,4,FULL,3,0.0012274959083469722,2444
Bach/Prelude/bwv_860/ZhangH04M.mid,piece_ef65dce01c893091,Bach,Prelude_bwv_860,0,ZERO,2432,1.0,2432
Bach/Prelude/bwv_860/ZhangH04M.mid,piece_ef65dce01c893091,Bach,Prelude_bwv_860,1,LOW,0,0.0,2432
Bach/Prelude/bwv_860/ZhangH04M.mid,piece_ef65dce01c893091,Bach,Prelude_bwv_860,2,MID,0,0.0,2432
Bach/Prelude/bwv_860/ZhangH04M.mid,piece_ef65dce01c893091,Bach,Prelude_bwv_860,3,HIGH,0,0.0,2432
Bach/Prelude/bwv_860/ZhangH04M.mid,piece_ef65dce01c893091,Bach,Prelude_bwv_860,4,FULL,0,0.0,2432
Bach/Prelude/bwv_863/LeeN01M.mid,piece_c264e274458a1714,Bach,Prelude_bwv_863,0,ZERO,926,0.41192170818505336,2248
Bach/Prelude/bwv_863/LeeN01M.mid,piece_c264e274458a1714,Bach,Prelude_bwv_863,1,LOW,924,0.4110320284697509,2248
Bach/Prelude/bwv_863/LeeN01M.mid,piece_c264e274458a1714,Bach,Prelude_bwv_863,2,MID,247,0.10987544483985764,2248
Bach/Prelude/bwv_863/LeeN01M.mid,piece_c264e274458a1714,Bach,Prelude_bwv_863,3,HIGH,40,0.017793594306049824,2248
Bach/Prelude/bwv_863/LeeN01M.mid,piece_c264e274458a1714,Bach,Prelude_bwv_863,4,FULL,111,0.04937722419928826,2248
Bach/Prelude/bwv_863/Shychko01M.mid,piece_c264e274458a1714,Bach,Prelude_bwv_863,0,ZERO,43,0.019060283687943262,2256
Bach/Prelude/bwv_863/Shychko01M.mid,piece_c264e274458a1714,Bach,Prelude_bwv_863,1,LOW,2108,0.9343971631205674,2256
Bach/Prelude/bwv_863/Shychko01M.mid,piece_c264e274458a1714,Bach,Prelude_bwv_863,2,MID,85,0.037677304964539006,2256
Bach/Prelude/bwv_863/Shychko01M.mid,piece_c264e274458a1714,Bach,Prelude_bwv_863,3,HIGH,5,0.002216312056737589,2256
Bach/Prelude/bwv_863/Shychko01M.mid,piece_c264e274458a1714,Bach,Prelude_bwv_863,4,FULL,15,0.006648936170212766,2256
Bach/Prelude/bwv_863/TongB01M.mid,piece_c264e274458a1714,Bach,Prelude_bwv_863,0,ZERO,131,0.05806737588652482,2256
Bach/Prelude/bwv_863/TongB01M.mid,piece_c264e274458a1714,Bach,Prelude_bwv_863,1,LOW,1515,0.6715425531914894,2256
Bach/Prelude/bwv_863/TongB01M.mid,piece_c264e274458a1714,Bach,Prelude_bwv_863,2,MID,574,0.25443262411347517,2256
Bach/Prelude/bwv_863/TongB01M.mid,piece_c264e274458a1714,Bach,Prelude_bwv_863,3,HIGH,17,0.007535460992907801,2256
Bach/Prelude/bwv_863/TongB01M.mid,piece_c264e274458a1714,Bach,Prelude_bwv_863,4,FULL,19,0.008421985815602837,2256
Bach/Prelude/bwv_864/SunD01M.mid,piece_bdd86fc984899d67,Bach,Prelude_bwv_864,0,ZERO,2441,0.9987725040916531,2444
Bach/Prelude/bwv_864/SunD01M.mid,piece_bdd86fc984899d67,Bach,Prelude_bwv_864,1,LOW,3,0.0012274959083469722,2444
Bach/Prelude/bwv_864/SunD01M.mid,piece_bdd86fc984899d67,Bach,Prelude_bwv_864,2,MID,0,0.0,2444
Bach/Prelude/bwv_864/SunD01M.mid,piece_bdd86fc984899d67,Bach,Prelude_bwv_864,3,HIGH,0,0.0,2444
Bach/Prelude/bwv_864/SunD01M.mid,piece_bdd86fc984899d67,Bach,Prelude_bwv_864,4,FULL,0,0.0,2444
Bach/Prelude/bwv_865/Rizikov01M.mid,piece_38a113af790db2a7,Bach,Prelude_bwv_865,0,ZERO,1228,0.5016339869281046,2448
Bach/Prelude/bwv_865/Rizikov01M.mid,piece_38a113af790db2a7,Bach,Prelude_bwv_865,1,LOW,1192,0.4869281045751634,2448
Bach/Prelude/bwv_865/Rizikov01M.mid,piece_38a113af790db2a7,Bach,Prelude_bwv_865,2,MID,28,0.011437908496732025,2448
Bach/Prelude/bwv_865/Rizikov01M.mid,piece_38a113af790db2a7,Bach,Prelude_bwv_865,3,HIGH,0,0.0,2448
Bach/Prelude/bwv_865/Rizikov01M.mid,piece_38a113af790db2a7,Bach,Prelude_bwv_865,4,FULL,0,0.0,2448
Bach/Prelude/bwv_865/Teo01M.mid,piece_38a113af790db2a7,Bach,Prelude_bwv_865,0,ZERO,2319,0.9457585644371941,2452
Bach/Prelude/bwv_865/Teo01M.mid,piece_38a113af790db2a7,Bach,Prelude_bwv_865,1,LOW,37,0.015089722675367047,2452
Bach/Prelude/bwv_865/Teo01M.mid,piece_38a113af790db2a7,Bach,Prelude_bwv_865,2,MID,40,0.01631321370309951,2452
Bach/Prelude/bwv_865/Teo01M.mid,piece_38a113af790db2a7,Bach,Prelude_bwv_865,3,HIGH,9,0.00367047308319739,2452
Bach/Prelude/bwv_865/Teo01M.mid,piece_38a113af790db2a7,Bach,Prelude_bwv_865,4,FULL,47,0.019168026101141926,2452
Bach/Prelude/bwv_865/ZhangE01M.mid,piece_38a113af790db2a7,Bach,Prelude_bwv_865,0,ZERO,2440,1.0,2440
Bach/Prelude/bwv_865/ZhangE01M.mid,piece_38a113af790db2a7,Bach,Prelude_bwv_865,1,LOW,0,0.0,2440
Bach/Prelude/bwv_865/ZhangE01M.mid,piece_38a113af790db2a7,Bach,Prelude_bwv_865,2,MID,0,0.0,2440
Bach/Prelude/bwv_865/ZhangE01M.mid,piece_38a113af790db2a7,Bach,Prelude_bwv_865,3,HIGH,0,0.0,2440
Bach/Prelude/bwv_865/ZhangE01M.mid,piece_38a113af790db2a7,Bach,Prelude_bwv_865,4,FULL,0,0.0,2440
Bach/Prelude/bwv_866/SOLOM02.mid,piece_5196aba598cdc3c4,Bach,Prelude_bwv_866,0,ZERO,1499,0.5873824451410659,2552
Bach/Prelude/bwv_866/SOLOM02.mid,piece_5196aba598cdc3c4,Bach,Prelude_bwv_866,1,LOW,636,0.24921630094043887,2552
Bach/Prelude/bwv_866/SOLOM02.mid,piece_5196aba598cdc3c4,Bach,Prelude_bwv_866,2,MID,119,0.04663009404388715,2552
Bach/Prelude/bwv_866/SOLOM02.mid,piece_5196aba598cdc3c4,Bach,Prelude_bwv_866,3,HIGH,85,0.03330721003134796,2552
Bach/Prelude/bwv_866/SOLOM02.mid,piece_5196aba598cdc3c4,Bach,Prelude_bwv_866,4,FULL,213,0.0834639498432602,2552
Bach/Prelude/bwv_867/HuNY01M.mid,piece_721981e723677fdf,Bach,Prelude_bwv_867,0,ZERO,411,0.1336150845253576,3076
Bach/Prelude/bwv_867/HuNY01M.mid,piece_721981e723677fdf,Bach,Prelude_bwv_867,1,LOW,291,0.0946033810143043,3076
Bach/Prelude/bwv_867/HuNY01M.mid,piece_721981e723677fdf,Bach,Prelude_bwv_867,2,MID,470,0.1527958387516255,3076
Bach/Prelude/bwv_867/HuNY01M.mid,piece_721981e723677fdf,Bach,Prelude_bwv_867,3,HIGH,197,0.06404421326397919,3076
Bach/Prelude/bwv_867/HuNY01M.mid,piece_721981e723677fdf,Bach,Prelude_bwv_867,4,FULL,1707,0.5549414824447334,3076
Bach/Prelude/bwv_867/Sham01M.mid,piece_721981e723677fdf,Bach,Prelude_bwv_867,0,ZERO,770,0.24774774774774774,3108
Bach/Prelude/bwv_867/Sham01M.mid,piece_721981e723677fdf,Bach,Prelude_bwv_867,1,LOW,1027,0.3304375804375804,3108
Bach/Prelude/bwv_867/Sham01M.mid,piece_721981e723677fdf,Bach,Prelude_bwv_867,2,MID,290,0.0933075933075933,3108
Bach/Prelude/bwv_867/Sham01M.mid,piece_721981e723677fdf,Bach,Prelude_bwv_867,3,HIGH,261,0.08397683397683398,3108
Bach/Prelude/bwv_867/Sham01M.mid,piece_721981e723677fdf,Bach,Prelude_bwv_867,4,FULL,760,0.24453024453024452,3108
Bach/Prelude/bwv_868/GonzalezJ05M.mid,piece_cc89ac35b1d3db0b,Bach,Prelude_bwv_868,0,ZERO,1385,0.836352657004831,1656
Bach/Prelude/bwv_868/GonzalezJ05M.mid,piece_cc89ac35b1d3db0b,Bach,Prelude_bwv_868,1,LOW,138,0.08333333333333333,1656
Bach/Prelude/bwv_868/GonzalezJ05M.mid,piece_cc89ac35b1d3db0b,Bach,Prelude_bwv_868,2,MID,117,0.07065217391304347,1656
Bach/Prelude/bwv_868/GonzalezJ05M.mid,piece_cc89ac35b1d3db0b,Bach,Prelude_bwv_868,3,HIGH,2,0.0012077294685990338,1656
Bach/Prelude/bwv_868/GonzalezJ05M.mid,piece_cc89ac35b1d3db0b,Bach,Prelude_bwv_868,4,FULL,14,0.008454106280193236,1656
Bach/Prelude/bwv_870/ChenW01M.mid,piece_89a66ae19d38ac8e,Bach,Prelude_bwv_870,0,ZERO,3336,1.0,3336
Bach/Prelude/bwv_870/ChenW01M.mid,piece_89a66ae19d38ac8e,Bach,Prelude_bwv_870,1,LOW,0,0.0,3336
Bach/Prelude/bwv_870/ChenW01M.mid,piece_89a66ae19d38ac8e,Bach,Prelude_bwv_870,2,MID,0,0.0,3336
Bach/Prelude/bwv_870/ChenW01M.mid,piece_89a66ae19d38ac8e,Bach,Prelude_bwv_870,3,HIGH,0,0.0,3336
Bach/Prelude/bwv_870/ChenW01M.mid,piece_89a66ae19d38ac8e,Bach,Prelude_bwv_870,4,FULL,0,0.0,3336
Bach/Prelude/bwv_870/LeeE01M.mid,piece_89a66ae19d38ac8e,Bach,Prelude_bwv_870,0,ZERO,59,0.017685851318944845,3336
Bach/Prelude/bwv_870/LeeE01M.mid,piece_89a66ae19d38ac8e,Bach,Prelude_bwv_870,1,LOW,2869,0.8600119904076738,3336
Bach/Prelude/bwv_870/LeeE01M.mid,piece_89a66ae19d38ac8e,Bach,Prelude_bwv_870,2,MID,259,0.0776378896882494,3336
Bach/Prelude/bwv_870/LeeE01M.mid,piece_89a66ae19d38ac8e,Bach,Prelude_bwv_870,3,HIGH,35,0.010491606714628298,3336
Bach/Prelude/bwv_870/LeeE01M.mid,piece_89a66ae19d38ac8e,Bach,Prelude_bwv_870,4,FULL,114,0.0341726618705036,3336
Bach/Prelude/bwv_870/MaximovI01M.mid,piece_89a66ae19d38ac8e,Bach,Prelude_bwv_870,0,ZERO,2816,0.8451380552220888,3332
Bach/Prelude/bwv_870/MaximovI01M.mid,piece_89a66ae19d38ac8e,Bach,Prelude_bwv_870,1,LOW,88,0.026410564225690276,3332
Bach/Prelude/bwv_870/MaximovI01M.mid,piece_89a66ae19d38ac8e,Bach,Prelude_bwv_870,2,MID,150,0.045018007202881155,3332
Bach/Prelude/bwv_870/MaximovI01M.mid,piece_89a66ae19d38ac8e,Bach,Prelude_bwv_870,3,HIGH,23,0.006902761104441777,3332
Bach/Prelude/bwv_870/MaximovI01M.mid,piece_89a66ae19d38ac8e,Bach,Prelude_bwv_870,4,FULL,255,0.07653061224489796,3332
Bach/Prelude/bwv_873/Lisiecki02.mid,piece_a802227bdc6de39c,Bach,Prelude_bwv_873,0,ZERO,5012,0.9226804123711341,5432
Bach/Prelude/bwv_873/Lisiecki02.mid,piece_a802227bdc6de39c,Bach,Prelude_bwv_873,1,LOW,270,0.04970544918998527,5432
Bach/Prelude/bwv_873/Lisiecki02.mid,piece_a802227bdc6de39c,Bach,Prelude_bwv_873,2,MID,150,0.027614138438880706,5432
Bach/Prelude/bwv_873/Lisiecki02.mid,piece_a802227bdc6de39c,Bach,Prelude_bwv_873,3,HIGH,0,0.0,5432
Bach/Prelude/bwv_873/Lisiecki02.mid,piece_a802227bdc6de39c,Bach,Prelude_bwv_873,4,FULL,0,0.0,5432
Bach/Prelude/bwv_873/Lisiecki13M.mid,piece_a802227bdc6de39c,Bach,Prelude_bwv_873,0,ZERO,5355,0.9858247422680413,5432
Bach/Prelude/bwv_873/Lisiecki13M.mid,piece_a802227bdc6de39c,Bach,Prelude_bwv_873,1,LOW,5,0.0009204712812960235,5432
Bach/Prelude/bwv_873/Lisiecki13M.mid,piece_a802227bdc6de39c,Bach,Prelude_bwv_873,2,MID,42,0.007731958762886598,5432
Bach/Prelude/bwv_873/Lisiecki13M.mid,piece_a802227bdc6de39c,Bach,Prelude_bwv_873,3,HIGH,30,0.005522827687776142,5432
Bach/Prelude/bwv_873/Lisiecki13M.mid,piece_a802227bdc6de39c,Bach,Prelude_bwv_873,4,FULL,0,0.0,5432
Bach/Prelude/bwv_874/BianF01M.mid,piece_1bf751cdcfa38025,Bach,Prelude_bwv_874,0,ZERO,1604,0.2547649301143583,6296
Bach/Prelude/bwv_874/BianF01M.mid,piece_1bf751cdcfa38025,Bach,Prelude_bwv_874,1,LOW,4420,0.7020330368487929,6296
Bach/Prelude/bwv_874/BianF01M.mid,piece_1bf751cdcfa38025,Bach,Prelude_bwv_874,2,MID,158,0.025095298602287167,6296
Bach/Prelude/bwv_874/BianF01M.mid,piece_1bf751cdcfa38025,Bach,Prelude_bwv_874,3,HIGH,35,0.005559085133418043,6296
Bach/Prelude/bwv_874/BianF01M.mid,piece_1bf751cdcfa38025,Bach,Prelude_bwv_874,4,FULL,79,0.012547649301143583,6296
Bach/Prelude/bwv_874/WongWY01M.mid,piece_1bf751cdcfa38025,Bach,Prelude_bwv_874,0,ZERO,4577,0.7377498388136686,6204
Bach/Prelude/bwv_874/WongWY01M.mid,piece_1bf751cdcfa38025,Bach,Prelude_bwv_874,1,LOW,1340,0.21598968407479047,6204
Bach/Prelude/bwv_874/WongWY01M.mid,piece_1bf751cdcfa38025,Bach,Prelude_bwv_874,2,MID,194,0.03127014829142489,6204
Bach/Prelude/bwv_874/WongWY01M.mid,piece_1bf751cdcfa38025,Bach,Prelude_bwv_874,3,HIGH,36,0.005802707930367505,6204
Bach/Prelude/bwv_874/WongWY01M.mid,piece_1bf751cdcfa38025,Bach,Prelude_bwv_874,4,FULL,57,0.00918762088974855,6204
Bach/Prelude/bwv_875/Ahfat01M.mid,piece_da26157fa18b95cc,Bach,Prelude_bwv_875,0,ZERO,1248,0.2828649138712602,4412
Bach/Prelude/bwv_875/Ahfat01M.mid,piece_da26157fa18b95cc,Bach,Prelude_bwv_875,1,LOW,2994,0.6786038077969175,4412
Bach/Prelude/bwv_875/Ahfat01M.mid,piece_da26157fa18b95cc,Bach,Prelude_bwv_875,2,MID,70,0.01586582048957389,4412
Bach/Prelude/bwv_875/Ahfat01M.mid,piece_da26157fa18b95cc,Bach,Prelude_bwv_875,3,HIGH,13,0.0029465095194922937,4412
Bach/Prelude/bwv_875/Ahfat01M.mid,piece_da26157fa18b95cc,Bach,Prelude_bwv_875,4,FULL,87,0.01971894832275612,4412
Bach/Prelude/bwv_875/CaoJ01M.mid,piece_da26157fa18b95cc,Bach,Prelude_bwv_875,0,ZERO,4306,0.9795268425841674,4396
Bach/Prelude/bwv_875/CaoJ01M.mid,piece_da26157fa18b95cc,Bach,Prelude_bwv_875,1,LOW,25,0.005686988171064604,4396
Bach/Prelude/bwv_875/CaoJ01M.mid,piece_da26157fa18b95cc,Bach,Prelude_bwv_875,2,MID,28,0.006369426751592357,4396
Bach/Prelude/bwv_875/CaoJ01M.mid,piece_da26157fa18b95cc,Bach,Prelude_bwv_875,3,HIGH,3,0.0006824385805277526,4396
Bach/Prelude/bwv_875/CaoJ01M.mid,piece_da26157fa18b95cc,Bach,Prelude_bwv_875,4,FULL,34,0.0077343039126478615,4396
Bach/Prelude/bwv_875/HONG04M.mid,piece_da26157fa18b95cc,Bach,Prelude_bwv_875,0,ZERO,4111,0.9309329710144928,4416
Bach/Prelude/bwv_875/HONG04M.mid,piece_da26157fa18b95cc,Bach,Prelude_bwv_875,1,LOW,282,0.06385869565217392,4416
Bach/Prelude/bwv_875/HONG04M.mid,piece_da26157fa18b95cc,Bach,Prelude_bwv_875,2,MID,23,0.005208333333333333,4416
Bach/Prelude/bwv_875/HONG04M.mid,piece_da26157fa18b95cc,Bach,Prelude_bwv_875,3,HIGH,0,0.0,4416
Bach/Prelude/bwv_875/HONG04M.mid,piece_da26157fa18b95cc,Bach,Prelude_bwv_875,4,FULL,0,0.0,4416
Bach/Prelude/bwv_876/SirajA01M.mid,piece_b442844984a51ea8,Bach,Prelude_bwv_876,0,ZERO,3246,0.8820652173913044,3680
Bach/Prelude/bwv_876/SirajA01M.mid,piece_b442844984a51ea8,Bach,Prelude_bwv_876,1,LOW,239,0.06494565217391304,3680
Bach/Prelude/bwv_876/SirajA01M.mid,piece_b442844984a51ea8,Bach,Prelude_bwv_876,2,MID,158,0.042934782608695654,3680
Bach/Prelude/bwv_876/SirajA01M.mid,piece_b442844984a51ea8,Bach,Prelude_bwv_876,3,HIGH,15,0.004076086956521739,3680
Bach/Prelude/bwv_876/SirajA01M.mid,piece_b442844984a51ea8,Bach,Prelude_bwv_876,4,FULL,22,0.005978260869565218,3680
Bach/Prelude/bwv_876/Song01M.mid,piece_b442844984a51ea8,Bach,Prelude_bwv_876,0,ZERO,194,0.05248917748917749,3696
Bach/Prelude/bwv_876/Song01M.mid,piece_b442844984a51ea8,Bach,Prelude_bwv_876,1,LOW,3471,0.9391233766233766,3696
Bach/Prelude/bwv_876/Song01M.mid,piece_b442844984a51ea8,Bach,Prelude_bwv_876,2,MID,10,0.0027056277056277055,3696
Bach/Prelude/bwv_876/Song01M.mid,piece_b442844984a51ea8,Bach,Prelude_bwv_876,3,HIGH,8,0.0021645021645021645,3696
Bach/Prelude/bwv_876/Song01M.mid,piece_b442844984a51ea8,Bach,Prelude_bwv_876,4,FULL,13,0.0035173160173160175,3696
Bach/Prelude/bwv_880/LeungR01M.mid,piece_305e11a6db1eaef8,Bach,Prelude_bwv_880,0,ZERO,2800,0.5645161290322581,4960
Bach/Prelude/bwv_880/LeungR01M.mid,piece_305e11a6db1eaef8,Bach,Prelude_bwv_880,1,LOW,1984,0.4,4960
Bach/Prelude/bwv_880/LeungR01M.mid,piece_305e11a6db1eaef8,Bach,Prelude_bwv_880,2,MID,118,0.02379032258064516,4960
Bach/Prelude/bwv_880/LeungR01M.mid,piece_305e11a6db1eaef8,Bach,Prelude_bwv_880,3,HIGH,27,0.005443548387096774,4960
Bach/Prelude/bwv_880/LeungR01M.mid,piece_305e11a6db1eaef8,Bach,Prelude_bwv_880,4,FULL,31,0.00625,4960
Bach/Prelude/bwv_880/Sun02.mid,piece_305e11a6db1eaef8,Bach,Prelude_bwv_880,0,ZERO,1979,0.39995957962813256,4948
Bach/Prelude/bwv_880/Sun02.mid,piece_305e11a6db1eaef8,Bach,Prelude_bwv_880,1,LOW,1136,0.22958771220695232,4948
Bach/Prelude/bwv_880/Sun02.mid,piece_305e11a6db1eaef8,Bach,Prelude_bwv_880,2,MID,1103,0.2229183508488278,4948
Bach/Prelude/bwv_880/Sun02.mid,piece_305e11a6db1eaef8,Bach,Prelude_bwv_880,3,HIGH,655,0.13237671786580438,4948
Bach/Prelude/bwv_880/Sun02.mid,piece_305e11a6db1eaef8,Bach,Prelude_bwv_880,4,FULL,75,0.015157639450282943,4948
Bach/Prelude/bwv_880/WangA04M.mid,piece_305e11a6db1eaef8,Bach,Prelude_bwv_880,0,ZERO,3720,0.7481898632341111,4972
Bach/Prelude/bwv_880/WangA04M.mid,piece_305e11a6db1eaef8,Bach,Prelude_bwv_880,1,LOW,831,0.167135961383749,4972
Bach/Prelude/bwv_880/WangA04M.mid,piece_305e11a6db1eaef8,Bach,Prelude_bwv_880,2,MID,421,0.08467417538213999,4972
Bach/Prelude/bwv_880/WangA04M.mid,piece_305e11a6db1eaef8,Bach,Prelude_bwv_880,3,HIGH,0,0.0,4972
Bach/Prelude/bwv_880/WangA04M.mid,piece_305e11a6db1eaef8,Bach,Prelude_bwv_880,4,FULL,0,0.0,4972
Bach/Prelude/bwv_883/GuoE01M.mid,piece_02a876a1cf6f3e0c,Bach,Prelude_bwv_883,0,ZERO,131,0.0367152466367713,3568
Bach/Prelude/bwv_883/GuoE01M.mid,piece_02a876a1cf6f3e0c,Bach,Prelude_bwv_883,1,LOW,1463,0.4100336322869955,3568
Bach/Prelude/bwv_883/GuoE01M.mid,piece_02a876a1cf6f3e0c,Bach,Prelude_bwv_883,2,MID,1827,0.5120515695067265,3568
Bach/Prelude/bwv_883/GuoE01M.mid,piece_02a876a1cf6f3e0c,Bach,Prelude_bwv_883,3,HIGH,97,0.02718609865470852,3568
Bach/Prelude/bwv_883/GuoE01M.mid,piece_02a876a1cf6f3e0c,Bach,Prelude_bwv_883,4,FULL,50,0.014013452914798207,3568
Bach/Prelude/bwv_883/Lim01.mid,piece_02a876a1cf6f3e0c,Bach,Prelude_bwv_883,0,ZERO,197,0.055461711711711714,3552
Bach/Prelude/bwv_883/Lim01.mid,piece_02a876a1cf6f3e0c,Bach,Prelude_bwv_883,1,LOW,1554,0.4375,3552
Bach/Prelude/bwv_883/Lim01.mid,piece_02a876a1cf6f3e0c,Bach,Prelude_bwv_883,2,MID,1105,0.31109234234234234,3552
Bach/Prelude/bwv_883/Lim01.mid,piece_02a876a1cf6f3e0c,Bach,Prelude_bwv_883,3,HIGH,573,0.16131756756756757,3552
Bach/Prelude/bwv_883/Lim01.mid,piece_02a876a1cf6f3e0c,Bach,Prelude_bwv_883,4,FULL,123,0.03462837837837838,3552
Bach/Prelude/bwv_883/LuM01M.mid,piece_02a876a1cf6f3e0c,Bach,Prelude_bwv_883,0,ZERO,633,0.17820945945945946,3552
Bach/Prelude/bwv_883/LuM01M.mid,piece_02a876a1cf6f3e0c,Bach,Prelude_bwv_883,1,LOW,2071,0.5830518018018018,3552
Bach/Prelude/bwv_883/LuM01M.mid,piece_02a876a1cf6f3e0c,Bach,Prelude_bwv_883,2,MID,466,0.13119369369369369,3552
Bach/Prelude/bwv_883/LuM01M.mid,piece_02a876a1cf6f3e0c,Bach,Prelude_bwv_883,3,HIGH,106,0.029842342342342343,3552
Bach/Prelude/bwv_883/LuM01M.mid,piece_02a876a1cf6f3e0c,Bach,Prelude_bwv_883,4,FULL,276,0.0777027027027027,3552
Bach/Prelude/bwv_884/LiA01M.mid,piece_2986ab44da37ac61,Bach,Prelude_bwv_884,0,ZERO,3619,0.996420704845815,3632
Bach/Prelude/bwv_884/LiA01M.mid,piece_2986ab44da37ac61,Bach,Prelude_bwv_884,1,LOW,2,0.0005506607929515419,3632
Bach/Prelude/bwv_884/LiA01M.mid,piece_2986ab44da37ac61,Bach,Prelude_bwv_884,2,MID,11,0.0030286343612334803,3632
Bach/Prelude/bwv_884/LiA01M.mid,piece_2986ab44da37ac61,Bach,Prelude_bwv_884,3,HIGH,0,0.0,3632
Bach/Prelude/bwv_884/LiA01M.mid,piece_2986ab44da37ac61,Bach,Prelude_bwv_884,4,FULL,0,0.0,3632
Bach/Prelude/bwv_887/LiYZ01M.mid,piece_19d32d5104bdb3f5,Bach,Prelude_bwv_887,0,ZERO,93,0.017816091954022988,5220
Bach/Prelude/bwv_887/LiYZ01M.mid,piece_19d32d5104bdb3f5,Bach,Prelude_bwv_887,1,LOW,5040,0.9655172413793104,5220
Bach/Prelude/bwv_887/LiYZ01M.mid,piece_19d32d5104bdb3f5,Bach,Prelude_bwv_887,2,MID,77,0.01475095785440613,5220
Bach/Prelude/bwv_887/LiYZ01M.mid,piece_19d32d5104bdb3f5,Bach,Prelude_bwv_887,3,HIGH,0,0.0,5220
Bach/Prelude/bwv_887/LiYZ01M.mid,piece_19d32d5104bdb3f5,Bach,Prelude_bwv_887,4,FULL,10,0.0019157088122605363,5220
Bach/Prelude/bwv_889/Giesbrecht01M.mid,piece_8cbeceb9c3c3b799,Bach,Prelude_bwv_889,0,ZERO,279,0.08885350318471337,3140
Bach/Prelude/bwv_889/Giesbrecht01M.mid,piece_8cbeceb9c3c3b799,Bach,Prelude_bwv_889,1,LOW,2861,0.9111464968152866,3140
Bach/Prelude/bwv_889/Giesbrecht01M.mid,piece_8cbeceb9c3c3b799,Bach,Prelude_bwv_889,2,MID,0,0.0,3140
Bach/Prelude/bwv_889/Giesbrecht01M.mid,piece_8cbeceb9c3c3b799,Bach,Prelude_bwv_889,3,HIGH,0,0.0,3140
Bach/Prelude/bwv_889/Giesbrecht01M.mid,piece_8cbeceb9c3c3b799,Bach,Prelude_bwv_889,4,FULL,0,0.0,3140
Bach/Prelude/bwv_889/LiuY01M.mid,piece_8cbeceb9c3c3b799,Bach,Prelude_bwv_889,0,ZERO,3128,1.0,3128
Bach/Prelude/bwv_889/LiuY01M.mid,piece_8cbeceb9c3c3b799,Bach,Prelude_bwv_889,1,LOW,0,0.0,3128
Bach/Prelude/bwv_889/LiuY01M.mid,piece_8cbeceb9c3c3b799,Bach,Prelude_bwv_889,2,MID,0,0.0,3128
Bach/Prelude/bwv_889/LiuY01M.mid,piece_8cbeceb9c3c3b799,Bach,Prelude_bwv_889,3,HIGH,0,0.0,3128
Bach/Prelude/bwv_889/LiuY01M.mid,piece_8cbeceb9c3c3b799,Bach,Prelude_bwv_889,4,FULL,0,0.0,3128
Bach/Prelude/bwv_889/MunA01M.mid,piece_8cbeceb9c3c3b799,Bach,Prelude_bwv_889,0,ZERO,3054,0.9788461538461538,3120
Bach/Prelude/bwv_889/MunA01M.mid,piece_8cbeceb9c3c3b799,Bach,Prelude_bwv_889,1,LOW,66,0.021153846153846155,3120
Bach/Prelude/bwv_889/MunA01M.mid,piece_8cbeceb9c3c3b799,Bach,Prelude_bwv_889,2,MID,0,0.0,3120
Bach/Prelude/bwv_889/MunA01M.mid,piece_8cbeceb9c3c3b799,Bach,Prelude_bwv_889,3,HIGH,0,0.0,3120
Bach/Prelude/bwv_889/MunA01M.mid,piece_8cbeceb9c3c3b799,Bach,Prelude_bwv_889,4,FULL,0,0.0,3120
Bach/Prelude/bwv_889/Wang01M.mid,piece_8cbeceb9c3c3b799,Bach,Prelude_bwv_889,0,ZERO,1230,0.39122137404580154,3144
Bach/Prelude/bwv_889/Wang01M.mid,piece_8cbeceb9c3c3b799,Bach,Prelude_bwv_889,1,LOW,1876,0.5966921119592875,3144
Bach/Prelude/bwv_889/Wang01M.mid,piece_8cbeceb9c3c3b799,Bach,Prelude_bwv_889,2,MID,37,0.011768447837150127,3144
Bach/Prelude/bwv_889/Wang01M.mid,piece_8cbeceb9c3c3b799,Bach,Prelude_bwv_889,3,HIGH,1,0.0003180661577608143,3144
Bach/Prelude/bwv_889/Wang01M.mid,piece_8cbeceb9c3c3b799,Bach,Prelude_bwv_889,4,FULL,0,0.0,3144
Bach/Prelude/bwv_889/YangY02M.mid,piece_8cbeceb9c3c3b799,Bach,Prelude_bwv_889,0,ZERO,2303,0.7297211660329531,3156
Bach/Prelude/bwv_889/YangY02M.mid,piece_8cbeceb9c3c3b799,Bach,Prelude_bwv_889,1,LOW,831,0.2633079847908745,3156
Bach/Prelude/bwv_889/YangY02M.mid,piece_8cbeceb9c3c3b799,Bach,Prelude_bwv_889,2,MID,18,0.005703422053231939,3156
Bach/Prelude/bwv_889/YangY02M.mid,piece_8cbeceb9c3c3b799,Bach,Prelude_bwv_889,3,HIGH,4,0.0012674271229404308,3156
Bach/Prelude/bwv_889/YangY02M.mid,piece_8cbeceb9c3c3b799,Bach,Prelude_bwv_889,4,FULL,0,0.0,3156
Bach/Prelude/bwv_889/ZhangW02M.mid,piece_8cbeceb9c3c3b799,Bach,Prelude_bwv_889,0,ZERO,2723,0.8562893081761006,3180
Bach/Prelude/bwv_889/ZhangW02M.mid,piece_8cbeceb9c3c3b799,Bach,Prelude_bwv_889,1,LOW,401,0.1261006289308176,3180
Bach/Prelude/bwv_889/ZhangW02M.mid,piece_8cbeceb9c3c3b799,Bach,Prelude_bwv_889,2,MID,56,0.01761006289308176,3180
Bach/Prelude/bwv_889/ZhangW02M.mid,piece_8cbeceb9c3c3b799,Bach,Prelude_bwv_889,3,HIGH,0,0.0,3180
Bach/Prelude/bwv_889/ZhangW02M.mid,piece_8cbeceb9c3c3b799,Bach,Prelude_bwv_889,4,FULL,0,0.0,3180
Bach/Prelude/bwv_891/BLINOV04M.mid,piece_32bc8070a1c0cc09,Bach,Prelude_bwv_891,0,ZERO,1018,0.21567796610169493,4720
Bach/Prelude/bwv_891/BLINOV04M.mid,piece_32bc8070a1c0cc09,Bach,Prelude_bwv_891,1,LOW,3154,0.6682203389830509,4720
Bach/Prelude/bwv_891/BLINOV04M.mid,piece_32bc8070a1c0cc09,Bach,Prelude_bwv_891,2,MID,279,0.05911016949152542,4720
Bach/Prelude/bwv_891/BLINOV04M.mid,piece_32bc8070a1c0cc09,Bach,Prelude_bwv_891,3,HIGH,258,0.05466101694915254,4720
Bach/Prelude/bwv_891/BLINOV04M.mid,piece_32bc8070a1c0cc09,Bach,Prelude_bwv_891,4,FULL,11,0.0023305084745762713,4720
Bach/Prelude/bwv_891/Duepree06M.mid,piece_32bc8070a1c0cc09,Bach,Prelude_bwv_891,0,ZERO,2196,0.46329113924050636,4740
Bach/Prelude/bwv_891/Duepree06M.mid,piece_32bc8070a1c0cc09,Bach,Prelude_bwv_891,1,LOW,1188,0.25063291139240507,4740
Bach/Prelude/bwv_891/Duepree06M.mid,piece_32bc8070a1c0cc09,Bach,Prelude_bwv_891,2,MID,1342,0.2831223628691983,4740
Bach/Prelude/bwv_891/Duepree06M.mid,piece_32bc8070a1c0cc09,Bach,Prelude_bwv_891,3,HIGH,14,0.002953586497890295,4740
Bach/Prelude/bwv_891/Duepree06M.mid,piece_32bc8070a1c0cc09,Bach,Prelude_bwv_891,4,FULL,0,0.0,4740
Bach/Prelude/bwv_892/Hou01M.mid,piece_92f8814503892be7,Bach,Prelude_bwv_892,0,ZERO,4336,1.0,4336
Bach/Prelude/bwv_892/Hou01M.mid,piece_92f8814503892be7,Bach,Prelude_bwv_892,1,LOW,0,0.0,4336
Bach/Prelude/bwv_892/Hou01M.mid,piece_92f8814503892be7,Bach,Prelude_bwv_892,2,MID,0,0.0,4336
Bach/Prelude/bwv_892/Hou01M.mid,piece_92f8814503892be7,Bach,Prelude_bwv_892,3,HIGH,0,0.0,4336
Bach/Prelude/bwv_892/Hou01M.mid,piece_92f8814503892be7,Bach,Prelude_bwv_892,4,FULL,0,0.0,4336
Bach/Prelude/bwv_892/KabuliL01M.mid,piece_92f8814503892be7,Bach,Prelude_bwv_892,0,ZERO,3750,0.8632596685082873,4344
Bach/Prelude/bwv_892/KabuliL01M.mid,piece_92f8814503892be7,Bach,Prelude_bwv_892,1,LOW,554,0.12753222836095765,4344
Bach/Prelude/bwv_892/KabuliL01M.mid,piece_92f8814503892be7,Bach,Prelude_bwv_892,2,MID,40,0.009208103130755065,4344
Bach/Prelude/bwv_892/KabuliL01M.mid,piece_92f8814503892be7,Bach,Prelude_bwv_892,3,HIGH,0,0.0,4344
Bach/Prelude/bwv_892/KabuliL01M.mid,piece_92f8814503892be7,Bach,Prelude_bwv_892,4,FULL,0,0.0,4344
Bach/Prelude/bwv_893/Kleisen04M.mid,piece_e47353d532687127,Bach,Prelude_bwv_893,0,ZERO,3340,0.9531963470319634,3504
Bach/Prelude/bwv_893/Kleisen04M.mid,piece_e47353d532687127,Bach,Prelude_bwv_893,1,LOW,10,0.0028538812785388126,3504
Bach/Prelude/bwv_893/Kleisen04M.mid,piece_e47353d532687127,Bach,Prelude_bwv_893,2,MID,109,0.031107305936073058,3504
Bach/Prelude/bwv_893/Kleisen04M.mid,piece_e47353d532687127,Bach,Prelude_bwv_893,3,HIGH,45,0.012842465753424657,3504
Bach/Prelude/bwv_893/Kleisen04M.mid,piece_e47353d532687127,Bach,Prelude_bwv_893,4,FULL,0,0.0,3504
Bach/Prelude/bwv_893/Levitsky04M.mid,piece_e47353d532687127,Bach,Prelude_bwv_893,0,ZERO,3011,0.8505649717514124,3540
Bach/Prelude/bwv_893/Levitsky04M.mid,piece_e47353d532687127,Bach,Prelude_bwv_893,1,LOW,56,0.015819209039548022,3540
Bach/Prelude/bwv_893/Levitsky04M.mid,piece_e47353d532687127,Bach,Prelude_bwv_893,2,MID,388,0.1096045197740113,3540
Bach/Prelude/bwv_893/Levitsky04M.mid,piece_e47353d532687127,Bach,Prelude_bwv_893,3,HIGH,55,0.015536723163841809,3540
Bach/Prelude/bwv_893/Levitsky04M.mid,piece_e47353d532687127,Bach,Prelude_bwv_893,4,FULL,30,0.00847457627118644,3540
Bach/Prelude/bwv_893/Wong01M.mid,piece_e47353d532687127,Bach,Prelude_bwv_893,0,ZERO,3374,0.9424581005586592,3580
Bach/Prelude/bwv_893/Wong01M.mid,piece_e47353d532687127,Bach,Prelude_bwv_893,1,LOW,25,0.006983240223463687,3580
Bach/Prelude/bwv_893/Wong01M.mid,piece_e47353d532687127,Bach,Prelude_bwv_893,2,MID,65,0.018156424581005588,3580
Bach/Prelude/bwv_893/Wong01M.mid,piece_e47353d532687127,Bach,Prelude_bwv_893,3,HIGH,10,0.002793296089385475,3580
Bach/Prelude/bwv_893/Wong01M.mid,piece_e47353d532687127,Bach,Prelude_bwv_893,4,FULL,106,0.029608938547486034,3580
Balakirev/Islamey/CHEN04.mid,piece_b6676cf2a8d4bd71,Balakirev,Islamey,0,ZERO,5065,0.15621144830989392,32424
Balakirev/Islamey/CHEN04.mid,piece_b6676cf2a8d4bd71,Balakirev,Islamey,1,LOW,4030,0.12429064890204787,32424
Balakirev/Islamey/CHEN04.mid,piece_b6676cf2a8d4bd71,Balakirev,Islamey,2,MID,2430,0.07494448556624722,32424
Balakirev/Islamey/CHEN04.mid,piece_b6676cf2a8d4bd71,Balakirev,Islamey,3,HIGH,2661,0.08206883789785344,32424
Balakirev/Islamey/CHEN04.mid,piece_b6676cf2a8d4bd71,Balakirev,Islamey,4,FULL,18238,0.5624845793239576,32424
Balakirev/Islamey/CHEN10M.mid,piece_b6676cf2a8d4bd71,Balakirev,Islamey,0,ZERO,5062,0.15850450901803606,31936
Balakirev/Islamey/CHEN10M.mid,piece_b6676cf2a8d4bd71,Balakirev,Islamey,1,LOW,5718,0.17904559118236474,31936
Balakirev/Islamey/CHEN10M.mid,piece_b6676cf2a8d4bd71,Balakirev,Islamey,2,MID,3072,0.09619238476953908,31936
Balakirev/Islamey/CHEN10M.mid,piece_b6676cf2a8d4bd71,Balakirev,Islamey,3,HIGH,4411,0.13811998997995992,31936
Balakirev/Islamey/CHEN10M.mid,piece_b6676cf2a8d4bd71,Balakirev,Islamey,4,FULL,13673,0.4281375250501002,31936
Balakirev/Islamey/Cho05.mid,piece_b6676cf2a8d4bd71,Balakirev,Islamey,0,ZERO,5825,0.17090130266400658,34084
Balakirev/Islamey/Cho05.mid,piece_b6676cf2a8d4bd71,Balakirev,Islamey,1,LOW,2085,0.0611723976059148,34084
Balakirev/Islamey/Cho05.mid,piece_b6676cf2a8d4bd71,Balakirev,Islamey,2,MID,1970,0.057798380471775615,34084
Balakirev/Islamey/Cho05.mid,piece_b6676cf2a8d4bd71,Balakirev,Islamey,3,HIGH,4735,0.13892148808825255,34084
Balakirev/Islamey/Cho05.mid,piece_b6676cf2a8d4bd71,Balakirev,Islamey,4,FULL,19469,0.5712064311700504,34084
Balakirev/Islamey/Gorucan03.mid,piece_b6676cf2a8d4bd71,Balakirev,Islamey,0,ZERO,12511,0.3774285024737541,33148
Balakirev/Islamey/Gorucan03.mid,piece_b6676cf2a8d4bd71,Balakirev,Islamey,1,LOW,704,0.021238083745625677,33148
Balakirev/Islamey/Gorucan03.mid,piece_b6676cf2a8d4bd71,Balakirev,Islamey,2,MID,7971,0.240466996500543,33148
Balakirev/Islamey/Gorucan03.mid,piece_b6676cf2a8d4bd71,Balakirev,Islamey,3,HIGH,3566,0.10757813442741644,33148
Balakirev/Islamey/Gorucan03.mid,piece_b6676cf2a8d4bd71,Balakirev,Islamey,4,FULL,8396,0.2532882828526608,33148
Balakirev/Islamey/Na04.mid,piece_b6676cf2a8d4bd71,Balakirev,Islamey,0,ZERO,7630,0.22716446349886865,33588
Balakirev/Islamey/Na04.mid,piece_b6676cf2a8d4bd71,Balakirev,Islamey,1,LOW,5286,0.15737763486959627,33588
Balakirev/Islamey/Na04.mid,piece_b6676cf2a8d4bd71,Balakirev,Islamey,2,MID,4440,0.1321900678813862,33588
Balakirev/Islamey/Na04.mid,piece_b6676cf2a8d4bd71,Balakirev,Islamey,3,HIGH,1658,0.049362867690841965,33588
Balakirev/Islamey/Na04.mid,piece_b6676cf2a8d4bd71,Balakirev,Islamey,4,FULL,14574,0.4339049660593069,33588
Balakirev/Islamey/Na08M.mid,piece_b6676cf2a8d4bd71,Balakirev,Islamey,0,ZERO,6890,0.20611463443819553,33428
Balakirev/Islamey/Na08M.mid,piece_b6676cf2a8d4bd71,Balakirev,Islamey,1,LOW,5593,0.16731482589445973,33428
Balakirev/Islamey/Na08M.mid,piece_b6676cf2a8d4bd71,Balakirev,Islamey,2,MID,5975,0.1787423716644729,33428
Balakirev/Islamey/Na08M.mid,piece_b6676cf2a8d4bd71,Balakirev,Islamey,3,HIGH,1529,0.04574009812133541,33428
Balakirev/Islamey/Na08M.mid,piece_b6676cf2a8d4bd71,Balakirev,Islamey,4,FULL,13441,0.40208806988153645,33428
Balakirev/Islamey/Shelest03.mid,piece_b6676cf2a8d4bd71,Balakirev,Islamey,0,ZERO,4533,0.13619156351400072,33284
Balakirev/Islamey/Shelest03.mid,piece_b6676cf2a8d4bd71,Balakirev,Islamey,1,LOW,4908,0.14745823819252493,33284
Balakirev/Islamey/Shelest03.mid,piece_b6676cf2a8d4bd71,Balakirev,Islamey,2,MID,3361,0.10097944958538638,33284
Balakirev/Islamey/Shelest03.mid,piece_b6676cf2a8d4bd71,Balakirev,Islamey,3,HIGH,1003,0.030134599206826103,33284
Balakirev/Islamey/Shelest03.mid,piece_b6676cf2a8d4bd71,Balakirev,Islamey,4,FULL,19479,0.5852361495012619,33284
Balakirev/Islamey/Shi11.mid,piece_b6676cf2a8d4bd71,Balakirev,Islamey,0,ZERO,7816,0.24324660774305987,32132
Balakirev/Islamey/Shi11.mid,piece_b6676cf2a8d4bd71,Balakirev,Islamey,1,LOW,3074,0.09566787003610108,32132
Balakirev/Islamey/Shi11.mid,piece_b6676cf2a8d4bd71,Balakirev,Islamey,2,MID,5676,0.1766463338727748,32132
Balakirev/Islamey/Shi11.mid,piece_b6676cf2a8d4bd71,Balakirev,Islamey,3,HIGH,1931,0.06009585459977593,32132
Balakirev/Islamey/Shi11.mid,piece_b6676cf2a8d4bd71,Balakirev,Islamey,4,FULL,13635,0.4243433337482883,32132
Balakirev/Islamey/Verbaite04.mid,piece_b6676cf2a8d4bd71,Balakirev,Islamey,0,ZERO,13046,0.4042513634110064,32272
Balakirev/Islamey/Verbaite04.mid,piece_b6676cf2a8d4bd71,Balakirev,Islamey,1,LOW,1221,0.03783465542885474,32272
Balakirev/Islamey/Verbaite04.mid,piece_b6676cf2a8d4bd71,Balakirev,Islamey,2,MID,9685,0.30010535448686165,32272
Balakirev/Islamey/Verbaite04.mid,piece_b6676cf2a8d4bd71,Balakirev,Islamey,3,HIGH,1995,0.06181829449677739,32272
Balakirev/Islamey/Verbaite04.mid,piece_b6676cf2a8d4bd71,Balakirev,Islamey,4,FULL,6325,0.19599033217649975,32272
Balakirev/Islamey/Yi04M.mid,piece_b6676cf2a8d4bd71,Balakirev,Islamey,0,ZERO,10618,0.3249877571008815,32672
Balakirev/Islamey/Yi04M.mid,piece_b6676cf2a8d4bd71,Balakirev,Islamey,1,LOW,5969,0.18269466209598434,32672
Balakirev/Islamey/Yi04M.mid,piece_b6676cf2a8d4bd71,Balakirev,Islamey,2,MID,5460,0.16711557296767873,32672
Balakirev/Islamey/Yi04M.mid,piece_b6676cf2a8d4bd71,Balakirev,Islamey,3,HIGH,995,0.030454211557296766,32672
Balakirev/Islamey/Yi04M.mid,piece_b6676cf2a8d4bd71,Balakirev,Islamey,4,FULL,9630,0.29474779627815867,32672
Beethoven/Piano_Sonatas/10-1/Hou02M.mid,piece_b800119a7cfd2f46,Beethoven,Piano_Sonatas_10-1,0,ZERO,3772,0.3614411651973936,10436
Beethoven/Piano_Sonatas/10-1/Hou02M.mid,piece_b800119a7cfd2f46,Beethoven,Piano_Sonatas_10-1,1,LOW,4536,0.4346492909160598,10436
Beethoven/Piano_Sonatas/10-1/Hou02M.mid,piece_b800119a7cfd2f46,Beethoven,Piano_Sonatas_10-1,2,MID,1603,0.15360291299348408,10436
Beethoven/Piano_Sonatas/10-1/Hou02M.mid,piece_b800119a7cfd2f46,Beethoven,Piano_Sonatas_10-1,3,HIGH,109,0.01044461479494059,10436
Beethoven/Piano_Sonatas/10-1/Hou02M.mid,piece_b800119a7cfd2f46,Beethoven,Piano_Sonatas_10-1,4,FULL,416,0.039862016098121886,10436
Beethoven/Piano_Sonatas/11-1/Arciglione03.mid,piece_271ea3c9aaf01d3f,Beethoven,Piano_Sonatas_11-1,0,ZERO,6172,0.39922380336351876,15460
Beethoven/Piano_Sonatas/11-1/Arciglione03.mid,piece_271ea3c9aaf01d3f,Beethoven,Piano_Sonatas_11-1,1,LOW,3092,0.2,15460
Beethoven/Piano_Sonatas/11-1/Arciglione03.mid,piece_271ea3c9aaf01d3f,Beethoven,Piano_Sonatas_11-1,2,MID,3619,0.23408796895213455,15460
Beethoven/Piano_Sonatas/11-1/Arciglione03.mid,piece_271ea3c9aaf01d3f,Beethoven,Piano_Sonatas_11-1,3,HIGH,493,0.03188874514877102,15460
Beethoven/Piano_Sonatas/11-1/Arciglione03.mid,piece_271ea3c9aaf01d3f,Beethoven,Piano_Sonatas_11-1,4,FULL,2084,0.13479948253557567,15460
Beethoven/Piano_Sonatas/11-1/DeTurck01.mid,piece_271ea3c9aaf01d3f,Beethoven,Piano_Sonatas_11-1,0,ZERO,7846,0.5142894598846356,15256
Beethoven/Piano_Sonatas/11-1/DeTurck01.mid,piece_271ea3c9aaf01d3f,Beethoven,Piano_Sonatas_11-1,1,LOW,4451,0.29175406397482956,15256
Beethoven/Piano_Sonatas/11-1/DeTurck01.mid,piece_271ea3c9aaf01d3f,Beethoven,Piano_Sonatas_11-1,2,MID,2413,0.1581672784478238,15256
Beethoven/Piano_Sonatas/11-1/DeTurck01.mid,piece_271ea3c9aaf01d3f,Beethoven,Piano_Sonatas_11-1,3,HIGH,315,0.020647614053487154,15256
Beethoven/Piano_Sonatas/11-1/DeTurck01.mid,piece_271ea3c9aaf01d3f,Beethoven,Piano_Sonatas_11-1,4,FULL,231,0.015141583639223912,15256
Beethoven/Piano_Sonatas/11-1/LiC03M.mid,piece_271ea3c9aaf01d3f,Beethoven,Piano_Sonatas_11-1,0,ZERO,6773,0.44430595644187876,15244
Beethoven/Piano_Sonatas/11-1/LiC03M.mid,piece_271ea3c9aaf01d3f,Beethoven,Piano_Sonatas_11-1,1,LOW,4280,0.2807662030963002,15244
Beethoven/Piano_Sonatas/11-1/LiC03M.mid,piece_271ea3c9aaf01d3f,Beethoven,Piano_Sonatas_11-1,2,MID,1441,0.0945289950144319,15244
Beethoven/Piano_Sonatas/11-1/LiC03M.mid,piece_271ea3c9aaf01d3f,Beethoven,Piano_Sonatas_11-1,3,HIGH,451,0.029585410653371818,15244
Beethoven/Piano_Sonatas/11-1/LiC03M.mid,piece_271ea3c9aaf01d3f,Beethoven,Piano_Sonatas_11-1,4,FULL,2299,0.15081343479401732,15244
Beethoven/Piano_Sonatas/11-1/LiYZ03M.mid,piece_271ea3c9aaf01d3f,Beethoven,Piano_Sonatas_11-1,0,ZERO,298,0.01939599062744077,15364
Beethoven/Piano_Sonatas/11-1/LiYZ03M.mid,piece_271ea3c9aaf01d3f,Beethoven,Piano_Sonatas_11-1,1,LOW,10702,0.6965633949492319,15364
Beethoven/Piano_Sonatas/11-1/LiYZ03M.mid,piece_271ea3c9aaf01d3f,Beethoven,Piano_Sonatas_11-1,2,MID,1720,0.11195001301744337,15364
Beethoven/Piano_Sonatas/11-1/LiYZ03M.mid,piece_271ea3c9aaf01d3f,Beethoven,Piano_Sonatas_11-1,3,HIGH,209,0.013603228325956783,15364
Beethoven/Piano_Sonatas/11-1/LiYZ03M.mid,piece_271ea3c9aaf01d3f,Beethoven,Piano_Sonatas_11-1,4,FULL,2435,0.1584873730799271,15364
Beethoven/Piano_Sonatas/11-1/MaximovI02M.mid,piece_271ea3c9aaf01d3f,Beethoven,Piano_Sonatas_11-1,0,ZERO,32301,0.696983428275505,46344
Beethoven/Piano_Sonatas/11-1/MaximovI02M.mid,piece_271ea3c9aaf01d3f,Beethoven,Piano_Sonatas_11-1,1,LOW,1712,0.036941135853616434,46344
Beethoven/Piano_Sonatas/11-1/MaximovI02M.mid,piece_271ea3c9aaf01d3f,Beethoven,Piano_Sonatas_11-1,2,MID,2548,0.054980148455031935,46344
Beethoven/Piano_Sonatas/11-1/MaximovI02M.mid,piece_271ea3c9aaf01d3f,Beethoven,Piano_Sonatas_11-1,3,HIGH,511,0.011026238563783878,46344
Beethoven/Piano_Sonatas/11-1/MaximovI02M.mid,piece_271ea3c9aaf01d3f,Beethoven,Piano_Sonatas_11-1,4,FULL,9272,0.20006904885206284,46344
Beethoven/Piano_Sonatas/11-1/NAKAJI01.mid,piece_271ea3c9aaf01d3f,Beethoven,Piano_Sonatas_11-1,0,ZERO,6807,0.44443718986680597,15316
Beethoven/Piano_Sonatas/11-1/NAKAJI01.mid,piece_271ea3c9aaf01d3f,Beethoven,Piano_Sonatas_11-1,1,LOW,4233,0.2763776442935492,15316
Beethoven/Piano_Sonatas/11-1/NAKAJI01.mid,piece_271ea3c9aaf01d3f,Beethoven,Piano_Sonatas_11-1,2,MID,1625,0.1060981979629146,15316
Beethoven/Piano_Sonatas/11-1/NAKAJI01.mid,piece_271ea3c9aaf01d3f,Beethoven,Piano_Sonatas_11-1,3,HIGH,1367,0.08925306868634109,15316
Beethoven/Piano_Sonatas/11-1/NAKAJI01.mid,piece_271ea3c9aaf01d3f,Beethoven,Piano_Sonatas_11-1,4,FULL,1284,0.08383389919038914,15316
Beethoven/Piano_Sonatas/11-1/ZhaoK02M.mid,piece_271ea3c9aaf01d3f,Beethoven,Piano_Sonatas_11-1,0,ZERO,7702,0.4954966546577457,15544
Beethoven/Piano_Sonatas/11-1/ZhaoK02M.mid,piece_271ea3c9aaf01d3f,Beethoven,Piano_Sonatas_11-1,1,LOW,3573,0.2298636129696346,15544
Beethoven/Piano_Sonatas/11-1/ZhaoK02M.mid,piece_271ea3c9aaf01d3f,Beethoven,Piano_Sonatas_11-1,2,MID,1452,0.09341224909933094,15544
Beethoven/Piano_Sonatas/11-1/ZhaoK02M.mid,piece_271ea3c9aaf01d3f,Beethoven,Piano_Sonatas_11-1,3,HIGH,294,0.018914050437467834,15544
Beethoven/Piano_Sonatas/11-1/ZhaoK02M.mid,piece_271ea3c9aaf01d3f,Beethoven,Piano_Sonatas_11-1,4,FULL,2523,0.1623134328358209,15544
Beethoven/Piano_Sonatas/11-2/MaximovI04.mid,piece_79c73e4f09e76772,Beethoven,Piano_Sonatas_11-2,0,ZERO,2050,0.23552389705882354,8704
Beethoven/Piano_Sonatas/11-2/MaximovI04.mid,piece_79c73e4f09e76772,Beethoven,Piano_Sonatas_11-2,1,LOW,385,0.044232536764705885,8704
Beethoven/Piano_Sonatas/11-2/MaximovI04.mid,piece_79c73e4f09e76772,Beethoven,Piano_Sonatas_11-2,2,MID,872,0.10018382352941177,8704
Beethoven/Piano_Sonatas/11-2/MaximovI04.mid,piece_79c73e4f09e76772,Beethoven,Piano_Sonatas_11-2,3,HIGH,238,0.02734375,8704
Beethoven/Piano_Sonatas/11-2/MaximovI04.mid,piece_79c73e4f09e76772,Beethoven,Piano_Sonatas_11-2,4,FULL,5159,0.5927159926470589,8704
Beethoven/Piano_Sonatas/11-3/MaximovI05.mid,piece_e8fdb300a2a179f1,Beethoven,Piano_Sonatas_11-3,0,ZERO,6763,0.8652763561924258,7816
Beethoven/Piano_Sonatas/11-3/MaximovI05.mid,piece_e8fdb300a2a179f1,Beethoven,Piano_Sonatas_11-3,1,LOW,190,0.02430910951893552,7816
Beethoven/Piano_Sonatas/11-3/MaximovI05.mid,piece_e8fdb300a2a179f1,Beethoven,Piano_Sonatas_11-3,2,MID,266,0.03403275332650972,7816
Beethoven/Piano_Sonatas/11-3/MaximovI05.mid,piece_e8fdb300a2a179f1,Beethoven,Piano_Sonatas_11-3,3,HIGH,47,0.0060133060388945754,7816
Beethoven/Piano_Sonatas/11-3/MaximovI05.mid,piece_e8fdb300a2a179f1,Beethoven,Piano_Sonatas_11-3,4,FULL,550,0.07036847492323439,7816
Beethoven/Piano_Sonatas/12-1/Garritson01.mid,piece_0aad834ae2799251,Beethoven,Piano_Sonatas_12-1,0,ZERO,6261,0.4708935018050541,13296
Beethoven/Piano_Sonatas/12-1/Garritson01.mid,piece_0aad834ae2799251,Beethoven,Piano_Sonatas_12-1,1,LOW,6577,0.4946600481347774,13296
Beethoven/Piano_Sonatas/12-1/Garritson01.mid,piece_0aad834ae2799251,Beethoven,Piano_Sonatas_12-1,2,MID,429,0.03226534296028881,13296
Beethoven/Piano_Sonatas/12-1/Garritson01.mid,piece_0aad834ae2799251,Beethoven,Piano_Sonatas_12-1,3,HIGH,22,0.001654632972322503,13296
Beethoven/Piano_Sonatas/12-1/Garritson01.mid,piece_0aad834ae2799251,Beethoven,Piano_Sonatas_12-1,4,FULL,7,0.00052647412755716,13296
Beethoven/Piano_Sonatas/12-1/Kleisen05M.mid,piece_0aad834ae2799251,Beethoven,Piano_Sonatas_12-1,0,ZERO,5049,0.3951941139636819,12776
Beethoven/Piano_Sonatas/12-1/Kleisen05M.mid,piece_0aad834ae2799251,Beethoven,Piano_Sonatas_12-1,1,LOW,1218,0.09533500313087039,12776
Beethoven/Piano_Sonatas/12-1/Kleisen05M.mid,piece_0aad834ae2799251,Beethoven,Piano_Sonatas_12-1,2,MID,6175,0.48332811521603003,12776
Beethoven/Piano_Sonatas/12-1/Kleisen05M.mid,piece_0aad834ae2799251,Beethoven,Piano_Sonatas_12-1,3,HIGH,334,0.02614276768941766,12776
Beethoven/Piano_Sonatas/12-1/Kleisen05M.mid,piece_0aad834ae2799251,Beethoven,Piano_Sonatas_12-1,4,FULL,0,0.0,12776
Beethoven/Piano_Sonatas/12-1/Zhao02.mid,piece_0aad834ae2799251,Beethoven,Piano_Sonatas_12-1,0,ZERO,5242,0.3971212121212121,13200
Beethoven/Piano_Sonatas/12-1/Zhao02.mid,piece_0aad834ae2799251,Beethoven,Piano_Sonatas_12-1,1,LOW,3220,0.24393939393939393,13200
Beethoven/Piano_Sonatas/12-1/Zhao02.mid,piece_0aad834ae2799251,Beethoven,Piano_Sonatas_12-1,2,MID,3803,0.2881060606060606,13200
Beethoven/Piano_Sonatas/12-1/Zhao02.mid,piece_0aad834ae2799251,Beethoven,Piano_Sonatas_12-1,3,HIGH,551,0.04174242424242424,13200
Beethoven/Piano_Sonatas/12-1/Zhao02.mid,piece_0aad834ae2799251,Beethoven,Piano_Sonatas_12-1,4,FULL,384,0.02909090909090909,13200
Beethoven/Piano_Sonatas/13-4/Taverna01.mid,piece_5428e277d7c6a5e7,Beethoven,Piano_Sonatas_13-4,0,ZERO,9235,0.5621499878256635,16428
Beethoven/Piano_Sonatas/13-4/Taverna01.mid,piece_5428e277d7c6a5e7,Beethoven,Piano_Sonatas_13-4,1,LOW,2280,0.13878743608473337,16428
Beethoven/Piano_Sonatas/13-4/Taverna01.mid,piece_5428e277d7c6a5e7,Beethoven,Piano_Sonatas_13-4,2,MID,1676,0.10202093985877769,16428
Beethoven/Piano_Sonatas/13-4/Taverna01.mid,piece_5428e277d7c6a5e7,Beethoven,Piano_Sonatas_13-4,3,HIGH,465,0.028305332359386412,16428
Beethoven/Piano_Sonatas/13-4/Taverna01.mid,piece_5428e277d7c6a5e7,Beethoven,Piano_Sonatas_13-4,4,FULL,2772,0.168736303871439,16428
Beethoven/Piano_Sonatas/14-3/Meek03.mid,piece_4a64fd2a835a1f08,Beethoven,Piano_Sonatas_14-3,0,ZERO,8375,0.4262520358306189,19648
Beethoven/Piano_Sonatas/14-3/Meek03.mid,piece_4a64fd2a835a1f08,Beethoven,Piano_Sonatas_14-3,1,LOW,2494,0.12693403908794787,19648
Beethoven/Piano_Sonatas/14-3/Meek03.mid,piece_4a64fd2a835a1f08,Beethoven,Piano_Sonatas_14-3,2,MID,4489,0.22847109120521172,19648
Beethoven/Piano_Sonatas/14-3/Meek03.mid,piece_4a64fd2a835a1f08,Beethoven,Piano_Sonatas_14-3,3,HIGH,1106,0.05629071661237785,19648
Beethoven/Piano_Sonatas/14-3/Meek03.mid,piece_4a64fd2a835a1f08,Beethoven,Piano_Sonatas_14-3,4,FULL,3184,0.16205211726384364,19648
Beethoven/Piano_Sonatas/15-1/LEE_H01.mid,piece_7161094b58a2576d,Beethoven,Piano_Sonatas_15-1,0,ZERO,2169,0.1382938026013772,15684
Beethoven/Piano_Sonatas/15-1/LEE_H01.mid,piece_7161094b58a2576d,Beethoven,Piano_Sonatas_15-1,1,LOW,4336,0.2764600867125733,15684
Beethoven/Piano_Sonatas/15-1/LEE_H01.mid,piece_7161094b58a2576d,Beethoven,Piano_Sonatas_15-1,2,MID,5020,0.32007141035450143,15684
Beethoven/Piano_Sonatas/15-1/LEE_H01.mid,piece_7161094b58a2576d,Beethoven,Piano_Sonatas_15-1,3,HIGH,2777,0.17705942361642438,15684
Beethoven/Piano_Sonatas/15-1/LEE_H01.mid,piece_7161094b58a2576d,Beethoven,Piano_Sonatas_15-1,4,FULL,1382,0.08811527671512369,15684
Beethoven/Piano_Sonatas/15-1/Sekino01.mid,piece_7161094b58a2576d,Beethoven,Piano_Sonatas_15-1,0,ZERO,611,0.03872971602434077,15776
Beethoven/Piano_Sonatas/15-1/Sekino01.mid,piece_7161094b58a2576d,Beethoven,Piano_Sonatas_15-1,1,LOW,3285,0.20822768762677485,15776
Beethoven/Piano_Sonatas/15-1/Sekino01.mid,piece_7161094b58a2576d,Beethoven,Piano_Sonatas_15-1,2,MID,3243,0.205565415821501,15776
Beethoven/Piano_Sonatas/15-1/Sekino01.mid,piece_7161094b58a2576d,Beethoven,Piano_Sonatas_15-1,3,HIGH,1857,0.1177104462474645,15776
Beethoven/Piano_Sonatas/15-1/Sekino01.mid,piece_7161094b58a2576d,Beethoven,Piano_Sonatas_15-1,4,FULL,6780,0.42976673427991885,15776
Beethoven/Piano_Sonatas/15-1/ZhaoA02.mid,piece_7161094b58a2576d,Beethoven,Piano_Sonatas_15-1,0,ZERO,3551,0.22664028593311208,15668
Beethoven/Piano_Sonatas/15-1/ZhaoA02.mid,piece_7161094b58a2576d,Beethoven,Piano_Sonatas_15-1,1,LOW,2248,0.14347715088077612,15668
Beethoven/Piano_Sonatas/15-1/ZhaoA02.mid,piece_7161094b58a2576d,Beethoven,Piano_Sonatas_15-1,2,MID,2022,0.12905284656624968,15668
Beethoven/Piano_Sonatas/15-1/ZhaoA02.mid,piece_7161094b58a2576d,Beethoven,Piano_Sonatas_15-1,3,HIGH,487,0.03108246106714322,15668
Beethoven/Piano_Sonatas/15-1/ZhaoA02.mid,piece_7161094b58a2576d,Beethoven,Piano_Sonatas_15-1,4,FULL,7360,0.4697472555527189,15668
Beethoven/Piano_Sonatas/15-4/Floril01.mid,piece_c7654541a76ac13c,Beethoven,Piano_Sonatas_15-4,0,ZERO,5159,0.4713998538011696,10944
Beethoven/Piano_Sonatas/15-4/Floril01.mid,piece_c7654541a76ac13c,Beethoven,Piano_Sonatas_15-4,1,LOW,2568,0.23464912280701755,10944
Beethoven/Piano_Sonatas/15-4/Floril01.mid,piece_c7654541a76ac13c,Beethoven,Piano_Sonatas_15-4,2,MID,925,0.08452119883040936,10944
Beethoven/Piano_Sonatas/15-4/Floril01.mid,piece_c7654541a76ac13c,Beethoven,Piano_Sonatas_15-4,3,HIGH,177,0.01617324561403509,10944
Beethoven/Piano_Sonatas/15-4/Floril01.mid,piece_c7654541a76ac13c,Beethoven,Piano_Sonatas_15-4,4,FULL,2115,0.19325657894736842,10944
Beethoven/Piano_Sonatas/16-1/BuiJL02M.mid,piece_5f492a2baed07330,Beethoven,Piano_Sonatas_16-1,0,ZERO,8502,0.6511948529411765,13056
Beethoven/Piano_Sonatas/16-1/BuiJL02M.mid,piece_5f492a2baed07330,Beethoven,Piano_Sonatas_16-1,1,LOW,1257,0.09627757352941177,13056
Beethoven/Piano_Sonatas/16-1/BuiJL02M.mid,piece_5f492a2baed07330,Beethoven,Piano_Sonatas_16-1,2,MID,1018,0.0779718137254902,13056
Beethoven/Piano_Sonatas/16-1/BuiJL02M.mid,piece_5f492a2baed07330,Beethoven,Piano_Sonatas_16-1,3,HIGH,157,0.012025122549019608,13056
Beethoven/Piano_Sonatas/16-1/BuiJL02M.mid,piece_5f492a2baed07330,Beethoven,Piano_Sonatas_16-1,4,FULL,2122,0.16253063725490197,13056
Beethoven/Piano_Sonatas/16-1/Khmara01.mid,piece_5f492a2baed07330,Beethoven,Piano_Sonatas_16-1,0,ZERO,6391,0.4734074074074074,13500
Beethoven/Piano_Sonatas/16-1/Khmara01.mid,piece_5f492a2baed07330,Beethoven,Piano_Sonatas_16-1,1,LOW,3762,0.2786666666666667,13500
Beethoven/Piano_Sonatas/16-1/Khmara01.mid,piece_5f492a2baed07330,Beethoven,Piano_Sonatas_16-1,2,MID,743,0.05503703703703704,13500
Beethoven/Piano_Sonatas/16-1/Khmara01.mid,piece_5f492a2baed07330,Beethoven,Piano_Sonatas_16-1,3,HIGH,165,0.012222222222222223,13500
Beethoven/Piano_Sonatas/16-1/Khmara01.mid,piece_5f492a2baed07330,Beethoven,Piano_Sonatas_16-1,4,FULL,2439,0.18066666666666667,13500
Beethoven/Piano_Sonatas/16-1/Khmara05M.mid,piece_5f492a2baed07330,Beethoven,Piano_Sonatas_16-1,0,ZERO,8804,0.6605642256902761,13328
Beethoven/Piano_Sonatas/16-1/Khmara05M.mid,piece_5f492a2baed07330,Beethoven,Piano_Sonatas_16-1,1,LOW,499,0.03743997599039616,13328
Beethoven/Piano_Sonatas/16-1/Khmara05M.mid,piece_5f492a2baed07330,Beethoven,Piano_Sonatas_16-1,2,MID,753,0.05649759903961585,13328
Beethoven/Piano_Sonatas/16-1/Khmara05M.mid,piece_5f492a2baed07330,Beethoven,Piano_Sonatas_16-1,3,HIGH,581,0.043592436974789914,13328
Beethoven/Piano_Sonatas/16-1/Khmara05M.mid,piece_5f492a2baed07330,Beethoven,Piano_Sonatas_16-1,4,FULL,2691,0.20190576230492197,13328
Beethoven/Piano_Sonatas/16-1/LeeSH02M.mid,piece_5f492a2baed07330,Beethoven,Piano_Sonatas_16-1,0,ZERO,8666,0.6428783382789317,13480
Beethoven/Piano_Sonatas/16-1/LeeSH02M.mid,piece_5f492a2baed07330,Beethoven,Piano_Sonatas_16-1,1,LOW,1278,0.09480712166172107,13480
Beethoven/Piano_Sonatas/16-1/LeeSH02M.mid,piece_5f492a2baed07330,Beethoven,Piano_Sonatas_16-1,2,MID,722,0.05356083086053413,13480
Beethoven/Piano_Sonatas/16-1/LeeSH02M.mid,piece_5f492a2baed07330,Beethoven,Piano_Sonatas_16-1,3,HIGH,192,0.014243323442136498,13480
Beethoven/Piano_Sonatas/16-1/LeeSH02M.mid,piece_5f492a2baed07330,Beethoven,Piano_Sonatas_16-1,4,FULL,2622,0.19451038575667656,13480
Beethoven/Piano_Sonatas/16-1/LuoJ03M.mid,piece_5f492a2baed07330,Beethoven,Piano_Sonatas_16-1,0,ZERO,3269,0.24475890985324947,13356
Beethoven/Piano_Sonatas/16-1/LuoJ03M.mid,piece_5f492a2baed07330,Beethoven,Piano_Sonatas_16-1,1,LOW,7734,0.5790655884995508,13356
Beethoven/Piano_Sonatas/16-1/LuoJ03M.mid,piece_5f492a2baed07330,Beethoven,Piano_Sonatas_16-1,2,MID,901,0.06746031746031746,13356
Beethoven/Piano_Sonatas/16-1/LuoJ03M.mid,piece_5f492a2baed07330,Beethoven,Piano_Sonatas_16-1,3,HIGH,120,0.008984725965858042,13356
Beethoven/Piano_Sonatas/16-1/LuoJ03M.mid,piece_5f492a2baed07330,Beethoven,Piano_Sonatas_16-1,4,FULL,1332,0.09973045822102426,13356
Beethoven/Piano_Sonatas/16-1/Shybayeva02.mid,piece_5f492a2baed07330,Beethoven,Piano_Sonatas_16-1,0,ZERO,3412,0.25066118131060827,13612
Beethoven/Piano_Sonatas/16-1/Shybayeva02.mid,piece_5f492a2baed07330,Beethoven,Piano_Sonatas_16-1,1,LOW,3273,0.24044960329121365,13612
Beethoven/Piano_Sonatas/16-1/Shybayeva02.mid,piece_5f492a2baed07330,Beethoven,Piano_Sonatas_16-1,2,MID,3543,0.2602850426094622,13612
Beethoven/Piano_Sonatas/16-1/Shybayeva02.mid,piece_5f492a2baed07330,Beethoven,Piano_Sonatas_16-1,3,HIGH,958,0.07037907728474875,13612
Beethoven/Piano_Sonatas/16-1/Shybayeva02.mid,piece_5f492a2baed07330,Beethoven,Piano_Sonatas_16-1,4,FULL,2426,0.1782250955039671,13612
Beethoven/Piano_Sonatas/16-1/Woo01.mid,piece_5f492a2baed07330,Beethoven,Piano_Sonatas_16-1,0,ZERO,6084,0.4502664298401421,13512
Beethoven/Piano_Sonatas/16-1/Woo01.mid,piece_5f492a2baed07330,Beethoven,Piano_Sonatas_16-1,1,LOW,4924,0.36441681468324455,13512
Beethoven/Piano_Sonatas/16-1/Woo01.mid,piece_5f492a2baed07330,Beethoven,Piano_Sonatas_16-1,2,MID,1069,0.07911486086441681,13512
Beethoven/Piano_Sonatas/16-1/Woo01.mid,piece_5f492a2baed07330,Beethoven,Piano_Sonatas_16-1,3,HIGH,187,0.013839550029603315,13512
Beethoven/Piano_Sonatas/16-1/Woo01.mid,piece_5f492a2baed07330,Beethoven,Piano_Sonatas_16-1,4,FULL,1248,0.09236234458259325,13512
Beethoven/Piano_Sonatas/16-1/Woo05M.mid,piece_5f492a2baed07330,Beethoven,Piano_Sonatas_16-1,0,ZERO,11214,0.8480036297640653,13224
Beethoven/Piano_Sonatas/16-1/Woo05M.mid,piece_5f492a2baed07330,Beethoven,Piano_Sonatas_16-1,1,LOW,296,0.02238354506957048,13224
Beethoven/Piano_Sonatas/16-1/Woo05M.mid,piece_5f492a2baed07330,Beethoven,Piano_Sonatas_16-1,2,MID,374,0.028281911675741078,13224
Beethoven/Piano_Sonatas/16-1/Woo05M.mid,piece_5f492a2baed07330,Beethoven,Piano_Sonatas_16-1,3,HIGH,410,0.031004234724742893,13224
Beethoven/Piano_Sonatas/16-1/Woo05M.mid,piece_5f492a2baed07330,Beethoven,Piano_Sonatas_16-1,4,FULL,930,0.07032667876588022,13224
Beethoven/Piano_Sonatas/16-2/LuoJ04M.mid,piece_f0d796ba087bed5c,Beethoven,Piano_Sonatas_16-2,0,ZERO,227,0.01229952319029042,18456
Beethoven/Piano_Sonatas/16-2/LuoJ04M.mid,piece_f0d796ba087bed5c,Beethoven,Piano_Sonatas_16-2,1,LOW,5866,0.31783701777199824,18456
Beethoven/Piano_Sonatas/16-2/LuoJ04M.mid,piece_f0d796ba087bed5c,Beethoven,Piano_Sonatas_16-2,2,MID,10255,0.5556458604247941,18456
Beethoven/Piano_Sonatas/16-2/LuoJ04M.mid,piece_f0d796ba087bed5c,Beethoven,Piano_Sonatas_16-2,3,HIGH,826,0.044755093194625055,18456
Beethoven/Piano_Sonatas/16-2/LuoJ04M.mid,piece_f0d796ba087bed5c,Beethoven,Piano_Sonatas_16-2,4,FULL,1282,0.06946250541829216,18456
Beethoven/Piano_Sonatas/17-1/KaszoS09M.mid,piece_d9862bfa8cd94b62,Beethoven,Piano_Sonatas_17-1,0,ZERO,6926,0.44148393676695563,15688
Beethoven/Piano_Sonatas/17-1/KaszoS09M.mid,piece_d9862bfa8cd94b62,Beethoven,Piano_Sonatas_17-1,1,LOW,1373,0.0875191228964814,15688
Beethoven/Piano_Sonatas/17-1/KaszoS09M.mid,piece_d9862bfa8cd94b62,Beethoven,Piano_Sonatas_17-1,2,MID,2314,0.1475012748597654,15688
Beethoven/Piano_Sonatas/17-1/KaszoS09M.mid,piece_d9862bfa8cd94b62,Beethoven,Piano_Sonatas_17-1,3,HIGH,1140,0.07266700662927078,15688
Beethoven/Piano_Sonatas/17-1/KaszoS09M.mid,piece_d9862bfa8cd94b62,Beethoven,Piano_Sonatas_17-1,4,FULL,3935,0.25082865884752675,15688
Beethoven/Piano_Sonatas/17-1/Mordvinov02.mid,piece_d9862bfa8cd94b62,Beethoven,Piano_Sonatas_17-1,0,ZERO,6050,0.37643106022896966,16072
Beethoven/Piano_Sonatas/17-1/Mordvinov02.mid,piece_d9862bfa8cd94b62,Beethoven,Piano_Sonatas_17-1,1,LOW,2575,0.1602165256346441,16072
Beethoven/Piano_Sonatas/17-1/Mordvinov02.mid,piece_d9862bfa8cd94b62,Beethoven,Piano_Sonatas_17-1,2,MID,3968,0.24688899950223991,16072
Beethoven/Piano_Sonatas/17-1/Mordvinov02.mid,piece_d9862bfa8cd94b62,Beethoven,Piano_Sonatas_17-1,3,HIGH,604,0.03758088601294176,16072
Beethoven/Piano_Sonatas/17-1/Mordvinov02.mid,piece_d9862bfa8cd94b62,Beethoven,Piano_Sonatas_17-1,4,FULL,2875,0.17888252862120457,16072
Beethoven/Piano_Sonatas/17-1/Tuncali01.mid,piece_d9862bfa8cd94b62,Beethoven,Piano_Sonatas_17-1,0,ZERO,5365,0.33632146439317956,15952
Beethoven/Piano_Sonatas/17-1/Tuncali01.mid,piece_d9862bfa8cd94b62,Beethoven,Piano_Sonatas_17-1,1,LOW,755,0.04732948846539619,15952
Beethoven/Piano_Sonatas/17-1/Tuncali01.mid,piece_d9862bfa8cd94b62,Beethoven,Piano_Sonatas_17-1,2,MID,6192,0.3881644934804413,15952
Beethoven/Piano_Sonatas/17-1/Tuncali01.mid,piece_d9862bfa8cd94b62,Beethoven,Piano_Sonatas_17-1,3,HIGH,1483,0.09296639919759278,15952
Beethoven/Piano_Sonatas/17-1/Tuncali01.mid,piece_d9862bfa8cd94b62,Beethoven,Piano_Sonatas_17-1,4,FULL,2157,0.13521815446339017,15952
Beethoven/Piano_Sonatas/17-1/USHIKI05.mid,piece_d9862bfa8cd94b62,Beethoven,Piano_Sonatas_17-1,0,ZERO,3011,0.19618191295282772,15348
Beethoven/Piano_Sonatas/17-1/USHIKI05.mid,piece_d9862bfa8cd94b62,Beethoven,Piano_Sonatas_17-1,1,LOW,2072,0.13500130310138128,15348
Beethoven/Piano_Sonatas/17-1/USHIKI05.mid,piece_d9862bfa8cd94b62,Beethoven,Piano_Sonatas_17-1,2,MID,4080,0.2658326817826427,15348
Beethoven/Piano_Sonatas/17-1/USHIKI05.mid,piece_d9862bfa8cd94b62,Beethoven,Piano_Sonatas_17-1,3,HIGH,4911,0.3199765441751368,15348
Beethoven/Piano_Sonatas/17-1/USHIKI05.mid,piece_d9862bfa8cd94b62,Beethoven,Piano_Sonatas_17-1,4,FULL,1274,0.08300755798801147,15348
Beethoven/Piano_Sonatas/17-1_no_repeat/Giesbrecht02.mid,piece_d9862bfa8cd94b62,Beethoven,Piano_Sonatas_17-1,0,ZERO,4491,0.39729299363057324,11304
Beethoven/Piano_Sonatas/17-1_no_repeat/Giesbrecht02.mid,piece_d9862bfa8cd94b62,Beethoven,Piano_Sonatas_17-1,1,LOW,2070,0.18312101910828024,11304
Beethoven/Piano_Sonatas/17-1_no_repeat/Giesbrecht02.mid,piece_d9862bfa8cd94b62,Beethoven,Piano_Sonatas_17-1,2,MID,1283,0.11349964614295824,11304
Beethoven/Piano_Sonatas/17-1_no_repeat/Giesbrecht02.mid,piece_d9862bfa8cd94b62,Beethoven,Piano_Sonatas_17-1,3,HIGH,323,0.02857395612172682,11304
Beethoven/Piano_Sonatas/17-1_no_repeat/Giesbrecht02.mid,piece_d9862bfa8cd94b62,Beethoven,Piano_Sonatas_17-1,4,FULL,3137,0.2775123849964614,11304
Beethoven/Piano_Sonatas/17-1_no_repeat/GuoE02M.mid,piece_d9862bfa8cd94b62,Beethoven,Piano_Sonatas_17-1,0,ZERO,4596,0.41227125941872983,11148
Beethoven/Piano_Sonatas/17-1_no_repeat/GuoE02M.mid,piece_d9862bfa8cd94b62,Beethoven,Piano_Sonatas_17-1,1,LOW,2393,0.21465733763903838,11148
Beethoven/Piano_Sonatas/17-1_no_repeat/GuoE02M.mid,piece_d9862bfa8cd94b62,Beethoven,Piano_Sonatas_17-1,2,MID,2184,0.19590958019375673,11148
Beethoven/Piano_Sonatas/17-1_no_repeat/GuoE02M.mid,piece_d9862bfa8cd94b62,Beethoven,Piano_Sonatas_17-1,3,HIGH,233,0.020900609974883386,11148
Beethoven/Piano_Sonatas/17-1_no_repeat/GuoE02M.mid,piece_d9862bfa8cd94b62,Beethoven,Piano_Sonatas_17-1,4,FULL,1742,0.15626121277359167,11148
Beethoven/Piano_Sonatas/17-1_no_repeat/HONG01.mid,piece_d9862bfa8cd94b62,Beethoven,Piano_Sonatas_17-1,0,ZERO,4171,0.3722777579435916,11204
Beethoven/Piano_Sonatas/17-1_no_repeat/HONG01.mid,piece_d9862bfa8cd94b62,Beethoven,Piano_Sonatas_17-1,1,LOW,1692,0.15101749375223134,11204
Beethoven/Piano_Sonatas/17-1_no_repeat/HONG01.mid,piece_d9862bfa8cd94b62,Beethoven,Piano_Sonatas_17-1,2,MID,1266,0.11299535880042842,11204
Beethoven/Piano_Sonatas/17-1_no_repeat/HONG01.mid,piece_d9862bfa8cd94b62,Beethoven,Piano_Sonatas_17-1,3,HIGH,963,0.08595144591217423,11204
Beethoven/Piano_Sonatas/17-1_no_repeat/HONG01.mid,piece_d9862bfa8cd94b62,Beethoven,Piano_Sonatas_17-1,4,FULL,3112,0.27775794359157446,11204
Beethoven/Piano_Sonatas/17-1_no_repeat/KabuliL02M.mid,piece_d9862bfa8cd94b62,Beethoven,Piano_Sonatas_17-1,0,ZERO,2802,0.2537124230351322,11044
Beethoven/Piano_Sonatas/17-1_no_repeat/KabuliL02M.mid,piece_d9862bfa8cd94b62,Beethoven,Piano_Sonatas_17-1,1,LOW,3097,0.2804237595074248,11044
Beethoven/Piano_Sonatas/17-1_no_repeat/KabuliL02M.mid,piece_d9862bfa8cd94b62,Beethoven,Piano_Sonatas_17-1,2,MID,3683,0.3334842448388265,11044
Beethoven/Piano_Sonatas/17-1_no_repeat/KabuliL02M.mid,piece_d9862bfa8cd94b62,Beethoven,Piano_Sonatas_17-1,3,HIGH,407,0.036852589641434265,11044
Beethoven/Piano_Sonatas/17-1_no_repeat/KabuliL02M.mid,piece_d9862bfa8cd94b62,Beethoven,Piano_Sonatas_17-1,4,FULL,1055,0.09552698297718218,11044
Beethoven/Piano_Sonatas/17-1_no_repeat/Lee02.mid,piece_d9862bfa8cd94b62,Beethoven,Piano_Sonatas_17-1,0,ZERO,3244,0.28052576962988585,11564
Beethoven/Piano_Sonatas/17-1_no_repeat/Lee02.mid,piece_d9862bfa8cd94b62,Beethoven,Piano_Sonatas_17-1,1,LOW,2239,0.19361812521618818,11564
Beethoven/Piano_Sonatas/17-1_no_repeat/Lee02.mid,piece_d9862bfa8cd94b62,Beethoven,Piano_Sonatas_17-1,2,MID,1411,0.12201660325147008,11564
Beethoven/Piano_Sonatas/17-1_no_repeat/Lee02.mid,piece_d9862bfa8cd94b62,Beethoven,Piano_Sonatas_17-1,3,HIGH,375,0.03242822552749913,11564
Beethoven/Piano_Sonatas/17-1_no_repeat/Lee02.mid,piece_d9862bfa8cd94b62,Beethoven,Piano_Sonatas_17-1,4,FULL,4295,0.37141127637495674,11564
Beethoven/Piano_Sonatas/17-1_no_repeat/Nedayvoda01.mid,piece_d9862bfa8cd94b62,Beethoven,Piano_Sonatas_17-1,0,ZERO,870,0.08330141708157794,10444
Beethoven/Piano_Sonatas/17-1_no_repeat/Nedayvoda01.mid,piece_d9862bfa8cd94b62,Beethoven,Piano_Sonatas_17-1,1,LOW,3649,0.34938720796629646,10444
Beethoven/Piano_Sonatas/17-1_no_repeat/Nedayvoda01.mid,piece_d9862bfa8cd94b62,Beethoven,Piano_Sonatas_17-1,2,MID,2150,0.20585982382229032,10444
Beethoven/Piano_Sonatas/17-1_no_repeat/Nedayvoda01.mid,piece_d9862bfa8cd94b62,Beethoven,Piano_Sonatas_17-1,3,HIGH,568,0.05438529299119112,10444
Beethoven/Piano_Sonatas/17-1_no_repeat/Nedayvoda01.mid,piece_d9862bfa8cd94b62,Beethoven,Piano_Sonatas_17-1,4,FULL,3207,0.3070662581386442,10444
Beethoven/Piano_Sonatas/17-1_no_repeat/Richardson02M.mid,piece_d9862bfa8cd94b62,Beethoven,Piano_Sonatas_17-1,0,ZERO,5684,0.5067760342368046,11216
Beethoven/Piano_Sonatas/17-1_no_repeat/Richardson02M.mid,piece_d9862bfa8cd94b62,Beethoven,Piano_Sonatas_17-1,1,LOW,1518,0.1353423680456491,11216
Beethoven/Piano_Sonatas/17-1_no_repeat/Richardson02M.mid,piece_d9862bfa8cd94b62,Beethoven,Piano_Sonatas_17-1,2,MID,1403,0.1250891583452211,11216
Beethoven/Piano_Sonatas/17-1_no_repeat/Richardson02M.mid,piece_d9862bfa8cd94b62,Beethoven,Piano_Sonatas_17-1,3,HIGH,154,0.013730385164051355,11216
Beethoven/Piano_Sonatas/17-1_no_repeat/Richardson02M.mid,piece_d9862bfa8cd94b62,Beethoven,Piano_Sonatas_17-1,4,FULL,2457,0.2190620542082739,11216
Beethoven/Piano_Sonatas/17-1_no_repeat/Rizikov02.mid,piece_d9862bfa8cd94b62,Beethoven,Piano_Sonatas_17-1,0,ZERO,1932,0.16864525139664804,11456
Beethoven/Piano_Sonatas/17-1_no_repeat/Rizikov02.mid,piece_d9862bfa8cd94b62,Beethoven,Piano_Sonatas_17-1,1,LOW,4192,0.3659217877094972,11456
Beethoven/Piano_Sonatas/17-1_no_repeat/Rizikov02.mid,piece_d9862bfa8cd94b62,Beethoven,Piano_Sonatas_17-1,2,MID,1826,0.15939245810055866,11456
Beethoven/Piano_Sonatas/17-1_no_repeat/Rizikov02.mid,piece_d9862bfa8cd94b62,Beethoven,Piano_Sonatas_17-1,3,HIGH,427,0.03727304469273743,11456
Beethoven/Piano_Sonatas/17-1_no_repeat/Rizikov02.mid,piece_d9862bfa8cd94b62,Beethoven,Piano_Sonatas_17-1,4,FULL,3079,0.26876745810055863,11456
Beethoven/Piano_Sonatas/17-1_no_repeat/Song01.mid,piece_d9862bfa8cd94b62,Beethoven,Piano_Sonatas_17-1,0,ZERO,4131,0.3758187772925764,10992
Beethoven/Piano_Sonatas/17-1_no_repeat/Song01.mid,piece_d9862bfa8cd94b62,Beethoven,Piano_Sonatas_17-1,1,LOW,1255,0.11417394468704513,10992
Beethoven/Piano_Sonatas/17-1_no_repeat/Song01.mid,piece_d9862bfa8cd94b62,Beethoven,Piano_Sonatas_17-1,2,MID,2394,0.2177947598253275,10992
Beethoven/Piano_Sonatas/17-1_no_repeat/Song01.mid,piece_d9862bfa8cd94b62,Beethoven,Piano_Sonatas_17-1,3,HIGH,813,0.07396288209606987,10992
Beethoven/Piano_Sonatas/17-1_no_repeat/Song01.mid,piece_d9862bfa8cd94b62,Beethoven,Piano_Sonatas_17-1,4,FULL,2399,0.21824963609898107,10992
Beethoven/Piano_Sonatas/17-1_no_repeat/TuanS02M.mid,piece_d9862bfa8cd94b62,Beethoven,Piano_Sonatas_17-1,0,ZERO,6560,0.5793006004945249,11324
Beethoven/Piano_Sonatas/17-1_no_repeat/TuanS02M.mid,piece_d9862bfa8cd94b62,Beethoven,Piano_Sonatas_17-1,1,LOW,609,0.0537795831861533,11324
Beethoven/Piano_Sonatas/17-1_no_repeat/TuanS02M.mid,piece_d9862bfa8cd94b62,Beethoven,Piano_Sonatas_17-1,2,MID,1371,0.12107029318262098,11324
Beethoven/Piano_Sonatas/17-1_no_repeat/TuanS02M.mid,piece_d9862bfa8cd94b62,Beethoven,Piano_Sonatas_17-1,3,HIGH,299,0.02640409749205228,11324
Beethoven/Piano_Sonatas/17-1_no_repeat/TuanS02M.mid,piece_d9862bfa8cd94b62,Beethoven,Piano_Sonatas_17-1,4,FULL,2485,0.21944542564464853,11324
Beethoven/Piano_Sonatas/17-1_no_repeat/WangH03M.mid,piece_d9862bfa8cd94b62,Beethoven,Piano_Sonatas_17-1,0,ZERO,4382,0.3881998582565556,11288
Beethoven/Piano_Sonatas/17-1_no_repeat/WangH03M.mid,piece_d9862bfa8cd94b62,Beethoven,Piano_Sonatas_17-1,1,LOW,799,0.07078313253012049,11288
Beethoven/Piano_Sonatas/17-1_no_repeat/WangH03M.mid,piece_d9862bfa8cd94b62,Beethoven,Piano_Sonatas_17-1,2,MID,1464,0.12969525159461376,11288
Beethoven/Piano_Sonatas/17-1_no_repeat/WangH03M.mid,piece_d9862bfa8cd94b62,Beethoven,Piano_Sonatas_17-1,3,HIGH,506,0.04482636428065202,11288
Beethoven/Piano_Sonatas/17-1_no_repeat/WangH03M.mid,piece_d9862bfa8cd94b62,Beethoven,Piano_Sonatas_17-1,4,FULL,4137,0.36649539333805814,11288
Beethoven/Piano_Sonatas/17-2/KaszoS10.mid,piece_ea9d8e5e21894350,Beethoven,Piano_Sonatas_17-2,0,ZERO,721,0.09163701067615658,7868
Beethoven/Piano_Sonatas/17-2/KaszoS10.mid,piece_ea9d8e5e21894350,Beethoven,Piano_Sonatas_17-2,1,LOW,1667,0.21187086934417895,7868
Beethoven/Piano_Sonatas/17-2/KaszoS10.mid,piece_ea9d8e5e21894350,Beethoven,Piano_Sonatas_17-2,2,MID,2231,0.28355363497712255,7868
Beethoven/Piano_Sonatas/17-2/KaszoS10.mid,piece_ea9d8e5e21894350,Beethoven,Piano_Sonatas_17-2,3,HIGH,1033,0.13129130655821047,7868
Beethoven/Piano_Sonatas/17-2/KaszoS10.mid,piece_ea9d8e5e21894350,Beethoven,Piano_Sonatas_17-2,4,FULL,2216,0.28164717844433146,7868
Beethoven/Piano_Sonatas/17-2/USHIKI05M.mid,piece_ea9d8e5e21894350,Beethoven,Piano_Sonatas_17-2,0,ZERO,90,0.013297872340425532,6768
Beethoven/Piano_Sonatas/17-2/USHIKI05M.mid,piece_ea9d8e5e21894350,Beethoven,Piano_Sonatas_17-2,1,LOW,1710,0.2526595744680851,6768
Beethoven/Piano_Sonatas/17-2/USHIKI05M.mid,piece_ea9d8e5e21894350,Beethoven,Piano_Sonatas_17-2,2,MID,1827,0.2699468085106383,6768
Beethoven/Piano_Sonatas/17-2/USHIKI05M.mid,piece_ea9d8e5e21894350,Beethoven,Piano_Sonatas_17-2,3,HIGH,3074,0.45419621749408984,6768
Beethoven/Piano_Sonatas/17-2/USHIKI05M.mid,piece_ea9d8e5e21894350,Beethoven,Piano_Sonatas_17-2,4,FULL,67,0.00989952718676123,6768
Beethoven/Piano_Sonatas/17-3/KaszoS11M.mid,piece_fb04dc9ead3421a9,Beethoven,Piano_Sonatas_17-3,0,ZERO,2802,0.16591662719090478,16888
Beethoven/Piano_Sonatas/17-3/KaszoS11M.mid,piece_fb04dc9ead3421a9,Beethoven,Piano_Sonatas_17-3,1,LOW,2217,0.13127664613927048,16888
Beethoven/Piano_Sonatas/17-3/KaszoS11M.mid,piece_fb04dc9ead3421a9,Beethoven,Piano_Sonatas_17-3,2,MID,2825,0.16727854097584083,16888
Beethoven/Piano_Sonatas/17-3/KaszoS11M.mid,piece_fb04dc9ead3421a9,Beethoven,Piano_Sonatas_17-3,3,HIGH,1421,0.08414258645191852,16888
Beethoven/Piano_Sonatas/17-3/KaszoS11M.mid,piece_fb04dc9ead3421a9,Beethoven,Piano_Sonatas_17-3,4,FULL,7623,0.4513855992420654,16888
Beethoven/Piano_Sonatas/17-3/USHIKI05M.mid,piece_fb04dc9ead3421a9,Beethoven,Piano_Sonatas_17-3,0,ZERO,3125,0.18105446118192353,17260
Beethoven/Piano_Sonatas/17-3/USHIKI05M.mid,piece_fb04dc9ead3421a9,Beethoven,Piano_Sonatas_17-3,1,LOW,2627,0.15220162224797218,17260
Beethoven/Piano_Sonatas/17-3/USHIKI05M.mid,piece_fb04dc9ead3421a9,Beethoven,Piano_Sonatas_17-3,2,MID,8467,0.49055619930475086,17260
Beethoven/Piano_Sonatas/17-3/USHIKI05M.mid,piece_fb04dc9ead3421a9,Beethoven,Piano_Sonatas_17-3,3,HIGH,3041,0.17618771726535343,17260
Beethoven/Piano_Sonatas/17-3/USHIKI05M.mid,piece_fb04dc9ead3421a9,Beethoven,Piano_Sonatas_17-3,4,FULL,0,0.0,17260
Beethoven/Piano_Sonatas/18-1/Avdeeva01.mid,piece_5965641b3278d691,Beethoven,Piano_Sonatas_18-1,0,ZERO,8571,0.6607308048103607,12972
Beethoven/Piano_Sonatas/18-1/Avdeeva01.mid,piece_5965641b3278d691,Beethoven,Piano_Sonatas_18-1,1,LOW,1856,0.14307739747147702,12972
Beethoven/Piano_Sonatas/18-1/Avdeeva01.mid,piece_5965641b3278d691,Beethoven,Piano_Sonatas_18-1,2,MID,1277,0.09844279987665741,12972
Beethoven/Piano_Sonatas/18-1/Avdeeva01.mid,piece_5965641b3278d691,Beethoven,Piano_Sonatas_18-1,3,HIGH,242,0.018655565834104226,12972
Beethoven/Piano_Sonatas/18-1/Avdeeva01.mid,piece_5965641b3278d691,Beethoven,Piano_Sonatas_18-1,4,FULL,1026,0.07909343200740056,12972
Beethoven/Piano_Sonatas/18-1/ChenGuang03M.mid,piece_5965641b3278d691,Beethoven,Piano_Sonatas_18-1,0,ZERO,8039,0.6157322303921569,13056
Beethoven/Piano_Sonatas/18-1/ChenGuang03M.mid,piece_5965641b3278d691,Beethoven,Piano_Sonatas_18-1,1,LOW,750,0.05744485294117647,13056
Beethoven/Piano_Sonatas/18-1/ChenGuang03M.mid,piece_5965641b3278d691,Beethoven,Piano_Sonatas_18-1,2,MID,1197,0.09168198529411764,13056
Beethoven/Piano_Sonatas/18-1/ChenGuang03M.mid,piece_5965641b3278d691,Beethoven,Piano_Sonatas_18-1,3,HIGH,186,0.014246323529411764,13056
Beethoven/Piano_Sonatas/18-1/ChenGuang03M.mid,piece_5965641b3278d691,Beethoven,Piano_Sonatas_18-1,4,FULL,2884,0.22089460784313725,13056
Beethoven/Piano_Sonatas/18-1/KOLESO06M.mid,piece_5965641b3278d691,Beethoven,Piano_Sonatas_18-1,0,ZERO,9173,0.690946068092799,13276
Beethoven/Piano_Sonatas/18-1/KOLESO06M.mid,piece_5965641b3278d691,Beethoven,Piano_Sonatas_18-1,1,LOW,1396,0.10515215426333233,13276
Beethoven/Piano_Sonatas/18-1/KOLESO06M.mid,piece_5965641b3278d691,Beethoven,Piano_Sonatas_18-1,2,MID,656,0.04941247363663754,13276
Beethoven/Piano_Sonatas/18-1/KOLESO06M.mid,piece_5965641b3278d691,Beethoven,Piano_Sonatas_18-1,3,HIGH,1439,0.10839108165109973,13276
Beethoven/Piano_Sonatas/18-1/KOLESO06M.mid,piece_5965641b3278d691,Beethoven,Piano_Sonatas_18-1,4,FULL,612,0.04609822235613136,13276
Beethoven/Piano_Sonatas/18-1/LeungR02M.mid,piece_5965641b3278d691,Beethoven,Piano_Sonatas_18-1,0,ZERO,5817,0.44608895705521473,13040
Beethoven/Piano_Sonatas/18-1/LeungR02M.mid,piece_5965641b3278d691,Beethoven,Piano_Sonatas_18-1,1,LOW,5126,0.39309815950920246,13040
Beethoven/Piano_Sonatas/18-1/LeungR02M.mid,piece_5965641b3278d691,Beethoven,Piano_Sonatas_18-1,2,MID,847,0.06495398773006135,13040
Beethoven/Piano_Sonatas/18-1/LeungR02M.mid,piece_5965641b3278d691,Beethoven,Piano_Sonatas_18-1,3,HIGH,184,0.01411042944785276,13040
Beethoven/Piano_Sonatas/18-1/LeungR02M.mid,piece_5965641b3278d691,Beethoven,Piano_Sonatas_18-1,4,FULL,1066,0.08174846625766871,13040
Beethoven/Piano_Sonatas/18-1/Levitsky01.mid,piece_5965641b3278d691,Beethoven,Piano_Sonatas_18-1,0,ZERO,2801,0.2174689440993789,12880
Beethoven/Piano_Sonatas/18-1/Levitsky01.mid,piece_5965641b3278d691,Beethoven,Piano_Sonatas_18-1,1,LOW,7739,0.6008540372670808,12880
Beethoven/Piano_Sonatas/18-1/Levitsky01.mid,piece_5965641b3278d691,Beethoven,Piano_Sonatas_18-1,2,MID,525,0.04076086956521739,12880
Beethoven/Piano_Sonatas/18-1/Levitsky01.mid,piece_5965641b3278d691,Beethoven,Piano_Sonatas_18-1,3,HIGH,313,0.024301242236024846,12880
Beethoven/Piano_Sonatas/18-1/Levitsky01.mid,piece_5965641b3278d691,Beethoven,Piano_Sonatas_18-1,4,FULL,1502,0.11661490683229814,12880
Beethoven/Piano_Sonatas/18-1/Levitsky05M.mid,piece_5965641b3278d691,Beethoven,Piano_Sonatas_18-1,0,ZERO,9879,0.7625038592158073,12956
Beethoven/Piano_Sonatas/18-1/Levitsky05M.mid,piece_5965641b3278d691,Beethoven,Piano_Sonatas_18-1,1,LOW,814,0.06282803334362458,12956
Beethoven/Piano_Sonatas/18-1/Levitsky05M.mid,piece_5965641b3278d691,Beethoven,Piano_Sonatas_18-1,2,MID,656,0.05063291139240506,12956
Beethoven/Piano_Sonatas/18-1/Levitsky05M.mid,piece_5965641b3278d691,Beethoven,Piano_Sonatas_18-1,3,HIGH,959,0.07401975918493363,12956
Beethoven/Piano_Sonatas/18-1/Levitsky05M.mid,piece_5965641b3278d691,Beethoven,Piano_Sonatas_18-1,4,FULL,648,0.050015436863229394,12956
Beethoven/Piano_Sonatas/18-1/Smirnov01.mid,piece_5965641b3278d691,Beethoven,Piano_Sonatas_18-1,0,ZERO,4253,0.3314370324189526,12832
Beethoven/Piano_Sonatas/18-1/Smirnov01.mid,piece_5965641b3278d691,Beethoven,Piano_Sonatas_18-1,1,LOW,4207,0.32785224438902744,12832
Beethoven/Piano_Sonatas/18-1/Smirnov01.mid,piece_5965641b3278d691,Beethoven,Piano_Sonatas_18-1,2,MID,2092,0.1630299251870324,12832
Beethoven/Piano_Sonatas/18-1/Smirnov01.mid,piece_5965641b3278d691,Beethoven,Piano_Sonatas_18-1,3,HIGH,475,0.03701683291770574,12832
Beethoven/Piano_Sonatas/18-1/Smirnov01.mid,piece_5965641b3278d691,Beethoven,Piano_Sonatas_18-1,4,FULL,1805,0.1406639650872818,12832
Beethoven/Piano_Sonatas/18-1/ZhangH01.mid,piece_5965641b3278d691,Beethoven,Piano_Sonatas_18-1,0,ZERO,5366,0.41765255292652553,12848
Beethoven/Piano_Sonatas/18-1/ZhangH01.mid,piece_5965641b3278d691,Beethoven,Piano_Sonatas_18-1,1,LOW,5316,0.41376089663760895,12848
Beethoven/Piano_Sonatas/18-1/ZhangH01.mid,piece_5965641b3278d691,Beethoven,Piano_Sonatas_18-1,2,MID,839,0.06530199252801992,12848
Beethoven/Piano_Sonatas/18-1/ZhangH01.mid,piece_5965641b3278d691,Beethoven,Piano_Sonatas_18-1,3,HIGH,333,0.02591843088418431,12848
Beethoven/Piano_Sonatas/18-1/ZhangH01.mid,piece_5965641b3278d691,Beethoven,Piano_Sonatas_18-1,4,FULL,994,0.07736612702366127,12848
Beethoven/Piano_Sonatas/18-1/ZhangH05M.mid,piece_5965641b3278d691,Beethoven,Piano_Sonatas_18-1,0,ZERO,9563,0.7440865234982882,12852
Beethoven/Piano_Sonatas/18-1/ZhangH05M.mid,piece_5965641b3278d691,Beethoven,Piano_Sonatas_18-1,1,LOW,515,0.04007158418923125,12852
Beethoven/Piano_Sonatas/18-1/ZhangH05M.mid,piece_5965641b3278d691,Beethoven,Piano_Sonatas_18-1,2,MID,1061,0.0825552443199502,12852
Beethoven/Piano_Sonatas/18-1/ZhangH05M.mid,piece_5965641b3278d691,Beethoven,Piano_Sonatas_18-1,3,HIGH,877,0.0682384064737006,12852
Beethoven/Piano_Sonatas/18-1/ZhangH05M.mid,piece_5965641b3278d691,Beethoven,Piano_Sonatas_18-1,4,FULL,836,0.06504824151882975,12852
Beethoven/Piano_Sonatas/18-2/ChenGuang04.mid,piece_c0fbc2c272981adf,Beethoven,Piano_Sonatas_18-2,0,ZERO,9528,0.7879589811445584,12092
Beethoven/Piano_Sonatas/18-2/ChenGuang04.mid,piece_c0fbc2c272981adf,Beethoven,Piano_Sonatas_18-2,1,LOW,566,0.04680780681442276,12092
Beethoven/Piano_Sonatas/18-2/ChenGuang04.mid,piece_c0fbc2c272981adf,Beethoven,Piano_Sonatas_18-2,2,MID,607,0.05019847833278201,12092
Beethoven/Piano_Sonatas/18-2/ChenGuang04.mid,piece_c0fbc2c272981adf,Beethoven,Piano_Sonatas_18-2,3,HIGH,120,0.00992391663910023,12092
Beethoven/Piano_Sonatas/18-2/ChenGuang04.mid,piece_c0fbc2c272981adf,Beethoven,Piano_Sonatas_18-2,4,FULL,1271,0.10511081706913662,12092
Beethoven/Piano_Sonatas/18-2/Schmitt01.mid,piece_c0fbc2c272981adf,Beethoven,Piano_Sonatas_18-2,0,ZERO,7131,0.8023177317731773,8888
Beethoven/Piano_Sonatas/18-2/Schmitt01.mid,piece_c0fbc2c272981adf,Beethoven,Piano_Sonatas_18-2,1,LOW,1188,0.13366336633663367,8888
Beethoven/Piano_Sonatas/18-2/Schmitt01.mid,piece_c0fbc2c272981adf,Beethoven,Piano_Sonatas_18-2,2,MID,434,0.04882988298829883,8888
Beethoven/Piano_Sonatas/18-2/Schmitt01.mid,piece_c0fbc2c272981adf,Beethoven,Piano_Sonatas_18-2,3,HIGH,72,0.008100810081008101,8888
Beethoven/Piano_Sonatas/18-2/Schmitt01.mid,piece_c0fbc2c272981adf,Beethoven,Piano_Sonatas_18-2,4,FULL,63,0.007088208820882088,8888
Beethoven/Piano_Sonatas/18-2_no_repeat/KOLESO06.mid,piece_c0fbc2c272981adf,Beethoven,Piano_Sonatas_18-2,0,ZERO,8786,0.9894144144144145,8880
Beethoven/Piano_Sonatas/18-2_no_repeat/KOLESO06.mid,piece_c0fbc2c272981adf,Beethoven,Piano_Sonatas_18-2,1,LOW,21,0.002364864864864865,8880
Beethoven/Piano_Sonatas/18-2_no_repeat/KOLESO06.mid,piece_c0fbc2c272981adf,Beethoven,Piano_Sonatas_18-2,2,MID,10,0.0011261261261261261,8880
Beethoven/Piano_Sonatas/18-2_no_repeat/KOLESO06.mid,piece_c0fbc2c272981adf,Beethoven,Piano_Sonatas_18-2,3,HIGH,12,0.0013513513513513514,8880
Beethoven/Piano_Sonatas/18-2_no_repeat/KOLESO06.mid,piece_c0fbc2c272981adf,Beethoven,Piano_Sonatas_18-2,4,FULL,51,0.0057432432432432436,8880
Beethoven/Piano_Sonatas/18-2_no_repeat/Schmitt01.mid,piece_c0fbc2c272981adf,Beethoven,Piano_Sonatas_18-2,0,ZERO,7131,0.8023177317731773,8888
Beethoven/Piano_Sonatas/18-2_no_repeat/Schmitt01.mid,piece_c0fbc2c272981adf,Beethoven,Piano_Sonatas_18-2,1,LOW,1188,0.13366336633663367,8888
Beethoven/Piano_Sonatas/18-2_no_repeat/Schmitt01.mid,piece_c0fbc2c272981adf,Beethoven,Piano_Sonatas_18-2,2,MID,434,0.04882988298829883,8888
Beethoven/Piano_Sonatas/18-2_no_repeat/Schmitt01.mid,piece_c0fbc2c272981adf,Beethoven,Piano_Sonatas_18-2,3,HIGH,72,0.008100810081008101,8888
Beethoven/Piano_Sonatas/18-2_no_repeat/Schmitt01.mid,piece_c0fbc2c272981adf,Beethoven,Piano_Sonatas_18-2,4,FULL,63,0.007088208820882088,8888
Beethoven/Piano_Sonatas/18-3/ChenGuang05.mid,piece_62fdfb7c766ca29a,Beethoven,Piano_Sonatas_18-3,0,ZERO,1785,0.29949664429530204,5960
Beethoven/Piano_Sonatas/18-3/ChenGuang05.mid,piece_62fdfb7c766ca29a,Beethoven,Piano_Sonatas_18-3,1,LOW,735,0.12332214765100671,5960
Beethoven/Piano_Sonatas/18-3/ChenGuang05.mid,piece_62fdfb7c766ca29a,Beethoven,Piano_Sonatas_18-3,2,MID,1394,0.23389261744966444,5960
Beethoven/Piano_Sonatas/18-3/ChenGuang05.mid,piece_62fdfb7c766ca29a,Beethoven,Piano_Sonatas_18-3,3,HIGH,157,0.026342281879194632,5960
Beethoven/Piano_Sonatas/18-3/ChenGuang05.mid,piece_62fdfb7c766ca29a,Beethoven,Piano_Sonatas_18-3,4,FULL,1889,0.3169463087248322,5960
Beethoven/Piano_Sonatas/18-3/KOLESO06.mid,piece_62fdfb7c766ca29a,Beethoven,Piano_Sonatas_18-3,0,ZERO,298,0.05852317360565593,5092
Beethoven/Piano_Sonatas/18-3/KOLESO06.mid,piece_62fdfb7c766ca29a,Beethoven,Piano_Sonatas_18-3,1,LOW,1123,0.22054202670856246,5092
Beethoven/Piano_Sonatas/18-3/KOLESO06.mid,piece_62fdfb7c766ca29a,Beethoven,Piano_Sonatas_18-3,2,MID,1402,0.2753338570306363,5092
Beethoven/Piano_Sonatas/18-3/KOLESO06.mid,piece_62fdfb7c766ca29a,Beethoven,Piano_Sonatas_18-3,3,HIGH,2053,0.40318146111547526,5092
Beethoven/Piano_Sonatas/18-3/KOLESO06.mid,piece_62fdfb7c766ca29a,Beethoven,Piano_Sonatas_18-3,4,FULL,216,0.04241948153967007,5092
Beethoven/Piano_Sonatas/18-4/ChenGuang06M.mid,piece_06a1725142cf8d67,Beethoven,Piano_Sonatas_18-4,0,ZERO,8587,0.6258746355685131,13720
Beethoven/Piano_Sonatas/18-4/ChenGuang06M.mid,piece_06a1725142cf8d67,Beethoven,Piano_Sonatas_18-4,1,LOW,809,0.05896501457725947,13720
Beethoven/Piano_Sonatas/18-4/ChenGuang06M.mid,piece_06a1725142cf8d67,Beethoven,Piano_Sonatas_18-4,2,MID,1070,0.07798833819241982,13720
Beethoven/Piano_Sonatas/18-4/ChenGuang06M.mid,piece_06a1725142cf8d67,Beethoven,Piano_Sonatas_18-4,3,HIGH,76,0.0055393586005830905,13720
Beethoven/Piano_Sonatas/18-4/ChenGuang06M.mid,piece_06a1725142cf8d67,Beethoven,Piano_Sonatas_18-4,4,FULL,3178,0.2316326530612245,13720
Beethoven/Piano_Sonatas/18-4/KOLESO06M.mid,piece_06a1725142cf8d67,Beethoven,Piano_Sonatas_18-4,0,ZERO,8692,0.6285796933757594,13828
Beethoven/Piano_Sonatas/18-4/KOLESO06M.mid,piece_06a1725142cf8d67,Beethoven,Piano_Sonatas_18-4,1,LOW,970,0.07014752675730403,13828
Beethoven/Piano_Sonatas/18-4/KOLESO06M.mid,piece_06a1725142cf8d67,Beethoven,Piano_Sonatas_18-4,2,MID,624,0.04512583164593578,13828
Beethoven/Piano_Sonatas/18-4/KOLESO06M.mid,piece_06a1725142cf8d67,Beethoven,Piano_Sonatas_18-4,3,HIGH,1944,0.14058432166618456,13828
Beethoven/Piano_Sonatas/18-4/KOLESO06M.mid,piece_06a1725142cf8d67,Beethoven,Piano_Sonatas_18-4,4,FULL,1598,0.11556262655481632,13828
Beethoven/Piano_Sonatas/21-1/HAGINO02.mid,piece_24fc2176320cbf55,Beethoven,Piano_Sonatas_21-1,0,ZERO,15381,0.4489492119089317,34260
Beethoven/Piano_Sonatas/21-1/HAGINO02.mid,piece_24fc2176320cbf55,Beethoven,Piano_Sonatas_21-1,1,LOW,6689,0.19524226503210743,34260
Beethoven/Piano_Sonatas/21-1/HAGINO02.mid,piece_24fc2176320cbf55,Beethoven,Piano_Sonatas_21-1,2,MID,4505,0.1314944541739638,34260
Beethoven/Piano_Sonatas/21-1/HAGINO02.mid,piece_24fc2176320cbf55,Beethoven,Piano_Sonatas_21-1,3,HIGH,2917,0.08514302393461763,34260
Beethoven/Piano_Sonatas/21-1/HAGINO02.mid,piece_24fc2176320cbf55,Beethoven,Piano_Sonatas_21-1,4,FULL,4768,0.13917104495037946,34260
Beethoven/Piano_Sonatas/21-1/KaiRuiR02M.mid,piece_24fc2176320cbf55,Beethoven,Piano_Sonatas_21-1,0,ZERO,4661,0.13675038141063256,34084
Beethoven/Piano_Sonatas/21-1/KaiRuiR02M.mid,piece_24fc2176320cbf55,Beethoven,Piano_Sonatas_21-1,1,LOW,18032,0.5290458866330243,34084
Beethoven/Piano_Sonatas/21-1/KaiRuiR02M.mid,piece_24fc2176320cbf55,Beethoven,Piano_Sonatas_21-1,2,MID,4831,0.1417380589132731,34084
Beethoven/Piano_Sonatas/21-1/KaiRuiR02M.mid,piece_24fc2176320cbf55,Beethoven,Piano_Sonatas_21-1,3,HIGH,1003,0.029427297265579157,34084
Beethoven/Piano_Sonatas/21-1/KaiRuiR02M.mid,piece_24fc2176320cbf55,Beethoven,Piano_Sonatas_21-1,4,FULL,5557,0.16303837577749092,34084
Beethoven/Piano_Sonatas/21-1/Sekino05M.mid,piece_24fc2176320cbf55,Beethoven,Piano_Sonatas_21-1,0,ZERO,3291,0.12492408138475554,26344
Beethoven/Piano_Sonatas/21-1/Sekino05M.mid,piece_24fc2176320cbf55,Beethoven,Piano_Sonatas_21-1,1,LOW,8197,0.3111524445794109,26344
Beethoven/Piano_Sonatas/21-1/Sekino05M.mid,piece_24fc2176320cbf55,Beethoven,Piano_Sonatas_21-1,2,MID,9403,0.35693136957181903,26344
Beethoven/Piano_Sonatas/21-1/Sekino05M.mid,piece_24fc2176320cbf55,Beethoven,Piano_Sonatas_21-1,3,HIGH,1924,0.07303370786516854,26344
Beethoven/Piano_Sonatas/21-1/Sekino05M.mid,piece_24fc2176320cbf55,Beethoven,Piano_Sonatas_21-1,4,FULL,3529,0.13395839659884604,26344
Beethoven/Piano_Sonatas/21-1/YOO05.mid,piece_24fc2176320cbf55,Beethoven,Piano_Sonatas_21-1,0,ZERO,9485,0.35808668076109934,26488
Beethoven/Piano_Sonatas/21-1/YOO05.mid,piece_24fc2176320cbf55,Beethoven,Piano_Sonatas_21-1,1,LOW,8062,0.30436424041075205,26488
Beethoven/Piano_Sonatas/21-1/YOO05.mid,piece_24fc2176320cbf55,Beethoven,Piano_Sonatas_21-1,2,MID,3872,0.1461794019933555,26488
Beethoven/Piano_Sonatas/21-1/YOO05.mid,piece_24fc2176320cbf55,Beethoven,Piano_Sonatas_21-1,3,HIGH,4580,0.17290848686197524,26488
Beethoven/Piano_Sonatas/21-1/YOO05.mid,piece_24fc2176320cbf55,Beethoven,Piano_Sonatas_21-1,4,FULL,489,0.01846118997281788,26488
Beethoven/Piano_Sonatas/21-1_no_repeat/Dulu01.mid,piece_24fc2176320cbf55,Beethoven,Piano_Sonatas_21-1,0,ZERO,8579,0.32456870460048426,26432
Beethoven/Piano_Sonatas/21-1_no_repeat/Dulu01.mid,piece_24fc2176320cbf55,Beethoven,Piano_Sonatas_21-1,1,LOW,9189,0.3476467917675545,26432
Beethoven/Piano_Sonatas/21-1_no_repeat/Dulu01.mid,piece_24fc2176320cbf55,Beethoven,Piano_Sonatas_21-1,2,MID,8219,0.3109488498789346,26432
Beethoven/Piano_Sonatas/21-1_no_repeat/Dulu01.mid,piece_24fc2176320cbf55,Beethoven,Piano_Sonatas_21-1,3,HIGH,159,0.00601543583535109,26432
Beethoven/Piano_Sonatas/21-1_no_repeat/Dulu01.mid,piece_24fc2176320cbf55,Beethoven,Piano_Sonatas_21-1,4,FULL,286,0.010820217917675545,26432
Beethoven/Piano_Sonatas/21-1_no_repeat/GonzalezJ06M.mid,piece_24fc2176320cbf55,Beethoven,Piano_Sonatas_21-1,0,ZERO,19507,0.748541826554106,26060
Beethoven/Piano_Sonatas/21-1_no_repeat/GonzalezJ06M.mid,piece_24fc2176320cbf55,Beethoven,Piano_Sonatas_21-1,1,LOW,1654,0.06346891788181121,26060
Beethoven/Piano_Sonatas/21-1_no_repeat/GonzalezJ06M.mid,piece_24fc2176320cbf55,Beethoven,Piano_Sonatas_21-1,2,MID,1924,0.0738296239447429,26060
Beethoven/Piano_Sonatas/21-1_no_repeat/GonzalezJ06M.mid,piece_24fc2176320cbf55,Beethoven,Piano_Sonatas_21-1,3,HIGH,251,0.00963161933998465,26060
Beethoven/Piano_Sonatas/21-1_no_repeat/GonzalezJ06M.mid,piece_24fc2176320cbf55,Beethoven,Piano_Sonatas_21-1,4,FULL,2724,0.10452801227935533,26060
Beethoven/Piano_Sonatas/21-1_no_repeat/KimSY02M.mid,piece_24fc2176320cbf55,Beethoven,Piano_Sonatas_21-1,0,ZERO,16815,0.63654603270745,26416
Beethoven/Piano_Sonatas/21-1_no_repeat/KimSY02M.mid,piece_24fc2176320cbf55,Beethoven,Piano_Sonatas_21-1,1,LOW,2154,0.08154149000605694,26416
Beethoven/Piano_Sonatas/21-1_no_repeat/KimSY02M.mid,piece_24fc2176320cbf55,Beethoven,Piano_Sonatas_21-1,2,MID,4197,0.15888098122350092,26416
Beethoven/Piano_Sonatas/21-1_no_repeat/KimSY02M.mid,piece_24fc2176320cbf55,Beethoven,Piano_Sonatas_21-1,3,HIGH,1178,0.04459418534221684,26416
Beethoven/Piano_Sonatas/21-1_no_repeat/KimSY02M.mid,piece_24fc2176320cbf55,Beethoven,Piano_Sonatas_21-1,4,FULL,2072,0.07843731072077528,26416
Beethoven/Piano_Sonatas/21-1_no_repeat/Lariviere01.mid,piece_24fc2176320cbf55,Beethoven,Piano_Sonatas_21-1,0,ZERO,13786,0.5148640573648043,26776
Beethoven/Piano_Sonatas/21-1_no_repeat/Lariviere01.mid,piece_24fc2176320cbf55,Beethoven,Piano_Sonatas_21-1,1,LOW,5156,0.19256050194203764,26776
Beethoven/Piano_Sonatas/21-1_no_repeat/Lariviere01.mid,piece_24fc2176320cbf55,Beethoven,Piano_Sonatas_21-1,2,MID,3155,0.11782939946220496,26776
Beethoven/Piano_Sonatas/21-1_no_repeat/Lariviere01.mid,piece_24fc2176320cbf55,Beethoven,Piano_Sonatas_21-1,3,HIGH,476,0.017777113833283537,26776
Beethoven/Piano_Sonatas/21-1_no_repeat/Lariviere01.mid,piece_24fc2176320cbf55,Beethoven,Piano_Sonatas_21-1,4,FULL,4203,0.15696892739766954,26776
Beethoven/Piano_Sonatas/21-1_no_repeat/LeeN02M.mid,piece_24fc2176320cbf55,Beethoven,Piano_Sonatas_21-1,0,ZERO,14249,0.5385109599395314,26460
Beethoven/Piano_Sonatas/21-1_no_repeat/LeeN02M.mid,piece_24fc2176320cbf55,Beethoven,Piano_Sonatas_21-1,1,LOW,3340,0.12622826908541193,26460
Beethoven/Piano_Sonatas/21-1_no_repeat/LeeN02M.mid,piece_24fc2176320cbf55,Beethoven,Piano_Sonatas_21-1,2,MID,2523,0.0953514739229025,26460
Beethoven/Piano_Sonatas/21-1_no_repeat/LeeN02M.mid,piece_24fc2176320cbf55,Beethoven,Piano_Sonatas_21-1,3,HIGH,646,0.02441421012849584,26460
Beethoven/Piano_Sonatas/21-1_no_repeat/LeeN02M.mid,piece_24fc2176320cbf55,Beethoven,Piano_Sonatas_21-1,4,FULL,5702,0.21549508692365835,26460
Beethoven/Piano_Sonatas/21-1_no_repeat/MorozovS01.mid,piece_24fc2176320cbf55,Beethoven,Piano_Sonatas_21-1,0,ZERO,8159,0.30719126506024097,26560
Beethoven/Piano_Sonatas/21-1_no_repeat/MorozovS01.mid,piece_24fc2176320cbf55,Beethoven,Piano_Sonatas_21-1,1,LOW,8593,0.3235316265060241,26560
Beethoven/Piano_Sonatas/21-1_no_repeat/MorozovS01.mid,piece_24fc2176320cbf55,Beethoven,Piano_Sonatas_21-1,2,MID,5671,0.21351656626506024,26560
Beethoven/Piano_Sonatas/21-1_no_repeat/MorozovS01.mid,piece_24fc2176320cbf55,Beethoven,Piano_Sonatas_21-1,3,HIGH,880,0.03313253012048193,26560
Beethoven/Piano_Sonatas/21-1_no_repeat/MorozovS01.mid,piece_24fc2176320cbf55,Beethoven,Piano_Sonatas_21-1,4,FULL,3257,0.12262801204819278,26560
Beethoven/Piano_Sonatas/21-1_no_repeat/RichardsonC02M.mid,piece_24fc2176320cbf55,Beethoven,Piano_Sonatas_21-1,0,ZERO,5093,0.19089205397301348,26680
Beethoven/Piano_Sonatas/21-1_no_repeat/RichardsonC02M.mid,piece_24fc2176320cbf55,Beethoven,Piano_Sonatas_21-1,1,LOW,14960,0.56071964017991,26680
Beethoven/Piano_Sonatas/21-1_no_repeat/RichardsonC02M.mid,piece_24fc2176320cbf55,Beethoven,Piano_Sonatas_21-1,2,MID,3787,0.1419415292353823,26680
Beethoven/Piano_Sonatas/21-1_no_repeat/RichardsonC02M.mid,piece_24fc2176320cbf55,Beethoven,Piano_Sonatas_21-1,3,HIGH,555,0.020802098950524737,26680
Beethoven/Piano_Sonatas/21-1_no_repeat/RichardsonC02M.mid,piece_24fc2176320cbf55,Beethoven,Piano_Sonatas_21-1,4,FULL,2285,0.08564467766116941,26680
Beethoven/Piano_Sonatas/21-1_no_repeat/SEBAST01.mid,piece_24fc2176320cbf55,Beethoven,Piano_Sonatas_21-1,0,ZERO,9576,0.3632776934749621,26360
Beethoven/Piano_Sonatas/21-1_no_repeat/SEBAST01.mid,piece_24fc2176320cbf55,Beethoven,Piano_Sonatas_21-1,1,LOW,6025,0.2285660091047041,26360
Beethoven/Piano_Sonatas/21-1_no_repeat/SEBAST01.mid,piece_24fc2176320cbf55,Beethoven,Piano_Sonatas_21-1,2,MID,5628,0.21350531107739,26360
Beethoven/Piano_Sonatas/21-1_no_repeat/SEBAST01.mid,piece_24fc2176320cbf55,Beethoven,Piano_Sonatas_21-1,3,HIGH,2130,0.08080424886191198,26360
Beethoven/Piano_Sonatas/21-1_no_repeat/SEBAST01.mid,piece_24fc2176320cbf55,Beethoven,Piano_Sonatas_21-1,4,FULL,3001,0.11384673748103187,26360
Beethoven/Piano_Sonatas/21-1_no_repeat/Seo01.mid,piece_24fc2176320cbf55,Beethoven,Piano_Sonatas_21-1,0,ZERO,11572,0.43444961705961854,26636
Beethoven/Piano_Sonatas/21-1_no_repeat/Seo01.mid,piece_24fc2176320cbf55,Beethoven,Piano_Sonatas_21-1,1,LOW,5518,0.20716323772338188,26636
Beethoven/Piano_Sonatas/21-1_no_repeat/Seo01.mid,piece_24fc2176320cbf55,Beethoven,Piano_Sonatas_21-1,2,MID,3947,0.14818291034689893,26636
Beethoven/Piano_Sonatas/21-1_no_repeat/Seo01.mid,piece_24fc2176320cbf55,Beethoven,Piano_Sonatas_21-1,3,HIGH,964,0.03619162036341793,26636
Beethoven/Piano_Sonatas/21-1_no_repeat/Seo01.mid,piece_24fc2176320cbf55,Beethoven,Piano_Sonatas_21-1,4,FULL,4635,0.17401261450668268,26636
Beethoven/Piano_Sonatas/21-1_no_repeat/Shi02.mid,piece_24fc2176320cbf55,Beethoven,Piano_Sonatas_21-1,0,ZERO,18110,0.6832930878357983,26504
Beethoven/Piano_Sonatas/21-1_no_repeat/Shi02.mid,piece_24fc2176320cbf55,Beethoven,Piano_Sonatas_21-1,1,LOW,2858,0.10783277995774222,26504
Beethoven/Piano_Sonatas/21-1_no_repeat/Shi02.mid,piece_24fc2176320cbf55,Beethoven,Piano_Sonatas_21-1,2,MID,2424,0.09145789314820404,26504
Beethoven/Piano_Sonatas/21-1_no_repeat/Shi02.mid,piece_24fc2176320cbf55,Beethoven,Piano_Sonatas_21-1,3,HIGH,394,0.01486568065197706,26504
Beethoven/Piano_Sonatas/21-1_no_repeat/Shi02.mid,piece_24fc2176320cbf55,Beethoven,Piano_Sonatas_21-1,4,FULL,2718,0.1025505584062783,26504
Beethoven/Piano_Sonatas/21-1_no_repeat/Shychko02M.mid,piece_24fc2176320cbf55,Beethoven,Piano_Sonatas_21-1,0,ZERO,2294,0.08655297313613039,26504
Beethoven/Piano_Sonatas/21-1_no_repeat/Shychko02M.mid,piece_24fc2176320cbf55,Beethoven,Piano_Sonatas_21-1,1,LOW,14609,0.551199818895261,26504
Beethoven/Piano_Sonatas/21-1_no_repeat/Shychko02M.mid,piece_24fc2176320cbf55,Beethoven,Piano_Sonatas_21-1,2,MID,1986,0.07493208572290976,26504
Beethoven/Piano_Sonatas/21-1_no_repeat/Shychko02M.mid,piece_24fc2176320cbf55,Beethoven,Piano_Sonatas_21-1,3,HIGH,281,0.010602173256866888,26504
Beethoven/Piano_Sonatas/21-1_no_repeat/Shychko02M.mid,piece_24fc2176320cbf55,Beethoven,Piano_Sonatas_21-1,4,FULL,7334,0.27671294898883186,26504
Beethoven/Piano_Sonatas/21-1_no_repeat/Sladek02M.mid,piece_24fc2176320cbf55,Beethoven,Piano_Sonatas_21-1,0,ZERO,5786,0.21946593840084963,26364
Beethoven/Piano_Sonatas/21-1_no_repeat/Sladek02M.mid,piece_24fc2176320cbf55,Beethoven,Piano_Sonatas_21-1,1,LOW,11774,0.44659384008496433,26364
Beethoven/Piano_Sonatas/21-1_no_repeat/Sladek02M.mid,piece_24fc2176320cbf55,Beethoven,Piano_Sonatas_21-1,2,MID,4039,0.15320133515399786,26364
Beethoven/Piano_Sonatas/21-1_no_repeat/Sladek02M.mid,piece_24fc2176320cbf55,Beethoven,Piano_Sonatas_21-1,3,HIGH,968,0.03671673494158701,26364
Beethoven/Piano_Sonatas/21-1_no_repeat/Sladek02M.mid,piece_24fc2176320cbf55,Beethoven,Piano_Sonatas_21-1,4,FULL,3797,0.1440221514186011,26364
Beethoven/Piano_Sonatas/21-1_no_repeat/Song03M.mid,piece_24fc2176320cbf55,Beethoven,Piano_Sonatas_21-1,0,ZERO,1291,0.04872433574879227,26496
Beethoven/Piano_Sonatas/21-1_no_repeat/Song03M.mid,piece_24fc2176320cbf55,Beethoven,Piano_Sonatas_21-1,1,LOW,17104,0.6455314009661836,26496
Beethoven/Piano_Sonatas/21-1_no_repeat/Song03M.mid,piece_24fc2176320cbf55,Beethoven,Piano_Sonatas_21-1,2,MID,2955,0.11152626811594203,26496
Beethoven/Piano_Sonatas/21-1_no_repeat/Song03M.mid,piece_24fc2176320cbf55,Beethoven,Piano_Sonatas_21-1,3,HIGH,395,0.014907910628019324,26496
Beethoven/Piano_Sonatas/21-1_no_repeat/Song03M.mid,piece_24fc2176320cbf55,Beethoven,Piano_Sonatas_21-1,4,FULL,4751,0.17931008454106281,26496
Beethoven/Piano_Sonatas/21-1_no_repeat/SunY02M.mid,piece_24fc2176320cbf55,Beethoven,Piano_Sonatas_21-1,0,ZERO,13937,0.5275969109630527,26416
Beethoven/Piano_Sonatas/21-1_no_repeat/SunY02M.mid,piece_24fc2176320cbf55,Beethoven,Piano_Sonatas_21-1,1,LOW,1758,0.06655057540884313,26416
Beethoven/Piano_Sonatas/21-1_no_repeat/SunY02M.mid,piece_24fc2176320cbf55,Beethoven,Piano_Sonatas_21-1,2,MID,2075,0.07855087825560267,26416
Beethoven/Piano_Sonatas/21-1_no_repeat/SunY02M.mid,piece_24fc2176320cbf55,Beethoven,Piano_Sonatas_21-1,3,HIGH,815,0.030852513628104178,26416
Beethoven/Piano_Sonatas/21-1_no_repeat/SunY02M.mid,piece_24fc2176320cbf55,Beethoven,Piano_Sonatas_21-1,4,FULL,7831,0.29644912174439736,26416
Beethoven/Piano_Sonatas/21-1_no_repeat/Sychev01.mid,piece_24fc2176320cbf55,Beethoven,Piano_Sonatas_21-1,0,ZERO,8541,0.3244567694879198,26324
Beethoven/Piano_Sonatas/21-1_no_repeat/Sychev01.mid,piece_24fc2176320cbf55,Beethoven,Piano_Sonatas_21-1,1,LOW,10566,0.40138276857620425,26324
Beethoven/Piano_Sonatas/21-1_no_repeat/Sychev01.mid,piece_24fc2176320cbf55,Beethoven,Piano_Sonatas_21-1,2,MID,6372,0.2420604771311351,26324
Beethoven/Piano_Sonatas/21-1_no_repeat/Sychev01.mid,piece_24fc2176320cbf55,Beethoven,Piano_Sonatas_21-1,3,HIGH,608,0.023096793800334296,26324
Beethoven/Piano_Sonatas/21-1_no_repeat/Sychev01.mid,piece_24fc2176320cbf55,Beethoven,Piano_Sonatas_21-1,4,FULL,237,0.009003191004406625,26324
Beethoven/Piano_Sonatas/21-1_no_repeat/Tetzloff01.mid,piece_24fc2176320cbf55,Beethoven,Piano_Sonatas_21-1,0,ZERO,11059,0.4204303527980535,26304
Beethoven/Piano_Sonatas/21-1_no_repeat/Tetzloff01.mid,piece_24fc2176320cbf55,Beethoven,Piano_Sonatas_21-1,1,LOW,5639,0.2143780413625304,26304
Beethoven/Piano_Sonatas/21-1_no_repeat/Tetzloff01.mid,piece_24fc2176320cbf55,Beethoven,Piano_Sonatas_21-1,2,MID,2342,0.08903588807785888,26304
Beethoven/Piano_Sonatas/21-1_no_repeat/Tetzloff01.mid,piece_24fc2176320cbf55,Beethoven,Piano_Sonatas_21-1,3,HIGH,1206,0.045848540145985404,26304
Beethoven/Piano_Sonatas/21-1_no_repeat/Tetzloff01.mid,piece_24fc2176320cbf55,Beethoven,Piano_Sonatas_21-1,4,FULL,6058,0.2303071776155718,26304
Beethoven/Piano_Sonatas/21-1_no_repeat/Tetzloff05M.mid,piece_24fc2176320cbf55,Beethoven,Piano_Sonatas_21-1,0,ZERO,12612,0.4824051407588739,26144
Beethoven/Piano_Sonatas/21-1_no_repeat/Tetzloff05M.mid,piece_24fc2176320cbf55,Beethoven,Piano_Sonatas_21-1,1,LOW,2971,0.11363984088127295,26144
Beethoven/Piano_Sonatas/21-1_no_repeat/Tetzloff05M.mid,piece_24fc2176320cbf55,Beethoven,Piano_Sonatas_21-1,2,MID,5452,0.2085373317013464,26144
Beethoven/Piano_Sonatas/21-1_no_repeat/Tetzloff05M.mid,piece_24fc2176320cbf55,Beethoven,Piano_Sonatas_21-1,3,HIGH,1608,0.06150550795593635,26144
Beethoven/Piano_Sonatas/21-1_no_repeat/Tetzloff05M.mid,piece_24fc2176320cbf55,Beethoven,Piano_Sonatas_21-1,4,FULL,3501,0.13391217870257038,26144
Beethoven/Piano_Sonatas/21-1_no_repeat/ToA02M.mid,piece_24fc2176320cbf55,Beethoven,Piano_Sonatas_21-1,0,ZERO,14352,0.545703422053232,26300
Beethoven/Piano_Sonatas/21-1_no_repeat/ToA02M.mid,piece_24fc2176320cbf55,Beethoven,Piano_Sonatas_21-1,1,LOW,3732,0.14190114068441065,26300
Beethoven/Piano_Sonatas/21-1_no_repeat/ToA02M.mid,piece_24fc2176320cbf55,Beethoven,Piano_Sonatas_21-1,2,MID,2757,0.10482889733840305,26300
Beethoven/Piano_Sonatas/21-1_no_repeat/ToA02M.mid,piece_24fc2176320cbf55,Beethoven,Piano_Sonatas_21-1,3,HIGH,881,0.03349809885931559,26300
Beethoven/Piano_Sonatas/21-1_no_repeat/ToA02M.mid,piece_24fc2176320cbf55,Beethoven,Piano_Sonatas_21-1,4,FULL,4578,0.17406844106463878,26300
Beethoven/Piano_Sonatas/21-1_no_repeat/TongB03M.mid,piece_24fc2176320cbf55,Beethoven,Piano_Sonatas_21-1,0,ZERO,5165,0.19549583648750946,26420
Beethoven/Piano_Sonatas/21-1_no_repeat/TongB03M.mid,piece_24fc2176320cbf55,Beethoven,Piano_Sonatas_21-1,1,LOW,10515,0.39799394398183197,26420
Beethoven/Piano_Sonatas/21-1_no_repeat/TongB03M.mid,piece_24fc2176320cbf55,Beethoven,Piano_Sonatas_21-1,2,MID,5221,0.19761544284632854,26420
Beethoven/Piano_Sonatas/21-1_no_repeat/TongB03M.mid,piece_24fc2176320cbf55,Beethoven,Piano_Sonatas_21-1,3,HIGH,924,0.034973504920514764,26420
Beethoven/Piano_Sonatas/21-1_no_repeat/TongB03M.mid,piece_24fc2176320cbf55,Beethoven,Piano_Sonatas_21-1,4,FULL,4595,0.1739212717638153,26420
Beethoven/Piano_Sonatas/21-1_no_repeat/WangA02M.mid,piece_24fc2176320cbf55,Beethoven,Piano_Sonatas_21-1,0,ZERO,17726,0.6724582701062215,26360
Beethoven/Piano_Sonatas/21-1_no_repeat/WangA02M.mid,piece_24fc2176320cbf55,Beethoven,Piano_Sonatas_21-1,1,LOW,1295,0.04912746585735964,26360
Beethoven/Piano_Sonatas/21-1_no_repeat/WangA02M.mid,piece_24fc2176320cbf55,Beethoven,Piano_Sonatas_21-1,2,MID,2283,0.08660849772382398,26360
Beethoven/Piano_Sonatas/21-1_no_repeat/WangA02M.mid,piece_24fc2176320cbf55,Beethoven,Piano_Sonatas_21-1,3,HIGH,479,0.018171471927162366,26360
Beethoven/Piano_Sonatas/21-1_no_repeat/WangA02M.mid,piece_24fc2176320cbf55,Beethoven,Piano_Sonatas_21-1,4,FULL,4577,0.17363429438543249,26360
Beethoven/Piano_Sonatas/21-1_no_repeat/YeZ02M.mid,piece_24fc2176320cbf55,Beethoven,Piano_Sonatas_21-1,0,ZERO,12889,0.4860105580693816,26520
Beethoven/Piano_Sonatas/21-1_no_repeat/YeZ02M.mid,piece_24fc2176320cbf55,Beethoven,Piano_Sonatas_21-1,1,LOW,1381,0.052073906485671194,26520
Beethoven/Piano_Sonatas/21-1_no_repeat/YeZ02M.mid,piece_24fc2176320cbf55,Beethoven,Piano_Sonatas_21-1,2,MID,1121,0.04226998491704374,26520
Beethoven/Piano_Sonatas/21-1_no_repeat/YeZ02M.mid,piece_24fc2176320cbf55,Beethoven,Piano_Sonatas_21-1,3,HIGH,338,0.012745098039215686,26520
Beethoven/Piano_Sonatas/21-1_no_repeat/YeZ02M.mid,piece_24fc2176320cbf55,Beethoven,Piano_Sonatas_21-1,4,FULL,10791,0.4069004524886878,26520
Beethoven/Piano_Sonatas/21-1_no_repeat/ZhangW01M.mid,piece_24fc2176320cbf55,Beethoven,Piano_Sonatas_21-1,0,ZERO,13908,0.5248301886792452,26500
Beethoven/Piano_Sonatas/21-1_no_repeat/ZhangW01M.mid,piece_24fc2176320cbf55,Beethoven,Piano_Sonatas_21-1,1,LOW,4295,0.1620754716981132,26500
Beethoven/Piano_Sonatas/21-1_no_repeat/ZhangW01M.mid,piece_24fc2176320cbf55,Beethoven,Piano_Sonatas_21-1,2,MID,5458,0.2059622641509434,26500
Beethoven/Piano_Sonatas/21-1_no_repeat/ZhangW01M.mid,piece_24fc2176320cbf55,Beethoven,Piano_Sonatas_21-1,3,HIGH,572,0.02158490566037736,26500
Beethoven/Piano_Sonatas/21-1_no_repeat/ZhangW01M.mid,piece_24fc2176320cbf55,Beethoven,Piano_Sonatas_21-1,4,FULL,2267,0.08554716981132075,26500
Beethoven/Piano_Sonatas/21-1_no_repeat/Zuber01.mid,piece_24fc2176320cbf55,Beethoven,Piano_Sonatas_21-1,0,ZERO,11516,0.43280216476247746,26608
Beethoven/Piano_Sonatas/21-1_no_repeat/Zuber01.mid,piece_24fc2176320cbf55,Beethoven,Piano_Sonatas_21-1,1,LOW,7614,0.2861545399879735,26608
Beethoven/Piano_Sonatas/21-1_no_repeat/Zuber01.mid,piece_24fc2176320cbf55,Beethoven,Piano_Sonatas_21-1,2,MID,5106,0.1918971737823211,26608
Beethoven/Piano_Sonatas/21-1_no_repeat/Zuber01.mid,piece_24fc2176320cbf55,Beethoven,Piano_Sonatas_21-1,3,HIGH,1281,0.04814341551413109,26608
Beethoven/Piano_Sonatas/21-1_no_repeat/Zuber01.mid,piece_24fc2176320cbf55,Beethoven,Piano_Sonatas_21-1,4,FULL,1091,0.04100270595309681,26608
Beethoven/Piano_Sonatas/21-2/KimSY03.mid,piece_968fc80fffd17e8d,Beethoven,Piano_Sonatas_21-2,0,ZERO,43,0.02193877551020408,1960
Beethoven/Piano_Sonatas/21-2/KimSY03.mid,piece_968fc80fffd17e8d,Beethoven,Piano_Sonatas_21-2,1,LOW,220,0.11224489795918367,1960
Beethoven/Piano_Sonatas/21-2/KimSY03.mid,piece_968fc80fffd17e8d,Beethoven,Piano_Sonatas_21-2,2,MID,612,0.3122448979591837,1960
Beethoven/Piano_Sonatas/21-2/KimSY03.mid,piece_968fc80fffd17e8d,Beethoven,Piano_Sonatas_21-2,3,HIGH,514,0.26224489795918365,1960
Beethoven/Piano_Sonatas/21-2/KimSY03.mid,piece_968fc80fffd17e8d,Beethoven,Piano_Sonatas_21-2,4,FULL,571,0.2913265306122449,1960
Beethoven/Piano_Sonatas/21-2/Sekino05.mid,piece_968fc80fffd17e8d,Beethoven,Piano_Sonatas_21-2,0,ZERO,49,0.024898373983739838,1968
Beethoven/Piano_Sonatas/21-2/Sekino05.mid,piece_968fc80fffd17e8d,Beethoven,Piano_Sonatas_21-2,1,LOW,96,0.04878048780487805,1968
Beethoven/Piano_Sonatas/21-2/Sekino05.mid,piece_968fc80fffd17e8d,Beethoven,Piano_Sonatas_21-2,2,MID,455,0.23119918699186992,1968
Beethoven/Piano_Sonatas/21-2/Sekino05.mid,piece_968fc80fffd17e8d,Beethoven,Piano_Sonatas_21-2,3,HIGH,287,0.14583333333333334,1968
Beethoven/Piano_Sonatas/21-2/Sekino05.mid,piece_968fc80fffd17e8d,Beethoven,Piano_Sonatas_21-2,4,FULL,1081,0.5492886178861789,1968
Beethoven/Piano_Sonatas/21-2/YOO05M.mid,piece_968fc80fffd17e8d,Beethoven,Piano_Sonatas_21-2,0,ZERO,23,0.011639676113360324,1976
Beethoven/Piano_Sonatas/21-2/YOO05M.mid,piece_968fc80fffd17e8d,Beethoven,Piano_Sonatas_21-2,1,LOW,76,0.038461538461538464,1976
Beethoven/Piano_Sonatas/21-2/YOO05M.mid,piece_968fc80fffd17e8d,Beethoven,Piano_Sonatas_21-2,2,MID,707,0.35779352226720645,1976
Beethoven/Piano_Sonatas/21-2/YOO05M.mid,piece_968fc80fffd17e8d,Beethoven,Piano_Sonatas_21-2,3,HIGH,1032,0.5222672064777328,1976
Beethoven/Piano_Sonatas/21-2/YOO05M.mid,piece_968fc80fffd17e8d,Beethoven,Piano_Sonatas_21-2,4,FULL,138,0.06983805668016195,1976
Beethoven/Piano_Sonatas/21-3/KimSY04M.mid,piece_ad20992460d1a99f,Beethoven,Piano_Sonatas_21-3,0,ZERO,8043,0.2772301116779264,29012
Beethoven/Piano_Sonatas/21-3/KimSY04M.mid,piece_ad20992460d1a99f,Beethoven,Piano_Sonatas_21-3,1,LOW,1938,0.06679994485040673,29012
Beethoven/Piano_Sonatas/21-3/KimSY04M.mid,piece_ad20992460d1a99f,Beethoven,Piano_Sonatas_21-3,2,MID,5351,0.18444092099820764,29012
Beethoven/Piano_Sonatas/21-3/KimSY04M.mid,piece_ad20992460d1a99f,Beethoven,Piano_Sonatas_21-3,3,HIGH,4883,0.16830966496622088,29012
Beethoven/Piano_Sonatas/21-3/KimSY04M.mid,piece_ad20992460d1a99f,Beethoven,Piano_Sonatas_21-3,4,FULL,8797,0.3032193575072384,29012
Beethoven/Piano_Sonatas/21-3/Sekino05M.mid,piece_ad20992460d1a99f,Beethoven,Piano_Sonatas_21-3,0,ZERO,1708,0.059736989367655285,28592
Beethoven/Piano_Sonatas/21-3/Sekino05M.mid,piece_ad20992460d1a99f,Beethoven,Piano_Sonatas_21-3,1,LOW,2543,0.08894096250699496,28592
Beethoven/Piano_Sonatas/21-3/Sekino05M.mid,piece_ad20992460d1a99f,Beethoven,Piano_Sonatas_21-3,2,MID,8719,0.3049454392837157,28592
Beethoven/Piano_Sonatas/21-3/Sekino05M.mid,piece_ad20992460d1a99f,Beethoven,Piano_Sonatas_21-3,3,HIGH,1537,0.05375629546726357,28592
Beethoven/Piano_Sonatas/21-3/Sekino05M.mid,piece_ad20992460d1a99f,Beethoven,Piano_Sonatas_21-3,4,FULL,14085,0.49262031337437046,28592
Beethoven/Piano_Sonatas/21-3/YOO05M.mid,piece_ad20992460d1a99f,Beethoven,Piano_Sonatas_21-3,0,ZERO,6697,0.22900424018602106,29244
Beethoven/Piano_Sonatas/21-3/YOO05M.mid,piece_ad20992460d1a99f,Beethoven,Piano_Sonatas_21-3,1,LOW,5007,0.17121460812474354,29244
Beethoven/Piano_Sonatas/21-3/YOO05M.mid,piece_ad20992460d1a99f,Beethoven,Piano_Sonatas_21-3,2,MID,7580,0.25919846806182467,29244
Beethoven/Piano_Sonatas/21-3/YOO05M.mid,piece_ad20992460d1a99f,Beethoven,Piano_Sonatas_21-3,3,HIGH,6210,0.21235125153877718,29244
Beethoven/Piano_Sonatas/21-3/YOO05M.mid,piece_ad20992460d1a99f,Beethoven,Piano_Sonatas_21-3,4,FULL,3750,0.12823143208863358,29244
Beethoven/Piano_Sonatas/22-1/IVLEVA01.mid,piece_535480de5ef7d47f,Beethoven,Piano_Sonatas_22-1,0,ZERO,4579,0.3844022834116857,11912
Beethoven/Piano_Sonatas/22-1/IVLEVA01.mid,piece_535480de5ef7d47f,Beethoven,Piano_Sonatas_22-1,1,LOW,3275,0.2749328408327737,11912
Beethoven/Piano_Sonatas/22-1/IVLEVA01.mid,piece_535480de5ef7d47f,Beethoven,Piano_Sonatas_22-1,2,MID,1751,0.14699462726662188,11912
Beethoven/Piano_Sonatas/22-1/IVLEVA01.mid,piece_535480de5ef7d47f,Beethoven,Piano_Sonatas_22-1,3,HIGH,876,0.0735392881128274,11912
Beethoven/Piano_Sonatas/22-1/IVLEVA01.mid,piece_535480de5ef7d47f,Beethoven,Piano_Sonatas_22-1,4,FULL,1431,0.12013096037609133,11912
Beethoven/Piano_Sonatas/22-1/KOLESO04M.mid,piece_535480de5ef7d47f,Beethoven,Piano_Sonatas_22-1,0,ZERO,6485,0.5209672236503856,12448
Beethoven/Piano_Sonatas/22-1/KOLESO04M.mid,piece_535480de5ef7d47f,Beethoven,Piano_Sonatas_22-1,1,LOW,1589,0.12765102827763497,12448
Beethoven/Piano_Sonatas/22-1/KOLESO04M.mid,piece_535480de5ef7d47f,Beethoven,Piano_Sonatas_22-1,2,MID,701,0.05631426735218509,12448
Beethoven/Piano_Sonatas/22-1/KOLESO04M.mid,piece_535480de5ef7d47f,Beethoven,Piano_Sonatas_22-1,3,HIGH,2652,0.21304627249357327,12448
Beethoven/Piano_Sonatas/22-1/KOLESO04M.mid,piece_535480de5ef7d47f,Beethoven,Piano_Sonatas_22-1,4,FULL,1021,0.08202120822622108,12448
Beethoven/Piano_Sonatas/22-1/WongDoe01.mid,piece_535480de5ef7d47f,Beethoven,Piano_Sonatas_22-1,0,ZERO,7363,0.5953266494178525,12368
Beethoven/Piano_Sonatas/22-1/WongDoe01.mid,piece_535480de5ef7d47f,Beethoven,Piano_Sonatas_22-1,1,LOW,2780,0.22477360931435963,12368
Beethoven/Piano_Sonatas/22-1/WongDoe01.mid,piece_535480de5ef7d47f,Beethoven,Piano_Sonatas_22-1,2,MID,841,0.0679980595084088,12368
Beethoven/Piano_Sonatas/22-1/WongDoe01.mid,piece_535480de5ef7d47f,Beethoven,Piano_Sonatas_22-1,3,HIGH,96,0.007761966364812419,12368
Beethoven/Piano_Sonatas/22-1/WongDoe01.mid,piece_535480de5ef7d47f,Beethoven,Piano_Sonatas_22-1,4,FULL,1288,0.10413971539456662,12368
Beethoven/Piano_Sonatas/22-2/KOLESO04M.mid,piece_1f2b81ea0c5aa202,Beethoven,Piano_Sonatas_22-2,0,ZERO,9339,0.8238355681016232,11336
Beethoven/Piano_Sonatas/22-2/KOLESO04M.mid,piece_1f2b81ea0c5aa202,Beethoven,Piano_Sonatas_22-2,1,LOW,442,0.0389908256880734,11336
Beethoven/Piano_Sonatas/22-2/KOLESO04M.mid,piece_1f2b81ea0c5aa202,Beethoven,Piano_Sonatas_22-2,2,MID,266,0.023465067043048696,11336
Beethoven/Piano_Sonatas/22-2/KOLESO04M.mid,piece_1f2b81ea0c5aa202,Beethoven,Piano_Sonatas_22-2,3,HIGH,612,0.053987297106563165,11336
Beethoven/Piano_Sonatas/22-2/KOLESO04M.mid,piece_1f2b81ea0c5aa202,Beethoven,Piano_Sonatas_22-2,4,FULL,677,0.059721242060691605,11336
Beethoven/Piano_Sonatas/23-1/Cai01.mid,piece_43644711e20c28f4,Beethoven,Piano_Sonatas_23-1,0,ZERO,3536,0.14146263402144343,24996
Beethoven/Piano_Sonatas/23-1/Cai01.mid,piece_43644711e20c28f4,Beethoven,Piano_Sonatas_23-1,1,LOW,2390,0.09561529844775164,24996
Beethoven/Piano_Sonatas/23-1/Cai01.mid,piece_43644711e20c28f4,Beethoven,Piano_Sonatas_23-1,2,MID,5840,0.23363738198111697,24996
Beethoven/Piano_Sonatas/23-1/Cai01.mid,piece_43644711e20c28f4,Beethoven,Piano_Sonatas_23-1,3,HIGH,1875,0.07501200192030726,24996
Beethoven/Piano_Sonatas/23-1/Cai01.mid,piece_43644711e20c28f4,Beethoven,Piano_Sonatas_23-1,4,FULL,11355,0.4542726836293807,24996
Beethoven/Piano_Sonatas/23-1/Duepree01.mid,piece_43644711e20c28f4,Beethoven,Piano_Sonatas_23-1,0,ZERO,5090,0.20042526382107417,25396
Beethoven/Piano_Sonatas/23-1/Duepree01.mid,piece_43644711e20c28f4,Beethoven,Piano_Sonatas_23-1,1,LOW,289,0.011379744841707356,25396
Beethoven/Piano_Sonatas/23-1/Duepree01.mid,piece_43644711e20c28f4,Beethoven,Piano_Sonatas_23-1,2,MID,6712,0.2642935895416601,25396
Beethoven/Piano_Sonatas/23-1/Duepree01.mid,piece_43644711e20c28f4,Beethoven,Piano_Sonatas_23-1,3,HIGH,4883,0.1922743739171523,25396
Beethoven/Piano_Sonatas/23-1/Duepree01.mid,piece_43644711e20c28f4,Beethoven,Piano_Sonatas_23-1,4,FULL,8422,0.33162702787840603,25396
Beethoven/Piano_Sonatas/23-1/Duepree05M.mid,piece_43644711e20c28f4,Beethoven,Piano_Sonatas_23-1,0,ZERO,4322,0.16986322905203585,25444
Beethoven/Piano_Sonatas/23-1/Duepree05M.mid,piece_43644711e20c28f4,Beethoven,Piano_Sonatas_23-1,1,LOW,1360,0.053450715296337055,25444
Beethoven/Piano_Sonatas/23-1/Duepree05M.mid,piece_43644711e20c28f4,Beethoven,Piano_Sonatas_23-1,2,MID,5995,0.2356154692658387,25444
Beethoven/Piano_Sonatas/23-1/Duepree05M.mid,piece_43644711e20c28f4,Beethoven,Piano_Sonatas_23-1,3,HIGH,5615,0.22068071058009747,25444
Beethoven/Piano_Sonatas/23-1/Duepree05M.mid,piece_43644711e20c28f4,Beethoven,Piano_Sonatas_23-1,4,FULL,8152,0.32038987580569095,25444
Beethoven/Piano_Sonatas/23-1/Gintov01.mid,piece_43644711e20c28f4,Beethoven,Piano_Sonatas_23-1,0,ZERO,4302,0.16825719649561952,25568
Beethoven/Piano_Sonatas/23-1/Gintov01.mid,piece_43644711e20c28f4,Beethoven,Piano_Sonatas_23-1,1,LOW,1841,0.0720040675844806,25568
Beethoven/Piano_Sonatas/23-1/Gintov01.mid,piece_43644711e20c28f4,Beethoven,Piano_Sonatas_23-1,2,MID,1715,0.06707603254067585,25568
Beethoven/Piano_Sonatas/23-1/Gintov01.mid,piece_43644711e20c28f4,Beethoven,Piano_Sonatas_23-1,3,HIGH,774,0.03027221526908636,25568
Beethoven/Piano_Sonatas/23-1/Gintov01.mid,piece_43644711e20c28f4,Beethoven,Piano_Sonatas_23-1,4,FULL,16936,0.6623904881101377,25568
Beethoven/Piano_Sonatas/23-1/Guo03M.mid,piece_43644711e20c28f4,Beethoven,Piano_Sonatas_23-1,0,ZERO,1317,0.05172820109976434,25460
Beethoven/Piano_Sonatas/23-1/Guo03M.mid,piece_43644711e20c28f4,Beethoven,Piano_Sonatas_23-1,1,LOW,10146,0.39850746268656717,25460
Beethoven/Piano_Sonatas/23-1/Guo03M.mid,piece_43644711e20c28f4,Beethoven,Piano_Sonatas_23-1,2,MID,1782,0.06999214454045562,25460
Beethoven/Piano_Sonatas/23-1/Guo03M.mid,piece_43644711e20c28f4,Beethoven,Piano_Sonatas_23-1,3,HIGH,458,0.017989002356637862,25460
Beethoven/Piano_Sonatas/23-1/Guo03M.mid,piece_43644711e20c28f4,Beethoven,Piano_Sonatas_23-1,4,FULL,11757,0.461783189316575,25460
Beethoven/Piano_Sonatas/23-1/Huangci02.mid,piece_43644711e20c28f4,Beethoven,Piano_Sonatas_23-1,0,ZERO,3039,0.1190644099670898,25524
Beethoven/Piano_Sonatas/23-1/Huangci02.mid,piece_43644711e20c28f4,Beethoven,Piano_Sonatas_23-1,1,LOW,2360,0.09246199655226453,25524
Beethoven/Piano_Sonatas/23-1/Huangci02.mid,piece_43644711e20c28f4,Beethoven,Piano_Sonatas_23-1,2,MID,5425,0.21254505563391318,25524
Beethoven/Piano_Sonatas/23-1/Huangci02.mid,piece_43644711e20c28f4,Beethoven,Piano_Sonatas_23-1,3,HIGH,2390,0.09363736091521704,25524
Beethoven/Piano_Sonatas/23-1/Huangci02.mid,piece_43644711e20c28f4,Beethoven,Piano_Sonatas_23-1,4,FULL,12310,0.48229117693151546,25524
Beethoven/Piano_Sonatas/23-1/JIA02.mid,piece_43644711e20c28f4,Beethoven,Piano_Sonatas_23-1,0,ZERO,844,0.033835792174470816,24944
Beethoven/Piano_Sonatas/23-1/JIA02.mid,piece_43644711e20c28f4,Beethoven,Piano_Sonatas_23-1,1,LOW,4825,0.19343329057087877,24944
Beethoven/Piano_Sonatas/23-1/JIA02.mid,piece_43644711e20c28f4,Beethoven,Piano_Sonatas_23-1,2,MID,2744,0.11000641436818473,24944
Beethoven/Piano_Sonatas/23-1/JIA02.mid,piece_43644711e20c28f4,Beethoven,Piano_Sonatas_23-1,3,HIGH,3031,0.12151218729955099,24944
Beethoven/Piano_Sonatas/23-1/JIA02.mid,piece_43644711e20c28f4,Beethoven,Piano_Sonatas_23-1,4,FULL,13500,0.5412123155869147,24944
Beethoven/Piano_Sonatas/23-1/KARYAG01.mid,piece_43644711e20c28f4,Beethoven,Piano_Sonatas_23-1,0,ZERO,4013,0.15697856360506962,25564
Beethoven/Piano_Sonatas/23-1/KARYAG01.mid,piece_43644711e20c28f4,Beethoven,Piano_Sonatas_23-1,1,LOW,4257,0.16652323580034423,25564
Beethoven/Piano_Sonatas/23-1/KARYAG01.mid,piece_43644711e20c28f4,Beethoven,Piano_Sonatas_23-1,2,MID,4763,0.18631669535283993,25564
Beethoven/Piano_Sonatas/23-1/KARYAG01.mid,piece_43644711e20c28f4,Beethoven,Piano_Sonatas_23-1,3,HIGH,3534,0.13824127679549367,25564
Beethoven/Piano_Sonatas/23-1/KARYAG01.mid,piece_43644711e20c28f4,Beethoven,Piano_Sonatas_23-1,4,FULL,8997,0.35194022844625256,25564
Beethoven/Piano_Sonatas/23-1/Ladid01.mid,piece_43644711e20c28f4,Beethoven,Piano_Sonatas_23-1,0,ZERO,3503,0.1368359375,25600
Beethoven/Piano_Sonatas/23-1/Ladid01.mid,piece_43644711e20c28f4,Beethoven,Piano_Sonatas_23-1,1,LOW,784,0.030625,25600
Beethoven/Piano_Sonatas/23-1/Ladid01.mid,piece_43644711e20c28f4,Beethoven,Piano_Sonatas_23-1,2,MID,13484,0.52671875,25600
Beethoven/Piano_Sonatas/23-1/Ladid01.mid,piece_43644711e20c28f4,Beethoven,Piano_Sonatas_23-1,3,HIGH,3384,0.1321875,25600
Beethoven/Piano_Sonatas/23-1/Ladid01.mid,piece_43644711e20c28f4,Beethoven,Piano_Sonatas_23-1,4,FULL,4445,0.1736328125,25600
Beethoven/Piano_Sonatas/23-1/LiuC02M.mid,piece_43644711e20c28f4,Beethoven,Piano_Sonatas_23-1,0,ZERO,3777,0.15256907416383908,24756
Beethoven/Piano_Sonatas/23-1/LiuC02M.mid,piece_43644711e20c28f4,Beethoven,Piano_Sonatas_23-1,1,LOW,1074,0.043383422200678624,24756
Beethoven/Piano_Sonatas/23-1/LiuC02M.mid,piece_43644711e20c28f4,Beethoven,Piano_Sonatas_23-1,2,MID,2262,0.0913717886572952,24756
Beethoven/Piano_Sonatas/23-1/LiuC02M.mid,piece_43644711e20c28f4,Beethoven,Piano_Sonatas_23-1,3,HIGH,822,0.0332040717401842,24756
Beethoven/Piano_Sonatas/23-1/LiuC02M.mid,piece_43644711e20c28f4,Beethoven,Piano_Sonatas_23-1,4,FULL,16821,0.6794716432380029,24756
Beethoven/Piano_Sonatas/23-1/Mizumoto06M.mid,piece_43644711e20c28f4,Beethoven,Piano_Sonatas_23-1,0,ZERO,3069,0.12853911878036522,23876
Beethoven/Piano_Sonatas/23-1/Mizumoto06M.mid,piece_43644711e20c28f4,Beethoven,Piano_Sonatas_23-1,1,LOW,2983,0.12493717540626571,23876
Beethoven/Piano_Sonatas/23-1/Mizumoto06M.mid,piece_43644711e20c28f4,Beethoven,Piano_Sonatas_23-1,2,MID,4192,0.17557379795610656,23876
Beethoven/Piano_Sonatas/23-1/Mizumoto06M.mid,piece_43644711e20c28f4,Beethoven,Piano_Sonatas_23-1,3,HIGH,1213,0.05080415479979896,23876
Beethoven/Piano_Sonatas/23-1/Mizumoto06M.mid,piece_43644711e20c28f4,Beethoven,Piano_Sonatas_23-1,4,FULL,12419,0.5201457530574636,23876
Beethoven/Piano_Sonatas/23-1/Na01.mid,piece_43644711e20c28f4,Beethoven,Piano_Sonatas_23-1,0,ZERO,5253,0.20216286945812809,25984
Beethoven/Piano_Sonatas/23-1/Na01.mid,piece_43644711e20c28f4,Beethoven,Piano_Sonatas_23-1,1,LOW,4506,0.17341440886699508,25984
Beethoven/Piano_Sonatas/23-1/Na01.mid,piece_43644711e20c28f4,Beethoven,Piano_Sonatas_23-1,2,MID,5792,0.2229064039408867,25984
Beethoven/Piano_Sonatas/23-1/Na01.mid,piece_43644711e20c28f4,Beethoven,Piano_Sonatas_23-1,3,HIGH,1473,0.0566887315270936,25984
Beethoven/Piano_Sonatas/23-1/Na01.mid,piece_43644711e20c28f4,Beethoven,Piano_Sonatas_23-1,4,FULL,8960,0.3448275862068966,25984
Beethoven/Piano_Sonatas/23-1/Teo02M.mid,piece_43644711e20c28f4,Beethoven,Piano_Sonatas_23-1,0,ZERO,7853,0.3145729850985419,24964
Beethoven/Piano_Sonatas/23-1/Teo02M.mid,piece_43644711e20c28f4,Beethoven,Piano_Sonatas_23-1,1,LOW,3033,0.12149495273193399,24964
Beethoven/Piano_Sonatas/23-1/Teo02M.mid,piece_43644711e20c28f4,Beethoven,Piano_Sonatas_23-1,2,MID,3734,0.1495753885595257,24964
Beethoven/Piano_Sonatas/23-1/Teo02M.mid,piece_43644711e20c28f4,Beethoven,Piano_Sonatas_23-1,3,HIGH,888,0.0355712225604871,24964
Beethoven/Piano_Sonatas/23-1/Teo02M.mid,piece_43644711e20c28f4,Beethoven,Piano_Sonatas_23-1,4,FULL,9456,0.3787854510495113,24964
Beethoven/Piano_Sonatas/23-1/Tran01.mid,piece_43644711e20c28f4,Beethoven,Piano_Sonatas_23-1,0,ZERO,4622,0.18032147315855182,25632
Beethoven/Piano_Sonatas/23-1/Tran01.mid,piece_43644711e20c28f4,Beethoven,Piano_Sonatas_23-1,1,LOW,2457,0.09585674157303371,25632
Beethoven/Piano_Sonatas/23-1/Tran01.mid,piece_43644711e20c28f4,Beethoven,Piano_Sonatas_23-1,2,MID,5561,0.21695536828963796,25632
Beethoven/Piano_Sonatas/23-1/Tran01.mid,piece_43644711e20c28f4,Beethoven,Piano_Sonatas_23-1,3,HIGH,2501,0.09757334581772784,25632
Beethoven/Piano_Sonatas/23-1/Tran01.mid,piece_43644711e20c28f4,Beethoven,Piano_Sonatas_23-1,4,FULL,10491,0.4092930711610487,25632
Beethoven/Piano_Sonatas/23-1/Yeletskiy01.mid,piece_43644711e20c28f4,Beethoven,Piano_Sonatas_23-1,0,ZERO,5065,0.2005464048146975,25256
Beethoven/Piano_Sonatas/23-1/Yeletskiy01.mid,piece_43644711e20c28f4,Beethoven,Piano_Sonatas_23-1,1,LOW,5053,0.2000712701932214,25256
Beethoven/Piano_Sonatas/23-1/Yeletskiy01.mid,piece_43644711e20c28f4,Beethoven,Piano_Sonatas_23-1,2,MID,5204,0.20605004751346215,25256
Beethoven/Piano_Sonatas/23-1/Yeletskiy01.mid,piece_43644711e20c28f4,Beethoven,Piano_Sonatas_23-1,3,HIGH,1405,0.05563034526449161,25256
Beethoven/Piano_Sonatas/23-1/Yeletskiy01.mid,piece_43644711e20c28f4,Beethoven,Piano_Sonatas_23-1,4,FULL,8529,0.3377019322141273,25256
Beethoven/Piano_Sonatas/23-1/Yi02M.mid,piece_43644711e20c28f4,Beethoven,Piano_Sonatas_23-1,0,ZERO,4342,0.17219225888324874,25216
Beethoven/Piano_Sonatas/23-1/Yi02M.mid,piece_43644711e20c28f4,Beethoven,Piano_Sonatas_23-1,1,LOW,3227,0.12797430203045684,25216
Beethoven/Piano_Sonatas/23-1/Yi02M.mid,piece_43644711e20c28f4,Beethoven,Piano_Sonatas_23-1,2,MID,6140,0.24349619289340102,25216
Beethoven/Piano_Sonatas/23-1/Yi02M.mid,piece_43644711e20c28f4,Beethoven,Piano_Sonatas_23-1,3,HIGH,909,0.03604854060913706,25216
Beethoven/Piano_Sonatas/23-1/Yi02M.mid,piece_43644711e20c28f4,Beethoven,Piano_Sonatas_23-1,4,FULL,10598,0.42028870558375636,25216
Beethoven/Piano_Sonatas/23-1/Yu01.mid,piece_43644711e20c28f4,Beethoven,Piano_Sonatas_23-1,0,ZERO,1663,0.06550338742713092,25388
Beethoven/Piano_Sonatas/23-1/Yu01.mid,piece_43644711e20c28f4,Beethoven,Piano_Sonatas_23-1,1,LOW,3698,0.1456593666299039,25388
Beethoven/Piano_Sonatas/23-1/Yu01.mid,piece_43644711e20c28f4,Beethoven,Piano_Sonatas_23-1,2,MID,3558,0.14014495037025365,25388
Beethoven/Piano_Sonatas/23-1/Yu01.mid,piece_43644711e20c28f4,Beethoven,Piano_Sonatas_23-1,3,HIGH,838,0.03300772018276351,25388
Beethoven/Piano_Sonatas/23-1/Yu01.mid,piece_43644711e20c28f4,Beethoven,Piano_Sonatas_23-1,4,FULL,15631,0.615684575389948,25388
Beethoven/Piano_Sonatas/24-1_no_2_repeat/DeTurck06M.mid,piece_d360d773df363493,Beethoven,Piano_Sonatas_24-1,0,ZERO,1978,0.17755834829443448,11140
Beethoven/Piano_Sonatas/24-1_no_2_repeat/DeTurck06M.mid,piece_d360d773df363493,Beethoven,Piano_Sonatas_24-1,1,LOW,4773,0.42845601436265707,11140
Beethoven/Piano_Sonatas/24-1_no_2_repeat/DeTurck06M.mid,piece_d360d773df363493,Beethoven,Piano_Sonatas_24-1,2,MID,3409,0.3060143626570916,11140
Beethoven/Piano_Sonatas/24-1_no_2_repeat/DeTurck06M.mid,piece_d360d773df363493,Beethoven,Piano_Sonatas_24-1,3,HIGH,431,0.038689407540394974,11140
Beethoven/Piano_Sonatas/24-1_no_2_repeat/DeTurck06M.mid,piece_d360d773df363493,Beethoven,Piano_Sonatas_24-1,4,FULL,549,0.049281867145421904,11140
Beethoven/Piano_Sonatas/24-1/Lisiecki01.mid,piece_d360d773df363493,Beethoven,Piano_Sonatas_24-1,0,ZERO,3022,0.17856298747341054,16924
Beethoven/Piano_Sonatas/24-1/Lisiecki01.mid,piece_d360d773df363493,Beethoven,Piano_Sonatas_24-1,1,LOW,5957,0.3519853462538407,16924
Beethoven/Piano_Sonatas/24-1/Lisiecki01.mid,piece_d360d773df363493,Beethoven,Piano_Sonatas_24-1,2,MID,6459,0.3816473646891988,16924
Beethoven/Piano_Sonatas/24-1/Lisiecki01.mid,piece_d360d773df363493,Beethoven,Piano_Sonatas_24-1,3,HIGH,823,0.0486291656818719,16924
Beethoven/Piano_Sonatas/24-1/Lisiecki01.mid,piece_d360d773df363493,Beethoven,Piano_Sonatas_24-1,4,FULL,663,0.03917513590167809,16924
Beethoven/Piano_Sonatas/24-1/Lisiecki05M.mid,piece_d360d773df363493,Beethoven,Piano_Sonatas_24-1,0,ZERO,8984,0.5326061180934314,16868
Beethoven/Piano_Sonatas/24-1/Lisiecki05M.mid,piece_d360d773df363493,Beethoven,Piano_Sonatas_24-1,1,LOW,977,0.05792032250414987,16868
Beethoven/Piano_Sonatas/24-1/Lisiecki05M.mid,piece_d360d773df363493,Beethoven,Piano_Sonatas_24-1,2,MID,6281,0.372361868626986,16868
Beethoven/Piano_Sonatas/24-1/Lisiecki05M.mid,piece_d360d773df363493,Beethoven,Piano_Sonatas_24-1,3,HIGH,417,0.02472136589992886,16868
Beethoven/Piano_Sonatas/24-1/Lisiecki05M.mid,piece_d360d773df363493,Beethoven,Piano_Sonatas_24-1,4,FULL,209,0.012390324875503914,16868
Beethoven/Piano_Sonatas/24-1_no_repeat/Lou02M.mid,piece_d360d773df363493,Beethoven,Piano_Sonatas_24-1,0,ZERO,2872,0.336615096108767,8532
Beethoven/Piano_Sonatas/24-1_no_repeat/Lou02M.mid,piece_d360d773df363493,Beethoven,Piano_Sonatas_24-1,1,LOW,1401,0.16420534458509142,8532
Beethoven/Piano_Sonatas/24-1_no_repeat/Lou02M.mid,piece_d360d773df363493,Beethoven,Piano_Sonatas_24-1,2,MID,1461,0.17123769338959213,8532
Beethoven/Piano_Sonatas/24-1_no_repeat/Lou02M.mid,piece_d360d773df363493,Beethoven,Piano_Sonatas_24-1,3,HIGH,441,0.05168776371308017,8532
Beethoven/Piano_Sonatas/24-1_no_repeat/Lou02M.mid,piece_d360d773df363493,Beethoven,Piano_Sonatas_24-1,4,FULL,2357,0.2762541022034693,8532
Beethoven/Piano_Sonatas/24-1/WangV01.mid,piece_d360d773df363493,Beethoven,Piano_Sonatas_24-1,0,ZERO,6482,0.38084606345475913,17020
Beethoven/Piano_Sonatas/24-1/WangV01.mid,piece_d360d773df363493,Beethoven,Piano_Sonatas_24-1,1,LOW,1660,0.09753231492361927,17020
Beethoven/Piano_Sonatas/24-1/WangV01.mid,piece_d360d773df363493,Beethoven,Piano_Sonatas_24-1,2,MID,2143,0.12591069330199764,17020
Beethoven/Piano_Sonatas/24-1/WangV01.mid,piece_d360d773df363493,Beethoven,Piano_Sonatas_24-1,3,HIGH,713,0.041891891891891894,17020
Beethoven/Piano_Sonatas/24-1/WangV01.mid,piece_d360d773df363493,Beethoven,Piano_Sonatas_24-1,4,FULL,6022,0.3538190364277321,17020
Beethoven/Piano_Sonatas/24-1_no_2_repeat/Cui02.mid,piece_d360d773df363493,Beethoven,Piano_Sonatas_24-1,0,ZERO,3300,0.2960172228202368,11148
Beethoven/Piano_Sonatas/24-1_no_2_repeat/Cui02.mid,piece_d360d773df363493,Beethoven,Piano_Sonatas_24-1,1,LOW,570,0.051130247578040904,11148
Beethoven/Piano_Sonatas/24-1_no_2_repeat/Cui02.mid,piece_d360d773df363493,Beethoven,Piano_Sonatas_24-1,2,MID,5250,0.47093649085037675,11148
Beethoven/Piano_Sonatas/24-1_no_2_repeat/Cui02.mid,piece_d360d773df363493,Beethoven,Piano_Sonatas_24-1,3,HIGH,941,0.0844097595981342,11148
Beethoven/Piano_Sonatas/24-1_no_2_repeat/Cui02.mid,piece_d360d773df363493,Beethoven,Piano_Sonatas_24-1,4,FULL,1087,0.09750627915321133,11148
Beethoven/Piano_Sonatas/24-1_no_2_repeat/Cui06M.mid,piece_d360d773df363493,Beethoven,Piano_Sonatas_24-1,0,ZERO,4893,0.44939382806759737,10888
Beethoven/Piano_Sonatas/24-1_no_2_repeat/Cui06M.mid,piece_d360d773df363493,Beethoven,Piano_Sonatas_24-1,1,LOW,869,0.07981263776634827,10888
Beethoven/Piano_Sonatas/24-1_no_2_repeat/Cui06M.mid,piece_d360d773df363493,Beethoven,Piano_Sonatas_24-1,2,MID,2955,0.27139970609845704,10888
Beethoven/Piano_Sonatas/24-1_no_2_repeat/Cui06M.mid,piece_d360d773df363493,Beethoven,Piano_Sonatas_24-1,3,HIGH,1089,0.10001836884643645,10888
Beethoven/Piano_Sonatas/24-1_no_2_repeat/Cui06M.mid,piece_d360d773df363493,Beethoven,Piano_Sonatas_24-1,4,FULL,1082,0.09937545922116091,10888
Beethoven/Piano_Sonatas/24-1_no_2_repeat/MERJAN01.mid,piece_d360d773df363493,Beethoven,Piano_Sonatas_24-1,0,ZERO,2222,0.19649805447470817,11308
Beethoven/Piano_Sonatas/24-1_no_2_repeat/MERJAN01.mid,piece_d360d773df363493,Beethoven,Piano_Sonatas_24-1,1,LOW,4008,0.3544393349840821,11308
Beethoven/Piano_Sonatas/24-1_no_2_repeat/MERJAN01.mid,piece_d360d773df363493,Beethoven,Piano_Sonatas_24-1,2,MID,1160,0.10258224266006367,11308
Beethoven/Piano_Sonatas/24-1_no_2_repeat/MERJAN01.mid,piece_d360d773df363493,Beethoven,Piano_Sonatas_24-1,3,HIGH,1514,0.13388751326494516,11308
Beethoven/Piano_Sonatas/24-1_no_2_repeat/MERJAN01.mid,piece_d360d773df363493,Beethoven,Piano_Sonatas_24-1,4,FULL,2404,0.21259285461620092,11308
Beethoven/Piano_Sonatas/24-1_no_2_repeat/Zusko01.mid,piece_d360d773df363493,Beethoven,Piano_Sonatas_24-1,0,ZERO,1540,0.13604240282685512,11320
Beethoven/Piano_Sonatas/24-1_no_2_repeat/Zusko01.mid,piece_d360d773df363493,Beethoven,Piano_Sonatas_24-1,1,LOW,2019,0.17835689045936395,11320
Beethoven/Piano_Sonatas/24-1_no_2_repeat/Zusko01.mid,piece_d360d773df363493,Beethoven,Piano_Sonatas_24-1,2,MID,2152,0.19010600706713782,11320
Beethoven/Piano_Sonatas/24-1_no_2_repeat/Zusko01.mid,piece_d360d773df363493,Beethoven,Piano_Sonatas_24-1,3,HIGH,537,0.04743816254416961,11320
Beethoven/Piano_Sonatas/24-1_no_2_repeat/Zusko01.mid,piece_d360d773df363493,Beethoven,Piano_Sonatas_24-1,4,FULL,5072,0.4480565371024735,11320
Beethoven/Piano_Sonatas/24-2/Lisiecki05M.mid,piece_82026b651d70e180,Beethoven,Piano_Sonatas_24-2,0,ZERO,4556,0.639528354856822,7124
Beethoven/Piano_Sonatas/24-2/Lisiecki05M.mid,piece_82026b651d70e180,Beethoven,Piano_Sonatas_24-2,1,LOW,410,0.05755193711398091,7124
Beethoven/Piano_Sonatas/24-2/Lisiecki05M.mid,piece_82026b651d70e180,Beethoven,Piano_Sonatas_24-2,2,MID,1516,0.21280179674340258,7124
Beethoven/Piano_Sonatas/24-2/Lisiecki05M.mid,piece_82026b651d70e180,Beethoven,Piano_Sonatas_24-2,3,HIGH,189,0.02653003930376193,7124
Beethoven/Piano_Sonatas/24-2/Lisiecki05M.mid,piece_82026b651d70e180,Beethoven,Piano_Sonatas_24-2,4,FULL,453,0.06358787198203257,7124
Beethoven/Piano_Sonatas/26-1/Ali02.mid,piece_19c43db9e579a634,Beethoven,Piano_Sonatas_26-1,0,ZERO,3152,0.2400975015234613,13128
Beethoven/Piano_Sonatas/26-1/Ali02.mid,piece_19c43db9e579a634,Beethoven,Piano_Sonatas_26-1,1,LOW,1597,0.12164838513101767,13128
Beethoven/Piano_Sonatas/26-1/Ali02.mid,piece_19c43db9e579a634,Beethoven,Piano_Sonatas_26-1,2,MID,4329,0.3297531992687386,13128
Beethoven/Piano_Sonatas/26-1/Ali02.mid,piece_19c43db9e579a634,Beethoven,Piano_Sonatas_26-1,3,HIGH,2033,0.15485984156002439,13128
Beethoven/Piano_Sonatas/26-1/Ali02.mid,piece_19c43db9e579a634,Beethoven,Piano_Sonatas_26-1,4,FULL,2017,0.15364107251675807,13128
Beethoven/Piano_Sonatas/26-1/HuNY02M.mid,piece_19c43db9e579a634,Beethoven,Piano_Sonatas_26-1,0,ZERO,5641,0.4265728977616455,13224
Beethoven/Piano_Sonatas/26-1/HuNY02M.mid,piece_19c43db9e579a634,Beethoven,Piano_Sonatas_26-1,1,LOW,1773,0.13407441016333937,13224
Beethoven/Piano_Sonatas/26-1/HuNY02M.mid,piece_19c43db9e579a634,Beethoven,Piano_Sonatas_26-1,2,MID,1546,0.11690865093768905,13224
Beethoven/Piano_Sonatas/26-1/HuNY02M.mid,piece_19c43db9e579a634,Beethoven,Piano_Sonatas_26-1,3,HIGH,323,0.02442528735632184,13224
Beethoven/Piano_Sonatas/26-1/HuNY02M.mid,piece_19c43db9e579a634,Beethoven,Piano_Sonatas_26-1,4,FULL,3941,0.29801875378100423,13224
Beethoven/Piano_Sonatas/26-1/MorozovY02.mid,piece_19c43db9e579a634,Beethoven,Piano_Sonatas_26-1,0,ZERO,6345,0.4836128048780488,13120
Beethoven/Piano_Sonatas/26-1/MorozovY02.mid,piece_19c43db9e579a634,Beethoven,Piano_Sonatas_26-1,1,LOW,1642,0.12515243902439024,13120
Beethoven/Piano_Sonatas/26-1/MorozovY02.mid,piece_19c43db9e579a634,Beethoven,Piano_Sonatas_26-1,2,MID,2333,0.17782012195121952,13120
Beethoven/Piano_Sonatas/26-1/MorozovY02.mid,piece_19c43db9e579a634,Beethoven,Piano_Sonatas_26-1,3,HIGH,643,0.049009146341463417,13120
Beethoven/Piano_Sonatas/26-1/MorozovY02.mid,piece_19c43db9e579a634,Beethoven,Piano_Sonatas_26-1,4,FULL,2157,0.16440548780487804,13120
Beethoven/Piano_Sonatas/26-1/Sham03M.mid,piece_19c43db9e579a634,Beethoven,Piano_Sonatas_26-1,0,ZERO,3342,0.2518842327404281,13268
Beethoven/Piano_Sonatas/26-1/Sham03M.mid,piece_19c43db9e579a634,Beethoven,Piano_Sonatas_26-1,1,LOW,4054,0.3055471811878203,13268
Beethoven/Piano_Sonatas/26-1/Sham03M.mid,piece_19c43db9e579a634,Beethoven,Piano_Sonatas_26-1,2,MID,1922,0.14485981308411214,13268
Beethoven/Piano_Sonatas/26-1/Sham03M.mid,piece_19c43db9e579a634,Beethoven,Piano_Sonatas_26-1,3,HIGH,656,0.04944226710883328,13268
Beethoven/Piano_Sonatas/26-1/Sham03M.mid,piece_19c43db9e579a634,Beethoven,Piano_Sonatas_26-1,4,FULL,3294,0.24826650587880614,13268
Beethoven/Piano_Sonatas/26-1/Zhdanov05M.mid,piece_19c43db9e579a634,Beethoven,Piano_Sonatas_26-1,0,ZERO,1787,0.13480687990343995,13256
Beethoven/Piano_Sonatas/26-1/Zhdanov05M.mid,piece_19c43db9e579a634,Beethoven,Piano_Sonatas_26-1,1,LOW,3704,0.27942063971031983,13256
Beethoven/Piano_Sonatas/26-1/Zhdanov05M.mid,piece_19c43db9e579a634,Beethoven,Piano_Sonatas_26-1,2,MID,4760,0.35908267954133977,13256
Beethoven/Piano_Sonatas/26-1/Zhdanov05M.mid,piece_19c43db9e579a634,Beethoven,Piano_Sonatas_26-1,3,HIGH,1260,0.09505129752564877,13256
Beethoven/Piano_Sonatas/26-1/Zhdanov05M.mid,piece_19c43db9e579a634,Beethoven,Piano_Sonatas_26-1,4,FULL,1745,0.13163850331925167,13256
Beethoven/Piano_Sonatas/26-1_no_repeat/Broberg01.mid,piece_19c43db9e579a634,Beethoven,Piano_Sonatas_26-1,0,ZERO,3581,0.34117759146341464,10496
Beethoven/Piano_Sonatas/26-1_no_repeat/Broberg01.mid,piece_19c43db9e579a634,Beethoven,Piano_Sonatas_26-1,1,LOW,978,0.09317835365853659,10496
Beethoven/Piano_Sonatas/26-1_no_repeat/Broberg01.mid,piece_19c43db9e579a634,Beethoven,Piano_Sonatas_26-1,2,MID,1690,0.16101371951219512,10496
Beethoven/Piano_Sonatas/26-1_no_repeat/Broberg01.mid,piece_19c43db9e579a634,Beethoven,Piano_Sonatas_26-1,3,HIGH,970,0.09241615853658537,10496
Beethoven/Piano_Sonatas/26-1_no_repeat/Broberg01.mid,piece_19c43db9e579a634,Beethoven,Piano_Sonatas_26-1,4,FULL,3277,0.3122141768292683,10496
Beethoven/Piano_Sonatas/26-1/Huang02.mid,piece_19c43db9e579a634,Beethoven,Piano_Sonatas_26-1,0,ZERO,4478,0.34308918173460007,13052
Beethoven/Piano_Sonatas/26-1/Huang02.mid,piece_19c43db9e579a634,Beethoven,Piano_Sonatas_26-1,1,LOW,1588,0.12166717744406988,13052
Beethoven/Piano_Sonatas/26-1/Huang02.mid,piece_19c43db9e579a634,Beethoven,Piano_Sonatas_26-1,2,MID,2398,0.18372663193380326,13052
Beethoven/Piano_Sonatas/26-1/Huang02.mid,piece_19c43db9e579a634,Beethoven,Piano_Sonatas_26-1,3,HIGH,3248,0.24885075084278271,13052
Beethoven/Piano_Sonatas/26-1/Huang02.mid,piece_19c43db9e579a634,Beethoven,Piano_Sonatas_26-1,4,FULL,1340,0.1026662580447441,13052
Beethoven/Piano_Sonatas/26-1/LEE_K05.mid,piece_19c43db9e579a634,Beethoven,Piano_Sonatas_26-1,0,ZERO,2431,0.18455815365927725,13172
Beethoven/Piano_Sonatas/26-1/LEE_K05.mid,piece_19c43db9e579a634,Beethoven,Piano_Sonatas_26-1,1,LOW,2375,0.1803067112055876,13172
Beethoven/Piano_Sonatas/26-1/LEE_K05.mid,piece_19c43db9e579a634,Beethoven,Piano_Sonatas_26-1,2,MID,1694,0.12860613422411174,13172
Beethoven/Piano_Sonatas/26-1/LEE_K05.mid,piece_19c43db9e579a634,Beethoven,Piano_Sonatas_26-1,3,HIGH,2446,0.18569693288794412,13172
Beethoven/Piano_Sonatas/26-1/LEE_K05.mid,piece_19c43db9e579a634,Beethoven,Piano_Sonatas_26-1,4,FULL,4226,0.3208320680230793,13172
Beethoven/Piano_Sonatas/26-1_no_repeat/Kim02M.mid,piece_19c43db9e579a634,Beethoven,Piano_Sonatas_26-1,0,ZERO,1973,0.18641345427059713,10584
Beethoven/Piano_Sonatas/26-1_no_repeat/Kim02M.mid,piece_19c43db9e579a634,Beethoven,Piano_Sonatas_26-1,1,LOW,2229,0.21060090702947845,10584
Beethoven/Piano_Sonatas/26-1_no_repeat/Kim02M.mid,piece_19c43db9e579a634,Beethoven,Piano_Sonatas_26-1,2,MID,2223,0.2100340136054422,10584
Beethoven/Piano_Sonatas/26-1_no_repeat/Kim02M.mid,piece_19c43db9e579a634,Beethoven,Piano_Sonatas_26-1,3,HIGH,768,0.07256235827664399,10584
Beethoven/Piano_Sonatas/26-1_no_repeat/Kim02M.mid,piece_19c43db9e579a634,Beethoven,Piano_Sonatas_26-1,4,FULL,3391,0.32038926681783825,10584
Beethoven/Piano_Sonatas/26-1_no_repeat/Tysman01.mid,piece_19c43db9e579a634,Beethoven,Piano_Sonatas_26-1,0,ZERO,1464,0.13707865168539327,10680
Beethoven/Piano_Sonatas/26-1_no_repeat/Tysman01.mid,piece_19c43db9e579a634,Beethoven,Piano_Sonatas_26-1,1,LOW,3718,0.34812734082397,10680
Beethoven/Piano_Sonatas/26-1_no_repeat/Tysman01.mid,piece_19c43db9e579a634,Beethoven,Piano_Sonatas_26-1,2,MID,3842,0.3597378277153558,10680
Beethoven/Piano_Sonatas/26-1_no_repeat/Tysman01.mid,piece_19c43db9e579a634,Beethoven,Piano_Sonatas_26-1,3,HIGH,432,0.04044943820224719,10680
Beethoven/Piano_Sonatas/26-1_no_repeat/Tysman01.mid,piece_19c43db9e579a634,Beethoven,Piano_Sonatas_26-1,4,FULL,1224,0.1146067415730337,10680
Beethoven/Piano_Sonatas/26-1_no_repeat/Ye02.mid,piece_19c43db9e579a634,Beethoven,Piano_Sonatas_26-1,0,ZERO,3005,0.2847801364670205,10552
Beethoven/Piano_Sonatas/26-1_no_repeat/Ye02.mid,piece_19c43db9e579a634,Beethoven,Piano_Sonatas_26-1,1,LOW,2153,0.2040371493555724,10552
Beethoven/Piano_Sonatas/26-1_no_repeat/Ye02.mid,piece_19c43db9e579a634,Beethoven,Piano_Sonatas_26-1,2,MID,1996,0.189158453373768,10552
Beethoven/Piano_Sonatas/26-1_no_repeat/Ye02.mid,piece_19c43db9e579a634,Beethoven,Piano_Sonatas_26-1,3,HIGH,603,0.05714556482183472,10552
Beethoven/Piano_Sonatas/26-1_no_repeat/Ye02.mid,piece_19c43db9e579a634,Beethoven,Piano_Sonatas_26-1,4,FULL,2795,0.2648786959818044,10552
Beethoven/Piano_Sonatas/26-2/HONG05M.mid,piece_958184e8ce563114,Beethoven,Piano_Sonatas_26-2,0,ZERO,453,0.13153310104529617,3444
Beethoven/Piano_Sonatas/26-2/HONG05M.mid,piece_958184e8ce563114,Beethoven,Piano_Sonatas_26-2,1,LOW,812,0.23577235772357724,3444
Beethoven/Piano_Sonatas/26-2/HONG05M.mid,piece_958184e8ce563114,Beethoven,Piano_Sonatas_26-2,2,MID,541,0.1570847851335656,3444
Beethoven/Piano_Sonatas/26-2/HONG05M.mid,piece_958184e8ce563114,Beethoven,Piano_Sonatas_26-2,3,HIGH,658,0.1910569105691057,3444
Beethoven/Piano_Sonatas/26-2/HONG05M.mid,piece_958184e8ce563114,Beethoven,Piano_Sonatas_26-2,4,FULL,980,0.2845528455284553,3444
Beethoven/Piano_Sonatas/26-2/Huang02.mid,piece_958184e8ce563114,Beethoven,Piano_Sonatas_26-2,0,ZERO,423,0.1211340206185567,3492
Beethoven/Piano_Sonatas/26-2/Huang02.mid,piece_958184e8ce563114,Beethoven,Piano_Sonatas_26-2,1,LOW,195,0.05584192439862543,3492
Beethoven/Piano_Sonatas/26-2/Huang02.mid,piece_958184e8ce563114,Beethoven,Piano_Sonatas_26-2,2,MID,530,0.1517754868270332,3492
Beethoven/Piano_Sonatas/26-2/Huang02.mid,piece_958184e8ce563114,Beethoven,Piano_Sonatas_26-2,3,HIGH,1623,0.4647766323024055,3492
Beethoven/Piano_Sonatas/26-2/Huang02.mid,piece_958184e8ce563114,Beethoven,Piano_Sonatas_26-2,4,FULL,721,0.20647193585337914,3492
Beethoven/Piano_Sonatas/26-2/LEE_K05M.mid,piece_958184e8ce563114,Beethoven,Piano_Sonatas_26-2,0,ZERO,43,0.01238479262672811,3472
Beethoven/Piano_Sonatas/26-2/LEE_K05M.mid,piece_958184e8ce563114,Beethoven,Piano_Sonatas_26-2,1,LOW,357,0.1028225806451613,3472
Beethoven/Piano_Sonatas/26-2/LEE_K05M.mid,piece_958184e8ce563114,Beethoven,Piano_Sonatas_26-2,2,MID,435,0.12528801843317972,3472
Beethoven/Piano_Sonatas/26-2/LEE_K05M.mid,piece_958184e8ce563114,Beethoven,Piano_Sonatas_26-2,3,HIGH,859,0.24740783410138248,3472
Beethoven/Piano_Sonatas/26-2/LEE_K05M.mid,piece_958184e8ce563114,Beethoven,Piano_Sonatas_26-2,4,FULL,1778,0.5120967741935484,3472
Beethoven/Piano_Sonatas/26-2/Tysman01.mid,piece_958184e8ce563114,Beethoven,Piano_Sonatas_26-2,0,ZERO,141,0.04033180778032037,3496
Beethoven/Piano_Sonatas/26-2/Tysman01.mid,piece_958184e8ce563114,Beethoven,Piano_Sonatas_26-2,1,LOW,1050,0.3003432494279176,3496
Beethoven/Piano_Sonatas/26-2/Tysman01.mid,piece_958184e8ce563114,Beethoven,Piano_Sonatas_26-2,2,MID,1772,0.5068649885583524,3496
Beethoven/Piano_Sonatas/26-2/Tysman01.mid,piece_958184e8ce563114,Beethoven,Piano_Sonatas_26-2,3,HIGH,324,0.09267734553775744,3496
Beethoven/Piano_Sonatas/26-2/Tysman01.mid,piece_958184e8ce563114,Beethoven,Piano_Sonatas_26-2,4,FULL,209,0.059782608695652176,3496
Beethoven/Piano_Sonatas/26-2/Zhdanov05.mid,piece_958184e8ce563114,Beethoven,Piano_Sonatas_26-2,0,ZERO,40,0.011574074074074073,3456
Beethoven/Piano_Sonatas/26-2/Zhdanov05.mid,piece_958184e8ce563114,Beethoven,Piano_Sonatas_26-2,1,LOW,569,0.1646412037037037,3456
Beethoven/Piano_Sonatas/26-2/Zhdanov05.mid,piece_958184e8ce563114,Beethoven,Piano_Sonatas_26-2,2,MID,1044,0.3020833333333333,3456
Beethoven/Piano_Sonatas/26-2/Zhdanov05.mid,piece_958184e8ce563114,Beethoven,Piano_Sonatas_26-2,3,HIGH,702,0.203125,3456
Beethoven/Piano_Sonatas/26-2/Zhdanov05.mid,piece_958184e8ce563114,Beethoven,Piano_Sonatas_26-2,4,FULL,1101,0.3185763888888889,3456
Beethoven/Piano_Sonatas/26-3/HONG05M.mid,piece_23e5f389741cb651,Beethoven,Piano_Sonatas_26-3,0,ZERO,5570,0.3588917525773196,15520
Beethoven/Piano_Sonatas/26-3/HONG05M.mid,piece_23e5f389741cb651,Beethoven,Piano_Sonatas_26-3,1,LOW,2914,0.18775773195876289,15520
Beethoven/Piano_Sonatas/26-3/HONG05M.mid,piece_23e5f389741cb651,Beethoven,Piano_Sonatas_26-3,2,MID,1517,0.09774484536082474,15520
Beethoven/Piano_Sonatas/26-3/HONG05M.mid,piece_23e5f389741cb651,Beethoven,Piano_Sonatas_26-3,3,HIGH,1790,0.11533505154639176,15520
Beethoven/Piano_Sonatas/26-3/HONG05M.mid,piece_23e5f389741cb651,Beethoven,Piano_Sonatas_26-3,4,FULL,3729,0.24027061855670104,15520
Beethoven/Piano_Sonatas/26-3/Huang02.mid,piece_23e5f389741cb651,Beethoven,Piano_Sonatas_26-3,0,ZERO,7408,0.4855794441531201,15256
Beethoven/Piano_Sonatas/26-3/Huang02.mid,piece_23e5f389741cb651,Beethoven,Piano_Sonatas_26-3,1,LOW,1143,0.07492134242265339,15256
Beethoven/Piano_Sonatas/26-3/Huang02.mid,piece_23e5f389741cb651,Beethoven,Piano_Sonatas_26-3,2,MID,1608,0.10540115364446775,15256
Beethoven/Piano_Sonatas/26-3/Huang02.mid,piece_23e5f389741cb651,Beethoven,Piano_Sonatas_26-3,3,HIGH,2573,0.16865495542737283,15256
Beethoven/Piano_Sonatas/26-3/Huang02.mid,piece_23e5f389741cb651,Beethoven,Piano_Sonatas_26-3,4,FULL,2524,0.16544310435238593,15256
Beethoven/Piano_Sonatas/26-3/LEE_K05.mid,piece_23e5f389741cb651,Beethoven,Piano_Sonatas_26-3,0,ZERO,7142,0.3369503679939611,21196
Beethoven/Piano_Sonatas/26-3/LEE_K05.mid,piece_23e5f389741cb651,Beethoven,Piano_Sonatas_26-3,1,LOW,3682,0.1737120211360634,21196
Beethoven/Piano_Sonatas/26-3/LEE_K05.mid,piece_23e5f389741cb651,Beethoven,Piano_Sonatas_26-3,2,MID,2374,0.11200226457822231,21196
Beethoven/Piano_Sonatas/26-3/LEE_K05.mid,piece_23e5f389741cb651,Beethoven,Piano_Sonatas_26-3,3,HIGH,3516,0.1658803547839215,21196
Beethoven/Piano_Sonatas/26-3/LEE_K05.mid,piece_23e5f389741cb651,Beethoven,Piano_Sonatas_26-3,4,FULL,4482,0.21145499150783167,21196
Beethoven/Piano_Sonatas/26-3/Tysman01.mid,piece_23e5f389741cb651,Beethoven,Piano_Sonatas_26-3,0,ZERO,3008,0.19183673469387755,15680
Beethoven/Piano_Sonatas/26-3/Tysman01.mid,piece_23e5f389741cb651,Beethoven,Piano_Sonatas_26-3,1,LOW,3902,0.24885204081632653,15680
Beethoven/Piano_Sonatas/26-3/Tysman01.mid,piece_23e5f389741cb651,Beethoven,Piano_Sonatas_26-3,2,MID,6405,0.40848214285714285,15680
Beethoven/Piano_Sonatas/26-3/Tysman01.mid,piece_23e5f389741cb651,Beethoven,Piano_Sonatas_26-3,3,HIGH,496,0.03163265306122449,15680
Beethoven/Piano_Sonatas/26-3/Tysman01.mid,piece_23e5f389741cb651,Beethoven,Piano_Sonatas_26-3,4,FULL,1869,0.11919642857142858,15680
Beethoven/Piano_Sonatas/26-3/Zhdanov05M.mid,piece_23e5f389741cb651,Beethoven,Piano_Sonatas_26-3,0,ZERO,1022,0.04839015151515152,21120
Beethoven/Piano_Sonatas/26-3/Zhdanov05M.mid,piece_23e5f389741cb651,Beethoven,Piano_Sonatas_26-3,1,LOW,3023,0.1431344696969697,21120
Beethoven/Piano_Sonatas/26-3/Zhdanov05M.mid,piece_23e5f389741cb651,Beethoven,Piano_Sonatas_26-3,2,MID,11263,0.5332859848484849,21120
Beethoven/Piano_Sonatas/26-3/Zhdanov05M.mid,piece_23e5f389741cb651,Beethoven,Piano_Sonatas_26-3,3,HIGH,1561,0.07391098484848485,21120
Beethoven/Piano_Sonatas/26-3/Zhdanov05M.mid,piece_23e5f389741cb651,Beethoven,Piano_Sonatas_26-3,4,FULL,4251,0.20127840909090908,21120
Beethoven/Piano_Sonatas/27-2/GiacomelliN05M.mid,piece_4c8f494899d6c68a,Beethoven,Piano_Sonatas_27-2,0,ZERO,2792,0.174937343358396,15960
Beethoven/Piano_Sonatas/27-2/GiacomelliN05M.mid,piece_4c8f494899d6c68a,Beethoven,Piano_Sonatas_27-2,1,LOW,3904,0.24461152882205514,15960
Beethoven/Piano_Sonatas/27-2/GiacomelliN05M.mid,piece_4c8f494899d6c68a,Beethoven,Piano_Sonatas_27-2,2,MID,6717,0.42086466165413533,15960
Beethoven/Piano_Sonatas/27-2/GiacomelliN05M.mid,piece_4c8f494899d6c68a,Beethoven,Piano_Sonatas_27-2,3,HIGH,2394,0.15,15960
Beethoven/Piano_Sonatas/27-2/GiacomelliN05M.mid,piece_4c8f494899d6c68a,Beethoven,Piano_Sonatas_27-2,4,FULL,153,0.009586466165413534,15960
Beethoven/Piano_Sonatas/28-1/Atzinger01.mid,piece_3c8535ee6c610b0c,Beethoven,Piano_Sonatas_28-1,0,ZERO,1089,0.21352941176470588,5100
Beethoven/Piano_Sonatas/28-1/Atzinger01.mid,piece_3c8535ee6c610b0c,Beethoven,Piano_Sonatas_28-1,1,LOW,1896,0.37176470588235294,5100
Beethoven/Piano_Sonatas/28-1/Atzinger01.mid,piece_3c8535ee6c610b0c,Beethoven,Piano_Sonatas_28-1,2,MID,1644,0.32235294117647056,5100
Beethoven/Piano_Sonatas/28-1/Atzinger01.mid,piece_3c8535ee6c610b0c,Beethoven,Piano_Sonatas_28-1,3,HIGH,124,0.02431372549019608,5100
Beethoven/Piano_Sonatas/28-1/Atzinger01.mid,piece_3c8535ee6c610b0c,Beethoven,Piano_Sonatas_28-1,4,FULL,347,0.06803921568627451,5100
Beethoven/Piano_Sonatas/28-1/KimHJ02M.mid,piece_3c8535ee6c610b0c,Beethoven,Piano_Sonatas_28-1,0,ZERO,1107,0.21536964980544748,5140
Beethoven/Piano_Sonatas/28-1/KimHJ02M.mid,piece_3c8535ee6c610b0c,Beethoven,Piano_Sonatas_28-1,1,LOW,317,0.061673151750972766,5140
Beethoven/Piano_Sonatas/28-1/KimHJ02M.mid,piece_3c8535ee6c610b0c,Beethoven,Piano_Sonatas_28-1,2,MID,694,0.13501945525291828,5140
Beethoven/Piano_Sonatas/28-1/KimHJ02M.mid,piece_3c8535ee6c610b0c,Beethoven,Piano_Sonatas_28-1,3,HIGH,266,0.05175097276264591,5140
Beethoven/Piano_Sonatas/28-1/KimHJ02M.mid,piece_3c8535ee6c610b0c,Beethoven,Piano_Sonatas_28-1,4,FULL,2756,0.5361867704280155,5140
Beethoven/Piano_Sonatas/28-1/KyykhynenT06M.mid,piece_3c8535ee6c610b0c,Beethoven,Piano_Sonatas_28-1,0,ZERO,1611,0.3095695618754804,5204
Beethoven/Piano_Sonatas/28-1/KyykhynenT06M.mid,piece_3c8535ee6c610b0c,Beethoven,Piano_Sonatas_28-1,1,LOW,380,0.0730207532667179,5204
Beethoven/Piano_Sonatas/28-1/KyykhynenT06M.mid,piece_3c8535ee6c610b0c,Beethoven,Piano_Sonatas_28-1,2,MID,884,0.16986933128362797,5204
Beethoven/Piano_Sonatas/28-1/KyykhynenT06M.mid,piece_3c8535ee6c610b0c,Beethoven,Piano_Sonatas_28-1,3,HIGH,140,0.026902382782475018,5204
Beethoven/Piano_Sonatas/28-1/KyykhynenT06M.mid,piece_3c8535ee6c610b0c,Beethoven,Piano_Sonatas_28-1,4,FULL,2189,0.4206379707916987,5204
Beethoven/Piano_Sonatas/28-1/WangY04M.mid,piece_3c8535ee6c610b0c,Beethoven,Piano_Sonatas_28-1,0,ZERO,730,0.14092664092664092,5180
Beethoven/Piano_Sonatas/28-1/WangY04M.mid,piece_3c8535ee6c610b0c,Beethoven,Piano_Sonatas_28-1,1,LOW,505,0.09749034749034749,5180
Beethoven/Piano_Sonatas/28-1/WangY04M.mid,piece_3c8535ee6c610b0c,Beethoven,Piano_Sonatas_28-1,2,MID,775,0.14961389961389962,5180
Beethoven/Piano_Sonatas/28-1/WangY04M.mid,piece_3c8535ee6c610b0c,Beethoven,Piano_Sonatas_28-1,3,HIGH,134,0.025868725868725868,5180
Beethoven/Piano_Sonatas/28-1/WangY04M.mid,piece_3c8535ee6c610b0c,Beethoven,Piano_Sonatas_28-1,4,FULL,3036,0.5861003861003861,5180
Beethoven/Piano_Sonatas/28-1/Zhdanov01.mid,piece_3c8535ee6c610b0c,Beethoven,Piano_Sonatas_28-1,0,ZERO,207,0.04011627906976744,5160
Beethoven/Piano_Sonatas/28-1/Zhdanov01.mid,piece_3c8535ee6c610b0c,Beethoven,Piano_Sonatas_28-1,1,LOW,877,0.16996124031007753,5160
Beethoven/Piano_Sonatas/28-1/Zhdanov01.mid,piece_3c8535ee6c610b0c,Beethoven,Piano_Sonatas_28-1,2,MID,1064,0.2062015503875969,5160
Beethoven/Piano_Sonatas/28-1/Zhdanov01.mid,piece_3c8535ee6c610b0c,Beethoven,Piano_Sonatas_28-1,3,HIGH,442,0.08565891472868217,5160
Beethoven/Piano_Sonatas/28-1/Zhdanov01.mid,piece_3c8535ee6c610b0c,Beethoven,Piano_Sonatas_28-1,4,FULL,2570,0.49806201550387597,5160
Beethoven/Piano_Sonatas/28-2/KimHJ03.mid,piece_790a094e656d4186,Beethoven,Piano_Sonatas_28-2,0,ZERO,5998,0.433506793871061,13836
Beethoven/Piano_Sonatas/28-2/KimHJ03.mid,piece_790a094e656d4186,Beethoven,Piano_Sonatas_28-2,1,LOW,871,0.06295172015033247,13836
Beethoven/Piano_Sonatas/28-2/KimHJ03.mid,piece_790a094e656d4186,Beethoven,Piano_Sonatas_28-2,2,MID,1798,0.12995085284764382,13836
Beethoven/Piano_Sonatas/28-2/KimHJ03.mid,piece_790a094e656d4186,Beethoven,Piano_Sonatas_28-2,3,HIGH,411,0.029705117085862966,13836
Beethoven/Piano_Sonatas/28-2/KimHJ03.mid,piece_790a094e656d4186,Beethoven,Piano_Sonatas_28-2,4,FULL,4758,0.34388551604509976,13836
Beethoven/Piano_Sonatas/29-3/ChowK04.mid,piece_cd420fd745942bd1,Beethoven,Piano_Sonatas_29-3,0,ZERO,414,0.020097087378640778,20600
Beethoven/Piano_Sonatas/29-3/ChowK04.mid,piece_cd420fd745942bd1,Beethoven,Piano_Sonatas_29-3,1,LOW,551,0.02674757281553398,20600
Beethoven/Piano_Sonatas/29-3/ChowK04.mid,piece_cd420fd745942bd1,Beethoven,Piano_Sonatas_29-3,2,MID,4520,0.21941747572815534,20600
Beethoven/Piano_Sonatas/29-3/ChowK04.mid,piece_cd420fd745942bd1,Beethoven,Piano_Sonatas_29-3,3,HIGH,7469,0.3625728155339806,20600
Beethoven/Piano_Sonatas/29-3/ChowK04.mid,piece_cd420fd745942bd1,Beethoven,Piano_Sonatas_29-3,4,FULL,7646,0.3711650485436893,20600
Beethoven/Piano_Sonatas/29-4/ChowK05M.mid,piece_0390c4f7d9bd5aa5,Beethoven,Piano_Sonatas_29-4,0,ZERO,17926,0.5577473553204729,32140
Beethoven/Piano_Sonatas/29-4/ChowK05M.mid,piece_0390c4f7d9bd5aa5,Beethoven,Piano_Sonatas_29-4,1,LOW,2504,0.07790914747977598,32140
Beethoven/Piano_Sonatas/29-4/ChowK05M.mid,piece_0390c4f7d9bd5aa5,Beethoven,Piano_Sonatas_29-4,2,MID,5662,0.1761667703795893,32140
Beethoven/Piano_Sonatas/29-4/ChowK05M.mid,piece_0390c4f7d9bd5aa5,Beethoven,Piano_Sonatas_29-4,3,HIGH,1579,0.049128811449906655,32140
Beethoven/Piano_Sonatas/29-4/ChowK05M.mid,piece_0390c4f7d9bd5aa5,Beethoven,Piano_Sonatas_29-4,4,FULL,4469,0.13904791537025513,32140
Beethoven/Piano_Sonatas/29-4/DANILO01.mid,piece_0390c4f7d9bd5aa5,Beethoven,Piano_Sonatas_29-4,0,ZERO,12474,0.38671875,32256
Beethoven/Piano_Sonatas/29-4/DANILO01.mid,piece_0390c4f7d9bd5aa5,Beethoven,Piano_Sonatas_29-4,1,LOW,8217,0.25474330357142855,32256
Beethoven/Piano_Sonatas/29-4/DANILO01.mid,piece_0390c4f7d9bd5aa5,Beethoven,Piano_Sonatas_29-4,2,MID,2235,0.06928943452380952,32256
Beethoven/Piano_Sonatas/29-4/DANILO01.mid,piece_0390c4f7d9bd5aa5,Beethoven,Piano_Sonatas_29-4,3,HIGH,1563,0.04845610119047619,32256
Beethoven/Piano_Sonatas/29-4/DANILO01.mid,piece_0390c4f7d9bd5aa5,Beethoven,Piano_Sonatas_29-4,4,FULL,7767,0.24079241071428573,32256
Beethoven/Piano_Sonatas/3-1/Bult-ItoS03M.mid,piece_3829d5339382c9c2,Beethoven,Piano_Sonatas_3-1,0,ZERO,7939,0.45657925005751093,17388
Beethoven/Piano_Sonatas/3-1/Bult-ItoS03M.mid,piece_3829d5339382c9c2,Beethoven,Piano_Sonatas_3-1,1,LOW,5223,0.30037957211870253,17388
Beethoven/Piano_Sonatas/3-1/Bult-ItoS03M.mid,piece_3829d5339382c9c2,Beethoven,Piano_Sonatas_3-1,2,MID,1737,0.09989648033126294,17388
Beethoven/Piano_Sonatas/3-1/Bult-ItoS03M.mid,piece_3829d5339382c9c2,Beethoven,Piano_Sonatas_3-1,3,HIGH,329,0.01892109500805153,17388
Beethoven/Piano_Sonatas/3-1/Bult-ItoS03M.mid,piece_3829d5339382c9c2,Beethoven,Piano_Sonatas_3-1,4,FULL,2160,0.12422360248447205,17388
Beethoven/Piano_Sonatas/3-1/CaoJ02M.mid,piece_3829d5339382c9c2,Beethoven,Piano_Sonatas_3-1,0,ZERO,11758,0.686959569992989,17116
Beethoven/Piano_Sonatas/3-1/CaoJ02M.mid,piece_3829d5339382c9c2,Beethoven,Piano_Sonatas_3-1,1,LOW,717,0.0418906286515541,17116
Beethoven/Piano_Sonatas/3-1/CaoJ02M.mid,piece_3829d5339382c9c2,Beethoven,Piano_Sonatas_3-1,2,MID,1268,0.0740827296097219,17116
Beethoven/Piano_Sonatas/3-1/CaoJ02M.mid,piece_3829d5339382c9c2,Beethoven,Piano_Sonatas_3-1,3,HIGH,258,0.01507361533068474,17116
Beethoven/Piano_Sonatas/3-1/CaoJ02M.mid,piece_3829d5339382c9c2,Beethoven,Piano_Sonatas_3-1,4,FULL,3115,0.18199345641505024,17116
Beethoven/Piano_Sonatas/3-1/Jia02.mid,piece_3829d5339382c9c2,Beethoven,Piano_Sonatas_3-1,0,ZERO,7135,0.4100574712643678,17400
Beethoven/Piano_Sonatas/3-1/Jia02.mid,piece_3829d5339382c9c2,Beethoven,Piano_Sonatas_3-1,1,LOW,1991,0.11442528735632183,17400
Beethoven/Piano_Sonatas/3-1/Jia02.mid,piece_3829d5339382c9c2,Beethoven,Piano_Sonatas_3-1,2,MID,2077,0.11936781609195403,17400
Beethoven/Piano_Sonatas/3-1/Jia02.mid,piece_3829d5339382c9c2,Beethoven,Piano_Sonatas_3-1,3,HIGH,584,0.033563218390804596,17400
Beethoven/Piano_Sonatas/3-1/Jia02.mid,piece_3829d5339382c9c2,Beethoven,Piano_Sonatas_3-1,4,FULL,5613,0.3225862068965517,17400
Beethoven/Piano_Sonatas/3-1/KorchinskayaKogan02.mid,piece_3829d5339382c9c2,Beethoven,Piano_Sonatas_3-1,0,ZERO,7305,0.4240190387740887,17228
Beethoven/Piano_Sonatas/3-1/KorchinskayaKogan02.mid,piece_3829d5339382c9c2,Beethoven,Piano_Sonatas_3-1,1,LOW,4973,0.288657998606919,17228
Beethoven/Piano_Sonatas/3-1/KorchinskayaKogan02.mid,piece_3829d5339382c9c2,Beethoven,Piano_Sonatas_3-1,2,MID,2418,0.14035291386115625,17228
Beethoven/Piano_Sonatas/3-1/KorchinskayaKogan02.mid,piece_3829d5339382c9c2,Beethoven,Piano_Sonatas_3-1,3,HIGH,583,0.03384026004179243,17228
Beethoven/Piano_Sonatas/3-1/KorchinskayaKogan02.mid,piece_3829d5339382c9c2,Beethoven,Piano_Sonatas_3-1,4,FULL,1949,0.11312978871604365,17228
Beethoven/Piano_Sonatas/3-1/LUO01.mid,piece_3829d5339382c9c2,Beethoven,Piano_Sonatas_3-1,0,ZERO,696,0.04171661472069048,16684
Beethoven/Piano_Sonatas/3-1/LUO01.mid,piece_3829d5339382c9c2,Beethoven,Piano_Sonatas_3-1,1,LOW,8771,0.5257132582114601,16684
Beethoven/Piano_Sonatas/3-1/LUO01.mid,piece_3829d5339382c9c2,Beethoven,Piano_Sonatas_3-1,2,MID,2491,0.1493047230879885,16684
Beethoven/Piano_Sonatas/3-1/LUO01.mid,piece_3829d5339382c9c2,Beethoven,Piano_Sonatas_3-1,3,HIGH,2683,0.16081275473507553,16684
Beethoven/Piano_Sonatas/3-1/LUO01.mid,piece_3829d5339382c9c2,Beethoven,Piano_Sonatas_3-1,4,FULL,2043,0.12245264924478542,16684
Beethoven/Piano_Sonatas/3-1/Lin01.mid,piece_3829d5339382c9c2,Beethoven,Piano_Sonatas_3-1,0,ZERO,7790,0.44677678366597845,17436
Beethoven/Piano_Sonatas/3-1/Lin01.mid,piece_3829d5339382c9c2,Beethoven,Piano_Sonatas_3-1,1,LOW,5261,0.301732048635008,17436
Beethoven/Piano_Sonatas/3-1/Lin01.mid,piece_3829d5339382c9c2,Beethoven,Piano_Sonatas_3-1,2,MID,2197,0.12600367056664372,17436
Beethoven/Piano_Sonatas/3-1/Lin01.mid,piece_3829d5339382c9c2,Beethoven,Piano_Sonatas_3-1,3,HIGH,790,0.04530855700848819,17436
Beethoven/Piano_Sonatas/3-1/Lin01.mid,piece_3829d5339382c9c2,Beethoven,Piano_Sonatas_3-1,4,FULL,1398,0.08017894012388162,17436
Beethoven/Piano_Sonatas/3-1/Lin05M.mid,piece_3829d5339382c9c2,Beethoven,Piano_Sonatas_3-1,0,ZERO,11553,0.6612293956043956,17472
Beethoven/Piano_Sonatas/3-1/Lin05M.mid,piece_3829d5339382c9c2,Beethoven,Piano_Sonatas_3-1,1,LOW,487,0.0278731684981685,17472
Beethoven/Piano_Sonatas/3-1/Lin05M.mid,piece_3829d5339382c9c2,Beethoven,Piano_Sonatas_3-1,2,MID,2284,0.13072344322344323,17472
Beethoven/Piano_Sonatas/3-1/Lin05M.mid,piece_3829d5339382c9c2,Beethoven,Piano_Sonatas_3-1,3,HIGH,1592,0.09111721611721611,17472
Beethoven/Piano_Sonatas/3-1/Lin05M.mid,piece_3829d5339382c9c2,Beethoven,Piano_Sonatas_3-1,4,FULL,1556,0.08905677655677656,17472
Beethoven/Piano_Sonatas/3-1/MiyashitaM03M.mid,piece_3829d5339382c9c2,Beethoven,Piano_Sonatas_3-1,0,ZERO,969,0.05574091118269673,17384
Beethoven/Piano_Sonatas/3-1/MiyashitaM03M.mid,piece_3829d5339382c9c2,Beethoven,Piano_Sonatas_3-1,1,LOW,8004,0.46042337781868387,17384
Beethoven/Piano_Sonatas/3-1/MiyashitaM03M.mid,piece_3829d5339382c9c2,Beethoven,Piano_Sonatas_3-1,2,MID,2929,0.16848826507132997,17384
Beethoven/Piano_Sonatas/3-1/MiyashitaM03M.mid,piece_3829d5339382c9c2,Beethoven,Piano_Sonatas_3-1,3,HIGH,553,0.031810860561435804,17384
Beethoven/Piano_Sonatas/3-1/MiyashitaM03M.mid,piece_3829d5339382c9c2,Beethoven,Piano_Sonatas_3-1,4,FULL,4929,0.28353658536585363,17384
Beethoven/Piano_Sonatas/3-1/ZHOU01.mid,piece_3829d5339382c9c2,Beethoven,Piano_Sonatas_3-1,0,ZERO,9868,0.5655662540119212,17448
Beethoven/Piano_Sonatas/3-1/ZHOU01.mid,piece_3829d5339382c9c2,Beethoven,Piano_Sonatas_3-1,1,LOW,3321,0.19033700137551582,17448
Beethoven/Piano_Sonatas/3-1/ZHOU01.mid,piece_3829d5339382c9c2,Beethoven,Piano_Sonatas_3-1,2,MID,2456,0.14076111875286565,17448
Beethoven/Piano_Sonatas/3-1/ZHOU01.mid,piece_3829d5339382c9c2,Beethoven,Piano_Sonatas_3-1,3,HIGH,808,0.04630903255387437,17448
Beethoven/Piano_Sonatas/3-1/ZHOU01.mid,piece_3829d5339382c9c2,Beethoven,Piano_Sonatas_3-1,4,FULL,995,0.05702659330582302,17448
Beethoven/Piano_Sonatas/3-2/MiyashitaM04M.mid,piece_221b199a0a4949e9,Beethoven,Piano_Sonatas_3-2,0,ZERO,7,0.001184834123222749,5908
Beethoven/Piano_Sonatas/3-2/MiyashitaM04M.mid,piece_221b199a0a4949e9,Beethoven,Piano_Sonatas_3-2,1,LOW,1339,0.2266418415707515,5908
Beethoven/Piano_Sonatas/3-2/MiyashitaM04M.mid,piece_221b199a0a4949e9,Beethoven,Piano_Sonatas_3-2,2,MID,2026,0.3429248476641842,5908
Beethoven/Piano_Sonatas/3-2/MiyashitaM04M.mid,piece_221b199a0a4949e9,Beethoven,Piano_Sonatas_3-2,3,HIGH,602,0.1018957345971564,5908
Beethoven/Piano_Sonatas/3-2/MiyashitaM04M.mid,piece_221b199a0a4949e9,Beethoven,Piano_Sonatas_3-2,4,FULL,1934,0.3273527420446852,5908
Beethoven/Piano_Sonatas/30-1/CHEN02.mid,piece_dffc44d92cd9ab16,Beethoven,Piano_Sonatas_30-1,0,ZERO,204,0.03359683794466403,6072
Beethoven/Piano_Sonatas/30-1/CHEN02.mid,piece_dffc44d92cd9ab16,Beethoven,Piano_Sonatas_30-1,1,LOW,1317,0.21689723320158102,6072
Beethoven/Piano_Sonatas/30-1/CHEN02.mid,piece_dffc44d92cd9ab16,Beethoven,Piano_Sonatas_30-1,2,MID,1074,0.17687747035573123,6072
Beethoven/Piano_Sonatas/30-1/CHEN02.mid,piece_dffc44d92cd9ab16,Beethoven,Piano_Sonatas_30-1,3,HIGH,1398,0.23023715415019763,6072
Beethoven/Piano_Sonatas/30-1/CHEN02.mid,piece_dffc44d92cd9ab16,Beethoven,Piano_Sonatas_30-1,4,FULL,2079,0.3423913043478261,6072
Beethoven/Piano_Sonatas/30-1/Hirata01.mid,piece_dffc44d92cd9ab16,Beethoven,Piano_Sonatas_30-1,0,ZERO,247,0.040866975512905364,6044
Beethoven/Piano_Sonatas/30-1/Hirata01.mid,piece_dffc44d92cd9ab16,Beethoven,Piano_Sonatas_30-1,1,LOW,1018,0.1684315023163468,6044
Beethoven/Piano_Sonatas/30-1/Hirata01.mid,piece_dffc44d92cd9ab16,Beethoven,Piano_Sonatas_30-1,2,MID,2173,0.35953011250827266,6044
Beethoven/Piano_Sonatas/30-1/Hirata01.mid,piece_dffc44d92cd9ab16,Beethoven,Piano_Sonatas_30-1,3,HIGH,706,0.11681005956320317,6044
Beethoven/Piano_Sonatas/30-1/Hirata01.mid,piece_dffc44d92cd9ab16,Beethoven,Piano_Sonatas_30-1,4,FULL,1900,0.314361350099272,6044
Beethoven/Piano_Sonatas/30-1/Izzard01.mid,piece_dffc44d92cd9ab16,Beethoven,Piano_Sonatas_30-1,0,ZERO,221,0.03661365142478463,6036
Beethoven/Piano_Sonatas/30-1/Izzard01.mid,piece_dffc44d92cd9ab16,Beethoven,Piano_Sonatas_30-1,1,LOW,1391,0.23045062955599735,6036
Beethoven/Piano_Sonatas/30-1/Izzard01.mid,piece_dffc44d92cd9ab16,Beethoven,Piano_Sonatas_30-1,2,MID,2682,0.44433399602385687,6036
Beethoven/Piano_Sonatas/30-1/Izzard01.mid,piece_dffc44d92cd9ab16,Beethoven,Piano_Sonatas_30-1,3,HIGH,628,0.10404241219350563,6036
Beethoven/Piano_Sonatas/30-1/Izzard01.mid,piece_dffc44d92cd9ab16,Beethoven,Piano_Sonatas_30-1,4,FULL,1114,0.18455931080185553,6036
Beethoven/Piano_Sonatas/30-1/Katyukova01.mid,piece_dffc44d92cd9ab16,Beethoven,Piano_Sonatas_30-1,0,ZERO,50,0.008278145695364239,6040
Beethoven/Piano_Sonatas/30-1/Katyukova01.mid,piece_dffc44d92cd9ab16,Beethoven,Piano_Sonatas_30-1,1,LOW,823,0.13625827814569536,6040
Beethoven/Piano_Sonatas/30-1/Katyukova01.mid,piece_dffc44d92cd9ab16,Beethoven,Piano_Sonatas_30-1,2,MID,1854,0.30695364238410594,6040
Beethoven/Piano_Sonatas/30-1/Katyukova01.mid,piece_dffc44d92cd9ab16,Beethoven,Piano_Sonatas_30-1,3,HIGH,783,0.12963576158940399,6040
Beethoven/Piano_Sonatas/30-1/Katyukova01.mid,piece_dffc44d92cd9ab16,Beethoven,Piano_Sonatas_30-1,4,FULL,2530,0.41887417218543044,6040
Beethoven/Piano_Sonatas/30-1/MaslovV02M.mid,piece_dffc44d92cd9ab16,Beethoven,Piano_Sonatas_30-1,0,ZERO,244,0.0404777704047777,6028
Beethoven/Piano_Sonatas/30-1/MaslovV02M.mid,piece_dffc44d92cd9ab16,Beethoven,Piano_Sonatas_30-1,1,LOW,627,0.10401459854014598,6028
Beethoven/Piano_Sonatas/30-1/MaslovV02M.mid,piece_dffc44d92cd9ab16,Beethoven,Piano_Sonatas_30-1,2,MID,1390,0.23059057730590576,6028
Beethoven/Piano_Sonatas/30-1/MaslovV02M.mid,piece_dffc44d92cd9ab16,Beethoven,Piano_Sonatas_30-1,3,HIGH,1304,0.21632382216323823,6028
Beethoven/Piano_Sonatas/30-1/MaslovV02M.mid,piece_dffc44d92cd9ab16,Beethoven,Piano_Sonatas_30-1,4,FULL,2463,0.4085932315859323,6028
Beethoven/Piano_Sonatas/30-1/Shelest02.mid,piece_dffc44d92cd9ab16,Beethoven,Piano_Sonatas_30-1,0,ZERO,657,0.10863095238095238,6048
Beethoven/Piano_Sonatas/30-1/Shelest02.mid,piece_dffc44d92cd9ab16,Beethoven,Piano_Sonatas_30-1,1,LOW,1611,0.2663690476190476,6048
Beethoven/Piano_Sonatas/30-1/Shelest02.mid,piece_dffc44d92cd9ab16,Beethoven,Piano_Sonatas_30-1,2,MID,1693,0.27992724867724866,6048
Beethoven/Piano_Sonatas/30-1/Shelest02.mid,piece_dffc44d92cd9ab16,Beethoven,Piano_Sonatas_30-1,3,HIGH,442,0.07308201058201058,6048
Beethoven/Piano_Sonatas/30-1/Shelest02.mid,piece_dffc44d92cd9ab16,Beethoven,Piano_Sonatas_30-1,4,FULL,1645,0.27199074074074076,6048
Beethoven/Piano_Sonatas/30-1/TOIVIO01.mid,piece_dffc44d92cd9ab16,Beethoven,Piano_Sonatas_30-1,0,ZERO,270,0.04503002001334223,5996
Beethoven/Piano_Sonatas/30-1/TOIVIO01.mid,piece_dffc44d92cd9ab16,Beethoven,Piano_Sonatas_30-1,1,LOW,1147,0.19129419613075382,5996
Beethoven/Piano_Sonatas/30-1/TOIVIO01.mid,piece_dffc44d92cd9ab16,Beethoven,Piano_Sonatas_30-1,2,MID,1378,0.22981987991994662,5996
Beethoven/Piano_Sonatas/30-1/TOIVIO01.mid,piece_dffc44d92cd9ab16,Beethoven,Piano_Sonatas_30-1,3,HIGH,1710,0.28519012675116745,5996
Beethoven/Piano_Sonatas/30-1/TOIVIO01.mid,piece_dffc44d92cd9ab16,Beethoven,Piano_Sonatas_30-1,4,FULL,1491,0.24866577718478985,5996
Beethoven/Piano_Sonatas/30-1/TanakaM06M.mid,piece_dffc44d92cd9ab16,Beethoven,Piano_Sonatas_30-1,0,ZERO,684,0.11369680851063829,6016
Beethoven/Piano_Sonatas/30-1/TanakaM06M.mid,piece_dffc44d92cd9ab16,Beethoven,Piano_Sonatas_30-1,1,LOW,1058,0.17586436170212766,6016
Beethoven/Piano_Sonatas/30-1/TanakaM06M.mid,piece_dffc44d92cd9ab16,Beethoven,Piano_Sonatas_30-1,2,MID,1467,0.2438497340425532,6016
Beethoven/Piano_Sonatas/30-1/TanakaM06M.mid,piece_dffc44d92cd9ab16,Beethoven,Piano_Sonatas_30-1,3,HIGH,767,0.12749335106382978,6016
Beethoven/Piano_Sonatas/30-1/TanakaM06M.mid,piece_dffc44d92cd9ab16,Beethoven,Piano_Sonatas_30-1,4,FULL,2040,0.3390957446808511,6016
Beethoven/Piano_Sonatas/31-1/ADIG05M.mid,piece_0e8ac1a93ce95432,Beethoven,Piano_Sonatas_31-1,0,ZERO,1064,0.09162934894936273,11612
Beethoven/Piano_Sonatas/31-1/ADIG05M.mid,piece_0e8ac1a93ce95432,Beethoven,Piano_Sonatas_31-1,1,LOW,4130,0.3556665518429211,11612
Beethoven/Piano_Sonatas/31-1/ADIG05M.mid,piece_0e8ac1a93ce95432,Beethoven,Piano_Sonatas_31-1,2,MID,1161,0.09998277643816741,11612
Beethoven/Piano_Sonatas/31-1/ADIG05M.mid,piece_0e8ac1a93ce95432,Beethoven,Piano_Sonatas_31-1,3,HIGH,2595,0.22347571477781605,11612
Beethoven/Piano_Sonatas/31-1/ADIG05M.mid,piece_0e8ac1a93ce95432,Beethoven,Piano_Sonatas_31-1,4,FULL,2662,0.22924560799173269,11612
Beethoven/Piano_Sonatas/31-1/AbdelmoulaJS03M.mid,piece_0e8ac1a93ce95432,Beethoven,Piano_Sonatas_31-1,0,ZERO,917,0.08007334963325183,11452
Beethoven/Piano_Sonatas/31-1/AbdelmoulaJS03M.mid,piece_0e8ac1a93ce95432,Beethoven,Piano_Sonatas_31-1,1,LOW,2306,0.20136220747467692,11452
Beethoven/Piano_Sonatas/31-1/AbdelmoulaJS03M.mid,piece_0e8ac1a93ce95432,Beethoven,Piano_Sonatas_31-1,2,MID,5254,0.45878449179182673,11452
Beethoven/Piano_Sonatas/31-1/AbdelmoulaJS03M.mid,piece_0e8ac1a93ce95432,Beethoven,Piano_Sonatas_31-1,3,HIGH,1007,0.08793223891023402,11452
Beethoven/Piano_Sonatas/31-1/AbdelmoulaJS03M.mid,piece_0e8ac1a93ce95432,Beethoven,Piano_Sonatas_31-1,4,FULL,1968,0.17184771219001047,11452
Beethoven/Piano_Sonatas/31-1/Ahfat02M.mid,piece_0e8ac1a93ce95432,Beethoven,Piano_Sonatas_31-1,0,ZERO,140,0.012297962052002811,11384
Beethoven/Piano_Sonatas/31-1/Ahfat02M.mid,piece_0e8ac1a93ce95432,Beethoven,Piano_Sonatas_31-1,1,LOW,2578,0.2264581869290232,11384
Beethoven/Piano_Sonatas/31-1/Ahfat02M.mid,piece_0e8ac1a93ce95432,Beethoven,Piano_Sonatas_31-1,2,MID,3260,0.28636683063949403,11384
Beethoven/Piano_Sonatas/31-1/Ahfat02M.mid,piece_0e8ac1a93ce95432,Beethoven,Piano_Sonatas_31-1,3,HIGH,736,0.0646521433591005,11384
Beethoven/Piano_Sonatas/31-1/Ahfat02M.mid,piece_0e8ac1a93ce95432,Beethoven,Piano_Sonatas_31-1,4,FULL,4670,0.41022487702037946,11384
Beethoven/Piano_Sonatas/31-1/Ahn01.mid,piece_0e8ac1a93ce95432,Beethoven,Piano_Sonatas_31-1,0,ZERO,1174,0.10078983516483517,11648
Beethoven/Piano_Sonatas/31-1/Ahn01.mid,piece_0e8ac1a93ce95432,Beethoven,Piano_Sonatas_31-1,1,LOW,2049,0.17591002747252749,11648
Beethoven/Piano_Sonatas/31-1/Ahn01.mid,piece_0e8ac1a93ce95432,Beethoven,Piano_Sonatas_31-1,2,MID,2166,0.18595467032967034,11648
Beethoven/Piano_Sonatas/31-1/Ahn01.mid,piece_0e8ac1a93ce95432,Beethoven,Piano_Sonatas_31-1,3,HIGH,643,0.05520260989010989,11648
Beethoven/Piano_Sonatas/31-1/Ahn01.mid,piece_0e8ac1a93ce95432,Beethoven,Piano_Sonatas_31-1,4,FULL,5616,0.48214285714285715,11648
Beethoven/Piano_Sonatas/31-1/BrendleA03M.mid,piece_0e8ac1a93ce95432,Beethoven,Piano_Sonatas_31-1,0,ZERO,1875,0.16047586442998973,11684
Beethoven/Piano_Sonatas/31-1/BrendleA03M.mid,piece_0e8ac1a93ce95432,Beethoven,Piano_Sonatas_31-1,1,LOW,1530,0.13094830537487162,11684
Beethoven/Piano_Sonatas/31-1/BrendleA03M.mid,piece_0e8ac1a93ce95432,Beethoven,Piano_Sonatas_31-1,2,MID,2672,0.22868880520369736,11684
Beethoven/Piano_Sonatas/31-1/BrendleA03M.mid,piece_0e8ac1a93ce95432,Beethoven,Piano_Sonatas_31-1,3,HIGH,258,0.02208147894556659,11684
Beethoven/Piano_Sonatas/31-1/BrendleA03M.mid,piece_0e8ac1a93ce95432,Beethoven,Piano_Sonatas_31-1,4,FULL,5349,0.4578055460458747,11684
Beethoven/Piano_Sonatas/31-1/Goh02.mid,piece_0e8ac1a93ce95432,Beethoven,Piano_Sonatas_31-1,0,ZERO,288,0.025008683570684264,11516
Beethoven/Piano_Sonatas/31-1/Goh02.mid,piece_0e8ac1a93ce95432,Beethoven,Piano_Sonatas_31-1,1,LOW,2206,0.19155956929489407,11516
Beethoven/Piano_Sonatas/31-1/Goh02.mid,piece_0e8ac1a93ce95432,Beethoven,Piano_Sonatas_31-1,2,MID,2462,0.2137895102466134,11516
Beethoven/Piano_Sonatas/31-1/Goh02.mid,piece_0e8ac1a93ce95432,Beethoven,Piano_Sonatas_31-1,3,HIGH,715,0.0620875303924974,11516
Beethoven/Piano_Sonatas/31-1/Goh02.mid,piece_0e8ac1a93ce95432,Beethoven,Piano_Sonatas_31-1,4,FULL,5845,0.5075547064953109,11516
Beethoven/Piano_Sonatas/31-1/HUAN_B01.mid,piece_0e8ac1a93ce95432,Beethoven,Piano_Sonatas_31-1,0,ZERO,208,0.017789941840574752,11692
Beethoven/Piano_Sonatas/31-1/HUAN_B01.mid,piece_0e8ac1a93ce95432,Beethoven,Piano_Sonatas_31-1,1,LOW,1957,0.16737940472117688,11692
Beethoven/Piano_Sonatas/31-1/HUAN_B01.mid,piece_0e8ac1a93ce95432,Beethoven,Piano_Sonatas_31-1,2,MID,4023,0.34408142319534724,11692
Beethoven/Piano_Sonatas/31-1/HUAN_B01.mid,piece_0e8ac1a93ce95432,Beethoven,Piano_Sonatas_31-1,3,HIGH,3321,0.28404036948340744,11692
Beethoven/Piano_Sonatas/31-1/HUAN_B01.mid,piece_0e8ac1a93ce95432,Beethoven,Piano_Sonatas_31-1,4,FULL,2183,0.18670886075949367,11692
Beethoven/Piano_Sonatas/31-1/Huang01.mid,piece_0e8ac1a93ce95432,Beethoven,Piano_Sonatas_31-1,0,ZERO,795,0.06851085832471561,11604
Beethoven/Piano_Sonatas/31-1/Huang01.mid,piece_0e8ac1a93ce95432,Beethoven,Piano_Sonatas_31-1,1,LOW,2721,0.234488107549121,11604
Beethoven/Piano_Sonatas/31-1/Huang01.mid,piece_0e8ac1a93ce95432,Beethoven,Piano_Sonatas_31-1,2,MID,5069,0.43683212685280937,11604
Beethoven/Piano_Sonatas/31-1/Huang01.mid,piece_0e8ac1a93ce95432,Beethoven,Piano_Sonatas_31-1,3,HIGH,1172,0.10099965529127887,11604
Beethoven/Piano_Sonatas/31-1/Huang01.mid,piece_0e8ac1a93ce95432,Beethoven,Piano_Sonatas_31-1,4,FULL,1847,0.15916925198207516,11604
Beethoven/Piano_Sonatas/31-1/HuangSW08M.mid,piece_0e8ac1a93ce95432,Beethoven,Piano_Sonatas_31-1,0,ZERO,2163,0.18724030470914127,11552
Beethoven/Piano_Sonatas/31-1/HuangSW08M.mid,piece_0e8ac1a93ce95432,Beethoven,Piano_Sonatas_31-1,1,LOW,1577,0.13651315789473684,11552
Beethoven/Piano_Sonatas/31-1/HuangSW08M.mid,piece_0e8ac1a93ce95432,Beethoven,Piano_Sonatas_31-1,2,MID,2924,0.2531163434903047,11552
Beethoven/Piano_Sonatas/31-1/HuangSW08M.mid,piece_0e8ac1a93ce95432,Beethoven,Piano_Sonatas_31-1,3,HIGH,601,0.052025623268698064,11552
Beethoven/Piano_Sonatas/31-1/HuangSW08M.mid,piece_0e8ac1a93ce95432,Beethoven,Piano_Sonatas_31-1,4,FULL,4287,0.3711045706371191,11552
Beethoven/Piano_Sonatas/31-1/Karpeyev01.mid,piece_0e8ac1a93ce95432,Beethoven,Piano_Sonatas_31-1,0,ZERO,765,0.06525076765609007,11724
Beethoven/Piano_Sonatas/31-1/Karpeyev01.mid,piece_0e8ac1a93ce95432,Beethoven,Piano_Sonatas_31-1,1,LOW,2354,0.20078471511429546,11724
Beethoven/Piano_Sonatas/31-1/Karpeyev01.mid,piece_0e8ac1a93ce95432,Beethoven,Piano_Sonatas_31-1,2,MID,3125,0.26654725349709996,11724
Beethoven/Piano_Sonatas/31-1/Karpeyev01.mid,piece_0e8ac1a93ce95432,Beethoven,Piano_Sonatas_31-1,3,HIGH,1143,0.09749232343909929,11724
Beethoven/Piano_Sonatas/31-1/Karpeyev01.mid,piece_0e8ac1a93ce95432,Beethoven,Piano_Sonatas_31-1,4,FULL,4337,0.3699249402934152,11724
Beethoven/Piano_Sonatas/31-1/Kavalerova01.mid,piece_0e8ac1a93ce95432,Beethoven,Piano_Sonatas_31-1,0,ZERO,42,0.0036855036855036856,11396
Beethoven/Piano_Sonatas/31-1/Kavalerova01.mid,piece_0e8ac1a93ce95432,Beethoven,Piano_Sonatas_31-1,1,LOW,1321,0.11591786591786592,11396
Beethoven/Piano_Sonatas/31-1/Kavalerova01.mid,piece_0e8ac1a93ce95432,Beethoven,Piano_Sonatas_31-1,2,MID,8621,0.7564935064935064,11396
Beethoven/Piano_Sonatas/31-1/Kavalerova01.mid,piece_0e8ac1a93ce95432,Beethoven,Piano_Sonatas_31-1,3,HIGH,1372,0.12039312039312039,11396
Beethoven/Piano_Sonatas/31-1/Kavalerova01.mid,piece_0e8ac1a93ce95432,Beethoven,Piano_Sonatas_31-1,4,FULL,40,0.00351000351000351,11396
Beethoven/Piano_Sonatas/31-1/LeungM03M.mid,piece_0e8ac1a93ce95432,Beethoven,Piano_Sonatas_31-1,0,ZERO,2200,0.1909722222222222,11520
Beethoven/Piano_Sonatas/31-1/LeungM03M.mid,piece_0e8ac1a93ce95432,Beethoven,Piano_Sonatas_31-1,1,LOW,1892,0.1642361111111111,11520
Beethoven/Piano_Sonatas/31-1/LeungM03M.mid,piece_0e8ac1a93ce95432,Beethoven,Piano_Sonatas_31-1,2,MID,3839,0.3332465277777778,11520
Beethoven/Piano_Sonatas/31-1/LeungM03M.mid,piece_0e8ac1a93ce95432,Beethoven,Piano_Sonatas_31-1,3,HIGH,929,0.08064236111111112,11520
Beethoven/Piano_Sonatas/31-1/LeungM03M.mid,piece_0e8ac1a93ce95432,Beethoven,Piano_Sonatas_31-1,4,FULL,2660,0.2309027777777778,11520
Beethoven/Piano_Sonatas/31-1/Mikhailoff04.mid,piece_0e8ac1a93ce95432,Beethoven,Piano_Sonatas_31-1,0,ZERO,81,0.006934931506849315,11680
Beethoven/Piano_Sonatas/31-1/Mikhailoff04.mid,piece_0e8ac1a93ce95432,Beethoven,Piano_Sonatas_31-1,1,LOW,3289,0.28159246575342467,11680
Beethoven/Piano_Sonatas/31-1/Mikhailoff04.mid,piece_0e8ac1a93ce95432,Beethoven,Piano_Sonatas_31-1,2,MID,2204,0.1886986301369863,11680
Beethoven/Piano_Sonatas/31-1/Mikhailoff04.mid,piece_0e8ac1a93ce95432,Beethoven,Piano_Sonatas_31-1,3,HIGH,1459,0.12491438356164383,11680
Beethoven/Piano_Sonatas/31-1/Mikhailoff04.mid,piece_0e8ac1a93ce95432,Beethoven,Piano_Sonatas_31-1,4,FULL,4647,0.3978595890410959,11680
Beethoven/Piano_Sonatas/31-1/Na06M.mid,piece_0e8ac1a93ce95432,Beethoven,Piano_Sonatas_31-1,0,ZERO,320,0.027624309392265192,11584
Beethoven/Piano_Sonatas/31-1/Na06M.mid,piece_0e8ac1a93ce95432,Beethoven,Piano_Sonatas_31-1,1,LOW,2704,0.23342541436464087,11584
Beethoven/Piano_Sonatas/31-1/Na06M.mid,piece_0e8ac1a93ce95432,Beethoven,Piano_Sonatas_31-1,2,MID,6616,0.5711325966850829,11584
Beethoven/Piano_Sonatas/31-1/Na06M.mid,piece_0e8ac1a93ce95432,Beethoven,Piano_Sonatas_31-1,3,HIGH,729,0.06293162983425414,11584
Beethoven/Piano_Sonatas/31-1/Na06M.mid,piece_0e8ac1a93ce95432,Beethoven,Piano_Sonatas_31-1,4,FULL,1215,0.10488604972375691,11584
Beethoven/Piano_Sonatas/31-1/SINKEV02.mid,piece_0e8ac1a93ce95432,Beethoven,Piano_Sonatas_31-1,0,ZERO,1587,0.13643397524071527,11632
Beethoven/Piano_Sonatas/31-1/SINKEV02.mid,piece_0e8ac1a93ce95432,Beethoven,Piano_Sonatas_31-1,1,LOW,2382,0.2047799174690509,11632
Beethoven/Piano_Sonatas/31-1/SINKEV02.mid,piece_0e8ac1a93ce95432,Beethoven,Piano_Sonatas_31-1,2,MID,3032,0.26066024759284734,11632
Beethoven/Piano_Sonatas/31-1/SINKEV02.mid,piece_0e8ac1a93ce95432,Beethoven,Piano_Sonatas_31-1,3,HIGH,2673,0.2297971114167813,11632
Beethoven/Piano_Sonatas/31-1/SINKEV02.mid,piece_0e8ac1a93ce95432,Beethoven,Piano_Sonatas_31-1,4,FULL,1958,0.16832874828060523,11632
Beethoven/Piano_Sonatas/31-1/SOLOM04.mid,piece_0e8ac1a93ce95432,Beethoven,Piano_Sonatas_31-1,0,ZERO,140,0.012350035285815103,11336
Beethoven/Piano_Sonatas/31-1/SOLOM04.mid,piece_0e8ac1a93ce95432,Beethoven,Piano_Sonatas_31-1,1,LOW,1427,0.1258821453775582,11336
Beethoven/Piano_Sonatas/31-1/SOLOM04.mid,piece_0e8ac1a93ce95432,Beethoven,Piano_Sonatas_31-1,2,MID,3998,0.35268172194777697,11336
Beethoven/Piano_Sonatas/31-1/SOLOM04.mid,piece_0e8ac1a93ce95432,Beethoven,Piano_Sonatas_31-1,3,HIGH,3434,0.3029287226534933,11336
Beethoven/Piano_Sonatas/31-1/SOLOM04.mid,piece_0e8ac1a93ce95432,Beethoven,Piano_Sonatas_31-1,4,FULL,2337,0.2061573747353564,11336
Beethoven/Piano_Sonatas/31-1/Stahievitch02.mid,piece_0e8ac1a93ce95432,Beethoven,Piano_Sonatas_31-1,0,ZERO,706,0.060611263736263736,11648
Beethoven/Piano_Sonatas/31-1/Stahievitch02.mid,piece_0e8ac1a93ce95432,Beethoven,Piano_Sonatas_31-1,1,LOW,1812,0.15556318681318682,11648
Beethoven/Piano_Sonatas/31-1/Stahievitch02.mid,piece_0e8ac1a93ce95432,Beethoven,Piano_Sonatas_31-1,2,MID,1370,0.11761675824175824,11648
Beethoven/Piano_Sonatas/31-1/Stahievitch02.mid,piece_0e8ac1a93ce95432,Beethoven,Piano_Sonatas_31-1,3,HIGH,3152,0.2706043956043956,11648
Beethoven/Piano_Sonatas/31-1/Stahievitch02.mid,piece_0e8ac1a93ce95432,Beethoven,Piano_Sonatas_31-1,4,FULL,4608,0.3956043956043956,11648
Beethoven/Piano_Sonatas/31-1/Sun01.mid,piece_0e8ac1a93ce95432,Beethoven,Piano_Sonatas_31-1,0,ZERO,554,0.04809027777777778,11520
Beethoven/Piano_Sonatas/31-1/Sun01.mid,piece_0e8ac1a93ce95432,Beethoven,Piano_Sonatas_31-1,1,LOW,1283,0.11137152777777778,11520
Beethoven/Piano_Sonatas/31-1/Sun01.mid,piece_0e8ac1a93ce95432,Beethoven,Piano_Sonatas_31-1,2,MID,3188,0.2767361111111111,11520
Beethoven/Piano_Sonatas/31-1/Sun01.mid,piece_0e8ac1a93ce95432,Beethoven,Piano_Sonatas_31-1,3,HIGH,1603,0.13914930555555555,11520
Beethoven/Piano_Sonatas/31-1/Sun01.mid,piece_0e8ac1a93ce95432,Beethoven,Piano_Sonatas_31-1,4,FULL,4892,0.42465277777777777,11520
Beethoven/Piano_Sonatas/31-1/Tang01.mid,piece_0e8ac1a93ce95432,Beethoven,Piano_Sonatas_31-1,0,ZERO,1229,0.10447126827609657,11764
Beethoven/Piano_Sonatas/31-1/Tang01.mid,piece_0e8ac1a93ce95432,Beethoven,Piano_Sonatas_31-1,1,LOW,3637,0.30916354981298877,11764
Beethoven/Piano_Sonatas/31-1/Tang01.mid,piece_0e8ac1a93ce95432,Beethoven,Piano_Sonatas_31-1,2,MID,2349,0.19967698061883712,11764
Beethoven/Piano_Sonatas/31-1/Tang01.mid,piece_0e8ac1a93ce95432,Beethoven,Piano_Sonatas_31-1,3,HIGH,516,0.043862631757905474,11764
Beethoven/Piano_Sonatas/31-1/Tang01.mid,piece_0e8ac1a93ce95432,Beethoven,Piano_Sonatas_31-1,4,FULL,4033,0.34282556953417204,11764
Beethoven/Piano_Sonatas/31-1/YOU01.mid,piece_0e8ac1a93ce95432,Beethoven,Piano_Sonatas_31-1,0,ZERO,1591,0.13635584504628043,11668
Beethoven/Piano_Sonatas/31-1/YOU01.mid,piece_0e8ac1a93ce95432,Beethoven,Piano_Sonatas_31-1,1,LOW,1666,0.14278368186492973,11668
Beethoven/Piano_Sonatas/31-1/YOU01.mid,piece_0e8ac1a93ce95432,Beethoven,Piano_Sonatas_31-1,2,MID,1404,0.12032910524511485,11668
Beethoven/Piano_Sonatas/31-1/YOU01.mid,piece_0e8ac1a93ce95432,Beethoven,Piano_Sonatas_31-1,3,HIGH,1939,0.16618100788481316,11668
Beethoven/Piano_Sonatas/31-1/YOU01.mid,piece_0e8ac1a93ce95432,Beethoven,Piano_Sonatas_31-1,4,FULL,5068,0.43435035995886184,11668
Beethoven/Piano_Sonatas/31-1/Zuber04M.mid,piece_0e8ac1a93ce95432,Beethoven,Piano_Sonatas_31-1,0,ZERO,240,0.020338983050847456,11800
Beethoven/Piano_Sonatas/31-1/Zuber04M.mid,piece_0e8ac1a93ce95432,Beethoven,Piano_Sonatas_31-1,1,LOW,1620,0.13728813559322034,11800
Beethoven/Piano_Sonatas/31-1/Zuber04M.mid,piece_0e8ac1a93ce95432,Beethoven,Piano_Sonatas_31-1,2,MID,8027,0.6802542372881356,11800
Beethoven/Piano_Sonatas/31-1/Zuber04M.mid,piece_0e8ac1a93ce95432,Beethoven,Piano_Sonatas_31-1,3,HIGH,1756,0.1488135593220339,11800
Beethoven/Piano_Sonatas/31-1/Zuber04M.mid,piece_0e8ac1a93ce95432,Beethoven,Piano_Sonatas_31-1,4,FULL,157,0.013305084745762712,11800
Beethoven/Piano_Sonatas/31-2/ADIG05M.mid,piece_8676e9e974ddb01f,Beethoven,Piano_Sonatas_31-2,0,ZERO,1393,0.25531524926686217,5456
Beethoven/Piano_Sonatas/31-2/ADIG05M.mid,piece_8676e9e974ddb01f,Beethoven,Piano_Sonatas_31-2,1,LOW,3132,0.5740469208211144,5456
Beethoven/Piano_Sonatas/31-2/ADIG05M.mid,piece_8676e9e974ddb01f,Beethoven,Piano_Sonatas_31-2,2,MID,327,0.05993401759530792,5456
Beethoven/Piano_Sonatas/31-2/ADIG05M.mid,piece_8676e9e974ddb01f,Beethoven,Piano_Sonatas_31-2,3,HIGH,348,0.06378299120234604,5456
Beethoven/Piano_Sonatas/31-2/ADIG05M.mid,piece_8676e9e974ddb01f,Beethoven,Piano_Sonatas_31-2,4,FULL,256,0.0469208211143695,5456
Beethoven/Piano_Sonatas/31-2/AbdelmoulaJS04.mid,piece_8676e9e974ddb01f,Beethoven,Piano_Sonatas_31-2,0,ZERO,2468,0.45301027900146845,5448
Beethoven/Piano_Sonatas/31-2/AbdelmoulaJS04.mid,piece_8676e9e974ddb01f,Beethoven,Piano_Sonatas_31-2,1,LOW,965,0.17712922173274595,5448
Beethoven/Piano_Sonatas/31-2/AbdelmoulaJS04.mid,piece_8676e9e974ddb01f,Beethoven,Piano_Sonatas_31-2,2,MID,979,0.17969897209985317,5448
Beethoven/Piano_Sonatas/31-2/AbdelmoulaJS04.mid,piece_8676e9e974ddb01f,Beethoven,Piano_Sonatas_31-2,3,HIGH,215,0.0394640234948605,5448
Beethoven/Piano_Sonatas/31-2/AbdelmoulaJS04.mid,piece_8676e9e974ddb01f,Beethoven,Piano_Sonatas_31-2,4,FULL,821,0.15069750367107196,5448
Beethoven/Piano_Sonatas/31-2/HuangSW09.mid,piece_8676e9e974ddb01f,Beethoven,Piano_Sonatas_31-2,0,ZERO,3888,0.7074235807860262,5496
Beethoven/Piano_Sonatas/31-2/HuangSW09.mid,piece_8676e9e974ddb01f,Beethoven,Piano_Sonatas_31-2,1,LOW,418,0.07605531295487628,5496
Beethoven/Piano_Sonatas/31-2/HuangSW09.mid,piece_8676e9e974ddb01f,Beethoven,Piano_Sonatas_31-2,2,MID,560,0.10189228529839883,5496
Beethoven/Piano_Sonatas/31-2/HuangSW09.mid,piece_8676e9e974ddb01f,Beethoven,Piano_Sonatas_31-2,3,HIGH,71,0.01291848617176128,5496
Beethoven/Piano_Sonatas/31-2/HuangSW09.mid,piece_8676e9e974ddb01f,Beethoven,Piano_Sonatas_31-2,4,FULL,559,0.10171033478893741,5496
Beethoven/Piano_Sonatas/31-2/LeungM04.mid,piece_8676e9e974ddb01f,Beethoven,Piano_Sonatas_31-2,0,ZERO,4044,0.7516728624535316,5380
Beethoven/Piano_Sonatas/31-2/LeungM04.mid,piece_8676e9e974ddb01f,Beethoven,Piano_Sonatas_31-2,1,LOW,368,0.06840148698884758,5380
Beethoven/Piano_Sonatas/31-2/LeungM04.mid,piece_8676e9e974ddb01f,Beethoven,Piano_Sonatas_31-2,2,MID,524,0.09739776951672863,5380
Beethoven/Piano_Sonatas/31-2/LeungM04.mid,piece_8676e9e974ddb01f,Beethoven,Piano_Sonatas_31-2,3,HIGH,115,0.02137546468401487,5380
Beethoven/Piano_Sonatas/31-2/LeungM04.mid,piece_8676e9e974ddb01f,Beethoven,Piano_Sonatas_31-2,4,FULL,329,0.06115241635687732,5380
Beethoven/Piano_Sonatas/31-2/Na06.mid,piece_8676e9e974ddb01f,Beethoven,Piano_Sonatas_31-2,0,ZERO,1260,0.2696917808219178,4672
Beethoven/Piano_Sonatas/31-2/Na06.mid,piece_8676e9e974ddb01f,Beethoven,Piano_Sonatas_31-2,1,LOW,1611,0.3448202054794521,4672
Beethoven/Piano_Sonatas/31-2/Na06.mid,piece_8676e9e974ddb01f,Beethoven,Piano_Sonatas_31-2,2,MID,1328,0.2842465753424658,4672
Beethoven/Piano_Sonatas/31-2/Na06.mid,piece_8676e9e974ddb01f,Beethoven,Piano_Sonatas_31-2,3,HIGH,39,0.008347602739726028,4672
Beethoven/Piano_Sonatas/31-2/Na06.mid,piece_8676e9e974ddb01f,Beethoven,Piano_Sonatas_31-2,4,FULL,434,0.09289383561643835,4672
Beethoven/Piano_Sonatas/31-2/Stahievitch02.mid,piece_8676e9e974ddb01f,Beethoven,Piano_Sonatas_31-2,0,ZERO,1859,0.34273598820059,5424
Beethoven/Piano_Sonatas/31-2/Stahievitch02.mid,piece_8676e9e974ddb01f,Beethoven,Piano_Sonatas_31-2,1,LOW,1455,0.2682522123893805,5424
Beethoven/Piano_Sonatas/31-2/Stahievitch02.mid,piece_8676e9e974ddb01f,Beethoven,Piano_Sonatas_31-2,2,MID,516,0.09513274336283185,5424
Beethoven/Piano_Sonatas/31-2/Stahievitch02.mid,piece_8676e9e974ddb01f,Beethoven,Piano_Sonatas_31-2,3,HIGH,706,0.1301622418879056,5424
Beethoven/Piano_Sonatas/31-2/Stahievitch02.mid,piece_8676e9e974ddb01f,Beethoven,Piano_Sonatas_31-2,4,FULL,888,0.16371681415929204,5424
Beethoven/Piano_Sonatas/31-2/Zuber04.mid,piece_8676e9e974ddb01f,Beethoven,Piano_Sonatas_31-2,0,ZERO,3636,0.662053896576839,5492
Beethoven/Piano_Sonatas/31-2/Zuber04.mid,piece_8676e9e974ddb01f,Beethoven,Piano_Sonatas_31-2,1,LOW,566,0.10305899490167517,5492
Beethoven/Piano_Sonatas/31-2/Zuber04.mid,piece_8676e9e974ddb01f,Beethoven,Piano_Sonatas_31-2,2,MID,1027,0.18699927166788055,5492
Beethoven/Piano_Sonatas/31-2/Zuber04.mid,piece_8676e9e974ddb01f,Beethoven,Piano_Sonatas_31-2,3,HIGH,76,0.013838310269482883,5492
Beethoven/Piano_Sonatas/31-2/Zuber04.mid,piece_8676e9e974ddb01f,Beethoven,Piano_Sonatas_31-2,4,FULL,187,0.03404952658412236,5492
Beethoven/Piano_Sonatas/31-3_4/ADIG05M.mid,piece_37b8b31fa6061643,Beethoven,Piano_Sonatas_31-3_4,0,ZERO,817,0.053148581837106426,15372
Beethoven/Piano_Sonatas/31-3_4/ADIG05M.mid,piece_37b8b31fa6061643,Beethoven,Piano_Sonatas_31-3_4,1,LOW,5340,0.3473848555815769,15372
Beethoven/Piano_Sonatas/31-3_4/ADIG05M.mid,piece_37b8b31fa6061643,Beethoven,Piano_Sonatas_31-3_4,2,MID,1572,0.10226385636221702,15372
Beethoven/Piano_Sonatas/31-3_4/ADIG05M.mid,piece_37b8b31fa6061643,Beethoven,Piano_Sonatas_31-3_4,3,HIGH,2881,0.18741868332032266,15372
Beethoven/Piano_Sonatas/31-3_4/ADIG05M.mid,piece_37b8b31fa6061643,Beethoven,Piano_Sonatas_31-3_4,4,FULL,4762,0.309784022898777,15372
Beethoven/Piano_Sonatas/31-3_4/AbdelmoulaJS05M.mid,piece_37b8b31fa6061643,Beethoven,Piano_Sonatas_31-3_4,0,ZERO,1236,0.08059467918622848,15336
Beethoven/Piano_Sonatas/31-3_4/AbdelmoulaJS05M.mid,piece_37b8b31fa6061643,Beethoven,Piano_Sonatas_31-3_4,1,LOW,2498,0.1628847157016171,15336
Beethoven/Piano_Sonatas/31-3_4/AbdelmoulaJS05M.mid,piece_37b8b31fa6061643,Beethoven,Piano_Sonatas_31-3_4,2,MID,5060,0.32994261867501307,15336
Beethoven/Piano_Sonatas/31-3_4/AbdelmoulaJS05M.mid,piece_37b8b31fa6061643,Beethoven,Piano_Sonatas_31-3_4,3,HIGH,2392,0.15597287428273343,15336
Beethoven/Piano_Sonatas/31-3_4/AbdelmoulaJS05M.mid,piece_37b8b31fa6061643,Beethoven,Piano_Sonatas_31-3_4,4,FULL,4150,0.2706051121544079,15336
Beethoven/Piano_Sonatas/31-3_4/BrendleA05.mid,piece_37b8b31fa6061643,Beethoven,Piano_Sonatas_31-3_4,0,ZERO,1776,0.1167806417674908,15208
Beethoven/Piano_Sonatas/31-3_4/BrendleA05.mid,piece_37b8b31fa6061643,Beethoven,Piano_Sonatas_31-3_4,1,LOW,1587,0.10435297211993688,15208
Beethoven/Piano_Sonatas/31-3_4/BrendleA05.mid,piece_37b8b31fa6061643,Beethoven,Piano_Sonatas_31-3_4,2,MID,1724,0.11336138874276697,15208
Beethoven/Piano_Sonatas/31-3_4/BrendleA05.mid,piece_37b8b31fa6061643,Beethoven,Piano_Sonatas_31-3_4,3,HIGH,359,0.02360599684376644,15208
Beethoven/Piano_Sonatas/31-3_4/BrendleA05.mid,piece_37b8b31fa6061643,Beethoven,Piano_Sonatas_31-3_4,4,FULL,9762,0.6418990005260389,15208
Beethoven/Piano_Sonatas/31-3_4/CHOE03.mid,piece_37b8b31fa6061643,Beethoven,Piano_Sonatas_31-3_4,0,ZERO,1039,0.06706687322489027,15492
Beethoven/Piano_Sonatas/31-3_4/CHOE03.mid,piece_37b8b31fa6061643,Beethoven,Piano_Sonatas_31-3_4,1,LOW,2598,0.16769945778466305,15492
Beethoven/Piano_Sonatas/31-3_4/CHOE03.mid,piece_37b8b31fa6061643,Beethoven,Piano_Sonatas_31-3_4,2,MID,2673,0.1725406661502711,15492
Beethoven/Piano_Sonatas/31-3_4/CHOE03.mid,piece_37b8b31fa6061643,Beethoven,Piano_Sonatas_31-3_4,3,HIGH,3131,0.20210431190291764,15492
Beethoven/Piano_Sonatas/31-3_4/CHOE03.mid,piece_37b8b31fa6061643,Beethoven,Piano_Sonatas_31-3_4,4,FULL,6051,0.39058869093725795,15492
Beethoven/Piano_Sonatas/31-3_4/Gokcin01.mid,piece_37b8b31fa6061643,Beethoven,Piano_Sonatas_31-3_4,0,ZERO,1378,0.09030144167758847,15260
Beethoven/Piano_Sonatas/31-3_4/Gokcin01.mid,piece_37b8b31fa6061643,Beethoven,Piano_Sonatas_31-3_4,1,LOW,1547,0.10137614678899083,15260
Beethoven/Piano_Sonatas/31-3_4/Gokcin01.mid,piece_37b8b31fa6061643,Beethoven,Piano_Sonatas_31-3_4,2,MID,2769,0.18145478374836174,15260
Beethoven/Piano_Sonatas/31-3_4/Gokcin01.mid,piece_37b8b31fa6061643,Beethoven,Piano_Sonatas_31-3_4,3,HIGH,1758,0.11520314547837483,15260
Beethoven/Piano_Sonatas/31-3_4/Gokcin01.mid,piece_37b8b31fa6061643,Beethoven,Piano_Sonatas_31-3_4,4,FULL,7808,0.5116644823066842,15260
Beethoven/Piano_Sonatas/31-3_4/HuangSW10M.mid,piece_37b8b31fa6061643,Beethoven,Piano_Sonatas_31-3_4,0,ZERO,2049,0.14111570247933886,14520
Beethoven/Piano_Sonatas/31-3_4/HuangSW10M.mid,piece_37b8b31fa6061643,Beethoven,Piano_Sonatas_31-3_4,1,LOW,1214,0.08360881542699725,14520
Beethoven/Piano_Sonatas/31-3_4/HuangSW10M.mid,piece_37b8b31fa6061643,Beethoven,Piano_Sonatas_31-3_4,2,MID,3088,0.21267217630853993,14520
Beethoven/Piano_Sonatas/31-3_4/HuangSW10M.mid,piece_37b8b31fa6061643,Beethoven,Piano_Sonatas_31-3_4,3,HIGH,677,0.04662534435261708,14520
Beethoven/Piano_Sonatas/31-3_4/HuangSW10M.mid,piece_37b8b31fa6061643,Beethoven,Piano_Sonatas_31-3_4,4,FULL,7492,0.5159779614325068,14520
Beethoven/Piano_Sonatas/31-3_4/LeungM05M.mid,piece_37b8b31fa6061643,Beethoven,Piano_Sonatas_31-3_4,0,ZERO,2613,0.16941130705394192,15424
Beethoven/Piano_Sonatas/31-3_4/LeungM05M.mid,piece_37b8b31fa6061643,Beethoven,Piano_Sonatas_31-3_4,1,LOW,1663,0.10781898340248963,15424
Beethoven/Piano_Sonatas/31-3_4/LeungM05M.mid,piece_37b8b31fa6061643,Beethoven,Piano_Sonatas_31-3_4,2,MID,2838,0.18399896265560167,15424
Beethoven/Piano_Sonatas/31-3_4/LeungM05M.mid,piece_37b8b31fa6061643,Beethoven,Piano_Sonatas_31-3_4,3,HIGH,1855,0.12026711618257262,15424
Beethoven/Piano_Sonatas/31-3_4/LeungM05M.mid,piece_37b8b31fa6061643,Beethoven,Piano_Sonatas_31-3_4,4,FULL,6455,0.4185036307053942,15424
Beethoven/Piano_Sonatas/31-3_4/Na06M.mid,piece_37b8b31fa6061643,Beethoven,Piano_Sonatas_31-3_4,0,ZERO,390,0.025417101147028155,15344
Beethoven/Piano_Sonatas/31-3_4/Na06M.mid,piece_37b8b31fa6061643,Beethoven,Piano_Sonatas_31-3_4,1,LOW,2867,0.1868482794577685,15344
Beethoven/Piano_Sonatas/31-3_4/Na06M.mid,piece_37b8b31fa6061643,Beethoven,Piano_Sonatas_31-3_4,2,MID,7287,0.4749087591240876,15344
Beethoven/Piano_Sonatas/31-3_4/Na06M.mid,piece_37b8b31fa6061643,Beethoven,Piano_Sonatas_31-3_4,3,HIGH,983,0.06406412930135558,15344
Beethoven/Piano_Sonatas/31-3_4/Na06M.mid,piece_37b8b31fa6061643,Beethoven,Piano_Sonatas_31-3_4,4,FULL,3817,0.24876173096976018,15344
Beethoven/Piano_Sonatas/31-3_4/ParkH01.mid,piece_37b8b31fa6061643,Beethoven,Piano_Sonatas_31-3_4,0,ZERO,2365,0.1543733681462141,15320
Beethoven/Piano_Sonatas/31-3_4/ParkH01.mid,piece_37b8b31fa6061643,Beethoven,Piano_Sonatas_31-3_4,1,LOW,3757,0.2452349869451697,15320
Beethoven/Piano_Sonatas/31-3_4/ParkH01.mid,piece_37b8b31fa6061643,Beethoven,Piano_Sonatas_31-3_4,2,MID,2183,0.1424934725848564,15320
Beethoven/Piano_Sonatas/31-3_4/ParkH01.mid,piece_37b8b31fa6061643,Beethoven,Piano_Sonatas_31-3_4,3,HIGH,369,0.02408616187989556,15320
Beethoven/Piano_Sonatas/31-3_4/ParkH01.mid,piece_37b8b31fa6061643,Beethoven,Piano_Sonatas_31-3_4,4,FULL,6646,0.43381201044386425,15320
Beethoven/Piano_Sonatas/31-3_4/Stahievitch02.mid,piece_37b8b31fa6061643,Beethoven,Piano_Sonatas_31-3_4,0,ZERO,789,0.0515282131661442,15312
Beethoven/Piano_Sonatas/31-3_4/Stahievitch02.mid,piece_37b8b31fa6061643,Beethoven,Piano_Sonatas_31-3_4,1,LOW,1683,0.10991379310344827,15312
Beethoven/Piano_Sonatas/31-3_4/Stahievitch02.mid,piece_37b8b31fa6061643,Beethoven,Piano_Sonatas_31-3_4,2,MID,1691,0.11043625914315569,15312
Beethoven/Piano_Sonatas/31-3_4/Stahievitch02.mid,piece_37b8b31fa6061643,Beethoven,Piano_Sonatas_31-3_4,3,HIGH,3297,0.21532131661442006,15312
Beethoven/Piano_Sonatas/31-3_4/Stahievitch02.mid,piece_37b8b31fa6061643,Beethoven,Piano_Sonatas_31-3_4,4,FULL,7852,0.5128004179728317,15312
Beethoven/Piano_Sonatas/31-3_4/Zuber04M.mid,piece_37b8b31fa6061643,Beethoven,Piano_Sonatas_31-3_4,0,ZERO,597,0.039050235478806906,15288
Beethoven/Piano_Sonatas/31-3_4/Zuber04M.mid,piece_37b8b31fa6061643,Beethoven,Piano_Sonatas_31-3_4,1,LOW,1183,0.07738095238095238,15288
Beethoven/Piano_Sonatas/31-3_4/Zuber04M.mid,piece_37b8b31fa6061643,Beethoven,Piano_Sonatas_31-3_4,2,MID,6496,0.4249084249084249,15288
Beethoven/Piano_Sonatas/31-3_4/Zuber04M.mid,piece_37b8b31fa6061643,Beethoven,Piano_Sonatas_31-3_4,3,HIGH,4235,0.27701465201465203,15288
Beethoven/Piano_Sonatas/31-3_4/Zuber04M.mid,piece_37b8b31fa6061643,Beethoven,Piano_Sonatas_31-3_4,4,FULL,2777,0.1816457352171638,15288
Beethoven/Piano_Sonatas/7-2/Larionova04.mid,piece_280d3fb90fdc39ac,Beethoven,Piano_Sonatas_7-2,0,ZERO,333,0.04008184882041406,8308
Beethoven/Piano_Sonatas/7-2/Larionova04.mid,piece_280d3fb90fdc39ac,Beethoven,Piano_Sonatas_7-2,1,LOW,2049,0.24662975445353877,8308
Beethoven/Piano_Sonatas/7-2/Larionova04.mid,piece_280d3fb90fdc39ac,Beethoven,Piano_Sonatas_7-2,2,MID,4576,0.5507944150216658,8308
Beethoven/Piano_Sonatas/7-2/Larionova04.mid,piece_280d3fb90fdc39ac,Beethoven,Piano_Sonatas_7-2,3,HIGH,935,0.11254212806933077,8308
Beethoven/Piano_Sonatas/7-2/Larionova04.mid,piece_280d3fb90fdc39ac,Beethoven,Piano_Sonatas_7-2,4,FULL,415,0.04995185363505055,8308
Beethoven/Piano_Sonatas/7-2/LeeS03.mid,piece_280d3fb90fdc39ac,Beethoven,Piano_Sonatas_7-2,0,ZERO,1648,0.1996124031007752,8256
Beethoven/Piano_Sonatas/7-2/LeeS03.mid,piece_280d3fb90fdc39ac,Beethoven,Piano_Sonatas_7-2,1,LOW,435,0.052688953488372096,8256
Beethoven/Piano_Sonatas/7-2/LeeS03.mid,piece_280d3fb90fdc39ac,Beethoven,Piano_Sonatas_7-2,2,MID,1080,0.1308139534883721,8256
Beethoven/Piano_Sonatas/7-2/LeeS03.mid,piece_280d3fb90fdc39ac,Beethoven,Piano_Sonatas_7-2,3,HIGH,731,0.08854166666666667,8256
Beethoven/Piano_Sonatas/7-2/LeeS03.mid,piece_280d3fb90fdc39ac,Beethoven,Piano_Sonatas_7-2,4,FULL,4362,0.528343023255814,8256
Beethoven/Piano_Sonatas/7-3/Larionova04.mid,piece_e79294c96a9d36df,Beethoven,Piano_Sonatas_7-3,0,ZERO,523,0.08846414073071719,5912
Beethoven/Piano_Sonatas/7-3/Larionova04.mid,piece_e79294c96a9d36df,Beethoven,Piano_Sonatas_7-3,1,LOW,3199,0.5411028416779432,5912
Beethoven/Piano_Sonatas/7-3/Larionova04.mid,piece_e79294c96a9d36df,Beethoven,Piano_Sonatas_7-3,2,MID,1980,0.3349120433017591,5912
Beethoven/Piano_Sonatas/7-3/Larionova04.mid,piece_e79294c96a9d36df,Beethoven,Piano_Sonatas_7-3,3,HIGH,108,0.018267929634641408,5912
Beethoven/Piano_Sonatas/7-3/Larionova04.mid,piece_e79294c96a9d36df,Beethoven,Piano_Sonatas_7-3,4,FULL,102,0.01725304465493911,5912
Beethoven/Piano_Sonatas/7-3/LeeS04.mid,piece_e79294c96a9d36df,Beethoven,Piano_Sonatas_7-3,0,ZERO,3612,0.6101351351351352,5920
Beethoven/Piano_Sonatas/7-3/LeeS04.mid,piece_e79294c96a9d36df,Beethoven,Piano_Sonatas_7-3,1,LOW,278,0.04695945945945946,5920
Beethoven/Piano_Sonatas/7-3/LeeS04.mid,piece_e79294c96a9d36df,Beethoven,Piano_Sonatas_7-3,2,MID,616,0.10405405405405406,5920
Beethoven/Piano_Sonatas/7-3/LeeS04.mid,piece_e79294c96a9d36df,Beethoven,Piano_Sonatas_7-3,3,HIGH,566,0.0956081081081081,5920
Beethoven/Piano_Sonatas/7-3/LeeS04.mid,piece_e79294c96a9d36df,Beethoven,Piano_Sonatas_7-3,4,FULL,848,0.14324324324324325,5920
Beethoven/Piano_Sonatas/7-4/Larionova04M.mid,piece_dde9257b6e9ebe2c,Beethoven,Piano_Sonatas_7-4,0,ZERO,645,0.07531527323680523,8564
Beethoven/Piano_Sonatas/7-4/Larionova04M.mid,piece_dde9257b6e9ebe2c,Beethoven,Piano_Sonatas_7-4,1,LOW,6157,0.7189397477814106,8564
Beethoven/Piano_Sonatas/7-4/Larionova04M.mid,piece_dde9257b6e9ebe2c,Beethoven,Piano_Sonatas_7-4,2,MID,1628,0.19009808500700606,8564
Beethoven/Piano_Sonatas/7-4/Larionova04M.mid,piece_dde9257b6e9ebe2c,Beethoven,Piano_Sonatas_7-4,3,HIGH,134,0.015646893974778142,8564
Beethoven/Piano_Sonatas/7-4/Larionova04M.mid,piece_dde9257b6e9ebe2c,Beethoven,Piano_Sonatas_7-4,4,FULL,0,0.0,8564
Beethoven/Piano_Sonatas/7-4/LeeS05M.mid,piece_dde9257b6e9ebe2c,Beethoven,Piano_Sonatas_7-4,0,ZERO,5602,0.6562792877225867,8536
Beethoven/Piano_Sonatas/7-4/LeeS05M.mid,piece_dde9257b6e9ebe2c,Beethoven,Piano_Sonatas_7-4,1,LOW,662,0.07755388940955951,8536
Beethoven/Piano_Sonatas/7-4/LeeS05M.mid,piece_dde9257b6e9ebe2c,Beethoven,Piano_Sonatas_7-4,2,MID,1083,0.12687441424554827,8536
Beethoven/Piano_Sonatas/7-4/LeeS05M.mid,piece_dde9257b6e9ebe2c,Beethoven,Piano_Sonatas_7-4,3,HIGH,406,0.04756326148078725,8536
Beethoven/Piano_Sonatas/7-4/LeeS05M.mid,piece_dde9257b6e9ebe2c,Beethoven,Piano_Sonatas_7-4,4,FULL,783,0.09172914714151828,8536
Beethoven/Piano_Sonatas/8-2/Na06.mid,piece_866a8bde34d9407c,Beethoven,Piano_Sonatas_8-2,0,ZERO,1322,0.20140158439975625,6564
Beethoven/Piano_Sonatas/8-2/Na06.mid,piece_866a8bde34d9407c,Beethoven,Piano_Sonatas_8-2,1,LOW,1483,0.22592931139549055,6564
Beethoven/Piano_Sonatas/8-2/Na06.mid,piece_866a8bde34d9407c,Beethoven,Piano_Sonatas_8-2,2,MID,3052,0.46496039000609385,6564
Beethoven/Piano_Sonatas/8-2/Na06.mid,piece_866a8bde34d9407c,Beethoven,Piano_Sonatas_8-2,3,HIGH,270,0.04113345521023766,6564
Beethoven/Piano_Sonatas/8-2/Na06.mid,piece_866a8bde34d9407c,Beethoven,Piano_Sonatas_8-2,4,FULL,437,0.06657525898842169,6564
Beethoven/Piano_Sonatas/8-3/Na06M.mid,piece_912834d22a6e3605,Beethoven,Piano_Sonatas_8-3,0,ZERO,6112,0.6303630363036303,9696
Beethoven/Piano_Sonatas/8-3/Na06M.mid,piece_912834d22a6e3605,Beethoven,Piano_Sonatas_8-3,1,LOW,2125,0.2191625412541254,9696
Beethoven/Piano_Sonatas/8-3/Na06M.mid,piece_912834d22a6e3605,Beethoven,Piano_Sonatas_8-3,2,MID,1004,0.10354785478547855,9696
Beethoven/Piano_Sonatas/8-3/Na06M.mid,piece_912834d22a6e3605,Beethoven,Piano_Sonatas_8-3,3,HIGH,82,0.008457095709570957,9696
Beethoven/Piano_Sonatas/8-3/Na06M.mid,piece_912834d22a6e3605,Beethoven,Piano_Sonatas_8-3,4,FULL,373,0.03846947194719472,9696
Beethoven/Piano_Sonatas/9-1/Tysman05M.mid,piece_ced1455f543263c1,Beethoven,Piano_Sonatas_9-1,0,ZERO,4416,0.3241338813857898,13624
Beethoven/Piano_Sonatas/9-1/Tysman05M.mid,piece_ced1455f543263c1,Beethoven,Piano_Sonatas_9-1,1,LOW,1468,0.10775102759835584,13624
Beethoven/Piano_Sonatas/9-1/Tysman05M.mid,piece_ced1455f543263c1,Beethoven,Piano_Sonatas_9-1,2,MID,6468,0.47475044039929537,13624
Beethoven/Piano_Sonatas/9-1/Tysman05M.mid,piece_ced1455f543263c1,Beethoven,Piano_Sonatas_9-1,3,HIGH,548,0.04022313564298297,13624
Beethoven/Piano_Sonatas/9-1/Tysman05M.mid,piece_ced1455f543263c1,Beethoven,Piano_Sonatas_9-1,4,FULL,724,0.05314151497357604,13624
Beethoven/Piano_Sonatas/9-2_no_trio/Tysman05.mid,piece_3f4d0dbd2938b448,Beethoven,Piano_Sonatas_9-2,0,ZERO,565,0.25775547445255476,2192
Beethoven/Piano_Sonatas/9-2_no_trio/Tysman05.mid,piece_3f4d0dbd2938b448,Beethoven,Piano_Sonatas_9-2,1,LOW,172,0.07846715328467153,2192
Beethoven/Piano_Sonatas/9-2_no_trio/Tysman05.mid,piece_3f4d0dbd2938b448,Beethoven,Piano_Sonatas_9-2,2,MID,1184,0.5401459854014599,2192
Beethoven/Piano_Sonatas/9-2_no_trio/Tysman05.mid,piece_3f4d0dbd2938b448,Beethoven,Piano_Sonatas_9-2,3,HIGH,202,0.09215328467153285,2192
Beethoven/Piano_Sonatas/9-2_no_trio/Tysman05.mid,piece_3f4d0dbd2938b448,Beethoven,Piano_Sonatas_9-2,4,FULL,69,0.031478102189781025,2192
Brahms/Six_Pieces_op_118/2/Shilyaev03.mid,piece_e77d19bd364b0ad7,Brahms,Six_Pieces_op_118_2,0,ZERO,54,0.008098380323935212,6668
Brahms/Six_Pieces_op_118/2/Shilyaev03.mid,piece_e77d19bd364b0ad7,Brahms,Six_Pieces_op_118_2,1,LOW,592,0.08878224355128975,6668
Brahms/Six_Pieces_op_118/2/Shilyaev03.mid,piece_e77d19bd364b0ad7,Brahms,Six_Pieces_op_118_2,2,MID,2536,0.38032393521295743,6668
Brahms/Six_Pieces_op_118/2/Shilyaev03.mid,piece_e77d19bd364b0ad7,Brahms,Six_Pieces_op_118_2,3,HIGH,1138,0.17066586682663468,6668
Brahms/Six_Pieces_op_118/2/Shilyaev03.mid,piece_e77d19bd364b0ad7,Brahms,Six_Pieces_op_118_2,4,FULL,2348,0.352129574085183,6668
Chopin/Ballades/1/Ali01.mid,piece_c8d6addc5ea74e2f,Chopin,Ballades_1,0,ZERO,2686,0.13218503937007875,20320
Chopin/Ballades/1/Ali01.mid,piece_c8d6addc5ea74e2f,Chopin,Ballades_1,1,LOW,1172,0.057677165354330706,20320
Chopin/Ballades/1/Ali01.mid,piece_c8d6addc5ea74e2f,Chopin,Ballades_1,2,MID,2232,0.10984251968503937,20320
Chopin/Ballades/1/Ali01.mid,piece_c8d6addc5ea74e2f,Chopin,Ballades_1,3,HIGH,2076,0.10216535433070865,20320
Chopin/Ballades/1/Ali01.mid,piece_c8d6addc5ea74e2f,Chopin,Ballades_1,4,FULL,12154,0.5981299212598425,20320
Chopin/Ballades/1/BuiJL04M.mid,piece_c8d6addc5ea74e2f,Chopin,Ballades_1,0,ZERO,2392,0.11843929490988314,20196
Chopin/Ballades/1/BuiJL04M.mid,piece_c8d6addc5ea74e2f,Chopin,Ballades_1,1,LOW,1604,0.07942166765696178,20196
Chopin/Ballades/1/BuiJL04M.mid,piece_c8d6addc5ea74e2f,Chopin,Ballades_1,2,MID,4049,0.20048524460289166,20196
Chopin/Ballades/1/BuiJL04M.mid,piece_c8d6addc5ea74e2f,Chopin,Ballades_1,3,HIGH,1467,0.07263814616755793,20196
Chopin/Ballades/1/BuiJL04M.mid,piece_c8d6addc5ea74e2f,Chopin,Ballades_1,4,FULL,10684,0.5290156466627055,20196
Chopin/Ballades/1/Day04.mid,piece_c8d6addc5ea74e2f,Chopin,Ballades_1,0,ZERO,1693,0.08485364875701684,19952
Chopin/Ballades/1/Day04.mid,piece_c8d6addc5ea74e2f,Chopin,Ballades_1,1,LOW,3746,0.1877506014434643,19952
Chopin/Ballades/1/Day04.mid,piece_c8d6addc5ea74e2f,Chopin,Ballades_1,2,MID,6518,0.3266840417000802,19952
Chopin/Ballades/1/Day04.mid,piece_c8d6addc5ea74e2f,Chopin,Ballades_1,3,HIGH,1808,0.09061748195669607,19952
Chopin/Ballades/1/Day04.mid,piece_c8d6addc5ea74e2f,Chopin,Ballades_1,4,FULL,6187,0.31009422614274257,19952
Chopin/Ballades/1/Dossin05.mid,piece_c8d6addc5ea74e2f,Chopin,Ballades_1,0,ZERO,742,0.03680555555555556,20160
Chopin/Ballades/1/Dossin05.mid,piece_c8d6addc5ea74e2f,Chopin,Ballades_1,1,LOW,2038,0.10109126984126984,20160
Chopin/Ballades/1/Dossin05.mid,piece_c8d6addc5ea74e2f,Chopin,Ballades_1,2,MID,3540,0.17559523809523808,20160
Chopin/Ballades/1/Dossin05.mid,piece_c8d6addc5ea74e2f,Chopin,Ballades_1,3,HIGH,3225,0.15997023809523808,20160
Chopin/Ballades/1/Dossin05.mid,piece_c8d6addc5ea74e2f,Chopin,Ballades_1,4,FULL,10615,0.5265376984126984,20160
Chopin/Ballades/1/JIA06M.mid,piece_c8d6addc5ea74e2f,Chopin,Ballades_1,0,ZERO,3191,0.15472265321955003,20624
Chopin/Ballades/1/JIA06M.mid,piece_c8d6addc5ea74e2f,Chopin,Ballades_1,1,LOW,1304,0.06322730799069046,20624
Chopin/Ballades/1/JIA06M.mid,piece_c8d6addc5ea74e2f,Chopin,Ballades_1,2,MID,1714,0.08310705973622963,20624
Chopin/Ballades/1/JIA06M.mid,piece_c8d6addc5ea74e2f,Chopin,Ballades_1,3,HIGH,2737,0.13270946470131886,20624
Chopin/Ballades/1/JIA06M.mid,piece_c8d6addc5ea74e2f,Chopin,Ballades_1,4,FULL,11678,0.566233514352211,20624
Chopin/Ballades/1/KimSuyeon04M.mid,piece_c8d6addc5ea74e2f,Chopin,Ballades_1,0,ZERO,1202,0.05841757387247278,20576
Chopin/Ballades/1/KimSuyeon04M.mid,piece_c8d6addc5ea74e2f,Chopin,Ballades_1,1,LOW,1724,0.08378693623639191,20576
Chopin/Ballades/1/KimSuyeon04M.mid,piece_c8d6addc5ea74e2f,Chopin,Ballades_1,2,MID,1974,0.09593701399688959,20576
Chopin/Ballades/1/KimSuyeon04M.mid,piece_c8d6addc5ea74e2f,Chopin,Ballades_1,3,HIGH,727,0.03533242612752722,20576
Chopin/Ballades/1/KimSuyeon04M.mid,piece_c8d6addc5ea74e2f,Chopin,Ballades_1,4,FULL,14949,0.7265260497667185,20576
Chopin/Ballades/1/LeeKoeun03.mid,piece_c8d6addc5ea74e2f,Chopin,Ballades_1,0,ZERO,2176,0.10772277227722772,20200
Chopin/Ballades/1/LeeKoeun03.mid,piece_c8d6addc5ea74e2f,Chopin,Ballades_1,1,LOW,998,0.04940594059405941,20200
Chopin/Ballades/1/LeeKoeun03.mid,piece_c8d6addc5ea74e2f,Chopin,Ballades_1,2,MID,1033,0.051138613861386135,20200
Chopin/Ballades/1/LeeKoeun03.mid,piece_c8d6addc5ea74e2f,Chopin,Ballades_1,3,HIGH,1736,0.08594059405940593,20200
Chopin/Ballades/1/LeeKoeun03.mid,piece_c8d6addc5ea74e2f,Chopin,Ballades_1,4,FULL,14257,0.7057920792079208,20200
Chopin/Ballades/1/LeeKoeun06.mid,piece_c8d6addc5ea74e2f,Chopin,Ballades_1,0,ZERO,1275,0.06350866706515242,20076
Chopin/Ballades/1/LeeKoeun06.mid,piece_c8d6addc5ea74e2f,Chopin,Ballades_1,1,LOW,1415,0.07048216776250249,20076
Chopin/Ballades/1/LeeKoeun06.mid,piece_c8d6addc5ea74e2f,Chopin,Ballades_1,2,MID,1824,0.09085475194261805,20076
Chopin/Ballades/1/LeeKoeun06.mid,piece_c8d6addc5ea74e2f,Chopin,Ballades_1,3,HIGH,3923,0.19540745168360232,20076
Chopin/Ballades/1/LeeKoeun06.mid,piece_c8d6addc5ea74e2f,Chopin,Ballades_1,4,FULL,11639,0.5797469615461247,20076
Chopin/Ballades/1/LinTao04.mid,piece_c8d6addc5ea74e2f,Chopin,Ballades_1,0,ZERO,491,0.02425409998024106,20244
Chopin/Ballades/1/LinTao04.mid,piece_c8d6addc5ea74e2f,Chopin,Ballades_1,1,LOW,2508,0.12388855957320688,20244
Chopin/Ballades/1/LinTao04.mid,piece_c8d6addc5ea74e2f,Chopin,Ballades_1,2,MID,1667,0.082345386287295,20244
Chopin/Ballades/1/LinTao04.mid,piece_c8d6addc5ea74e2f,Chopin,Ballades_1,3,HIGH,3634,0.179509978265165,20244
Chopin/Ballades/1/LinTao04.mid,piece_c8d6addc5ea74e2f,Chopin,Ballades_1,4,FULL,11944,0.5900019758940921,20244
Chopin/Ballades/1/McNamara02.mid,piece_c8d6addc5ea74e2f,Chopin,Ballades_1,0,ZERO,1249,0.060326506955177744,20704
Chopin/Ballades/1/McNamara02.mid,piece_c8d6addc5ea74e2f,Chopin,Ballades_1,1,LOW,2294,0.1107998454404946,20704
Chopin/Ballades/1/McNamara02.mid,piece_c8d6addc5ea74e2f,Chopin,Ballades_1,2,MID,4087,0.1974014683153014,20704
Chopin/Ballades/1/McNamara02.mid,piece_c8d6addc5ea74e2f,Chopin,Ballades_1,3,HIGH,1893,0.09143160741885625,20704
Chopin/Ballades/1/McNamara02.mid,piece_c8d6addc5ea74e2f,Chopin,Ballades_1,4,FULL,11181,0.54004057187017,20704
Chopin/Ballades/1/Mo07M.mid,piece_c8d6addc5ea74e2f,Chopin,Ballades_1,0,ZERO,1809,0.08962544589774078,20184
Chopin/Ballades/1/Mo07M.mid,piece_c8d6addc5ea74e2f,Chopin,Ballades_1,1,LOW,1151,0.05702536662703131,20184
Chopin/Ballades/1/Mo07M.mid,piece_c8d6addc5ea74e2f,Chopin,Ballades_1,2,MID,1874,0.09284581847007531,20184
Chopin/Ballades/1/Mo07M.mid,piece_c8d6addc5ea74e2f,Chopin,Ballades_1,3,HIGH,676,0.033491874752279036,20184
Chopin/Ballades/1/Mo07M.mid,piece_c8d6addc5ea74e2f,Chopin,Ballades_1,4,FULL,14674,0.7270114942528736,20184
Chopin/Ballades/1/MunA19M.mid,piece_c8d6addc5ea74e2f,Chopin,Ballades_1,0,ZERO,1381,0.06753716744913928,20448
Chopin/Ballades/1/MunA19M.mid,piece_c8d6addc5ea74e2f,Chopin,Ballades_1,1,LOW,2426,0.11864241001564946,20448
Chopin/Ballades/1/MunA19M.mid,piece_c8d6addc5ea74e2f,Chopin,Ballades_1,2,MID,1385,0.06773278560250391,20448
Chopin/Ballades/1/MunA19M.mid,piece_c8d6addc5ea74e2f,Chopin,Ballades_1,3,HIGH,334,0.01633411580594679,20448
Chopin/Ballades/1/MunA19M.mid,piece_c8d6addc5ea74e2f,Chopin,Ballades_1,4,FULL,14922,0.7297535211267606,20448
Chopin/Ballades/1/Richardson13M.mid,piece_c8d6addc5ea74e2f,Chopin,Ballades_1,0,ZERO,2393,0.1157380537821629,20676
Chopin/Ballades/1/Richardson13M.mid,piece_c8d6addc5ea74e2f,Chopin,Ballades_1,1,LOW,1697,0.08207583671890115,20676
Chopin/Ballades/1/Richardson13M.mid,piece_c8d6addc5ea74e2f,Chopin,Ballades_1,2,MID,2009,0.09716579609208745,20676
Chopin/Ballades/1/Richardson13M.mid,piece_c8d6addc5ea74e2f,Chopin,Ballades_1,3,HIGH,473,0.022876765331785644,20676
Chopin/Ballades/1/Richardson13M.mid,piece_c8d6addc5ea74e2f,Chopin,Ballades_1,4,FULL,14104,0.6821435480750628,20676
Chopin/Ballades/1/SINKEV05.mid,piece_c8d6addc5ea74e2f,Chopin,Ballades_1,0,ZERO,1704,0.0825421429955435,20644
Chopin/Ballades/1/SINKEV05.mid,piece_c8d6addc5ea74e2f,Chopin,Ballades_1,1,LOW,2379,0.11523929471032746,20644
Chopin/Ballades/1/SINKEV05.mid,piece_c8d6addc5ea74e2f,Chopin,Ballades_1,2,MID,1565,0.07580895175353614,20644
Chopin/Ballades/1/SINKEV05.mid,piece_c8d6addc5ea74e2f,Chopin,Ballades_1,3,HIGH,2708,0.13117612865723696,20644
Chopin/Ballades/1/SINKEV05.mid,piece_c8d6addc5ea74e2f,Chopin,Ballades_1,4,FULL,12288,0.5952334818833559,20644
Chopin/Ballades/1/SINKEV11.mid,piece_c8d6addc5ea74e2f,Chopin,Ballades_1,0,ZERO,1755,0.08455386394295625,20756
Chopin/Ballades/1/SINKEV11.mid,piece_c8d6addc5ea74e2f,Chopin,Ballades_1,1,LOW,1615,0.07780882636346116,20756
Chopin/Ballades/1/SINKEV11.mid,piece_c8d6addc5ea74e2f,Chopin,Ballades_1,2,MID,1517,0.07308730005781461,20756
Chopin/Ballades/1/SINKEV11.mid,piece_c8d6addc5ea74e2f,Chopin,Ballades_1,3,HIGH,4268,0.20562728849489303,20756
Chopin/Ballades/1/SINKEV11.mid,piece_c8d6addc5ea74e2f,Chopin,Ballades_1,4,FULL,11601,0.5589227211408749,20756
Chopin/Ballades/1/Sladek04M.mid,piece_c8d6addc5ea74e2f,Chopin,Ballades_1,0,ZERO,1357,0.06823209975864843,19888
Chopin/Ballades/1/Sladek04M.mid,piece_c8d6addc5ea74e2f,Chopin,Ballades_1,1,LOW,2108,0.10599356395816573,19888
Chopin/Ballades/1/Sladek04M.mid,piece_c8d6addc5ea74e2f,Chopin,Ballades_1,2,MID,3252,0.16351568785197104,19888
Chopin/Ballades/1/Sladek04M.mid,piece_c8d6addc5ea74e2f,Chopin,Ballades_1,3,HIGH,1060,0.05329847144006436,19888
Chopin/Ballades/1/Sladek04M.mid,piece_c8d6addc5ea74e2f,Chopin,Ballades_1,4,FULL,12111,0.6089601769911505,19888
Chopin/Ballades/1/YeSijing01.mid,piece_c8d6addc5ea74e2f,Chopin,Ballades_1,0,ZERO,2708,0.1334253054789121,20296
Chopin/Ballades/1/YeSijing01.mid,piece_c8d6addc5ea74e2f,Chopin,Ballades_1,1,LOW,1851,0.09120023649980291,20296
Chopin/Ballades/1/YeSijing01.mid,piece_c8d6addc5ea74e2f,Chopin,Ballades_1,2,MID,1921,0.0946491919590067,20296
Chopin/Ballades/1/YeSijing01.mid,piece_c8d6addc5ea74e2f,Chopin,Ballades_1,3,HIGH,678,0.033405597162002365,20296
Chopin/Ballades/1/YeSijing01.mid,piece_c8d6addc5ea74e2f,Chopin,Ballades_1,4,FULL,13138,0.6473196689002759,20296
Chopin/Ballades/1/Zhou06M.mid,piece_c8d6addc5ea74e2f,Chopin,Ballades_1,0,ZERO,1115,0.055406479825084474,20124
Chopin/Ballades/1/Zhou06M.mid,piece_c8d6addc5ea74e2f,Chopin,Ballades_1,1,LOW,2131,0.10589346054462334,20124
Chopin/Ballades/1/Zhou06M.mid,piece_c8d6addc5ea74e2f,Chopin,Ballades_1,2,MID,3502,0.17402106936990658,20124
Chopin/Ballades/1/Zhou06M.mid,piece_c8d6addc5ea74e2f,Chopin,Ballades_1,3,HIGH,1254,0.062313655336911154,20124
Chopin/Ballades/1/Zhou06M.mid,piece_c8d6addc5ea74e2f,Chopin,Ballades_1,4,FULL,12122,0.6023653349234744,20124
Chopin/Ballades/2/Denisova17M.mid,piece_4af2ab3c0298bb64,Chopin,Ballades_2,0,ZERO,992,0.059117997616209776,16780
Chopin/Ballades/2/Denisova17M.mid,piece_4af2ab3c0298bb64,Chopin,Ballades_2,1,LOW,404,0.02407628128724672,16780
Chopin/Ballades/2/Denisova17M.mid,piece_4af2ab3c0298bb64,Chopin,Ballades_2,2,MID,1648,0.09821215733015494,16780
Chopin/Ballades/2/Denisova17M.mid,piece_4af2ab3c0298bb64,Chopin,Ballades_2,3,HIGH,3250,0.1936829558998808,16780
Chopin/Ballades/2/Denisova17M.mid,piece_4af2ab3c0298bb64,Chopin,Ballades_2,4,FULL,10486,0.6249106078665078,16780
Chopin/Ballades/2/Gasanov04.mid,piece_4af2ab3c0298bb64,Chopin,Ballades_2,0,ZERO,2289,0.13382834424695977,17104
Chopin/Ballades/2/Gasanov04.mid,piece_4af2ab3c0298bb64,Chopin,Ballades_2,1,LOW,2043,0.11944574368568756,17104
Chopin/Ballades/2/Gasanov04.mid,piece_4af2ab3c0298bb64,Chopin,Ballades_2,2,MID,3180,0.18592142188961647,17104
Chopin/Ballades/2/Gasanov04.mid,piece_4af2ab3c0298bb64,Chopin,Ballades_2,3,HIGH,1053,0.061564546304957904,17104
Chopin/Ballades/2/Gasanov04.mid,piece_4af2ab3c0298bb64,Chopin,Ballades_2,4,FULL,8539,0.4992399438727783,17104
Chopin/Ballades/2/Gasanov08M.mid,piece_4af2ab3c0298bb64,Chopin,Ballades_2,0,ZERO,3900,0.22424103035878565,17392
Chopin/Ballades/2/Gasanov08M.mid,piece_4af2ab3c0298bb64,Chopin,Ballades_2,1,LOW,913,0.05249540018399264,17392
Chopin/Ballades/2/Gasanov08M.mid,piece_4af2ab3c0298bb64,Chopin,Ballades_2,2,MID,2630,0.1512189512419503,17392
Chopin/Ballades/2/Gasanov08M.mid,piece_4af2ab3c0298bb64,Chopin,Ballades_2,3,HIGH,791,0.04548068077276909,17392
Chopin/Ballades/2/Gasanov08M.mid,piece_4af2ab3c0298bb64,Chopin,Ballades_2,4,FULL,9158,0.5265639374425023,17392
Chopin/Ballades/2/GuoE04.mid,piece_4af2ab3c0298bb64,Chopin,Ballades_2,0,ZERO,552,0.0318118948824343,17352
Chopin/Ballades/2/GuoE04.mid,piece_4af2ab3c0298bb64,Chopin,Ballades_2,1,LOW,1231,0.07094283079760258,17352
Chopin/Ballades/2/GuoE04.mid,piece_4af2ab3c0298bb64,Chopin,Ballades_2,2,MID,5530,0.31869525126786535,17352
Chopin/Ballades/2/GuoE04.mid,piece_4af2ab3c0298bb64,Chopin,Ballades_2,3,HIGH,986,0.05682342093130475,17352
Chopin/Ballades/2/GuoE04.mid,piece_4af2ab3c0298bb64,Chopin,Ballades_2,4,FULL,9053,0.521726602120793,17352
Chopin/Ballades/2/Tetzloff06M.mid,piece_4af2ab3c0298bb64,Chopin,Ballades_2,0,ZERO,2122,0.130826140567201,16220
Chopin/Ballades/2/Tetzloff06M.mid,piece_4af2ab3c0298bb64,Chopin,Ballades_2,1,LOW,708,0.0436498150431566,16220
Chopin/Ballades/2/Tetzloff06M.mid,piece_4af2ab3c0298bb64,Chopin,Ballades_2,2,MID,5533,0.34112207151664614,16220
Chopin/Ballades/2/Tetzloff06M.mid,piece_4af2ab3c0298bb64,Chopin,Ballades_2,3,HIGH,2031,0.1252157829839704,16220
Chopin/Ballades/2/Tetzloff06M.mid,piece_4af2ab3c0298bb64,Chopin,Ballades_2,4,FULL,5826,0.3591861898890259,16220
Chopin/Ballades/3/Ko11M.mid,piece_25107898b32e58ce,Chopin,Ballades_3,0,ZERO,1383,0.07565645514223195,18280
Chopin/Ballades/3/Ko11M.mid,piece_25107898b32e58ce,Chopin,Ballades_3,1,LOW,228,0.012472647702407002,18280
Chopin/Ballades/3/Ko11M.mid,piece_25107898b32e58ce,Chopin,Ballades_3,2,MID,1628,0.08905908096280088,18280
Chopin/Ballades/3/Ko11M.mid,piece_25107898b32e58ce,Chopin,Ballades_3,3,HIGH,1804,0.09868708971553611,18280
Chopin/Ballades/3/Ko11M.mid,piece_25107898b32e58ce,Chopin,Ballades_3,4,FULL,13237,0.7241247264770241,18280
Chopin/Ballades/3/LinPeng06M.mid,piece_25107898b32e58ce,Chopin,Ballades_3,0,ZERO,1215,0.06636443084990168,18308
Chopin/Ballades/3/LinPeng06M.mid,piece_25107898b32e58ce,Chopin,Ballades_3,1,LOW,1952,0.10662005680576797,18308
Chopin/Ballades/3/LinPeng06M.mid,piece_25107898b32e58ce,Chopin,Ballades_3,2,MID,3196,0.1745684946471488,18308
Chopin/Ballades/3/LinPeng06M.mid,piece_25107898b32e58ce,Chopin,Ballades_3,3,HIGH,906,0.0494865632510378,18308
Chopin/Ballades/3/LinPeng06M.mid,piece_25107898b32e58ce,Chopin,Ballades_3,4,FULL,11039,0.6029604544461438,18308
Chopin/Ballades/3/Tan02.mid,piece_25107898b32e58ce,Chopin,Ballades_3,0,ZERO,2073,0.11786445303616101,17588
Chopin/Ballades/3/Tan02.mid,piece_25107898b32e58ce,Chopin,Ballades_3,1,LOW,2061,0.1171821696611326,17588
Chopin/Ballades/3/Tan02.mid,piece_25107898b32e58ce,Chopin,Ballades_3,2,MID,2621,0.14902206049579259,17588
Chopin/Ballades/3/Tan02.mid,piece_25107898b32e58ce,Chopin,Ballades_3,3,HIGH,761,0.04326813736638617,17588
Chopin/Ballades/3/Tan02.mid,piece_25107898b32e58ce,Chopin,Ballades_3,4,FULL,10072,0.5726631794405276,17588
Chopin/Ballades/4/ChenC04M.mid,piece_fcec8d8d34f57826,Chopin,Ballades_4,0,ZERO,3090,0.12554851292052657,24612
Chopin/Ballades/4/ChenC04M.mid,piece_fcec8d8d34f57826,Chopin,Ballades_4,1,LOW,2144,0.08711197789696083,24612
Chopin/Ballades/4/ChenC04M.mid,piece_fcec8d8d34f57826,Chopin,Ballades_4,2,MID,2742,0.11140906874695271,24612
Chopin/Ballades/4/ChenC04M.mid,piece_fcec8d8d34f57826,Chopin,Ballades_4,3,HIGH,471,0.019137006338371527,24612
Chopin/Ballades/4/ChenC04M.mid,piece_fcec8d8d34f57826,Chopin,Ballades_4,4,FULL,16165,0.6567934340971884,24612
Chopin/Ballades/4/Khmara02.mid,piece_fcec8d8d34f57826,Chopin,Ballades_4,0,ZERO,844,0.033679169992019156,25060
Chopin/Ballades/4/Khmara02.mid,piece_fcec8d8d34f57826,Chopin,Ballades_4,1,LOW,1268,0.05059856344772546,25060
Chopin/Ballades/4/Khmara02.mid,piece_fcec8d8d34f57826,Chopin,Ballades_4,2,MID,1347,0.05375099760574621,25060
Chopin/Ballades/4/Khmara02.mid,piece_fcec8d8d34f57826,Chopin,Ballades_4,3,HIGH,356,0.014205905826017558,25060
Chopin/Ballades/4/Khmara02.mid,piece_fcec8d8d34f57826,Chopin,Ballades_4,4,FULL,21245,0.8477653631284916,25060
Chopin/Ballades/4/Kociuban07M.mid,piece_fcec8d8d34f57826,Chopin,Ballades_4,0,ZERO,3344,0.13290937996820348,25160
Chopin/Ballades/4/Kociuban07M.mid,piece_fcec8d8d34f57826,Chopin,Ballades_4,1,LOW,1054,0.041891891891891894,25160
Chopin/Ballades/4/Kociuban07M.mid,piece_fcec8d8d34f57826,Chopin,Ballades_4,2,MID,9382,0.37289348171701114,25160
Chopin/Ballades/4/Kociuban07M.mid,piece_fcec8d8d34f57826,Chopin,Ballades_4,3,HIGH,4898,0.19467408585055643,25160
Chopin/Ballades/4/Kociuban07M.mid,piece_fcec8d8d34f57826,Chopin,Ballades_4,4,FULL,6482,0.25763116057233704,25160
Chopin/Ballades/4/Levitsky18M.mid,piece_fcec8d8d34f57826,Chopin,Ballades_4,0,ZERO,1447,0.06014131338320865,24060
Chopin/Ballades/4/Levitsky18M.mid,piece_fcec8d8d34f57826,Chopin,Ballades_4,1,LOW,857,0.035619285120532,24060
Chopin/Ballades/4/Levitsky18M.mid,piece_fcec8d8d34f57826,Chopin,Ballades_4,2,MID,2912,0.12103075644222776,24060
Chopin/Ballades/4/Levitsky18M.mid,piece_fcec8d8d34f57826,Chopin,Ballades_4,3,HIGH,4318,0.17946799667497923,24060
Chopin/Ballades/4/Levitsky18M.mid,piece_fcec8d8d34f57826,Chopin,Ballades_4,4,FULL,14526,0.6037406483790524,24060
Chopin/Ballades/4/Lim03.mid,piece_fcec8d8d34f57826,Chopin,Ballades_4,0,ZERO,1701,0.06815996153229684,24956
Chopin/Ballades/4/Lim03.mid,piece_fcec8d8d34f57826,Chopin,Ballades_4,1,LOW,3280,0.13143131912165412,24956
Chopin/Ballades/4/Lim03.mid,piece_fcec8d8d34f57826,Chopin,Ballades_4,2,MID,4002,0.160362237538067,24956
Chopin/Ballades/4/Lim03.mid,piece_fcec8d8d34f57826,Chopin,Ballades_4,3,HIGH,5961,0.23886039429395736,24956
Chopin/Ballades/4/Lim03.mid,piece_fcec8d8d34f57826,Chopin,Ballades_4,4,FULL,10012,0.4011860875140247,24956
Chopin/Ballades/4/LuEric04M.mid,piece_fcec8d8d34f57826,Chopin,Ballades_4,0,ZERO,1040,0.04161997758924284,24988
Chopin/Ballades/4/LuEric04M.mid,piece_fcec8d8d34f57826,Chopin,Ballades_4,1,LOW,1319,0.05278533696174163,24988
Chopin/Ballades/4/LuEric04M.mid,piece_fcec8d8d34f57826,Chopin,Ballades_4,2,MID,2323,0.09296462301904915,24988
Chopin/Ballades/4/LuEric04M.mid,piece_fcec8d8d34f57826,Chopin,Ballades_4,3,HIGH,743,0.029734272450776374,24988
Chopin/Ballades/4/LuEric04M.mid,piece_fcec8d8d34f57826,Chopin,Ballades_4,4,FULL,19563,0.78289578997919,24988
Chopin/Ballades/4/MiyashitaM04M.mid,piece_fcec8d8d34f57826,Chopin,Ballades_4,0,ZERO,551,0.022885861438777206,24076
Chopin/Ballades/4/MiyashitaM04M.mid,piece_fcec8d8d34f57826,Chopin,Ballades_4,1,LOW,1731,0.07189732513706595,24076
Chopin/Ballades/4/MiyashitaM04M.mid,piece_fcec8d8d34f57826,Chopin,Ballades_4,2,MID,3984,0.16547599268981558,24076
Chopin/Ballades/4/MiyashitaM04M.mid,piece_fcec8d8d34f57826,Chopin,Ballades_4,3,HIGH,1418,0.05889682671540123,24076
Chopin/Ballades/4/MiyashitaM04M.mid,piece_fcec8d8d34f57826,Chopin,Ballades_4,4,FULL,16392,0.68084399401894,24076
Chopin/Ballades/4/Mizumoto02M.mid,piece_fcec8d8d34f57826,Chopin,Ballades_4,0,ZERO,2025,0.08423460898502495,24040
Chopin/Ballades/4/Mizumoto02M.mid,piece_fcec8d8d34f57826,Chopin,Ballades_4,1,LOW,1740,0.0723793677204659,24040
Chopin/Ballades/4/Mizumoto02M.mid,piece_fcec8d8d34f57826,Chopin,Ballades_4,2,MID,3697,0.15378535773710483,24040
Chopin/Ballades/4/Mizumoto02M.mid,piece_fcec8d8d34f57826,Chopin,Ballades_4,3,HIGH,914,0.03801996672212978,24040
Chopin/Ballades/4/Mizumoto02M.mid,piece_fcec8d8d34f57826,Chopin,Ballades_4,4,FULL,15664,0.6515806988352746,24040
Chopin/Ballades/4/Nikiforov13M.mid,piece_fcec8d8d34f57826,Chopin,Ballades_4,0,ZERO,1859,0.07793895690088881,23852
Chopin/Ballades/4/Nikiforov13M.mid,piece_fcec8d8d34f57826,Chopin,Ballades_4,1,LOW,1385,0.058066409525406676,23852
Chopin/Ballades/4/Nikiforov13M.mid,piece_fcec8d8d34f57826,Chopin,Ballades_4,2,MID,4343,0.18208116719771927,23852
Chopin/Ballades/4/Nikiforov13M.mid,piece_fcec8d8d34f57826,Chopin,Ballades_4,3,HIGH,2780,0.11655207110514841,23852
Chopin/Ballades/4/Nikiforov13M.mid,piece_fcec8d8d34f57826,Chopin,Ballades_4,4,FULL,13485,0.5653613952708368,23852
Chopin/Ballades/4/SOLOM05.mid,piece_fcec8d8d34f57826,Chopin,Ballades_4,0,ZERO,1039,0.042547092547092547,24420
Chopin/Ballades/4/SOLOM05.mid,piece_fcec8d8d34f57826,Chopin,Ballades_4,1,LOW,2426,0.09934479934479934,24420
Chopin/Ballades/4/SOLOM05.mid,piece_fcec8d8d34f57826,Chopin,Ballades_4,2,MID,3996,0.16363636363636364,24420
Chopin/Ballades/4/SOLOM05.mid,piece_fcec8d8d34f57826,Chopin,Ballades_4,3,HIGH,3975,0.16277641277641278,24420
Chopin/Ballades/4/SOLOM05.mid,piece_fcec8d8d34f57826,Chopin,Ballades_4,4,FULL,12984,0.5316953316953317,24420
Chopin/Ballades/4/Yang03.mid,piece_fcec8d8d34f57826,Chopin,Ballades_4,0,ZERO,721,0.028927940940458995,24924
Chopin/Ballades/4/Yang03.mid,piece_fcec8d8d34f57826,Chopin,Ballades_4,1,LOW,1478,0.05930027282940138,24924
Chopin/Ballades/4/Yang03.mid,piece_fcec8d8d34f57826,Chopin,Ballades_4,2,MID,6868,0.27555769539399777,24924
Chopin/Ballades/4/Yang03.mid,piece_fcec8d8d34f57826,Chopin,Ballades_4,3,HIGH,3789,0.15202214732787675,24924
Chopin/Ballades/4/Yang03.mid,piece_fcec8d8d34f57826,Chopin,Ballades_4,4,FULL,12068,0.4841919435082651,24924
Chopin/Ballades/4/ZhangX02.mid,piece_fcec8d8d34f57826,Chopin,Ballades_4,0,ZERO,1391,0.057622203811101905,24140
Chopin/Ballades/4/ZhangX02.mid,piece_fcec8d8d34f57826,Chopin,Ballades_4,1,LOW,869,0.0359983429991715,24140
Chopin/Ballades/4/ZhangX02.mid,piece_fcec8d8d34f57826,Chopin,Ballades_4,2,MID,2882,0.11938690969345485,24140
Chopin/Ballades/4/ZhangX02.mid,piece_fcec8d8d34f57826,Chopin,Ballades_4,3,HIGH,1665,0.06897265948632975,24140
Chopin/Ballades/4/ZhangX02.mid,piece_fcec8d8d34f57826,Chopin,Ballades_4,4,FULL,17333,0.718019884009942,24140
Chopin/Barcarolle/Kociuban13.mid,piece_f596850122795be3,Chopin,Barcarolle,0,ZERO,1209,0.06328517587939698,19104
Chopin/Barcarolle/Kociuban13.mid,piece_f596850122795be3,Chopin,Barcarolle,1,LOW,647,0.03386725293132328,19104
Chopin/Barcarolle/Kociuban13.mid,piece_f596850122795be3,Chopin,Barcarolle,2,MID,5509,0.28836892797319935,19104
Chopin/Barcarolle/Kociuban13.mid,piece_f596850122795be3,Chopin,Barcarolle,3,HIGH,5720,0.29941373534338356,19104
Chopin/Barcarolle/Kociuban13.mid,piece_f596850122795be3,Chopin,Barcarolle,4,FULL,6019,0.3150649078726968,19104
Chopin/Barcarolle/LeeSH05M.mid,piece_f596850122795be3,Chopin,Barcarolle,0,ZERO,507,0.026968085106382978,18800
Chopin/Barcarolle/LeeSH05M.mid,piece_f596850122795be3,Chopin,Barcarolle,1,LOW,893,0.0475,18800
Chopin/Barcarolle/LeeSH05M.mid,piece_f596850122795be3,Chopin,Barcarolle,2,MID,1444,0.07680851063829787,18800
Chopin/Barcarolle/LeeSH05M.mid,piece_f596850122795be3,Chopin,Barcarolle,3,HIGH,709,0.03771276595744681,18800
Chopin/Barcarolle/LeeSH05M.mid,piece_f596850122795be3,Chopin,Barcarolle,4,FULL,15247,0.8110106382978723,18800
Chopin/Barcarolle/Na03.mid,piece_f596850122795be3,Chopin,Barcarolle,0,ZERO,152,0.007938165865886776,19148
Chopin/Barcarolle/Na03.mid,piece_f596850122795be3,Chopin,Barcarolle,1,LOW,1566,0.08178399832880719,19148
Chopin/Barcarolle/Na03.mid,piece_f596850122795be3,Chopin,Barcarolle,2,MID,4979,0.2600271568832254,19148
Chopin/Barcarolle/Na03.mid,piece_f596850122795be3,Chopin,Barcarolle,3,HIGH,2310,0.12063923125130561,19148
Chopin/Barcarolle/Na03.mid,piece_f596850122795be3,Chopin,Barcarolle,4,FULL,10141,0.5296114476707751,19148
Chopin/Barcarolle/Na09M.mid,piece_f596850122795be3,Chopin,Barcarolle,0,ZERO,264,0.013833577866275414,19084
Chopin/Barcarolle/Na09M.mid,piece_f596850122795be3,Chopin,Barcarolle,1,LOW,1844,0.09662544539928736,19084
Chopin/Barcarolle/Na09M.mid,piece_f596850122795be3,Chopin,Barcarolle,2,MID,7258,0.3803185914902536,19084
Chopin/Barcarolle/Na09M.mid,piece_f596850122795be3,Chopin,Barcarolle,3,HIGH,2232,0.11695661286941941,19084
Chopin/Barcarolle/Na09M.mid,piece_f596850122795be3,Chopin,Barcarolle,4,FULL,7486,0.3922657723747642,19084
Chopin/Barcarolle/Ozel10M.mid,piece_f596850122795be3,Chopin,Barcarolle,0,ZERO,1573,0.08486189037548554,18536
Chopin/Barcarolle/Ozel10M.mid,piece_f596850122795be3,Chopin,Barcarolle,1,LOW,1041,0.05616098403107467,18536
Chopin/Barcarolle/Ozel10M.mid,piece_f596850122795be3,Chopin,Barcarolle,2,MID,2111,0.11388649115235218,18536
Chopin/Barcarolle/Ozel10M.mid,piece_f596850122795be3,Chopin,Barcarolle,3,HIGH,1489,0.08033016832110487,18536
Chopin/Barcarolle/Ozel10M.mid,piece_f596850122795be3,Chopin,Barcarolle,4,FULL,12322,0.6647604661199827,18536
Chopin/Barcarolle/Park10M.mid,piece_f596850122795be3,Chopin,Barcarolle,0,ZERO,313,0.01639430127802221,19092
Chopin/Barcarolle/Park10M.mid,piece_f596850122795be3,Chopin,Barcarolle,1,LOW,991,0.05190655772051121,19092
Chopin/Barcarolle/Park10M.mid,piece_f596850122795be3,Chopin,Barcarolle,2,MID,4320,0.2262727844123193,19092
Chopin/Barcarolle/Park10M.mid,piece_f596850122795be3,Chopin,Barcarolle,3,HIGH,1634,0.08558558558558559,19092
Chopin/Barcarolle/Park10M.mid,piece_f596850122795be3,Chopin,Barcarolle,4,FULL,11834,0.6198407710035617,19092
Chopin/Barcarolle/Rozanski07M.mid,piece_f596850122795be3,Chopin,Barcarolle,0,ZERO,364,0.01926333615580017,18896
Chopin/Barcarolle/Rozanski07M.mid,piece_f596850122795be3,Chopin,Barcarolle,1,LOW,438,0.023179508890770535,18896
Chopin/Barcarolle/Rozanski07M.mid,piece_f596850122795be3,Chopin,Barcarolle,2,MID,3568,0.18882303132938189,18896
Chopin/Barcarolle/Rozanski07M.mid,piece_f596850122795be3,Chopin,Barcarolle,3,HIGH,2587,0.1369072819644369,18896
Chopin/Barcarolle/Rozanski07M.mid,piece_f596850122795be3,Chopin,Barcarolle,4,FULL,11939,0.6318268416596104,18896
Chopin/Barcarolle/Verbaite03.mid,piece_f596850122795be3,Chopin,Barcarolle,0,ZERO,2028,0.11004992402865205,18428
Chopin/Barcarolle/Verbaite03.mid,piece_f596850122795be3,Chopin,Barcarolle,1,LOW,415,0.02252007814195789,18428
Chopin/Barcarolle/Verbaite03.mid,piece_f596850122795be3,Chopin,Barcarolle,2,MID,4296,0.23312350770566528,18428
Chopin/Barcarolle/Verbaite03.mid,piece_f596850122795be3,Chopin,Barcarolle,3,HIGH,1566,0.08497937920555676,18428
Chopin/Barcarolle/Verbaite03.mid,piece_f596850122795be3,Chopin,Barcarolle,4,FULL,10123,0.549327110918168,18428
Chopin/Barcarolle/Wilshire04.mid,piece_f596850122795be3,Chopin,Barcarolle,0,ZERO,122,0.0063927897715363655,19084
Chopin/Barcarolle/Wilshire04.mid,piece_f596850122795be3,Chopin,Barcarolle,1,LOW,2305,0.1207818067491092,19084
Chopin/Barcarolle/Wilshire04.mid,piece_f596850122795be3,Chopin,Barcarolle,2,MID,7239,0.37932299308321105,19084
Chopin/Barcarolle/Wilshire04.mid,piece_f596850122795be3,Chopin,Barcarolle,3,HIGH,1495,0.07833787465940055,19084
Chopin/Barcarolle/Wilshire04.mid,piece_f596850122795be3,Chopin,Barcarolle,4,FULL,7923,0.41516453573674283,19084
Chopin/Berceuse_op_57/LeungM07M.mid,piece_de97ef37254a11f8,Chopin,Berceuse_op_57,0,ZERO,327,0.048003523194362886,6812
Chopin/Berceuse_op_57/LeungM07M.mid,piece_de97ef37254a11f8,Chopin,Berceuse_op_57,1,LOW,63,0.009248385202583675,6812
Chopin/Berceuse_op_57/LeungM07M.mid,piece_de97ef37254a11f8,Chopin,Berceuse_op_57,2,MID,272,0.03992953611274222,6812
Chopin/Berceuse_op_57/LeungM07M.mid,piece_de97ef37254a11f8,Chopin,Berceuse_op_57,3,HIGH,72,0.010569583088667059,6812
Chopin/Berceuse_op_57/LeungM07M.mid,piece_de97ef37254a11f8,Chopin,Berceuse_op_57,4,FULL,6078,0.8922489724016441,6812
Chopin/Berceuse_op_57/MiyashitaM06M.mid,piece_de97ef37254a11f8,Chopin,Berceuse_op_57,0,ZERO,0,0.0,6744
Chopin/Berceuse_op_57/MiyashitaM06M.mid,piece_de97ef37254a11f8,Chopin,Berceuse_op_57,1,LOW,292,0.04329774614472123,6744
Chopin/Berceuse_op_57/MiyashitaM06M.mid,piece_de97ef37254a11f8,Chopin,Berceuse_op_57,2,MID,681,0.10097864768683273,6744
Chopin/Berceuse_op_57/MiyashitaM06M.mid,piece_de97ef37254a11f8,Chopin,Berceuse_op_57,3,HIGH,540,0.0800711743772242,6744
Chopin/Berceuse_op_57/MiyashitaM06M.mid,piece_de97ef37254a11f8,Chopin,Berceuse_op_57,4,FULL,5231,0.7756524317912218,6744
Chopin/Berceuse_op_57/Tario07M.mid,piece_de97ef37254a11f8,Chopin,Berceuse_op_57,0,ZERO,240,0.034722222222222224,6912
Chopin/Berceuse_op_57/Tario07M.mid,piece_de97ef37254a11f8,Chopin,Berceuse_op_57,1,LOW,197,0.02850115740740741,6912
Chopin/Berceuse_op_57/Tario07M.mid,piece_de97ef37254a11f8,Chopin,Berceuse_op_57,2,MID,760,0.1099537037037037,6912
Chopin/Berceuse_op_57/Tario07M.mid,piece_de97ef37254a11f8,Chopin,Berceuse_op_57,3,HIGH,1256,0.18171296296296297,6912
Chopin/Berceuse_op_57/Tario07M.mid,piece_de97ef37254a11f8,Chopin,Berceuse_op_57,4,FULL,4459,0.6451099537037037,6912
Chopin/Berceuse_op_57/Teo11M.mid,piece_de97ef37254a11f8,Chopin,Berceuse_op_57,0,ZERO,31,0.004516317016317016,6864
Chopin/Berceuse_op_57/Teo11M.mid,piece_de97ef37254a11f8,Chopin,Berceuse_op_57,1,LOW,556,0.08100233100233101,6864
Chopin/Berceuse_op_57/Teo11M.mid,piece_de97ef37254a11f8,Chopin,Berceuse_op_57,2,MID,1103,0.16069347319347319,6864
Chopin/Berceuse_op_57/Teo11M.mid,piece_de97ef37254a11f8,Chopin,Berceuse_op_57,3,HIGH,870,0.12674825174825174,6864
Chopin/Berceuse_op_57/Teo11M.mid,piece_de97ef37254a11f8,Chopin,Berceuse_op_57,4,FULL,4304,0.627039627039627,6864
Chopin/Berceuse_op_57/ZhangE09M.mid,piece_de97ef37254a11f8,Chopin,Berceuse_op_57,0,ZERO,71,0.010496747486694264,6764
Chopin/Berceuse_op_57/ZhangE09M.mid,piece_de97ef37254a11f8,Chopin,Berceuse_op_57,1,LOW,577,0.08530455351862803,6764
Chopin/Berceuse_op_57/ZhangE09M.mid,piece_de97ef37254a11f8,Chopin,Berceuse_op_57,2,MID,2457,0.36324659964518036,6764
Chopin/Berceuse_op_57/ZhangE09M.mid,piece_de97ef37254a11f8,Chopin,Berceuse_op_57,3,HIGH,954,0.1410408042578356,6764
Chopin/Berceuse_op_57/ZhangE09M.mid,piece_de97ef37254a11f8,Chopin,Berceuse_op_57,4,FULL,2705,0.39991129509166173,6764
Chopin/Etudes_op_10/1/Avdeeva02.mid,piece_068f79291b041371,Chopin,Etudes_op_10_1,0,ZERO,264,0.04842259721203228,5452
Chopin/Etudes_op_10/1/Avdeeva02.mid,piece_068f79291b041371,Chopin,Etudes_op_10_1,1,LOW,239,0.043837123991195895,5452
Chopin/Etudes_op_10/1/Avdeeva02.mid,piece_068f79291b041371,Chopin,Etudes_op_10_1,2,MID,318,0.05832721936903888,5452
Chopin/Etudes_op_10/1/Avdeeva02.mid,piece_068f79291b041371,Chopin,Etudes_op_10_1,3,HIGH,234,0.04292002934702861,5452
Chopin/Etudes_op_10/1/Avdeeva02.mid,piece_068f79291b041371,Chopin,Etudes_op_10_1,4,FULL,4397,0.8064930300807043,5452
Chopin/Etudes_op_10/1/ChenW03M.mid,piece_068f79291b041371,Chopin,Etudes_op_10_1,0,ZERO,349,0.06135724331926864,5688
Chopin/Etudes_op_10/1/ChenW03M.mid,piece_068f79291b041371,Chopin,Etudes_op_10_1,1,LOW,342,0.060126582278481014,5688
Chopin/Etudes_op_10/1/ChenW03M.mid,piece_068f79291b041371,Chopin,Etudes_op_10_1,2,MID,235,0.04131504922644163,5688
Chopin/Etudes_op_10/1/ChenW03M.mid,piece_068f79291b041371,Chopin,Etudes_op_10_1,3,HIGH,53,0.009317862165963432,5688
Chopin/Etudes_op_10/1/ChenW03M.mid,piece_068f79291b041371,Chopin,Etudes_op_10_1,4,FULL,4709,0.8278832630098453,5688
Chopin/Etudes_op_10/1/HSU02.mid,piece_068f79291b041371,Chopin,Etudes_op_10_1,0,ZERO,815,0.13386990801576873,6088
Chopin/Etudes_op_10/1/HSU02.mid,piece_068f79291b041371,Chopin,Etudes_op_10_1,1,LOW,433,0.07112352168199737,6088
Chopin/Etudes_op_10/1/HSU02.mid,piece_068f79291b041371,Chopin,Etudes_op_10_1,2,MID,479,0.07867936925098555,6088
Chopin/Etudes_op_10/1/HSU02.mid,piece_068f79291b041371,Chopin,Etudes_op_10_1,3,HIGH,1287,0.2113994743758213,6088
Chopin/Etudes_op_10/1/HSU02.mid,piece_068f79291b041371,Chopin,Etudes_op_10_1,4,FULL,3074,0.5049277266754271,6088
Chopin/Etudes_op_10/1/ISHIDA04.mid,piece_068f79291b041371,Chopin,Etudes_op_10_1,0,ZERO,380,0.06747159090909091,5632
Chopin/Etudes_op_10/1/ISHIDA04.mid,piece_068f79291b041371,Chopin,Etudes_op_10_1,1,LOW,434,0.07705965909090909,5632
Chopin/Etudes_op_10/1/ISHIDA04.mid,piece_068f79291b041371,Chopin,Etudes_op_10_1,2,MID,1050,0.1864346590909091,5632
Chopin/Etudes_op_10/1/ISHIDA04.mid,piece_068f79291b041371,Chopin,Etudes_op_10_1,3,HIGH,2151,0.3819247159090909,5632
Chopin/Etudes_op_10/1/ISHIDA04.mid,piece_068f79291b041371,Chopin,Etudes_op_10_1,4,FULL,1617,0.287109375,5632
Chopin/Etudes_op_10/1/Jussow03.mid,piece_068f79291b041371,Chopin,Etudes_op_10_1,0,ZERO,411,0.0730796586059744,5624
Chopin/Etudes_op_10/1/Jussow03.mid,piece_068f79291b041371,Chopin,Etudes_op_10_1,1,LOW,196,0.03485064011379801,5624
Chopin/Etudes_op_10/1/Jussow03.mid,piece_068f79291b041371,Chopin,Etudes_op_10_1,2,MID,262,0.04658605974395448,5624
Chopin/Etudes_op_10/1/Jussow03.mid,piece_068f79291b041371,Chopin,Etudes_op_10_1,3,HIGH,82,0.014580369843527738,5624
Chopin/Etudes_op_10/1/Jussow03.mid,piece_068f79291b041371,Chopin,Etudes_op_10_1,4,FULL,4673,0.8309032716927454,5624
Chopin/Etudes_op_10/1/KaiRuiR03M.mid,piece_068f79291b041371,Chopin,Etudes_op_10_1,0,ZERO,216,0.03967670830271859,5444
Chopin/Etudes_op_10/1/KaiRuiR03M.mid,piece_068f79291b041371,Chopin,Etudes_op_10_1,1,LOW,198,0.03637031594415871,5444
Chopin/Etudes_op_10/1/KaiRuiR03M.mid,piece_068f79291b041371,Chopin,Etudes_op_10_1,2,MID,277,0.0508817046289493,5444
Chopin/Etudes_op_10/1/KaiRuiR03M.mid,piece_068f79291b041371,Chopin,Etudes_op_10_1,3,HIGH,65,0.011939750183688464,5444
Chopin/Etudes_op_10/1/KaiRuiR03M.mid,piece_068f79291b041371,Chopin,Etudes_op_10_1,4,FULL,4688,0.861131520940485,5444
Chopin/Etudes_op_10/1/LeeHanchien02.mid,piece_068f79291b041371,Chopin,Etudes_op_10_1,0,ZERO,188,0.034432234432234435,5460
Chopin/Etudes_op_10/1/LeeHanchien02.mid,piece_068f79291b041371,Chopin,Etudes_op_10_1,1,LOW,195,0.03571428571428571,5460
Chopin/Etudes_op_10/1/LeeHanchien02.mid,piece_068f79291b041371,Chopin,Etudes_op_10_1,2,MID,388,0.07106227106227106,5460
Chopin/Etudes_op_10/1/LeeHanchien02.mid,piece_068f79291b041371,Chopin,Etudes_op_10_1,3,HIGH,216,0.03956043956043956,5460
Chopin/Etudes_op_10/1/LeeHanchien02.mid,piece_068f79291b041371,Chopin,Etudes_op_10_1,4,FULL,4473,0.8192307692307692,5460
Chopin/Etudes_op_10/1/LiYZ02M.mid,piece_068f79291b041371,Chopin,Etudes_op_10_1,0,ZERO,187,0.03414901387874361,5476
Chopin/Etudes_op_10/1/LiYZ02M.mid,piece_068f79291b041371,Chopin,Etudes_op_10_1,1,LOW,471,0.08601168736303871,5476
Chopin/Etudes_op_10/1/LiYZ02M.mid,piece_068f79291b041371,Chopin,Etudes_op_10_1,2,MID,274,0.05003652300949598,5476
Chopin/Etudes_op_10/1/LiYZ02M.mid,piece_068f79291b041371,Chopin,Etudes_op_10_1,3,HIGH,57,0.010409057706355003,5476
Chopin/Etudes_op_10/1/LiYZ02M.mid,piece_068f79291b041371,Chopin,Etudes_op_10_1,4,FULL,4487,0.8193937180423667,5476
Chopin/Etudes_op_10/1/LuM02M.mid,piece_068f79291b041371,Chopin,Etudes_op_10_1,0,ZERO,513,0.09213362068965517,5568
Chopin/Etudes_op_10/1/LuM02M.mid,piece_068f79291b041371,Chopin,Etudes_op_10_1,1,LOW,822,0.1476293103448276,5568
Chopin/Etudes_op_10/1/LuM02M.mid,piece_068f79291b041371,Chopin,Etudes_op_10_1,2,MID,1265,0.22719109195402298,5568
Chopin/Etudes_op_10/1/LuM02M.mid,piece_068f79291b041371,Chopin,Etudes_op_10_1,3,HIGH,394,0.07076149425287356,5568
Chopin/Etudes_op_10/1/LuM02M.mid,piece_068f79291b041371,Chopin,Etudes_op_10_1,4,FULL,2574,0.46228448275862066,5568
Chopin/Etudes_op_10/1/Mikhailoff05.mid,piece_068f79291b041371,Chopin,Etudes_op_10_1,0,ZERO,1,0.0001783166904422254,5608
Chopin/Etudes_op_10/1/Mikhailoff05.mid,piece_068f79291b041371,Chopin,Etudes_op_10_1,1,LOW,793,0.14140513552068473,5608
Chopin/Etudes_op_10/1/Mikhailoff05.mid,piece_068f79291b041371,Chopin,Etudes_op_10_1,2,MID,615,0.10966476462196861,5608
Chopin/Etudes_op_10/1/Mikhailoff05.mid,piece_068f79291b041371,Chopin,Etudes_op_10_1,3,HIGH,646,0.1151925820256776,5608
Chopin/Etudes_op_10/1/Mikhailoff05.mid,piece_068f79291b041371,Chopin,Etudes_op_10_1,4,FULL,3553,0.6335592011412268,5608
Chopin/Etudes_op_10/1/MorozovS02.mid,piece_068f79291b041371,Chopin,Etudes_op_10_1,0,ZERO,326,0.058717579250720464,5552
Chopin/Etudes_op_10/1/MorozovS02.mid,piece_068f79291b041371,Chopin,Etudes_op_10_1,1,LOW,260,0.0468299711815562,5552
Chopin/Etudes_op_10/1/MorozovS02.mid,piece_068f79291b041371,Chopin,Etudes_op_10_1,2,MID,282,0.050792507204610954,5552
Chopin/Etudes_op_10/1/MorozovS02.mid,piece_068f79291b041371,Chopin,Etudes_op_10_1,3,HIGH,88,0.01585014409221902,5552
Chopin/Etudes_op_10/1/MorozovS02.mid,piece_068f79291b041371,Chopin,Etudes_op_10_1,4,FULL,4596,0.8278097982708934,5552
Chopin/Etudes_op_10/1/MunA07M.mid,piece_068f79291b041371,Chopin,Etudes_op_10_1,0,ZERO,601,0.10291095890410959,5840
Chopin/Etudes_op_10/1/MunA07M.mid,piece_068f79291b041371,Chopin,Etudes_op_10_1,1,LOW,274,0.046917808219178084,5840
Chopin/Etudes_op_10/1/MunA07M.mid,piece_068f79291b041371,Chopin,Etudes_op_10_1,2,MID,192,0.03287671232876712,5840
Chopin/Etudes_op_10/1/MunA07M.mid,piece_068f79291b041371,Chopin,Etudes_op_10_1,3,HIGH,24,0.00410958904109589,5840
Chopin/Etudes_op_10/1/MunA07M.mid,piece_068f79291b041371,Chopin,Etudes_op_10_1,4,FULL,4749,0.8131849315068493,5840
Chopin/Etudes_op_10/1/NAKAJI02.mid,piece_068f79291b041371,Chopin,Etudes_op_10_1,0,ZERO,343,0.06218274111675127,5516
Chopin/Etudes_op_10/1/NAKAJI02.mid,piece_068f79291b041371,Chopin,Etudes_op_10_1,1,LOW,214,0.0387962291515591,5516
Chopin/Etudes_op_10/1/NAKAJI02.mid,piece_068f79291b041371,Chopin,Etudes_op_10_1,2,MID,263,0.047679477882523566,5516
Chopin/Etudes_op_10/1/NAKAJI02.mid,piece_068f79291b041371,Chopin,Etudes_op_10_1,3,HIGH,767,0.1390500362581581,5516
Chopin/Etudes_op_10/1/NAKAJI02.mid,piece_068f79291b041371,Chopin,Etudes_op_10_1,4,FULL,3929,0.712291515591008,5516
Chopin/Etudes_op_10/1/Park02.mid,piece_068f79291b041371,Chopin,Etudes_op_10_1,0,ZERO,837,0.1534090909090909,5456
Chopin/Etudes_op_10/1/Park02.mid,piece_068f79291b041371,Chopin,Etudes_op_10_1,1,LOW,218,0.03995601173020528,5456
Chopin/Etudes_op_10/1/Park02.mid,piece_068f79291b041371,Chopin,Etudes_op_10_1,2,MID,319,0.05846774193548387,5456
Chopin/Etudes_op_10/1/Park02.mid,piece_068f79291b041371,Chopin,Etudes_op_10_1,3,HIGH,167,0.03060850439882698,5456
Chopin/Etudes_op_10/1/Park02.mid,piece_068f79291b041371,Chopin,Etudes_op_10_1,4,FULL,3915,0.7175586510263929,5456
Chopin/Etudes_op_10/1/Savitski03.mid,piece_068f79291b041371,Chopin,Etudes_op_10_1,0,ZERO,145,0.024862825788751715,5832
Chopin/Etudes_op_10/1/Savitski03.mid,piece_068f79291b041371,Chopin,Etudes_op_10_1,1,LOW,182,0.031207133058984912,5832
Chopin/Etudes_op_10/1/Savitski03.mid,piece_068f79291b041371,Chopin,Etudes_op_10_1,2,MID,310,0.053155006858710566,5832
Chopin/Etudes_op_10/1/Savitski03.mid,piece_068f79291b041371,Chopin,Etudes_op_10_1,3,HIGH,112,0.019204389574759947,5832
Chopin/Etudes_op_10/1/Savitski03.mid,piece_068f79291b041371,Chopin,Etudes_op_10_1,4,FULL,5083,0.8715706447187929,5832
Chopin/Etudes_op_10/1/Shelest02.mid,piece_068f79291b041371,Chopin,Etudes_op_10_1,0,ZERO,110,0.019230769230769232,5720
Chopin/Etudes_op_10/1/Shelest02.mid,piece_068f79291b041371,Chopin,Etudes_op_10_1,1,LOW,206,0.03601398601398601,5720
Chopin/Etudes_op_10/1/Shelest02.mid,piece_068f79291b041371,Chopin,Etudes_op_10_1,2,MID,313,0.05472027972027972,5720
Chopin/Etudes_op_10/1/Shelest02.mid,piece_068f79291b041371,Chopin,Etudes_op_10_1,3,HIGH,83,0.01451048951048951,5720
Chopin/Etudes_op_10/1/Shelest02.mid,piece_068f79291b041371,Chopin,Etudes_op_10_1,4,FULL,5008,0.8755244755244755,5720
Chopin/Etudes_op_10/1/Stahievitch03.mid,piece_068f79291b041371,Chopin,Etudes_op_10_1,0,ZERO,580,0.10139860139860139,5720
Chopin/Etudes_op_10/1/Stahievitch03.mid,piece_068f79291b041371,Chopin,Etudes_op_10_1,1,LOW,330,0.057692307692307696,5720
Chopin/Etudes_op_10/1/Stahievitch03.mid,piece_068f79291b041371,Chopin,Etudes_op_10_1,2,MID,538,0.09405594405594406,5720
Chopin/Etudes_op_10/1/Stahievitch03.mid,piece_068f79291b041371,Chopin,Etudes_op_10_1,3,HIGH,335,0.05856643356643357,5720
Chopin/Etudes_op_10/1/Stahievitch03.mid,piece_068f79291b041371,Chopin,Etudes_op_10_1,4,FULL,3937,0.6882867132867133,5720
Chopin/Etudes_op_10/1/SunY03M.mid,piece_068f79291b041371,Chopin,Etudes_op_10_1,0,ZERO,393,0.07088744588744589,5544
Chopin/Etudes_op_10/1/SunY03M.mid,piece_068f79291b041371,Chopin,Etudes_op_10_1,1,LOW,156,0.02813852813852814,5544
Chopin/Etudes_op_10/1/SunY03M.mid,piece_068f79291b041371,Chopin,Etudes_op_10_1,2,MID,301,0.054292929292929296,5544
Chopin/Etudes_op_10/1/SunY03M.mid,piece_068f79291b041371,Chopin,Etudes_op_10_1,3,HIGH,72,0.012987012987012988,5544
Chopin/Etudes_op_10/1/SunY03M.mid,piece_068f79291b041371,Chopin,Etudes_op_10_1,4,FULL,4622,0.8336940836940837,5544
Chopin/Etudes_op_10/1/Terenkova02.mid,piece_068f79291b041371,Chopin,Etudes_op_10_1,0,ZERO,371,0.06582682753726046,5636
Chopin/Etudes_op_10/1/Terenkova02.mid,piece_068f79291b041371,Chopin,Etudes_op_10_1,1,LOW,468,0.0830376153300213,5636
Chopin/Etudes_op_10/1/Terenkova02.mid,piece_068f79291b041371,Chopin,Etudes_op_10_1,2,MID,2146,0.3807665010645848,5636
Chopin/Etudes_op_10/1/Terenkova02.mid,piece_068f79291b041371,Chopin,Etudes_op_10_1,3,HIGH,1188,0.21078779276082327,5636
Chopin/Etudes_op_10/1/Terenkova02.mid,piece_068f79291b041371,Chopin,Etudes_op_10_1,4,FULL,1463,0.25958126330731013,5636
Chopin/Etudes_op_10/1/Tysman02.mid,piece_068f79291b041371,Chopin,Etudes_op_10_1,0,ZERO,280,0.05061460592913955,5532
Chopin/Etudes_op_10/1/Tysman02.mid,piece_068f79291b041371,Chopin,Etudes_op_10_1,1,LOW,319,0.0576644974692697,5532
Chopin/Etudes_op_10/1/Tysman02.mid,piece_068f79291b041371,Chopin,Etudes_op_10_1,2,MID,520,0.09399855386840203,5532
Chopin/Etudes_op_10/1/Tysman02.mid,piece_068f79291b041371,Chopin,Etudes_op_10_1,3,HIGH,440,0.07953723788864786,5532
Chopin/Etudes_op_10/1/Tysman02.mid,piece_068f79291b041371,Chopin,Etudes_op_10_1,4,FULL,3973,0.7181851048445409,5532
Chopin/Etudes_op_10/1/Verbaite02.mid,piece_068f79291b041371,Chopin,Etudes_op_10_1,0,ZERO,466,0.08163980378416258,5708
Chopin/Etudes_op_10/1/Verbaite02.mid,piece_068f79291b041371,Chopin,Etudes_op_10_1,1,LOW,34,0.005956552207428171,5708
Chopin/Etudes_op_10/1/Verbaite02.mid,piece_068f79291b041371,Chopin,Etudes_op_10_1,2,MID,787,0.13787666433076384,5708
Chopin/Etudes_op_10/1/Verbaite02.mid,piece_068f79291b041371,Chopin,Etudes_op_10_1,3,HIGH,540,0.09460406447091801,5708
Chopin/Etudes_op_10/1/Verbaite02.mid,piece_068f79291b041371,Chopin,Etudes_op_10_1,4,FULL,3881,0.6799229152067274,5708
Chopin/Etudes_op_10/1/YeF03M.mid,piece_068f79291b041371,Chopin,Etudes_op_10_1,0,ZERO,342,0.06063829787234042,5640
Chopin/Etudes_op_10/1/YeF03M.mid,piece_068f79291b041371,Chopin,Etudes_op_10_1,1,LOW,117,0.02074468085106383,5640
Chopin/Etudes_op_10/1/YeF03M.mid,piece_068f79291b041371,Chopin,Etudes_op_10_1,2,MID,220,0.03900709219858156,5640
Chopin/Etudes_op_10/1/YeF03M.mid,piece_068f79291b041371,Chopin,Etudes_op_10_1,3,HIGH,35,0.0062056737588652485,5640
Chopin/Etudes_op_10/1/YeF03M.mid,piece_068f79291b041371,Chopin,Etudes_op_10_1,4,FULL,4926,0.8734042553191489,5640
Chopin/Etudes_op_10/1/YuP02M.mid,piece_068f79291b041371,Chopin,Etudes_op_10_1,0,ZERO,510,0.09245830311820159,5516
Chopin/Etudes_op_10/1/YuP02M.mid,piece_068f79291b041371,Chopin,Etudes_op_10_1,1,LOW,155,0.02810007251631617,5516
Chopin/Etudes_op_10/1/YuP02M.mid,piece_068f79291b041371,Chopin,Etudes_op_10_1,2,MID,272,0.049311094996374184,5516
Chopin/Etudes_op_10/1/YuP02M.mid,piece_068f79291b041371,Chopin,Etudes_op_10_1,3,HIGH,88,0.01595358955765047,5516
Chopin/Etudes_op_10/1/YuP02M.mid,piece_068f79291b041371,Chopin,Etudes_op_10_1,4,FULL,4491,0.8141769398114576,5516
Chopin/Etudes_op_10/1/Zhdanov02.mid,piece_068f79291b041371,Chopin,Etudes_op_10_1,0,ZERO,224,0.04043321299638989,5540
Chopin/Etudes_op_10/1/Zhdanov02.mid,piece_068f79291b041371,Chopin,Etudes_op_10_1,1,LOW,326,0.058844765342960285,5540
Chopin/Etudes_op_10/1/Zhdanov02.mid,piece_068f79291b041371,Chopin,Etudes_op_10_1,2,MID,495,0.08935018050541517,5540
Chopin/Etudes_op_10/1/Zhdanov02.mid,piece_068f79291b041371,Chopin,Etudes_op_10_1,3,HIGH,167,0.030144404332129966,5540
Chopin/Etudes_op_10/1/Zhdanov02.mid,piece_068f79291b041371,Chopin,Etudes_op_10_1,4,FULL,4328,0.7812274368231047,5540
Chopin/Etudes_op_10/1/Zukiewicz02.mid,piece_068f79291b041371,Chopin,Etudes_op_10_1,0,ZERO,741,0.13036593947923997,5684
Chopin/Etudes_op_10/1/Zukiewicz02.mid,piece_068f79291b041371,Chopin,Etudes_op_10_1,1,LOW,135,0.023750879662209713,5684
Chopin/Etudes_op_10/1/Zukiewicz02.mid,piece_068f79291b041371,Chopin,Etudes_op_10_1,2,MID,325,0.0571780436312456,5684
Chopin/Etudes_op_10/1/Zukiewicz02.mid,piece_068f79291b041371,Chopin,Etudes_op_10_1,3,HIGH,117,0.020584095707248416,5684
Chopin/Etudes_op_10/1/Zukiewicz02.mid,piece_068f79291b041371,Chopin,Etudes_op_10_1,4,FULL,4366,0.7681210415200563,5684
Chopin/Etudes_op_10/10/Na_2009_02.mid,piece_a9b29a246d86538b,Chopin,Etudes_op_10_10,0,ZERO,295,0.03276321634828965,9004
Chopin/Etudes_op_10/10/Na_2009_02.mid,piece_a9b29a246d86538b,Chopin,Etudes_op_10_10,1,LOW,1061,0.11783651710350955,9004
Chopin/Etudes_op_10/10/Na_2009_02.mid,piece_a9b29a246d86538b,Chopin,Etudes_op_10_10,2,MID,2923,0.3246334962239005,9004
Chopin/Etudes_op_10/10/Na_2009_02.mid,piece_a9b29a246d86538b,Chopin,Etudes_op_10_10,3,HIGH,2334,0.25921812527765437,9004
Chopin/Etudes_op_10/10/Na_2009_02.mid,piece_a9b29a246d86538b,Chopin,Etudes_op_10_10,4,FULL,2391,0.26554864504664594,9004
Chopin/Etudes_op_10/10/WangH02M.mid,piece_a9b29a246d86538b,Chopin,Etudes_op_10_10,0,ZERO,524,0.05869175627240143,8928
Chopin/Etudes_op_10/10/WangH02M.mid,piece_a9b29a246d86538b,Chopin,Etudes_op_10_10,1,LOW,460,0.05152329749103943,8928
Chopin/Etudes_op_10/10/WangH02M.mid,piece_a9b29a246d86538b,Chopin,Etudes_op_10_10,2,MID,961,0.1076388888888889,8928
Chopin/Etudes_op_10/10/WangH02M.mid,piece_a9b29a246d86538b,Chopin,Etudes_op_10_10,3,HIGH,369,0.04133064516129032,8928
Chopin/Etudes_op_10/10/WangH02M.mid,piece_a9b29a246d86538b,Chopin,Etudes_op_10_10,4,FULL,6614,0.7408154121863799,8928
Chopin/Etudes_op_10/10/Wilshire02.mid,piece_a9b29a246d86538b,Chopin,Etudes_op_10_10,0,ZERO,8,0.0008833922261484099,9056
Chopin/Etudes_op_10/10/Wilshire02.mid,piece_a9b29a246d86538b,Chopin,Etudes_op_10_10,1,LOW,1030,0.11373674911660778,9056
Chopin/Etudes_op_10/10/Wilshire02.mid,piece_a9b29a246d86538b,Chopin,Etudes_op_10_10,2,MID,2449,0.27042844522968196,9056
Chopin/Etudes_op_10/10/Wilshire02.mid,piece_a9b29a246d86538b,Chopin,Etudes_op_10_10,3,HIGH,1495,0.1650839222614841,9056
Chopin/Etudes_op_10/10/Wilshire02.mid,piece_a9b29a246d86538b,Chopin,Etudes_op_10_10,4,FULL,4074,0.4498674911660777,9056
Chopin/Etudes_op_10/10/Yanagitani02.mid,piece_a9b29a246d86538b,Chopin,Etudes_op_10_10,0,ZERO,378,0.04213107445385644,8972
Chopin/Etudes_op_10/10/Yanagitani02.mid,piece_a9b29a246d86538b,Chopin,Etudes_op_10_10,1,LOW,607,0.0676549264378065,8972
Chopin/Etudes_op_10/10/Yanagitani02.mid,piece_a9b29a246d86538b,Chopin,Etudes_op_10_10,2,MID,693,0.07724030316540348,8972
Chopin/Etudes_op_10/10/Yanagitani02.mid,piece_a9b29a246d86538b,Chopin,Etudes_op_10_10,3,HIGH,233,0.02596968345965225,8972
Chopin/Etudes_op_10/10/Yanagitani02.mid,piece_a9b29a246d86538b,Chopin,Etudes_op_10_10,4,FULL,7061,0.7870040124832813,8972
Chopin/Etudes_op_10/12/Bult-ItoS04M.mid,piece_ace29a807044d7fa,Chopin,Etudes_op_10_12,0,ZERO,614,0.07271435338702037,8444
Chopin/Etudes_op_10/12/Bult-ItoS04M.mid,piece_ace29a807044d7fa,Chopin,Etudes_op_10_12,1,LOW,2546,0.30151586925627666,8444
Chopin/Etudes_op_10/12/Bult-ItoS04M.mid,piece_ace29a807044d7fa,Chopin,Etudes_op_10_12,2,MID,1282,0.15182378019895784,8444
Chopin/Etudes_op_10/12/Bult-ItoS04M.mid,piece_ace29a807044d7fa,Chopin,Etudes_op_10_12,3,HIGH,359,0.04251539554713406,8444
Chopin/Etudes_op_10/12/Bult-ItoS04M.mid,piece_ace29a807044d7fa,Chopin,Etudes_op_10_12,4,FULL,3643,0.4314306016106111,8444
Chopin/Etudes_op_10/12/Floril02.mid,piece_ace29a807044d7fa,Chopin,Etudes_op_10_12,0,ZERO,1830,0.20967002749770852,8728
Chopin/Etudes_op_10/12/Floril02.mid,piece_ace29a807044d7fa,Chopin,Etudes_op_10_12,1,LOW,2290,0.26237396883593034,8728
Chopin/Etudes_op_10/12/Floril02.mid,piece_ace29a807044d7fa,Chopin,Etudes_op_10_12,2,MID,1640,0.18790100824931255,8728
Chopin/Etudes_op_10/12/Floril02.mid,piece_ace29a807044d7fa,Chopin,Etudes_op_10_12,3,HIGH,328,0.03758020164986251,8728
Chopin/Etudes_op_10/12/Floril02.mid,piece_ace29a807044d7fa,Chopin,Etudes_op_10_12,4,FULL,2640,0.30247479376718606,8728
Chopin/Etudes_op_10/12/Gintov02.mid,piece_ace29a807044d7fa,Chopin,Etudes_op_10_12,0,ZERO,732,0.08539430704619692,8572
Chopin/Etudes_op_10/12/Gintov02.mid,piece_ace29a807044d7fa,Chopin,Etudes_op_10_12,1,LOW,725,0.08457769482034531,8572
Chopin/Etudes_op_10/12/Gintov02.mid,piece_ace29a807044d7fa,Chopin,Etudes_op_10_12,2,MID,865,0.1009099393373775,8572
Chopin/Etudes_op_10/12/Gintov02.mid,piece_ace29a807044d7fa,Chopin,Etudes_op_10_12,3,HIGH,355,0.04141390573961736,8572
Chopin/Etudes_op_10/12/Gintov02.mid,piece_ace29a807044d7fa,Chopin,Etudes_op_10_12,4,FULL,5895,0.6877041530564629,8572
Chopin/Etudes_op_10/12/Hirata02.mid,piece_ace29a807044d7fa,Chopin,Etudes_op_10_12,0,ZERO,481,0.0566949552098067,8484
Chopin/Etudes_op_10/12/Hirata02.mid,piece_ace29a807044d7fa,Chopin,Etudes_op_10_12,1,LOW,1580,0.18623290900518624,8484
Chopin/Etudes_op_10/12/Hirata02.mid,piece_ace29a807044d7fa,Chopin,Etudes_op_10_12,2,MID,2033,0.23962753418198962,8484
Chopin/Etudes_op_10/12/Hirata02.mid,piece_ace29a807044d7fa,Chopin,Etudes_op_10_12,3,HIGH,638,0.0752003771805752,8484
Chopin/Etudes_op_10/12/Hirata02.mid,piece_ace29a807044d7fa,Chopin,Etudes_op_10_12,4,FULL,3752,0.44224422442244227,8484
Chopin/Etudes_op_10/12/HuNY03M.mid,piece_ace29a807044d7fa,Chopin,Etudes_op_10_12,0,ZERO,1721,0.2025659133709981,8496
Chopin/Etudes_op_10/12/HuNY03M.mid,piece_ace29a807044d7fa,Chopin,Etudes_op_10_12,1,LOW,1142,0.1344161958568738,8496
Chopin/Etudes_op_10/12/HuNY03M.mid,piece_ace29a807044d7fa,Chopin,Etudes_op_10_12,2,MID,819,0.09639830508474577,8496
Chopin/Etudes_op_10/12/HuNY03M.mid,piece_ace29a807044d7fa,Chopin,Etudes_op_10_12,3,HIGH,261,0.03072033898305085,8496
Chopin/Etudes_op_10/12/HuNY03M.mid,piece_ace29a807044d7fa,Chopin,Etudes_op_10_12,4,FULL,4553,0.5358992467043314,8496
Chopin/Etudes_op_10/12/KimBenjamin04.mid,piece_ace29a807044d7fa,Chopin,Etudes_op_10_12,0,ZERO,1099,0.12731696014828545,8632
Chopin/Etudes_op_10/12/KimBenjamin04.mid,piece_ace29a807044d7fa,Chopin,Etudes_op_10_12,1,LOW,790,0.09151992585727525,8632
Chopin/Etudes_op_10/12/KimBenjamin04.mid,piece_ace29a807044d7fa,Chopin,Etudes_op_10_12,2,MID,1223,0.14168211306765524,8632
Chopin/Etudes_op_10/12/KimBenjamin04.mid,piece_ace29a807044d7fa,Chopin,Etudes_op_10_12,3,HIGH,1471,0.1704124189063948,8632
Chopin/Etudes_op_10/12/KimBenjamin04.mid,piece_ace29a807044d7fa,Chopin,Etudes_op_10_12,4,FULL,4049,0.46906858202038926,8632
Chopin/Etudes_op_10/12/LuoJ08M.mid,piece_ace29a807044d7fa,Chopin,Etudes_op_10_12,0,ZERO,133,0.01565442561205273,8496
Chopin/Etudes_op_10/12/LuoJ08M.mid,piece_ace29a807044d7fa,Chopin,Etudes_op_10_12,1,LOW,1858,0.21869114877589454,8496
Chopin/Etudes_op_10/12/LuoJ08M.mid,piece_ace29a807044d7fa,Chopin,Etudes_op_10_12,2,MID,1808,0.2128060263653484,8496
Chopin/Etudes_op_10/12/LuoJ08M.mid,piece_ace29a807044d7fa,Chopin,Etudes_op_10_12,3,HIGH,297,0.034957627118644065,8496
Chopin/Etudes_op_10/12/LuoJ08M.mid,piece_ace29a807044d7fa,Chopin,Etudes_op_10_12,4,FULL,4400,0.5178907721280602,8496
Chopin/Etudes_op_10/12/Mordvinov04.mid,piece_ace29a807044d7fa,Chopin,Etudes_op_10_12,0,ZERO,473,0.05523120037365717,8564
Chopin/Etudes_op_10/12/Mordvinov04.mid,piece_ace29a807044d7fa,Chopin,Etudes_op_10_12,1,LOW,2020,0.2358710882765063,8564
Chopin/Etudes_op_10/12/Mordvinov04.mid,piece_ace29a807044d7fa,Chopin,Etudes_op_10_12,2,MID,2992,0.34936945352638954,8564
Chopin/Etudes_op_10/12/Mordvinov04.mid,piece_ace29a807044d7fa,Chopin,Etudes_op_10_12,3,HIGH,538,0.0628211116300794,8564
Chopin/Etudes_op_10/12/Mordvinov04.mid,piece_ace29a807044d7fa,Chopin,Etudes_op_10_12,4,FULL,2541,0.2967071461933676,8564
Chopin/Etudes_op_10/12/Na_2006_02.mid,piece_ace29a807044d7fa,Chopin,Etudes_op_10_12,0,ZERO,478,0.05623529411764706,8500
Chopin/Etudes_op_10/12/Na_2006_02.mid,piece_ace29a807044d7fa,Chopin,Etudes_op_10_12,1,LOW,1205,0.14176470588235293,8500
Chopin/Etudes_op_10/12/Na_2006_02.mid,piece_ace29a807044d7fa,Chopin,Etudes_op_10_12,2,MID,2034,0.23929411764705882,8500
Chopin/Etudes_op_10/12/Na_2006_02.mid,piece_ace29a807044d7fa,Chopin,Etudes_op_10_12,3,HIGH,722,0.08494117647058824,8500
Chopin/Etudes_op_10/12/Na_2006_02.mid,piece_ace29a807044d7fa,Chopin,Etudes_op_10_12,4,FULL,4061,0.4777647058823529,8500
Chopin/Etudes_op_10/12/Staupe02.mid,piece_ace29a807044d7fa,Chopin,Etudes_op_10_12,0,ZERO,839,0.09819756554307116,8544
Chopin/Etudes_op_10/12/Staupe02.mid,piece_ace29a807044d7fa,Chopin,Etudes_op_10_12,1,LOW,356,0.041666666666666664,8544
Chopin/Etudes_op_10/12/Staupe02.mid,piece_ace29a807044d7fa,Chopin,Etudes_op_10_12,2,MID,887,0.10381554307116105,8544
Chopin/Etudes_op_10/12/Staupe02.mid,piece_ace29a807044d7fa,Chopin,Etudes_op_10_12,3,HIGH,396,0.046348314606741575,8544
Chopin/Etudes_op_10/12/Staupe02.mid,piece_ace29a807044d7fa,Chopin,Etudes_op_10_12,4,FULL,6066,0.7099719101123596,8544
Chopin/Etudes_op_10/12/WuuE06M.mid,piece_ace29a807044d7fa,Chopin,Etudes_op_10_12,0,ZERO,1396,0.16706558161799903,8356
Chopin/Etudes_op_10/12/WuuE06M.mid,piece_ace29a807044d7fa,Chopin,Etudes_op_10_12,1,LOW,1644,0.19674485399712782,8356
Chopin/Etudes_op_10/12/WuuE06M.mid,piece_ace29a807044d7fa,Chopin,Etudes_op_10_12,2,MID,1097,0.13128291048348492,8356
Chopin/Etudes_op_10/12/WuuE06M.mid,piece_ace29a807044d7fa,Chopin,Etudes_op_10_12,3,HIGH,230,0.02752513164193394,8356
Chopin/Etudes_op_10/12/WuuE06M.mid,piece_ace29a807044d7fa,Chopin,Etudes_op_10_12,4,FULL,3989,0.4773815222594543,8356
Chopin/Etudes_op_10/12/Yarden04.mid,piece_ace29a807044d7fa,Chopin,Etudes_op_10_12,0,ZERO,350,0.041627021883920076,8408
Chopin/Etudes_op_10/12/Yarden04.mid,piece_ace29a807044d7fa,Chopin,Etudes_op_10_12,1,LOW,1120,0.13320647002854424,8408
Chopin/Etudes_op_10/12/Yarden04.mid,piece_ace29a807044d7fa,Chopin,Etudes_op_10_12,2,MID,1324,0.15746907706945765,8408
Chopin/Etudes_op_10/12/Yarden04.mid,piece_ace29a807044d7fa,Chopin,Etudes_op_10_12,3,HIGH,412,0.04900095147478592,8408
Chopin/Etudes_op_10/12/Yarden04.mid,piece_ace29a807044d7fa,Chopin,Etudes_op_10_12,4,FULL,5202,0.6186964795432921,8408
Chopin/Etudes_op_10/12/ZhangYunling02M.mid,piece_ace29a807044d7fa,Chopin,Etudes_op_10_12,0,ZERO,1056,0.12371134020618557,8536
Chopin/Etudes_op_10/12/ZhangYunling02M.mid,piece_ace29a807044d7fa,Chopin,Etudes_op_10_12,1,LOW,1407,0.16483130271790067,8536
Chopin/Etudes_op_10/12/ZhangYunling02M.mid,piece_ace29a807044d7fa,Chopin,Etudes_op_10_12,2,MID,1227,0.14374414245548267,8536
Chopin/Etudes_op_10/12/ZhangYunling02M.mid,piece_ace29a807044d7fa,Chopin,Etudes_op_10_12,3,HIGH,212,0.02483598875351453,8536
Chopin/Etudes_op_10/12/ZhangYunling02M.mid,piece_ace29a807044d7fa,Chopin,Etudes_op_10_12,4,FULL,4634,0.5428772258669166,8536
Chopin/Etudes_op_10/2/Hebert03M.mid,piece_b2856972d11a96a8,Chopin,Etudes_op_10_2,0,ZERO,3623,0.6511502516175414,5564
Chopin/Etudes_op_10/2/Hebert03M.mid,piece_b2856972d11a96a8,Chopin,Etudes_op_10_2,1,LOW,394,0.07081236520488857,5564
Chopin/Etudes_op_10/2/Hebert03M.mid,piece_b2856972d11a96a8,Chopin,Etudes_op_10_2,2,MID,397,0.07135154565061107,5564
Chopin/Etudes_op_10/2/Hebert03M.mid,piece_b2856972d11a96a8,Chopin,Etudes_op_10_2,3,HIGH,104,0.018691588785046728,5564
Chopin/Etudes_op_10/2/Hebert03M.mid,piece_b2856972d11a96a8,Chopin,Etudes_op_10_2,4,FULL,1046,0.18799424874191228,5564
Chopin/Etudes_op_10/2/JeonH02M.mid,piece_b2856972d11a96a8,Chopin,Etudes_op_10_2,0,ZERO,3621,0.6583636363636364,5500
Chopin/Etudes_op_10/2/JeonH02M.mid,piece_b2856972d11a96a8,Chopin,Etudes_op_10_2,1,LOW,530,0.09636363636363636,5500
Chopin/Etudes_op_10/2/JeonH02M.mid,piece_b2856972d11a96a8,Chopin,Etudes_op_10_2,2,MID,392,0.07127272727272728,5500
Chopin/Etudes_op_10/2/JeonH02M.mid,piece_b2856972d11a96a8,Chopin,Etudes_op_10_2,3,HIGH,56,0.010181818181818183,5500
Chopin/Etudes_op_10/2/JeonH02M.mid,piece_b2856972d11a96a8,Chopin,Etudes_op_10_2,4,FULL,901,0.1638181818181818,5500
Chopin/Etudes_op_10/2/JiaXin01.mid,piece_b2856972d11a96a8,Chopin,Etudes_op_10_2,0,ZERO,2161,0.3762186629526462,5744
Chopin/Etudes_op_10/2/JiaXin01.mid,piece_b2856972d11a96a8,Chopin,Etudes_op_10_2,1,LOW,877,0.15268105849582173,5744
Chopin/Etudes_op_10/2/JiaXin01.mid,piece_b2856972d11a96a8,Chopin,Etudes_op_10_2,2,MID,672,0.116991643454039,5744
Chopin/Etudes_op_10/2/JiaXin01.mid,piece_b2856972d11a96a8,Chopin,Etudes_op_10_2,3,HIGH,131,0.022806406685236768,5744
Chopin/Etudes_op_10/2/JiaXin01.mid,piece_b2856972d11a96a8,Chopin,Etudes_op_10_2,4,FULL,1903,0.33130222841225626,5744
Chopin/Etudes_op_10/2/KaiRuiR06.mid,piece_b2856972d11a96a8,Chopin,Etudes_op_10_2,0,ZERO,2979,0.5237341772151899,5688
Chopin/Etudes_op_10/2/KaiRuiR06.mid,piece_b2856972d11a96a8,Chopin,Etudes_op_10_2,1,LOW,2672,0.469760900140647,5688
Chopin/Etudes_op_10/2/KaiRuiR06.mid,piece_b2856972d11a96a8,Chopin,Etudes_op_10_2,2,MID,9,0.0015822784810126582,5688
Chopin/Etudes_op_10/2/KaiRuiR06.mid,piece_b2856972d11a96a8,Chopin,Etudes_op_10_2,3,HIGH,3,0.0005274261603375527,5688
Chopin/Etudes_op_10/2/KaiRuiR06.mid,piece_b2856972d11a96a8,Chopin,Etudes_op_10_2,4,FULL,25,0.004395218002812939,5688
Chopin/Etudes_op_10/2/Kavalerova02.mid,piece_b2856972d11a96a8,Chopin,Etudes_op_10_2,0,ZERO,241,0.04410688140556369,5464
Chopin/Etudes_op_10/2/Kavalerova02.mid,piece_b2856972d11a96a8,Chopin,Etudes_op_10_2,1,LOW,3557,0.6509882869692533,5464
Chopin/Etudes_op_10/2/Kavalerova02.mid,piece_b2856972d11a96a8,Chopin,Etudes_op_10_2,2,MID,1666,0.304904831625183,5464
Chopin/Etudes_op_10/2/Kavalerova02.mid,piece_b2856972d11a96a8,Chopin,Etudes_op_10_2,3,HIGH,0,0.0,5464
Chopin/Etudes_op_10/2/Kavalerova02.mid,piece_b2856972d11a96a8,Chopin,Etudes_op_10_2,4,FULL,0,0.0,5464
Chopin/Etudes_op_10/2/MERJAN02.mid,piece_b2856972d11a96a8,Chopin,Etudes_op_10_2,0,ZERO,2278,0.38636363636363635,5896
Chopin/Etudes_op_10/2/MERJAN02.mid,piece_b2856972d11a96a8,Chopin,Etudes_op_10_2,1,LOW,2394,0.4060379918588874,5896
Chopin/Etudes_op_10/2/MERJAN02.mid,piece_b2856972d11a96a8,Chopin,Etudes_op_10_2,2,MID,926,0.15705563093622796,5896
Chopin/Etudes_op_10/2/MERJAN02.mid,piece_b2856972d11a96a8,Chopin,Etudes_op_10_2,3,HIGH,193,0.03273405698778833,5896
Chopin/Etudes_op_10/2/MERJAN02.mid,piece_b2856972d11a96a8,Chopin,Etudes_op_10_2,4,FULL,105,0.01780868385345997,5896
Chopin/Etudes_op_10/2/ParkJ02.mid,piece_b2856972d11a96a8,Chopin,Etudes_op_10_2,0,ZERO,4230,0.7735918068763716,5468
Chopin/Etudes_op_10/2/ParkJ02.mid,piece_b2856972d11a96a8,Chopin,Etudes_op_10_2,1,LOW,836,0.1528895391367959,5468
Chopin/Etudes_op_10/2/ParkJ02.mid,piece_b2856972d11a96a8,Chopin,Etudes_op_10_2,2,MID,350,0.06400877834674469,5468
Chopin/Etudes_op_10/2/ParkJ02.mid,piece_b2856972d11a96a8,Chopin,Etudes_op_10_2,3,HIGH,22,0.004023408924652524,5468
Chopin/Etudes_op_10/2/ParkJ02.mid,piece_b2856972d11a96a8,Chopin,Etudes_op_10_2,4,FULL,30,0.005486466715435259,5468
Chopin/Etudes_op_10/2/Shi01.mid,piece_b2856972d11a96a8,Chopin,Etudes_op_10_2,0,ZERO,4098,0.7461762563729061,5492
Chopin/Etudes_op_10/2/Shi01.mid,piece_b2856972d11a96a8,Chopin,Etudes_op_10_2,1,LOW,615,0.1119810633648944,5492
Chopin/Etudes_op_10/2/Shi01.mid,piece_b2856972d11a96a8,Chopin,Etudes_op_10_2,2,MID,350,0.06372906045156591,5492
Chopin/Etudes_op_10/2/Shi01.mid,piece_b2856972d11a96a8,Chopin,Etudes_op_10_2,3,HIGH,82,0.014930808448652586,5492
Chopin/Etudes_op_10/2/Shi01.mid,piece_b2856972d11a96a8,Chopin,Etudes_op_10_2,4,FULL,347,0.06318281136198106,5492
Chopin/Etudes_op_10/2/Shi02.mid,piece_b2856972d11a96a8,Chopin,Etudes_op_10_2,0,ZERO,2910,0.5349264705882353,5440
Chopin/Etudes_op_10/2/Shi02.mid,piece_b2856972d11a96a8,Chopin,Etudes_op_10_2,1,LOW,1382,0.2540441176470588,5440
Chopin/Etudes_op_10/2/Shi02.mid,piece_b2856972d11a96a8,Chopin,Etudes_op_10_2,2,MID,861,0.1582720588235294,5440
Chopin/Etudes_op_10/2/Shi02.mid,piece_b2856972d11a96a8,Chopin,Etudes_op_10_2,3,HIGH,148,0.027205882352941177,5440
Chopin/Etudes_op_10/2/Shi02.mid,piece_b2856972d11a96a8,Chopin,Etudes_op_10_2,4,FULL,139,0.025551470588235294,5440
Chopin/Etudes_op_10/2/TOIVIO02.mid,piece_b2856972d11a96a8,Chopin,Etudes_op_10_2,0,ZERO,1916,0.3397163120567376,5640
Chopin/Etudes_op_10/2/TOIVIO02.mid,piece_b2856972d11a96a8,Chopin,Etudes_op_10_2,1,LOW,2914,0.5166666666666667,5640
Chopin/Etudes_op_10/2/TOIVIO02.mid,piece_b2856972d11a96a8,Chopin,Etudes_op_10_2,2,MID,774,0.1372340425531915,5640
Chopin/Etudes_op_10/2/TOIVIO02.mid,piece_b2856972d11a96a8,Chopin,Etudes_op_10_2,3,HIGH,36,0.006382978723404255,5640
Chopin/Etudes_op_10/2/TOIVIO02.mid,piece_b2856972d11a96a8,Chopin,Etudes_op_10_2,4,FULL,0,0.0,5640
Chopin/Etudes_op_10/2/YeSijing03.mid,piece_b2856972d11a96a8,Chopin,Etudes_op_10_2,0,ZERO,3454,0.653177004538578,5288
Chopin/Etudes_op_10/2/YeSijing03.mid,piece_b2856972d11a96a8,Chopin,Etudes_op_10_2,1,LOW,845,0.15979576399394857,5288
Chopin/Etudes_op_10/2/YeSijing03.mid,piece_b2856972d11a96a8,Chopin,Etudes_op_10_2,2,MID,808,0.15279878971255673,5288
Chopin/Etudes_op_10/2/YeSijing03.mid,piece_b2856972d11a96a8,Chopin,Etudes_op_10_2,3,HIGH,76,0.014372163388804841,5288
Chopin/Etudes_op_10/2/YeSijing03.mid,piece_b2856972d11a96a8,Chopin,Etudes_op_10_2,4,FULL,105,0.01985627836611195,5288
Chopin/Etudes_op_10/3/SunMeiting08.mid,piece_de184aa79737ab7d,Chopin,Etudes_op_10_3,0,ZERO,467,0.06046090108751942,7724
Chopin/Etudes_op_10/3/SunMeiting08.mid,piece_de184aa79737ab7d,Chopin,Etudes_op_10_3,1,LOW,822,0.10642154324184361,7724
Chopin/Etudes_op_10/3/SunMeiting08.mid,piece_de184aa79737ab7d,Chopin,Etudes_op_10_3,2,MID,740,0.0958052822371828,7724
Chopin/Etudes_op_10/3/SunMeiting08.mid,piece_de184aa79737ab7d,Chopin,Etudes_op_10_3,3,HIGH,695,0.08997928534438115,7724
Chopin/Etudes_op_10/3/SunMeiting08.mid,piece_de184aa79737ab7d,Chopin,Etudes_op_10_3,4,FULL,5000,0.647332988089073,7724
Chopin/Etudes_op_10/4/ADIG02.mid,piece_fc84d549771ebd24,Chopin,Etudes_op_10_4,0,ZERO,3877,0.42660651408450706,9088
Chopin/Etudes_op_10/4/ADIG02.mid,piece_fc84d549771ebd24,Chopin,Etudes_op_10_4,1,LOW,2403,0.2644146126760563,9088
Chopin/Etudes_op_10/4/ADIG02.mid,piece_fc84d549771ebd24,Chopin,Etudes_op_10_4,2,MID,600,0.06602112676056338,9088
Chopin/Etudes_op_10/4/ADIG02.mid,piece_fc84d549771ebd24,Chopin,Etudes_op_10_4,3,HIGH,372,0.0409330985915493,9088
Chopin/Etudes_op_10/4/ADIG02.mid,piece_fc84d549771ebd24,Chopin,Etudes_op_10_4,4,FULL,1836,0.20202464788732394,9088
Chopin/Etudes_op_10/4/Arciglione04.mid,piece_fc84d549771ebd24,Chopin,Etudes_op_10_4,0,ZERO,3635,0.40139134275618377,9056
Chopin/Etudes_op_10/4/Arciglione04.mid,piece_fc84d549771ebd24,Chopin,Etudes_op_10_4,1,LOW,1229,0.13571113074204946,9056
Chopin/Etudes_op_10/4/Arciglione04.mid,piece_fc84d549771ebd24,Chopin,Etudes_op_10_4,2,MID,1000,0.11042402826855123,9056
Chopin/Etudes_op_10/4/Arciglione04.mid,piece_fc84d549771ebd24,Chopin,Etudes_op_10_4,3,HIGH,354,0.03909010600706714,9056
Chopin/Etudes_op_10/4/Arciglione04.mid,piece_fc84d549771ebd24,Chopin,Etudes_op_10_4,4,FULL,2838,0.3133833922261484,9056
Chopin/Etudes_op_10/4/BLINOV03.mid,piece_fc84d549771ebd24,Chopin,Etudes_op_10_4,0,ZERO,5886,0.6442644483362522,9136
Chopin/Etudes_op_10/4/BLINOV03.mid,piece_fc84d549771ebd24,Chopin,Etudes_op_10_4,1,LOW,609,0.06665936952714537,9136
Chopin/Etudes_op_10/4/BLINOV03.mid,piece_fc84d549771ebd24,Chopin,Etudes_op_10_4,2,MID,492,0.053852889667250436,9136
Chopin/Etudes_op_10/4/BLINOV03.mid,piece_fc84d549771ebd24,Chopin,Etudes_op_10_4,3,HIGH,342,0.03743432574430823,9136
Chopin/Etudes_op_10/4/BLINOV03.mid,piece_fc84d549771ebd24,Chopin,Etudes_op_10_4,4,FULL,1807,0.19778896672504379,9136
Chopin/Etudes_op_10/4/Day02.mid,piece_fc84d549771ebd24,Chopin,Etudes_op_10_4,0,ZERO,4431,0.5026088929219601,8816
Chopin/Etudes_op_10/4/Day02.mid,piece_fc84d549771ebd24,Chopin,Etudes_op_10_4,1,LOW,2605,0.29548548094373867,8816
Chopin/Etudes_op_10/4/Day02.mid,piece_fc84d549771ebd24,Chopin,Etudes_op_10_4,2,MID,1525,0.172980943738657,8816
Chopin/Etudes_op_10/4/Day02.mid,piece_fc84d549771ebd24,Chopin,Etudes_op_10_4,3,HIGH,240,0.02722323049001815,8816
Chopin/Etudes_op_10/4/Day02.mid,piece_fc84d549771ebd24,Chopin,Etudes_op_10_4,4,FULL,15,0.0017014519056261343,8816
Chopin/Etudes_op_10/4/Duepree02.mid,piece_fc84d549771ebd24,Chopin,Etudes_op_10_4,0,ZERO,5793,0.6491483639623488,8924
Chopin/Etudes_op_10/4/Duepree02.mid,piece_fc84d549771ebd24,Chopin,Etudes_op_10_4,1,LOW,129,0.014455401165396684,8924
Chopin/Etudes_op_10/4/Duepree02.mid,piece_fc84d549771ebd24,Chopin,Etudes_op_10_4,2,MID,2022,0.22658000896458988,8924
Chopin/Etudes_op_10/4/Duepree02.mid,piece_fc84d549771ebd24,Chopin,Etudes_op_10_4,3,HIGH,307,0.0344016136261766,8924
Chopin/Etudes_op_10/4/Duepree02.mid,piece_fc84d549771ebd24,Chopin,Etudes_op_10_4,4,FULL,673,0.07541461228148812,8924
Chopin/Etudes_op_10/4/Duepree06M.mid,piece_fc84d549771ebd24,Chopin,Etudes_op_10_4,0,ZERO,5045,0.5633095131755248,8956
Chopin/Etudes_op_10/4/Duepree06M.mid,piece_fc84d549771ebd24,Chopin,Etudes_op_10_4,1,LOW,1079,0.12047789191603395,8956
Chopin/Etudes_op_10/4/Duepree06M.mid,piece_fc84d549771ebd24,Chopin,Etudes_op_10_4,2,MID,1506,0.16815542652970075,8956
Chopin/Etudes_op_10/4/Duepree06M.mid,piece_fc84d549771ebd24,Chopin,Etudes_op_10_4,3,HIGH,730,0.08150960250111657,8956
Chopin/Etudes_op_10/4/Duepree06M.mid,piece_fc84d549771ebd24,Chopin,Etudes_op_10_4,4,FULL,596,0.06654756587762393,8956
Chopin/Etudes_op_10/4/Dulu02.mid,piece_fc84d549771ebd24,Chopin,Etudes_op_10_4,0,ZERO,4080,0.45434298440979953,8980
Chopin/Etudes_op_10/4/Dulu02.mid,piece_fc84d549771ebd24,Chopin,Etudes_op_10_4,1,LOW,1467,0.1633630289532294,8980
Chopin/Etudes_op_10/4/Dulu02.mid,piece_fc84d549771ebd24,Chopin,Etudes_op_10_4,2,MID,2592,0.288641425389755,8980
Chopin/Etudes_op_10/4/Dulu02.mid,piece_fc84d549771ebd24,Chopin,Etudes_op_10_4,3,HIGH,314,0.034966592427616926,8980
Chopin/Etudes_op_10/4/Dulu02.mid,piece_fc84d549771ebd24,Chopin,Etudes_op_10_4,4,FULL,527,0.05868596881959911,8980
Chopin/Etudes_op_10/4/EVSTIO02.mid,piece_fc84d549771ebd24,Chopin,Etudes_op_10_4,0,ZERO,3343,0.3778254972875226,8848
Chopin/Etudes_op_10/4/EVSTIO02.mid,piece_fc84d549771ebd24,Chopin,Etudes_op_10_4,1,LOW,1945,0.21982368896925858,8848
Chopin/Etudes_op_10/4/EVSTIO02.mid,piece_fc84d549771ebd24,Chopin,Etudes_op_10_4,2,MID,1697,0.19179475587703435,8848
Chopin/Etudes_op_10/4/EVSTIO02.mid,piece_fc84d549771ebd24,Chopin,Etudes_op_10_4,3,HIGH,856,0.09674502712477397,8848
Chopin/Etudes_op_10/4/EVSTIO02.mid,piece_fc84d549771ebd24,Chopin,Etudes_op_10_4,4,FULL,1007,0.11381103074141048,8848
Chopin/Etudes_op_10/4/Fung02.mid,piece_fc84d549771ebd24,Chopin,Etudes_op_10_4,0,ZERO,2978,0.33251451540866456,8956
Chopin/Etudes_op_10/4/Fung02.mid,piece_fc84d549771ebd24,Chopin,Etudes_op_10_4,1,LOW,1363,0.15218847699866012,8956
Chopin/Etudes_op_10/4/Fung02.mid,piece_fc84d549771ebd24,Chopin,Etudes_op_10_4,2,MID,1454,0.1623492630638678,8956
Chopin/Etudes_op_10/4/Fung02.mid,piece_fc84d549771ebd24,Chopin,Etudes_op_10_4,3,HIGH,509,0.056833407771326484,8956
Chopin/Etudes_op_10/4/Fung02.mid,piece_fc84d549771ebd24,Chopin,Etudes_op_10_4,4,FULL,2652,0.296114336757481,8956
Chopin/Etudes_op_10/4/GORDEL02.mid,piece_fc84d549771ebd24,Chopin,Etudes_op_10_4,0,ZERO,2351,0.2619206773618538,8976
Chopin/Etudes_op_10/4/GORDEL02.mid,piece_fc84d549771ebd24,Chopin,Etudes_op_10_4,1,LOW,2484,0.2767379679144385,8976
Chopin/Etudes_op_10/4/GORDEL02.mid,piece_fc84d549771ebd24,Chopin,Etudes_op_10_4,2,MID,1195,0.13313279857397503,8976
Chopin/Etudes_op_10/4/GORDEL02.mid,piece_fc84d549771ebd24,Chopin,Etudes_op_10_4,3,HIGH,785,0.0874554367201426,8976
Chopin/Etudes_op_10/4/GORDEL02.mid,piece_fc84d549771ebd24,Chopin,Etudes_op_10_4,4,FULL,2161,0.24075311942959002,8976
Chopin/Etudes_op_10/4/JiaRan_2009_02.mid,piece_fc84d549771ebd24,Chopin,Etudes_op_10_4,0,ZERO,4645,0.5212073608617595,8912
Chopin/Etudes_op_10/4/JiaRan_2009_02.mid,piece_fc84d549771ebd24,Chopin,Etudes_op_10_4,1,LOW,1598,0.17930879712746858,8912
Chopin/Etudes_op_10/4/JiaRan_2009_02.mid,piece_fc84d549771ebd24,Chopin,Etudes_op_10_4,2,MID,611,0.0685592459605027,8912
Chopin/Etudes_op_10/4/JiaRan_2009_02.mid,piece_fc84d549771ebd24,Chopin,Etudes_op_10_4,3,HIGH,146,0.016382405745062837,8912
Chopin/Etudes_op_10/4/JiaRan_2009_02.mid,piece_fc84d549771ebd24,Chopin,Etudes_op_10_4,4,FULL,1912,0.21454219030520646,8912
Chopin/Etudes_op_10/4/Katyukova02.mid,piece_fc84d549771ebd24,Chopin,Etudes_op_10_4,0,ZERO,3394,0.38134831460674157,8900
Chopin/Etudes_op_10/4/Katyukova02.mid,piece_fc84d549771ebd24,Chopin,Etudes_op_10_4,1,LOW,2327,0.2614606741573034,8900
Chopin/Etudes_op_10/4/Katyukova02.mid,piece_fc84d549771ebd24,Chopin,Etudes_op_10_4,2,MID,1123,0.12617977528089888,8900
Chopin/Etudes_op_10/4/Katyukova02.mid,piece_fc84d549771ebd24,Chopin,Etudes_op_10_4,3,HIGH,388,0.04359550561797753,8900
Chopin/Etudes_op_10/4/Katyukova02.mid,piece_fc84d549771ebd24,Chopin,Etudes_op_10_4,4,FULL,1668,0.18741573033707865,8900
Chopin/Etudes_op_10/4/Knoll03M.mid,piece_fc84d549771ebd24,Chopin,Etudes_op_10_4,0,ZERO,4804,0.5328305235137534,9016
Chopin/Etudes_op_10/4/Knoll03M.mid,piece_fc84d549771ebd24,Chopin,Etudes_op_10_4,1,LOW,910,0.10093167701863354,9016
Chopin/Etudes_op_10/4/Knoll03M.mid,piece_fc84d549771ebd24,Chopin,Etudes_op_10_4,2,MID,864,0.09582963620230701,9016
Chopin/Etudes_op_10/4/Knoll03M.mid,piece_fc84d549771ebd24,Chopin,Etudes_op_10_4,3,HIGH,230,0.025510204081632654,9016
Chopin/Etudes_op_10/4/Knoll03M.mid,piece_fc84d549771ebd24,Chopin,Etudes_op_10_4,4,FULL,2208,0.24489795918367346,9016
Chopin/Etudes_op_10/4/Kurz03M.mid,piece_fc84d549771ebd24,Chopin,Etudes_op_10_4,0,ZERO,3276,0.34600760456273766,9468
Chopin/Etudes_op_10/4/Kurz03M.mid,piece_fc84d549771ebd24,Chopin,Etudes_op_10_4,1,LOW,2687,0.28379805661174484,9468
Chopin/Etudes_op_10/4/Kurz03M.mid,piece_fc84d549771ebd24,Chopin,Etudes_op_10_4,2,MID,777,0.0820659062103929,9468
Chopin/Etudes_op_10/4/Kurz03M.mid,piece_fc84d549771ebd24,Chopin,Etudes_op_10_4,3,HIGH,164,0.017321504013519222,9468
Chopin/Etudes_op_10/4/Kurz03M.mid,piece_fc84d549771ebd24,Chopin,Etudes_op_10_4,4,FULL,2564,0.27080692860160543,9468
Chopin/Etudes_op_10/4/LeeSH03M.mid,piece_fc84d549771ebd24,Chopin,Etudes_op_10_4,0,ZERO,5081,0.5696188340807175,8920
Chopin/Etudes_op_10/4/LeeSH03M.mid,piece_fc84d549771ebd24,Chopin,Etudes_op_10_4,1,LOW,405,0.04540358744394619,8920
Chopin/Etudes_op_10/4/LeeSH03M.mid,piece_fc84d549771ebd24,Chopin,Etudes_op_10_4,2,MID,532,0.059641255605381166,8920
Chopin/Etudes_op_10/4/LeeSH03M.mid,piece_fc84d549771ebd24,Chopin,Etudes_op_10_4,3,HIGH,111,0.012443946188340807,8920
Chopin/Etudes_op_10/4/LeeSH03M.mid,piece_fc84d549771ebd24,Chopin,Etudes_op_10_4,4,FULL,2791,0.31289237668161435,8920
Chopin/Etudes_op_10/4/MATSUM02.mid,piece_fc84d549771ebd24,Chopin,Etudes_op_10_4,0,ZERO,2060,0.22950089126559714,8976
Chopin/Etudes_op_10/4/MATSUM02.mid,piece_fc84d549771ebd24,Chopin,Etudes_op_10_4,1,LOW,2590,0.28854723707664887,8976
Chopin/Etudes_op_10/4/MATSUM02.mid,piece_fc84d549771ebd24,Chopin,Etudes_op_10_4,2,MID,1630,0.18159536541889484,8976
Chopin/Etudes_op_10/4/MATSUM02.mid,piece_fc84d549771ebd24,Chopin,Etudes_op_10_4,3,HIGH,685,0.07631461675579322,8976
Chopin/Etudes_op_10/4/MATSUM02.mid,piece_fc84d549771ebd24,Chopin,Etudes_op_10_4,4,FULL,2011,0.22404188948306594,8976
Chopin/Etudes_op_10/4/Richardson_2013_03M.mid,piece_fc84d549771ebd24,Chopin,Etudes_op_10_4,0,ZERO,4535,0.491652211621856,9224
Chopin/Etudes_op_10/4/Richardson_2013_03M.mid,piece_fc84d549771ebd24,Chopin,Etudes_op_10_4,1,LOW,1036,0.11231569817866435,9224
Chopin/Etudes_op_10/4/Richardson_2013_03M.mid,piece_fc84d549771ebd24,Chopin,Etudes_op_10_4,2,MID,1519,0.1646790980052038,9224
Chopin/Etudes_op_10/4/Richardson_2013_03M.mid,piece_fc84d549771ebd24,Chopin,Etudes_op_10_4,3,HIGH,190,0.02059843885516045,9224
Chopin/Etudes_op_10/4/Richardson_2013_03M.mid,piece_fc84d549771ebd24,Chopin,Etudes_op_10_4,4,FULL,1944,0.21075455333911536,9224
Chopin/Etudes_op_10/4/Sladek03M.mid,piece_fc84d549771ebd24,Chopin,Etudes_op_10_4,0,ZERO,2597,0.28588727432848965,9084
Chopin/Etudes_op_10/4/Sladek03M.mid,piece_fc84d549771ebd24,Chopin,Etudes_op_10_4,1,LOW,3156,0.3474240422721268,9084
Chopin/Etudes_op_10/4/Sladek03M.mid,piece_fc84d549771ebd24,Chopin,Etudes_op_10_4,2,MID,1463,0.16105239982386613,9084
Chopin/Etudes_op_10/4/Sladek03M.mid,piece_fc84d549771ebd24,Chopin,Etudes_op_10_4,3,HIGH,223,0.02454865697930427,9084
Chopin/Etudes_op_10/4/Sladek03M.mid,piece_fc84d549771ebd24,Chopin,Etudes_op_10_4,4,FULL,1645,0.1810876265962131,9084
Chopin/Etudes_op_10/4/Yi03M.mid,piece_fc84d549771ebd24,Chopin,Etudes_op_10_4,0,ZERO,4524,0.5060402684563758,8940
Chopin/Etudes_op_10/4/Yi03M.mid,piece_fc84d549771ebd24,Chopin,Etudes_op_10_4,1,LOW,855,0.09563758389261745,8940
Chopin/Etudes_op_10/4/Yi03M.mid,piece_fc84d549771ebd24,Chopin,Etudes_op_10_4,2,MID,1395,0.15604026845637584,8940
Chopin/Etudes_op_10/4/Yi03M.mid,piece_fc84d549771ebd24,Chopin,Etudes_op_10_4,3,HIGH,246,0.027516778523489934,8940
Chopin/Etudes_op_10/4/Yi03M.mid,piece_fc84d549771ebd24,Chopin,Etudes_op_10_4,4,FULL,1920,0.21476510067114093,8940
Chopin/Etudes_op_10/4/ZhangE03M.mid,piece_fc84d549771ebd24,Chopin,Etudes_op_10_4,0,ZERO,5106,0.5847457627118644,8732
Chopin/Etudes_op_10/4/ZhangE03M.mid,piece_fc84d549771ebd24,Chopin,Etudes_op_10_4,1,LOW,1414,0.1619331195602382,8732
Chopin/Etudes_op_10/4/ZhangE03M.mid,piece_fc84d549771ebd24,Chopin,Etudes_op_10_4,2,MID,1425,0.16319285387081997,8732
Chopin/Etudes_op_10/4/ZhangE03M.mid,piece_fc84d549771ebd24,Chopin,Etudes_op_10_4,3,HIGH,200,0.022904260192395786,8732
Chopin/Etudes_op_10/4/ZhangE03M.mid,piece_fc84d549771ebd24,Chopin,Etudes_op_10_4,4,FULL,587,0.06722400366468163,8732
Chopin/Etudes_op_10/4/ZhaoA03M.mid,piece_fc84d549771ebd24,Chopin,Etudes_op_10_4,0,ZERO,5073,0.5555190538764783,9132
Chopin/Etudes_op_10/4/ZhaoA03M.mid,piece_fc84d549771ebd24,Chopin,Etudes_op_10_4,1,LOW,779,0.08530442400350416,9132
Chopin/Etudes_op_10/4/ZhaoA03M.mid,piece_fc84d549771ebd24,Chopin,Etudes_op_10_4,2,MID,825,0.09034165571616294,9132
Chopin/Etudes_op_10/4/ZhaoA03M.mid,piece_fc84d549771ebd24,Chopin,Etudes_op_10_4,3,HIGH,173,0.01894437144108629,9132
Chopin/Etudes_op_10/4/ZhaoA03M.mid,piece_fc84d549771ebd24,Chopin,Etudes_op_10_4,4,FULL,2282,0.2498904949627683,9132
Chopin/Etudes_op_10/4/Zuber02.mid,piece_fc84d549771ebd24,Chopin,Etudes_op_10_4,0,ZERO,3322,0.37376237623762376,8888
Chopin/Etudes_op_10/4/Zuber02.mid,piece_fc84d549771ebd24,Chopin,Etudes_op_10_4,1,LOW,1821,0.2048829882988299,8888
Chopin/Etudes_op_10/4/Zuber02.mid,piece_fc84d549771ebd24,Chopin,Etudes_op_10_4,2,MID,1481,0.16662916291629162,8888
Chopin/Etudes_op_10/4/Zuber02.mid,piece_fc84d549771ebd24,Chopin,Etudes_op_10_4,3,HIGH,323,0.03634113411341134,8888
Chopin/Etudes_op_10/4/Zuber02.mid,piece_fc84d549771ebd24,Chopin,Etudes_op_10_4,4,FULL,1941,0.2183843384338434,8888
Chopin/Etudes_op_10/5/Bach02.mid,piece_7f0cb4c5a04add5b,Chopin,Etudes_op_10_5,0,ZERO,1014,0.15261890427453342,6644
Chopin/Etudes_op_10/5/Bach02.mid,piece_7f0cb4c5a04add5b,Chopin,Etudes_op_10_5,1,LOW,704,0.10596026490066225,6644
Chopin/Etudes_op_10/5/Bach02.mid,piece_7f0cb4c5a04add5b,Chopin,Etudes_op_10_5,2,MID,603,0.0907585791691752,6644
Chopin/Etudes_op_10/5/Bach02.mid,piece_7f0cb4c5a04add5b,Chopin,Etudes_op_10_5,3,HIGH,279,0.041992775436484046,6644
Chopin/Etudes_op_10/5/Bach02.mid,piece_7f0cb4c5a04add5b,Chopin,Etudes_op_10_5,4,FULL,4044,0.6086694762191451,6644
Chopin/Etudes_op_10/5/Feiner_2006_02.mid,piece_7f0cb4c5a04add5b,Chopin,Etudes_op_10_5,0,ZERO,637,0.09830246913580247,6480
Chopin/Etudes_op_10/5/Feiner_2006_02.mid,piece_7f0cb4c5a04add5b,Chopin,Etudes_op_10_5,1,LOW,1982,0.3058641975308642,6480
Chopin/Etudes_op_10/5/Feiner_2006_02.mid,piece_7f0cb4c5a04add5b,Chopin,Etudes_op_10_5,2,MID,2444,0.3771604938271605,6480
Chopin/Etudes_op_10/5/Feiner_2006_02.mid,piece_7f0cb4c5a04add5b,Chopin,Etudes_op_10_5,3,HIGH,368,0.056790123456790124,6480
Chopin/Etudes_op_10/5/Feiner_2006_02.mid,piece_7f0cb4c5a04add5b,Chopin,Etudes_op_10_5,4,FULL,1049,0.1618827160493827,6480
Chopin/Etudes_op_10/5/KimEunhae04.mid,piece_7f0cb4c5a04add5b,Chopin,Etudes_op_10_5,0,ZERO,2074,0.31966707768187425,6488
Chopin/Etudes_op_10/5/KimEunhae04.mid,piece_7f0cb4c5a04add5b,Chopin,Etudes_op_10_5,1,LOW,671,0.10342170160295931,6488
Chopin/Etudes_op_10/5/KimEunhae04.mid,piece_7f0cb4c5a04add5b,Chopin,Etudes_op_10_5,2,MID,509,0.07845252774352651,6488
Chopin/Etudes_op_10/5/KimEunhae04.mid,piece_7f0cb4c5a04add5b,Chopin,Etudes_op_10_5,3,HIGH,171,0.026356350184956842,6488
Chopin/Etudes_op_10/5/KimEunhae04.mid,piece_7f0cb4c5a04add5b,Chopin,Etudes_op_10_5,4,FULL,3063,0.4721023427866831,6488
Chopin/Etudes_op_10/5/Koshoeva02.mid,piece_7f0cb4c5a04add5b,Chopin,Etudes_op_10_5,0,ZERO,1263,0.19514833127317677,6472
Chopin/Etudes_op_10/5/Koshoeva02.mid,piece_7f0cb4c5a04add5b,Chopin,Etudes_op_10_5,1,LOW,1601,0.2473733003708282,6472
Chopin/Etudes_op_10/5/Koshoeva02.mid,piece_7f0cb4c5a04add5b,Chopin,Etudes_op_10_5,2,MID,2423,0.37438195302843014,6472
Chopin/Etudes_op_10/5/Koshoeva02.mid,piece_7f0cb4c5a04add5b,Chopin,Etudes_op_10_5,3,HIGH,613,0.09471569839307788,6472
Chopin/Etudes_op_10/5/Koshoeva02.mid,piece_7f0cb4c5a04add5b,Chopin,Etudes_op_10_5,4,FULL,572,0.08838071693448703,6472
Chopin/Etudes_op_10/5/LIAO03.mid,piece_7f0cb4c5a04add5b,Chopin,Etudes_op_10_5,0,ZERO,1251,0.19329419035846723,6472
Chopin/Etudes_op_10/5/LIAO03.mid,piece_7f0cb4c5a04add5b,Chopin,Etudes_op_10_5,1,LOW,967,0.14941285537700866,6472
Chopin/Etudes_op_10/5/LIAO03.mid,piece_7f0cb4c5a04add5b,Chopin,Etudes_op_10_5,2,MID,1550,0.23949320148331274,6472
Chopin/Etudes_op_10/5/LIAO03.mid,piece_7f0cb4c5a04add5b,Chopin,Etudes_op_10_5,3,HIGH,1722,0.26606922126081584,6472
Chopin/Etudes_op_10/5/LIAO03.mid,piece_7f0cb4c5a04add5b,Chopin,Etudes_op_10_5,4,FULL,982,0.15173053152039556,6472
Chopin/Etudes_op_10/5/LiA03M.mid,piece_7f0cb4c5a04add5b,Chopin,Etudes_op_10_5,0,ZERO,1823,0.28167490729295425,6472
Chopin/Etudes_op_10/5/LiA03M.mid,piece_7f0cb4c5a04add5b,Chopin,Etudes_op_10_5,1,LOW,633,0.09780593325092707,6472
Chopin/Etudes_op_10/5/LiA03M.mid,piece_7f0cb4c5a04add5b,Chopin,Etudes_op_10_5,2,MID,945,0.14601359703337455,6472
Chopin/Etudes_op_10/5/LiA03M.mid,piece_7f0cb4c5a04add5b,Chopin,Etudes_op_10_5,3,HIGH,235,0.03631025957972806,6472
Chopin/Etudes_op_10/5/LiA03M.mid,piece_7f0cb4c5a04add5b,Chopin,Etudes_op_10_5,4,FULL,2836,0.43819530284301605,6472
Chopin/Etudes_op_10/5/LiC02M.mid,piece_7f0cb4c5a04add5b,Chopin,Etudes_op_10_5,0,ZERO,1205,0.1874611076540137,6428
Chopin/Etudes_op_10/5/LiC02M.mid,piece_7f0cb4c5a04add5b,Chopin,Etudes_op_10_5,1,LOW,720,0.11200995644057249,6428
Chopin/Etudes_op_10/5/LiC02M.mid,piece_7f0cb4c5a04add5b,Chopin,Etudes_op_10_5,2,MID,709,0.11029869321717486,6428
Chopin/Etudes_op_10/5/LiC02M.mid,piece_7f0cb4c5a04add5b,Chopin,Etudes_op_10_5,3,HIGH,124,0.019290603609209707,6428
Chopin/Etudes_op_10/5/LiC02M.mid,piece_7f0cb4c5a04add5b,Chopin,Etudes_op_10_5,4,FULL,3670,0.5709396390790292,6428
Chopin/Etudes_op_10/5/Rozanski03.mid,piece_7f0cb4c5a04add5b,Chopin,Etudes_op_10_5,0,ZERO,321,0.04953703703703704,6480
Chopin/Etudes_op_10/5/Rozanski03.mid,piece_7f0cb4c5a04add5b,Chopin,Etudes_op_10_5,1,LOW,1508,0.23271604938271606,6480
Chopin/Etudes_op_10/5/Rozanski03.mid,piece_7f0cb4c5a04add5b,Chopin,Etudes_op_10_5,2,MID,1323,0.20416666666666666,6480
Chopin/Etudes_op_10/5/Rozanski03.mid,piece_7f0cb4c5a04add5b,Chopin,Etudes_op_10_5,3,HIGH,621,0.09583333333333334,6480
Chopin/Etudes_op_10/5/Rozanski03.mid,piece_7f0cb4c5a04add5b,Chopin,Etudes_op_10_5,4,FULL,2707,0.4177469135802469,6480
Chopin/Etudes_op_10/5/Tario02.mid,piece_7f0cb4c5a04add5b,Chopin,Etudes_op_10_5,0,ZERO,1790,0.267803710353082,6684
Chopin/Etudes_op_10/5/Tario02.mid,piece_7f0cb4c5a04add5b,Chopin,Etudes_op_10_5,1,LOW,539,0.08064033512866547,6684
Chopin/Etudes_op_10/5/Tario02.mid,piece_7f0cb4c5a04add5b,Chopin,Etudes_op_10_5,2,MID,553,0.08273488928785158,6684
Chopin/Etudes_op_10/5/Tario02.mid,piece_7f0cb4c5a04add5b,Chopin,Etudes_op_10_5,3,HIGH,184,0.02752842609216038,6684
Chopin/Etudes_op_10/5/Tario02.mid,piece_7f0cb4c5a04add5b,Chopin,Etudes_op_10_5,4,FULL,3618,0.5412926391382405,6684
Chopin/Etudes_op_10/5/USHIKI03.mid,piece_7f0cb4c5a04add5b,Chopin,Etudes_op_10_5,0,ZERO,1682,0.2709407216494845,6208
Chopin/Etudes_op_10/5/USHIKI03.mid,piece_7f0cb4c5a04add5b,Chopin,Etudes_op_10_5,1,LOW,738,0.11887886597938144,6208
Chopin/Etudes_op_10/5/USHIKI03.mid,piece_7f0cb4c5a04add5b,Chopin,Etudes_op_10_5,2,MID,677,0.10905283505154639,6208
Chopin/Etudes_op_10/5/USHIKI03.mid,piece_7f0cb4c5a04add5b,Chopin,Etudes_op_10_5,3,HIGH,1913,0.3081507731958763,6208
Chopin/Etudes_op_10/5/USHIKI03.mid,piece_7f0cb4c5a04add5b,Chopin,Etudes_op_10_5,4,FULL,1198,0.19297680412371135,6208
Chopin/Etudes_op_10/5/ZhangW03M.mid,piece_7f0cb4c5a04add5b,Chopin,Etudes_op_10_5,0,ZERO,1712,0.2593939393939394,6600
Chopin/Etudes_op_10/5/ZhangW03M.mid,piece_7f0cb4c5a04add5b,Chopin,Etudes_op_10_5,1,LOW,766,0.11606060606060606,6600
Chopin/Etudes_op_10/5/ZhangW03M.mid,piece_7f0cb4c5a04add5b,Chopin,Etudes_op_10_5,2,MID,1561,0.2365151515151515,6600
Chopin/Etudes_op_10/5/ZhangW03M.mid,piece_7f0cb4c5a04add5b,Chopin,Etudes_op_10_5,3,HIGH,341,0.051666666666666666,6600
Chopin/Etudes_op_10/5/ZhangW03M.mid,piece_7f0cb4c5a04add5b,Chopin,Etudes_op_10_5,4,FULL,2220,0.33636363636363636,6600
Chopin/Etudes_op_10/7/ChenL02.mid,piece_cd99f699968911f9,Chopin,Etudes_op_10_7,0,ZERO,1954,0.284507862550961,6868
Chopin/Etudes_op_10/7/ChenL02.mid,piece_cd99f699968911f9,Chopin,Etudes_op_10_7,1,LOW,1696,0.24694234129295284,6868
Chopin/Etudes_op_10/7/ChenL02.mid,piece_cd99f699968911f9,Chopin,Etudes_op_10_7,2,MID,1760,0.256260920209668,6868
Chopin/Etudes_op_10/7/ChenL02.mid,piece_cd99f699968911f9,Chopin,Etudes_op_10_7,3,HIGH,279,0.04062317996505533,6868
Chopin/Etudes_op_10/7/ChenL02.mid,piece_cd99f699968911f9,Chopin,Etudes_op_10_7,4,FULL,1179,0.17166569598136283,6868
Chopin/Etudes_op_10/7/Namirovsky02.mid,piece_cd99f699968911f9,Chopin,Etudes_op_10_7,0,ZERO,1141,0.16161473087818698,7060
Chopin/Etudes_op_10/7/Namirovsky02.mid,piece_cd99f699968911f9,Chopin,Etudes_op_10_7,1,LOW,1934,0.2739376770538244,7060
Chopin/Etudes_op_10/7/Namirovsky02.mid,piece_cd99f699968911f9,Chopin,Etudes_op_10_7,2,MID,3098,0.4388101983002833,7060
Chopin/Etudes_op_10/7/Namirovsky02.mid,piece_cd99f699968911f9,Chopin,Etudes_op_10_7,3,HIGH,252,0.035694050991501414,7060
Chopin/Etudes_op_10/7/Namirovsky02.mid,piece_cd99f699968911f9,Chopin,Etudes_op_10_7,4,FULL,635,0.08994334277620397,7060
Chopin/Etudes_op_10/7/SINKEV03.mid,piece_cd99f699968911f9,Chopin,Etudes_op_10_7,0,ZERO,3364,0.46983240223463685,7160
Chopin/Etudes_op_10/7/SINKEV03.mid,piece_cd99f699968911f9,Chopin,Etudes_op_10_7,1,LOW,1827,0.25516759776536313,7160
Chopin/Etudes_op_10/7/SINKEV03.mid,piece_cd99f699968911f9,Chopin,Etudes_op_10_7,2,MID,973,0.13589385474860335,7160
Chopin/Etudes_op_10/7/SINKEV03.mid,piece_cd99f699968911f9,Chopin,Etudes_op_10_7,3,HIGH,518,0.07234636871508379,7160
Chopin/Etudes_op_10/7/SINKEV03.mid,piece_cd99f699968911f9,Chopin,Etudes_op_10_7,4,FULL,478,0.06675977653631285,7160
Chopin/Etudes_op_10/8/BENABD02.mid,piece_aba0b193a74b4588,Chopin,Etudes_op_10_8,0,ZERO,2525,0.26918976545842216,9380
Chopin/Etudes_op_10/8/BENABD02.mid,piece_aba0b193a74b4588,Chopin,Etudes_op_10_8,1,LOW,1184,0.12622601279317697,9380
Chopin/Etudes_op_10/8/BENABD02.mid,piece_aba0b193a74b4588,Chopin,Etudes_op_10_8,2,MID,1357,0.14466950959488273,9380
Chopin/Etudes_op_10/8/BENABD02.mid,piece_aba0b193a74b4588,Chopin,Etudes_op_10_8,3,HIGH,1626,0.17334754797441365,9380
Chopin/Etudes_op_10/8/BENABD02.mid,piece_aba0b193a74b4588,Chopin,Etudes_op_10_8,4,FULL,2688,0.2865671641791045,9380
Chopin/Etudes_op_10/8/Benabdallah02.mid,piece_aba0b193a74b4588,Chopin,Etudes_op_10_8,0,ZERO,2396,0.2564212328767123,9344
Chopin/Etudes_op_10/8/Benabdallah02.mid,piece_aba0b193a74b4588,Chopin,Etudes_op_10_8,1,LOW,1650,0.17658390410958905,9344
Chopin/Etudes_op_10/8/Benabdallah02.mid,piece_aba0b193a74b4588,Chopin,Etudes_op_10_8,2,MID,4046,0.4330051369863014,9344
Chopin/Etudes_op_10/8/Benabdallah02.mid,piece_aba0b193a74b4588,Chopin,Etudes_op_10_8,3,HIGH,509,0.05447345890410959,9344
Chopin/Etudes_op_10/8/Benabdallah02.mid,piece_aba0b193a74b4588,Chopin,Etudes_op_10_8,4,FULL,743,0.07951626712328767,9344
Chopin/Etudes_op_10/8/CHOE01.mid,piece_aba0b193a74b4588,Chopin,Etudes_op_10_8,0,ZERO,2217,0.2352504244482173,9424
Chopin/Etudes_op_10/8/CHOE01.mid,piece_aba0b193a74b4588,Chopin,Etudes_op_10_8,1,LOW,1442,0.15301358234295415,9424
Chopin/Etudes_op_10/8/CHOE01.mid,piece_aba0b193a74b4588,Chopin,Etudes_op_10_8,2,MID,1094,0.11608658743633277,9424
Chopin/Etudes_op_10/8/CHOE01.mid,piece_aba0b193a74b4588,Chopin,Etudes_op_10_8,3,HIGH,1114,0.11820882852292021,9424
Chopin/Etudes_op_10/8/CHOE01.mid,piece_aba0b193a74b4588,Chopin,Etudes_op_10_8,4,FULL,3557,0.3774405772495755,9424
Chopin/Etudes_op_10/8/ChenJie03.mid,piece_aba0b193a74b4588,Chopin,Etudes_op_10_8,0,ZERO,1063,0.11449806118052563,9284
Chopin/Etudes_op_10/8/ChenJie03.mid,piece_aba0b193a74b4588,Chopin,Etudes_op_10_8,1,LOW,1225,0.1319474364498061,9284
Chopin/Etudes_op_10/8/ChenJie03.mid,piece_aba0b193a74b4588,Chopin,Etudes_op_10_8,2,MID,1196,0.12882378285221888,9284
Chopin/Etudes_op_10/8/ChenJie03.mid,piece_aba0b193a74b4588,Chopin,Etudes_op_10_8,3,HIGH,1905,0.20519172770357605,9284
Chopin/Etudes_op_10/8/ChenJie03.mid,piece_aba0b193a74b4588,Chopin,Etudes_op_10_8,4,FULL,3895,0.41953899181387333,9284
Chopin/Etudes_op_10/8/FONG02.mid,piece_aba0b193a74b4588,Chopin,Etudes_op_10_8,0,ZERO,1153,0.1235533647663952,9332
Chopin/Etudes_op_10/8/FONG02.mid,piece_aba0b193a74b4588,Chopin,Etudes_op_10_8,1,LOW,4338,0.46485212173167595,9332
Chopin/Etudes_op_10/8/FONG02.mid,piece_aba0b193a74b4588,Chopin,Etudes_op_10_8,2,MID,3091,0.33122588941277326,9332
Chopin/Etudes_op_10/8/FONG02.mid,piece_aba0b193a74b4588,Chopin,Etudes_op_10_8,3,HIGH,537,0.057543934847835404,9332
Chopin/Etudes_op_10/8/FONG02.mid,piece_aba0b193a74b4588,Chopin,Etudes_op_10_8,4,FULL,213,0.022824689241320188,9332
Chopin/Etudes_op_10/8/Georgieva03.mid,piece_aba0b193a74b4588,Chopin,Etudes_op_10_8,0,ZERO,473,0.05023364485981308,9416
Chopin/Etudes_op_10/8/Georgieva03.mid,piece_aba0b193a74b4588,Chopin,Etudes_op_10_8,1,LOW,3728,0.3959218351741716,9416
Chopin/Etudes_op_10/8/Georgieva03.mid,piece_aba0b193a74b4588,Chopin,Etudes_op_10_8,2,MID,2790,0.296304163126593,9416
Chopin/Etudes_op_10/8/Georgieva03.mid,piece_aba0b193a74b4588,Chopin,Etudes_op_10_8,3,HIGH,779,0.08273152081563297,9416
Chopin/Etudes_op_10/8/Georgieva03.mid,piece_aba0b193a74b4588,Chopin,Etudes_op_10_8,4,FULL,1646,0.1748088360237893,9416
Chopin/Etudes_op_10/8/IVLEVA02.mid,piece_aba0b193a74b4588,Chopin,Etudes_op_10_8,0,ZERO,1080,0.11658031088082901,9264
Chopin/Etudes_op_10/8/IVLEVA02.mid,piece_aba0b193a74b4588,Chopin,Etudes_op_10_8,1,LOW,2363,0.255073402417962,9264
Chopin/Etudes_op_10/8/IVLEVA02.mid,piece_aba0b193a74b4588,Chopin,Etudes_op_10_8,2,MID,2077,0.22420120898100174,9264
Chopin/Etudes_op_10/8/IVLEVA02.mid,piece_aba0b193a74b4588,Chopin,Etudes_op_10_8,3,HIGH,1257,0.13568652849740934,9264
Chopin/Etudes_op_10/8/IVLEVA02.mid,piece_aba0b193a74b4588,Chopin,Etudes_op_10_8,4,FULL,2487,0.26845854922279794,9264
Chopin/Etudes_op_10/8/Kwok02.mid,piece_aba0b193a74b4588,Chopin,Etudes_op_10_8,0,ZERO,1339,0.1436078936078936,9324
Chopin/Etudes_op_10/8/Kwok02.mid,piece_aba0b193a74b4588,Chopin,Etudes_op_10_8,1,LOW,1521,0.16312741312741313,9324
Chopin/Etudes_op_10/8/Kwok02.mid,piece_aba0b193a74b4588,Chopin,Etudes_op_10_8,2,MID,2358,0.2528957528957529,9324
Chopin/Etudes_op_10/8/Kwok02.mid,piece_aba0b193a74b4588,Chopin,Etudes_op_10_8,3,HIGH,848,0.09094809094809095,9324
Chopin/Etudes_op_10/8/Kwok02.mid,piece_aba0b193a74b4588,Chopin,Etudes_op_10_8,4,FULL,3258,0.34942084942084944,9324
Chopin/Etudes_op_10/8/KyykhynenT09M.mid,piece_aba0b193a74b4588,Chopin,Etudes_op_10_8,0,ZERO,5571,0.5924074861760953,9404
Chopin/Etudes_op_10/8/KyykhynenT09M.mid,piece_aba0b193a74b4588,Chopin,Etudes_op_10_8,1,LOW,386,0.04104636324968099,9404
Chopin/Etudes_op_10/8/KyykhynenT09M.mid,piece_aba0b193a74b4588,Chopin,Etudes_op_10_8,2,MID,417,0.0443428328370906,9404
Chopin/Etudes_op_10/8/KyykhynenT09M.mid,piece_aba0b193a74b4588,Chopin,Etudes_op_10_8,3,HIGH,91,0.009676733304976606,9404
Chopin/Etudes_op_10/8/KyykhynenT09M.mid,piece_aba0b193a74b4588,Chopin,Etudes_op_10_8,4,FULL,2939,0.31252658443215653,9404
Chopin/Etudes_op_10/8/LeeEunjin02.mid,piece_aba0b193a74b4588,Chopin,Etudes_op_10_8,0,ZERO,2088,0.22374624946420918,9332
Chopin/Etudes_op_10/8/LeeEunjin02.mid,piece_aba0b193a74b4588,Chopin,Etudes_op_10_8,1,LOW,1544,0.16545220745820832,9332
Chopin/Etudes_op_10/8/LeeEunjin02.mid,piece_aba0b193a74b4588,Chopin,Etudes_op_10_8,2,MID,2340,0.2507501071581654,9332
Chopin/Etudes_op_10/8/LeeEunjin02.mid,piece_aba0b193a74b4588,Chopin,Etudes_op_10_8,3,HIGH,887,0.09504929275610802,9332
Chopin/Etudes_op_10/8/LeeEunjin02.mid,piece_aba0b193a74b4588,Chopin,Etudes_op_10_8,4,FULL,2473,0.26500214316330906,9332
Chopin/Etudes_op_10/8/LeeHwakyu02.mid,piece_aba0b193a74b4588,Chopin,Etudes_op_10_8,0,ZERO,1145,0.1234368262181975,9276
Chopin/Etudes_op_10/8/LeeHwakyu02.mid,piece_aba0b193a74b4588,Chopin,Etudes_op_10_8,1,LOW,1675,0.18057352307028893,9276
Chopin/Etudes_op_10/8/LeeHwakyu02.mid,piece_aba0b193a74b4588,Chopin,Etudes_op_10_8,2,MID,2163,0.2331824062095731,9276
Chopin/Etudes_op_10/8/LeeHwakyu02.mid,piece_aba0b193a74b4588,Chopin,Etudes_op_10_8,3,HIGH,2293,0.24719706770159552,9276
Chopin/Etudes_op_10/8/LeeHwakyu02.mid,piece_aba0b193a74b4588,Chopin,Etudes_op_10_8,4,FULL,2000,0.21561017680034497,9276
Chopin/Etudes_op_10/8/LeeJisun02.mid,piece_aba0b193a74b4588,Chopin,Etudes_op_10_8,0,ZERO,1705,0.18476376246207196,9228
Chopin/Etudes_op_10/8/LeeJisun02.mid,piece_aba0b193a74b4588,Chopin,Etudes_op_10_8,1,LOW,1182,0.12808842652795838,9228
Chopin/Etudes_op_10/8/LeeJisun02.mid,piece_aba0b193a74b4588,Chopin,Etudes_op_10_8,2,MID,1046,0.11335067186822713,9228
Chopin/Etudes_op_10/8/LeeJisun02.mid,piece_aba0b193a74b4588,Chopin,Etudes_op_10_8,3,HIGH,1011,0.10955786736020806,9228
Chopin/Etudes_op_10/8/LeeJisun02.mid,piece_aba0b193a74b4588,Chopin,Etudes_op_10_8,4,FULL,4284,0.46423927178153446,9228
Chopin/Etudes_op_10/8/LiuLangning02.mid,piece_aba0b193a74b4588,Chopin,Etudes_op_10_8,0,ZERO,1403,0.15086021505376343,9300
Chopin/Etudes_op_10/8/LiuLangning02.mid,piece_aba0b193a74b4588,Chopin,Etudes_op_10_8,1,LOW,987,0.10612903225806451,9300
Chopin/Etudes_op_10/8/LiuLangning02.mid,piece_aba0b193a74b4588,Chopin,Etudes_op_10_8,2,MID,1233,0.1325806451612903,9300
Chopin/Etudes_op_10/8/LiuLangning02.mid,piece_aba0b193a74b4588,Chopin,Etudes_op_10_8,3,HIGH,608,0.06537634408602151,9300
Chopin/Etudes_op_10/8/LiuLangning02.mid,piece_aba0b193a74b4588,Chopin,Etudes_op_10_8,4,FULL,5069,0.5450537634408602,9300
Chopin/Etudes_op_10/8/Lou03M.mid,piece_aba0b193a74b4588,Chopin,Etudes_op_10_8,0,ZERO,2435,0.26160292221744735,9308
Chopin/Etudes_op_10/8/Lou03M.mid,piece_aba0b193a74b4588,Chopin,Etudes_op_10_8,1,LOW,2136,0.22948001718951438,9308
Chopin/Etudes_op_10/8/Lou03M.mid,piece_aba0b193a74b4588,Chopin,Etudes_op_10_8,2,MID,1660,0.17834121186076493,9308
Chopin/Etudes_op_10/8/Lou03M.mid,piece_aba0b193a74b4588,Chopin,Etudes_op_10_8,3,HIGH,778,0.08358401375161152,9308
Chopin/Etudes_op_10/8/Lou03M.mid,piece_aba0b193a74b4588,Chopin,Etudes_op_10_8,4,FULL,2299,0.2469918349806618,9308
Chopin/Etudes_op_10/8/LuEric03M.mid,piece_aba0b193a74b4588,Chopin,Etudes_op_10_8,0,ZERO,3109,0.3335836909871245,9320
Chopin/Etudes_op_10/8/LuEric03M.mid,piece_aba0b193a74b4588,Chopin,Etudes_op_10_8,1,LOW,1536,0.1648068669527897,9320
Chopin/Etudes_op_10/8/LuEric03M.mid,piece_aba0b193a74b4588,Chopin,Etudes_op_10_8,2,MID,1598,0.17145922746781117,9320
Chopin/Etudes_op_10/8/LuEric03M.mid,piece_aba0b193a74b4588,Chopin,Etudes_op_10_8,3,HIGH,185,0.01984978540772532,9320
Chopin/Etudes_op_10/8/LuEric03M.mid,piece_aba0b193a74b4588,Chopin,Etudes_op_10_8,4,FULL,2892,0.31030042918454936,9320
Chopin/Etudes_op_10/8/Masycheva02.mid,piece_aba0b193a74b4588,Chopin,Etudes_op_10_8,0,ZERO,1109,0.11767826825127334,9424
Chopin/Etudes_op_10/8/Masycheva02.mid,piece_aba0b193a74b4588,Chopin,Etudes_op_10_8,1,LOW,1919,0.20362903225806453,9424
Chopin/Etudes_op_10/8/Masycheva02.mid,piece_aba0b193a74b4588,Chopin,Etudes_op_10_8,2,MID,2696,0.2860780984719864,9424
Chopin/Etudes_op_10/8/Masycheva02.mid,piece_aba0b193a74b4588,Chopin,Etudes_op_10_8,3,HIGH,790,0.08382852292020374,9424
Chopin/Etudes_op_10/8/Masycheva02.mid,piece_aba0b193a74b4588,Chopin,Etudes_op_10_8,4,FULL,2910,0.30878607809847197,9424
Chopin/Etudes_op_10/8/MiyashitaM05M.mid,piece_aba0b193a74b4588,Chopin,Etudes_op_10_8,0,ZERO,163,0.017421975203078238,9356
Chopin/Etudes_op_10/8/MiyashitaM05M.mid,piece_aba0b193a74b4588,Chopin,Etudes_op_10_8,1,LOW,2036,0.2176143651132963,9356
Chopin/Etudes_op_10/8/MiyashitaM05M.mid,piece_aba0b193a74b4588,Chopin,Etudes_op_10_8,2,MID,1615,0.17261650277896537,9356
Chopin/Etudes_op_10/8/MiyashitaM05M.mid,piece_aba0b193a74b4588,Chopin,Etudes_op_10_8,3,HIGH,568,0.06070970500213767,9356
Chopin/Etudes_op_10/8/MiyashitaM05M.mid,piece_aba0b193a74b4588,Chopin,Etudes_op_10_8,4,FULL,4974,0.5316374519025224,9356
Chopin/Etudes_op_10/8/ParkH02.mid,piece_aba0b193a74b4588,Chopin,Etudes_op_10_8,0,ZERO,2771,0.29291754756871036,9460
Chopin/Etudes_op_10/8/ParkH02.mid,piece_aba0b193a74b4588,Chopin,Etudes_op_10_8,1,LOW,2059,0.21765327695560255,9460
Chopin/Etudes_op_10/8/ParkH02.mid,piece_aba0b193a74b4588,Chopin,Etudes_op_10_8,2,MID,1780,0.18816067653276955,9460
Chopin/Etudes_op_10/8/ParkH02.mid,piece_aba0b193a74b4588,Chopin,Etudes_op_10_8,3,HIGH,355,0.037526427061310784,9460
Chopin/Etudes_op_10/8/ParkH02.mid,piece_aba0b193a74b4588,Chopin,Etudes_op_10_8,4,FULL,2495,0.26374207188160675,9460
Chopin/Etudes_op_10/8/Rizikov03M.mid,piece_aba0b193a74b4588,Chopin,Etudes_op_10_8,0,ZERO,459,0.04922779922779923,9324
Chopin/Etudes_op_10/8/Rizikov03M.mid,piece_aba0b193a74b4588,Chopin,Etudes_op_10_8,1,LOW,1806,0.19369369369369369,9324
Chopin/Etudes_op_10/8/Rizikov03M.mid,piece_aba0b193a74b4588,Chopin,Etudes_op_10_8,2,MID,1386,0.14864864864864866,9324
Chopin/Etudes_op_10/8/Rizikov03M.mid,piece_aba0b193a74b4588,Chopin,Etudes_op_10_8,3,HIGH,428,0.045903045903045905,9324
Chopin/Etudes_op_10/8/Rizikov03M.mid,piece_aba0b193a74b4588,Chopin,Etudes_op_10_8,4,FULL,5245,0.5625268125268126,9324
Chopin/Etudes_op_10/8/SCHU03.mid,piece_aba0b193a74b4588,Chopin,Etudes_op_10_8,0,ZERO,2335,0.2525962786672436,9244
Chopin/Etudes_op_10/8/SCHU03.mid,piece_aba0b193a74b4588,Chopin,Etudes_op_10_8,1,LOW,1390,0.1503678061445262,9244
Chopin/Etudes_op_10/8/SCHU03.mid,piece_aba0b193a74b4588,Chopin,Etudes_op_10_8,2,MID,1837,0.19872349632193856,9244
Chopin/Etudes_op_10/8/SCHU03.mid,piece_aba0b193a74b4588,Chopin,Etudes_op_10_8,3,HIGH,2459,0.26601038511466896,9244
Chopin/Etudes_op_10/8/SCHU03.mid,piece_aba0b193a74b4588,Chopin,Etudes_op_10_8,4,FULL,1223,0.13230203375162267,9244
Chopin/Etudes_op_10/8/Sekino03.mid,piece_aba0b193a74b4588,Chopin,Etudes_op_10_8,0,ZERO,953,0.10269396551724137,9280
Chopin/Etudes_op_10/8/Sekino03.mid,piece_aba0b193a74b4588,Chopin,Etudes_op_10_8,1,LOW,1524,0.1642241379310345,9280
Chopin/Etudes_op_10/8/Sekino03.mid,piece_aba0b193a74b4588,Chopin,Etudes_op_10_8,2,MID,2956,0.3185344827586207,9280
Chopin/Etudes_op_10/8/Sekino03.mid,piece_aba0b193a74b4588,Chopin,Etudes_op_10_8,3,HIGH,1075,0.11584051724137931,9280
Chopin/Etudes_op_10/8/Sekino03.mid,piece_aba0b193a74b4588,Chopin,Etudes_op_10_8,4,FULL,2772,0.2987068965517241,9280
Chopin/Etudes_op_10/8/Shilyaev02.mid,piece_aba0b193a74b4588,Chopin,Etudes_op_10_8,0,ZERO,1423,0.15131858783496385,9404
Chopin/Etudes_op_10/8/Shilyaev02.mid,piece_aba0b193a74b4588,Chopin,Etudes_op_10_8,1,LOW,2582,0.2745640153126329,9404
Chopin/Etudes_op_10/8/Shilyaev02.mid,piece_aba0b193a74b4588,Chopin,Etudes_op_10_8,2,MID,3101,0.3297532964695874,9404
Chopin/Etudes_op_10/8/Shilyaev02.mid,piece_aba0b193a74b4588,Chopin,Etudes_op_10_8,3,HIGH,656,0.06975754997873246,9404
Chopin/Etudes_op_10/8/Shilyaev02.mid,piece_aba0b193a74b4588,Chopin,Etudes_op_10_8,4,FULL,1642,0.17460655040408338,9404
Chopin/Etudes_op_10/8/Soukhovetski02.mid,piece_aba0b193a74b4588,Chopin,Etudes_op_10_8,0,ZERO,1860,0.2003446790176648,9284
Chopin/Etudes_op_10/8/Soukhovetski02.mid,piece_aba0b193a74b4588,Chopin,Etudes_op_10_8,1,LOW,2343,0.2523696682464455,9284
Chopin/Etudes_op_10/8/Soukhovetski02.mid,piece_aba0b193a74b4588,Chopin,Etudes_op_10_8,2,MID,2979,0.32087462300732444,9284
Chopin/Etudes_op_10/8/Soukhovetski02.mid,piece_aba0b193a74b4588,Chopin,Etudes_op_10_8,3,HIGH,912,0.0982335200344679,9284
Chopin/Etudes_op_10/8/Soukhovetski02.mid,piece_aba0b193a74b4588,Chopin,Etudes_op_10_8,4,FULL,1190,0.12817750969409736,9284
Chopin/Etudes_op_10/8/Tak02.mid,piece_aba0b193a74b4588,Chopin,Etudes_op_10_8,0,ZERO,2867,0.3047406462585034,9408
Chopin/Etudes_op_10/8/Tak02.mid,piece_aba0b193a74b4588,Chopin,Etudes_op_10_8,1,LOW,4243,0.45099914965986393,9408
Chopin/Etudes_op_10/8/Tak02.mid,piece_aba0b193a74b4588,Chopin,Etudes_op_10_8,2,MID,1809,0.19228316326530612,9408
Chopin/Etudes_op_10/8/Tak02.mid,piece_aba0b193a74b4588,Chopin,Etudes_op_10_8,3,HIGH,188,0.019982993197278913,9408
Chopin/Etudes_op_10/8/Tak02.mid,piece_aba0b193a74b4588,Chopin,Etudes_op_10_8,4,FULL,301,0.031994047619047616,9408
Chopin/Etudes_op_10/8/Tetzloff02.mid,piece_aba0b193a74b4588,Chopin,Etudes_op_10_8,0,ZERO,1504,0.16607773851590105,9056
Chopin/Etudes_op_10/8/Tetzloff02.mid,piece_aba0b193a74b4588,Chopin,Etudes_op_10_8,1,LOW,1396,0.15415194346289754,9056
Chopin/Etudes_op_10/8/Tetzloff02.mid,piece_aba0b193a74b4588,Chopin,Etudes_op_10_8,2,MID,1680,0.1855123674911661,9056
Chopin/Etudes_op_10/8/Tetzloff02.mid,piece_aba0b193a74b4588,Chopin,Etudes_op_10_8,3,HIGH,705,0.07784893992932862,9056
Chopin/Etudes_op_10/8/Tetzloff02.mid,piece_aba0b193a74b4588,Chopin,Etudes_op_10_8,4,FULL,3771,0.41640901060070673,9056
Chopin/Etudes_op_10/8/Tetzloff07M.mid,piece_aba0b193a74b4588,Chopin,Etudes_op_10_8,0,ZERO,2411,0.2692050022331398,8956
Chopin/Etudes_op_10/8/Tetzloff07M.mid,piece_aba0b193a74b4588,Chopin,Etudes_op_10_8,1,LOW,536,0.05984814649397052,8956
Chopin/Etudes_op_10/8/Tetzloff07M.mid,piece_aba0b193a74b4588,Chopin,Etudes_op_10_8,2,MID,2965,0.33106297454220635,8956
Chopin/Etudes_op_10/8/Tetzloff07M.mid,piece_aba0b193a74b4588,Chopin,Etudes_op_10_8,3,HIGH,1311,0.14638231353282716,8956
Chopin/Etudes_op_10/8/Tetzloff07M.mid,piece_aba0b193a74b4588,Chopin,Etudes_op_10_8,4,FULL,1733,0.1935015631978562,8956
Chopin/Etudes_op_10/8/YOU02.mid,piece_aba0b193a74b4588,Chopin,Etudes_op_10_8,0,ZERO,1886,0.20098039215686275,9384
Chopin/Etudes_op_10/8/YOU02.mid,piece_aba0b193a74b4588,Chopin,Etudes_op_10_8,1,LOW,773,0.08237425404944587,9384
Chopin/Etudes_op_10/8/YOU02.mid,piece_aba0b193a74b4588,Chopin,Etudes_op_10_8,2,MID,969,0.10326086956521739,9384
Chopin/Etudes_op_10/8/YOU02.mid,piece_aba0b193a74b4588,Chopin,Etudes_op_10_8,3,HIGH,1262,0.1344842284739983,9384
Chopin/Etudes_op_10/8/YOU02.mid,piece_aba0b193a74b4588,Chopin,Etudes_op_10_8,4,FULL,4494,0.4789002557544757,9384
Chopin/Etudes_op_10/8/Zhou03M.mid,piece_aba0b193a74b4588,Chopin,Etudes_op_10_8,0,ZERO,2144,0.231433506044905,9264
Chopin/Etudes_op_10/8/Zhou03M.mid,piece_aba0b193a74b4588,Chopin,Etudes_op_10_8,1,LOW,1702,0.18372193436960277,9264
Chopin/Etudes_op_10/8/Zhou03M.mid,piece_aba0b193a74b4588,Chopin,Etudes_op_10_8,2,MID,975,0.1052461139896373,9264
Chopin/Etudes_op_10/8/Zhou03M.mid,piece_aba0b193a74b4588,Chopin,Etudes_op_10_8,3,HIGH,327,0.0352979274611399,9264
Chopin/Etudes_op_10/8/Zhou03M.mid,piece_aba0b193a74b4588,Chopin,Etudes_op_10_8,4,FULL,4116,0.44430051813471505,9264
Chopin/Etudes_op_25/1/Erice03.mid,piece_63932379faac9770,Chopin,Etudes_op_25_1,0,ZERO,46,0.0051755175517551755,8888
Chopin/Etudes_op_25/1/Erice03.mid,piece_63932379faac9770,Chopin,Etudes_op_25_1,1,LOW,260,0.029252925292529253,8888
Chopin/Etudes_op_25/1/Erice03.mid,piece_63932379faac9770,Chopin,Etudes_op_25_1,2,MID,2575,0.28971647164716474,8888
Chopin/Etudes_op_25/1/Erice03.mid,piece_63932379faac9770,Chopin,Etudes_op_25_1,3,HIGH,1365,0.15357785778577857,8888
Chopin/Etudes_op_25/1/Erice03.mid,piece_63932379faac9770,Chopin,Etudes_op_25_1,4,FULL,4642,0.5222772277227723,8888
Chopin/Etudes_op_25/1/LeeN03M.mid,piece_63932379faac9770,Chopin,Etudes_op_25_1,0,ZERO,26,0.0031461761858664087,8264
Chopin/Etudes_op_25/1/LeeN03M.mid,piece_63932379faac9770,Chopin,Etudes_op_25_1,1,LOW,341,0.041263310745401745,8264
Chopin/Etudes_op_25/1/LeeN03M.mid,piece_63932379faac9770,Chopin,Etudes_op_25_1,2,MID,463,0.056026137463697966,8264
Chopin/Etudes_op_25/1/LeeN03M.mid,piece_63932379faac9770,Chopin,Etudes_op_25_1,3,HIGH,112,0.013552758954501452,8264
Chopin/Etudes_op_25/1/LeeN03M.mid,piece_63932379faac9770,Chopin,Etudes_op_25_1,4,FULL,7322,0.8860116166505324,8264
Chopin/Etudes_op_25/1/TongB02M.mid,piece_63932379faac9770,Chopin,Etudes_op_25_1,0,ZERO,36,0.004646360351058337,7748
Chopin/Etudes_op_25/1/TongB02M.mid,piece_63932379faac9770,Chopin,Etudes_op_25_1,1,LOW,107,0.013810015487867837,7748
Chopin/Etudes_op_25/1/TongB02M.mid,piece_63932379faac9770,Chopin,Etudes_op_25_1,2,MID,180,0.023231801755291687,7748
Chopin/Etudes_op_25/1/TongB02M.mid,piece_63932379faac9770,Chopin,Etudes_op_25_1,3,HIGH,138,0.017811048012390293,7748
Chopin/Etudes_op_25/1/TongB02M.mid,piece_63932379faac9770,Chopin,Etudes_op_25_1,4,FULL,7287,0.9405007743933919,7748
Chopin/Etudes_op_25/1/TuanS04M.mid,piece_63932379faac9770,Chopin,Etudes_op_25_1,0,ZERO,112,0.014155712841253791,7912
Chopin/Etudes_op_25/1/TuanS04M.mid,piece_63932379faac9770,Chopin,Etudes_op_25_1,1,LOW,196,0.024772497472194135,7912
Chopin/Etudes_op_25/1/TuanS04M.mid,piece_63932379faac9770,Chopin,Etudes_op_25_1,2,MID,357,0.04512133468149646,7912
Chopin/Etudes_op_25/1/TuanS04M.mid,piece_63932379faac9770,Chopin,Etudes_op_25_1,3,HIGH,134,0.01693629929221436,7912
Chopin/Etudes_op_25/1/TuanS04M.mid,piece_63932379faac9770,Chopin,Etudes_op_25_1,4,FULL,7113,0.8990141557128413,7912
Chopin/Etudes_op_25/1/Wong03M.mid,piece_63932379faac9770,Chopin,Etudes_op_25_1,0,ZERO,312,0.03696682464454976,8440
Chopin/Etudes_op_25/1/Wong03M.mid,piece_63932379faac9770,Chopin,Etudes_op_25_1,1,LOW,257,0.030450236966824643,8440
Chopin/Etudes_op_25/1/Wong03M.mid,piece_63932379faac9770,Chopin,Etudes_op_25_1,2,MID,257,0.030450236966824643,8440
Chopin/Etudes_op_25/1/Wong03M.mid,piece_63932379faac9770,Chopin,Etudes_op_25_1,3,HIGH,53,0.0062796208530805685,8440
Chopin/Etudes_op_25/1/Wong03M.mid,piece_63932379faac9770,Chopin,Etudes_op_25_1,4,FULL,7561,0.8958530805687204,8440
Chopin/Etudes_op_25/10/Ahn02.mid,piece_16ea4e3a793bb1d0,Chopin,Etudes_op_25_10,0,ZERO,1068,0.07339197361187466,14552
Chopin/Etudes_op_25/10/Ahn02.mid,piece_16ea4e3a793bb1d0,Chopin,Etudes_op_25_10,1,LOW,1750,0.1202583837273227,14552
Chopin/Etudes_op_25/10/Ahn02.mid,piece_16ea4e3a793bb1d0,Chopin,Etudes_op_25_10,2,MID,1018,0.069956019791094,14552
Chopin/Etudes_op_25/10/Ahn02.mid,piece_16ea4e3a793bb1d0,Chopin,Etudes_op_25_10,3,HIGH,210,0.014431006047278724,14552
Chopin/Etudes_op_25/10/Ahn02.mid,piece_16ea4e3a793bb1d0,Chopin,Etudes_op_25_10,4,FULL,10506,0.7219626168224299,14552
Chopin/Etudes_op_25/10/DANILO02.mid,piece_16ea4e3a793bb1d0,Chopin,Etudes_op_25_10,0,ZERO,81,0.00554338899534629,14612
Chopin/Etudes_op_25/10/DANILO02.mid,piece_16ea4e3a793bb1d0,Chopin,Etudes_op_25_10,1,LOW,812,0.05557076375581713,14612
Chopin/Etudes_op_25/10/DANILO02.mid,piece_16ea4e3a793bb1d0,Chopin,Etudes_op_25_10,2,MID,1664,0.11387900355871886,14612
Chopin/Etudes_op_25/10/DANILO02.mid,piece_16ea4e3a793bb1d0,Chopin,Etudes_op_25_10,3,HIGH,1354,0.0926635641938133,14612
Chopin/Etudes_op_25/10/DANILO02.mid,piece_16ea4e3a793bb1d0,Chopin,Etudes_op_25_10,4,FULL,10701,0.7323432794963044,14612
Chopin/Etudes_op_25/10/Goh01.mid,piece_16ea4e3a793bb1d0,Chopin,Etudes_op_25_10,0,ZERO,226,0.01544982225868198,14628
Chopin/Etudes_op_25/10/Goh01.mid,piece_16ea4e3a793bb1d0,Chopin,Etudes_op_25_10,1,LOW,2389,0.16331692644243917,14628
Chopin/Etudes_op_25/10/Goh01.mid,piece_16ea4e3a793bb1d0,Chopin,Etudes_op_25_10,2,MID,1708,0.11676237353021603,14628
Chopin/Etudes_op_25/10/Goh01.mid,piece_16ea4e3a793bb1d0,Chopin,Etudes_op_25_10,3,HIGH,248,0.01695378725731474,14628
Chopin/Etudes_op_25/10/Goh01.mid,piece_16ea4e3a793bb1d0,Chopin,Etudes_op_25_10,4,FULL,10057,0.6875170905113481,14628
Chopin/Etudes_op_25/10/Guo02M.mid,piece_16ea4e3a793bb1d0,Chopin,Etudes_op_25_10,0,ZERO,389,0.02690179806362379,14460
Chopin/Etudes_op_25/10/Guo02M.mid,piece_16ea4e3a793bb1d0,Chopin,Etudes_op_25_10,1,LOW,2003,0.13852005532503459,14460
Chopin/Etudes_op_25/10/Guo02M.mid,piece_16ea4e3a793bb1d0,Chopin,Etudes_op_25_10,2,MID,2697,0.18651452282157677,14460
Chopin/Etudes_op_25/10/Guo02M.mid,piece_16ea4e3a793bb1d0,Chopin,Etudes_op_25_10,3,HIGH,1240,0.08575380359612725,14460
Chopin/Etudes_op_25/10/Guo02M.mid,piece_16ea4e3a793bb1d0,Chopin,Etudes_op_25_10,4,FULL,8131,0.5623098201936376,14460
Chopin/Etudes_op_25/10/KorchinskayaKogan03.mid,piece_16ea4e3a793bb1d0,Chopin,Etudes_op_25_10,0,ZERO,638,0.043722587719298246,14592
Chopin/Etudes_op_25/10/KorchinskayaKogan03.mid,piece_16ea4e3a793bb1d0,Chopin,Etudes_op_25_10,1,LOW,1193,0.08175712719298246,14592
Chopin/Etudes_op_25/10/KorchinskayaKogan03.mid,piece_16ea4e3a793bb1d0,Chopin,Etudes_op_25_10,2,MID,1673,0.11465186403508772,14592
Chopin/Etudes_op_25/10/KorchinskayaKogan03.mid,piece_16ea4e3a793bb1d0,Chopin,Etudes_op_25_10,3,HIGH,862,0.0590734649122807,14592
Chopin/Etudes_op_25/10/KorchinskayaKogan03.mid,piece_16ea4e3a793bb1d0,Chopin,Etudes_op_25_10,4,FULL,10226,0.7007949561403509,14592
Chopin/Etudes_op_25/10/McNamara03.mid,piece_16ea4e3a793bb1d0,Chopin,Etudes_op_25_10,0,ZERO,342,0.023101864360983517,14804
Chopin/Etudes_op_25/10/McNamara03.mid,piece_16ea4e3a793bb1d0,Chopin,Etudes_op_25_10,1,LOW,895,0.06045663334233991,14804
Chopin/Etudes_op_25/10/McNamara03.mid,piece_16ea4e3a793bb1d0,Chopin,Etudes_op_25_10,2,MID,3329,0.22487165630910566,14804
Chopin/Etudes_op_25/10/McNamara03.mid,piece_16ea4e3a793bb1d0,Chopin,Etudes_op_25_10,3,HIGH,1307,0.08828694947311537,14804
Chopin/Etudes_op_25/10/McNamara03.mid,piece_16ea4e3a793bb1d0,Chopin,Etudes_op_25_10,4,FULL,8931,0.6032828965144555,14804
Chopin/Etudes_op_25/10/Ozel05M.mid,piece_16ea4e3a793bb1d0,Chopin,Etudes_op_25_10,0,ZERO,1189,0.0842784235894528,14108
Chopin/Etudes_op_25/10/Ozel05M.mid,piece_16ea4e3a793bb1d0,Chopin,Etudes_op_25_10,1,LOW,665,0.04713637652395804,14108
Chopin/Etudes_op_25/10/Ozel05M.mid,piece_16ea4e3a793bb1d0,Chopin,Etudes_op_25_10,2,MID,1199,0.08498724128154239,14108
Chopin/Etudes_op_25/10/Ozel05M.mid,piece_16ea4e3a793bb1d0,Chopin,Etudes_op_25_10,3,HIGH,258,0.018287496455911538,14108
Chopin/Etudes_op_25/10/Ozel05M.mid,piece_16ea4e3a793bb1d0,Chopin,Etudes_op_25_10,4,FULL,10797,0.7653104621491352,14108
Chopin/Etudes_op_25/10/Shelest01.mid,piece_16ea4e3a793bb1d0,Chopin,Etudes_op_25_10,0,ZERO,1178,0.07878544676297486,14952
Chopin/Etudes_op_25/10/Shelest01.mid,piece_16ea4e3a793bb1d0,Chopin,Etudes_op_25_10,1,LOW,2621,0.17529427501337613,14952
Chopin/Etudes_op_25/10/Shelest01.mid,piece_16ea4e3a793bb1d0,Chopin,Etudes_op_25_10,2,MID,1871,0.12513376136971643,14952
Chopin/Etudes_op_25/10/Shelest01.mid,piece_16ea4e3a793bb1d0,Chopin,Etudes_op_25_10,3,HIGH,370,0.024745853397538792,14952
Chopin/Etudes_op_25/10/Shelest01.mid,piece_16ea4e3a793bb1d0,Chopin,Etudes_op_25_10,4,FULL,8912,0.5960406634563938,14952
Chopin/Etudes_op_25/10/Shybayeva01.mid,piece_16ea4e3a793bb1d0,Chopin,Etudes_op_25_10,0,ZERO,82,0.0057844243792325055,14176
Chopin/Etudes_op_25/10/Shybayeva01.mid,piece_16ea4e3a793bb1d0,Chopin,Etudes_op_25_10,1,LOW,1080,0.07618510158013544,14176
Chopin/Etudes_op_25/10/Shybayeva01.mid,piece_16ea4e3a793bb1d0,Chopin,Etudes_op_25_10,2,MID,3157,0.22270033860045146,14176
Chopin/Etudes_op_25/10/Shybayeva01.mid,piece_16ea4e3a793bb1d0,Chopin,Etudes_op_25_10,3,HIGH,1651,0.11646444695259593,14176
Chopin/Etudes_op_25/10/Shybayeva01.mid,piece_16ea4e3a793bb1d0,Chopin,Etudes_op_25_10,4,FULL,8206,0.5788656884875847,14176
Chopin/Etudes_op_25/10/WangA03M.mid,piece_16ea4e3a793bb1d0,Chopin,Etudes_op_25_10,0,ZERO,1686,0.12448316597755464,13544
Chopin/Etudes_op_25/10/WangA03M.mid,piece_16ea4e3a793bb1d0,Chopin,Etudes_op_25_10,1,LOW,1112,0.08210277613703484,13544
Chopin/Etudes_op_25/10/WangA03M.mid,piece_16ea4e3a793bb1d0,Chopin,Etudes_op_25_10,2,MID,1644,0.12138216184288246,13544
Chopin/Etudes_op_25/10/WangA03M.mid,piece_16ea4e3a793bb1d0,Chopin,Etudes_op_25_10,3,HIGH,633,0.04673656231541642,13544
Chopin/Etudes_op_25/10/WangA03M.mid,piece_16ea4e3a793bb1d0,Chopin,Etudes_op_25_10,4,FULL,8469,0.6252953337271117,13544
Chopin/Etudes_op_25/10/Zagalskaia03.mid,piece_16ea4e3a793bb1d0,Chopin,Etudes_op_25_10,0,ZERO,73,0.005196469248291572,14048
Chopin/Etudes_op_25/10/Zagalskaia03.mid,piece_16ea4e3a793bb1d0,Chopin,Etudes_op_25_10,1,LOW,903,0.06427961275626423,14048
Chopin/Etudes_op_25/10/Zagalskaia03.mid,piece_16ea4e3a793bb1d0,Chopin,Etudes_op_25_10,2,MID,4227,0.3008969248291572,14048
Chopin/Etudes_op_25/10/Zagalskaia03.mid,piece_16ea4e3a793bb1d0,Chopin,Etudes_op_25_10,3,HIGH,2389,0.17005979498861049,14048
Chopin/Etudes_op_25/10/Zagalskaia03.mid,piece_16ea4e3a793bb1d0,Chopin,Etudes_op_25_10,4,FULL,6456,0.45956719817767655,14048
Chopin/Etudes_op_25/10/Zhao02.mid,piece_16ea4e3a793bb1d0,Chopin,Etudes_op_25_10,0,ZERO,1052,0.0743988684582744,14140
Chopin/Etudes_op_25/10/Zhao02.mid,piece_16ea4e3a793bb1d0,Chopin,Etudes_op_25_10,1,LOW,1188,0.08401697312588402,14140
Chopin/Etudes_op_25/10/Zhao02.mid,piece_16ea4e3a793bb1d0,Chopin,Etudes_op_25_10,2,MID,2060,0.1456859971711457,14140
Chopin/Etudes_op_25/10/Zhao02.mid,piece_16ea4e3a793bb1d0,Chopin,Etudes_op_25_10,3,HIGH,1008,0.07128712871287128,14140
Chopin/Etudes_op_25/10/Zhao02.mid,piece_16ea4e3a793bb1d0,Chopin,Etudes_op_25_10,4,FULL,8832,0.6246110325318246,14140
Chopin/Etudes_op_25/11/ChenS02.mid,piece_6dd1849d1c453f5f,Chopin,Etudes_op_25_11,0,ZERO,1329,0.10324735860783095,12872
Chopin/Etudes_op_25/11/ChenS02.mid,piece_6dd1849d1c453f5f,Chopin,Etudes_op_25_11,1,LOW,1230,0.09555624611559975,12872
Chopin/Etudes_op_25/11/ChenS02.mid,piece_6dd1849d1c453f5f,Chopin,Etudes_op_25_11,2,MID,1352,0.10503418272218769,12872
Chopin/Etudes_op_25/11/ChenS02.mid,piece_6dd1849d1c453f5f,Chopin,Etudes_op_25_11,3,HIGH,1440,0.11187072715972654,12872
Chopin/Etudes_op_25/11/ChenS02.mid,piece_6dd1849d1c453f5f,Chopin,Etudes_op_25_11,4,FULL,7521,0.584291485394655,12872
Chopin/Etudes_op_25/11/Gorucan02.mid,piece_6dd1849d1c453f5f,Chopin,Etudes_op_25_11,0,ZERO,1726,0.13187652811735942,13088
Chopin/Etudes_op_25/11/Gorucan02.mid,piece_6dd1849d1c453f5f,Chopin,Etudes_op_25_11,1,LOW,129,0.00985635696821516,13088
Chopin/Etudes_op_25/11/Gorucan02.mid,piece_6dd1849d1c453f5f,Chopin,Etudes_op_25_11,2,MID,2449,0.1871179706601467,13088
Chopin/Etudes_op_25/11/Gorucan02.mid,piece_6dd1849d1c453f5f,Chopin,Etudes_op_25_11,3,HIGH,2789,0.21309596577017115,13088
Chopin/Etudes_op_25/11/Gorucan02.mid,piece_6dd1849d1c453f5f,Chopin,Etudes_op_25_11,4,FULL,5995,0.4580531784841076,13088
Chopin/Etudes_op_25/11/Guzman04.mid,piece_6dd1849d1c453f5f,Chopin,Etudes_op_25_11,0,ZERO,559,0.03960045338622839,14116
Chopin/Etudes_op_25/11/Guzman04.mid,piece_6dd1849d1c453f5f,Chopin,Etudes_op_25_11,1,LOW,1350,0.09563615755171437,14116
Chopin/Etudes_op_25/11/Guzman04.mid,piece_6dd1849d1c453f5f,Chopin,Etudes_op_25_11,2,MID,3315,0.23483989798809862,14116
Chopin/Etudes_op_25/11/Guzman04.mid,piece_6dd1849d1c453f5f,Chopin,Etudes_op_25_11,3,HIGH,1785,0.12645225276282232,14116
Chopin/Etudes_op_25/11/Guzman04.mid,piece_6dd1849d1c453f5f,Chopin,Etudes_op_25_11,4,FULL,7107,0.5034712383111363,14116
Chopin/Etudes_op_25/11/HouMiao_2009_02.mid,piece_6dd1849d1c453f5f,Chopin,Etudes_op_25_11,0,ZERO,2597,0.19989224137931033,12992
Chopin/Etudes_op_25/11/HouMiao_2009_02.mid,piece_6dd1849d1c453f5f,Chopin,Etudes_op_25_11,1,LOW,3946,0.30372536945812806,12992
Chopin/Etudes_op_25/11/HouMiao_2009_02.mid,piece_6dd1849d1c453f5f,Chopin,Etudes_op_25_11,2,MID,2323,0.17880233990147784,12992
Chopin/Etudes_op_25/11/HouMiao_2009_02.mid,piece_6dd1849d1c453f5f,Chopin,Etudes_op_25_11,3,HIGH,410,0.031557881773399014,12992
Chopin/Etudes_op_25/11/HouMiao_2009_02.mid,piece_6dd1849d1c453f5f,Chopin,Etudes_op_25_11,4,FULL,3716,0.2860221674876847,12992
Chopin/Etudes_op_25/11/Huang02.mid,piece_6dd1849d1c453f5f,Chopin,Etudes_op_25_11,0,ZERO,2018,0.15122901678657075,13344
Chopin/Etudes_op_25/11/Huang02.mid,piece_6dd1849d1c453f5f,Chopin,Etudes_op_25_11,1,LOW,1496,0.11211031175059952,13344
Chopin/Etudes_op_25/11/Huang02.mid,piece_6dd1849d1c453f5f,Chopin,Etudes_op_25_11,2,MID,3132,0.23471223021582735,13344
Chopin/Etudes_op_25/11/Huang02.mid,piece_6dd1849d1c453f5f,Chopin,Etudes_op_25_11,3,HIGH,1228,0.09202637889688249,13344
Chopin/Etudes_op_25/11/Huang02.mid,piece_6dd1849d1c453f5f,Chopin,Etudes_op_25_11,4,FULL,5470,0.4099220623501199,13344
Chopin/Etudes_op_25/11/KOLESO02.mid,piece_6dd1849d1c453f5f,Chopin,Etudes_op_25_11,0,ZERO,542,0.04102331214047835,13212
Chopin/Etudes_op_25/11/KOLESO02.mid,piece_6dd1849d1c453f5f,Chopin,Etudes_op_25_11,1,LOW,1204,0.09112927641537996,13212
Chopin/Etudes_op_25/11/KOLESO02.mid,piece_6dd1849d1c453f5f,Chopin,Etudes_op_25_11,2,MID,1585,0.11996669694217378,13212
Chopin/Etudes_op_25/11/KOLESO02.mid,piece_6dd1849d1c453f5f,Chopin,Etudes_op_25_11,3,HIGH,1557,0.1178474114441417,13212
Chopin/Etudes_op_25/11/KOLESO02.mid,piece_6dd1849d1c453f5f,Chopin,Etudes_op_25_11,4,FULL,8324,0.6300333030578262,13212
Chopin/Etudes_op_25/11/KimSuyeon03M.mid,piece_6dd1849d1c453f5f,Chopin,Etudes_op_25_11,0,ZERO,690,0.052995391705069124,13020
Chopin/Etudes_op_25/11/KimSuyeon03M.mid,piece_6dd1849d1c453f5f,Chopin,Etudes_op_25_11,1,LOW,812,0.06236559139784946,13020
Chopin/Etudes_op_25/11/KimSuyeon03M.mid,piece_6dd1849d1c453f5f,Chopin,Etudes_op_25_11,2,MID,867,0.06658986175115207,13020
Chopin/Etudes_op_25/11/KimSuyeon03M.mid,piece_6dd1849d1c453f5f,Chopin,Etudes_op_25_11,3,HIGH,341,0.02619047619047619,13020
Chopin/Etudes_op_25/11/KimSuyeon03M.mid,piece_6dd1849d1c453f5f,Chopin,Etudes_op_25_11,4,FULL,10310,0.7918586789554531,13020
Chopin/Etudes_op_25/11/Kochetkova02.mid,piece_6dd1849d1c453f5f,Chopin,Etudes_op_25_11,0,ZERO,1833,0.14078341013824885,13020
Chopin/Etudes_op_25/11/Kochetkova02.mid,piece_6dd1849d1c453f5f,Chopin,Etudes_op_25_11,1,LOW,1575,0.12096774193548387,13020
Chopin/Etudes_op_25/11/Kochetkova02.mid,piece_6dd1849d1c453f5f,Chopin,Etudes_op_25_11,2,MID,4496,0.3453149001536098,13020
Chopin/Etudes_op_25/11/Kochetkova02.mid,piece_6dd1849d1c453f5f,Chopin,Etudes_op_25_11,3,HIGH,1773,0.13617511520737327,13020
Chopin/Etudes_op_25/11/Kochetkova02.mid,piece_6dd1849d1c453f5f,Chopin,Etudes_op_25_11,4,FULL,3343,0.2567588325652842,13020
Chopin/Etudes_op_25/11/Kociuban02.mid,piece_6dd1849d1c453f5f,Chopin,Etudes_op_25_11,0,ZERO,2388,0.17987345586019884,13276
Chopin/Etudes_op_25/11/Kociuban02.mid,piece_6dd1849d1c453f5f,Chopin,Etudes_op_25_11,1,LOW,151,0.011373907803555287,13276
Chopin/Etudes_op_25/11/Kociuban02.mid,piece_6dd1849d1c453f5f,Chopin,Etudes_op_25_11,2,MID,3117,0.2347845736667671,13276
Chopin/Etudes_op_25/11/Kociuban02.mid,piece_6dd1849d1c453f5f,Chopin,Etudes_op_25_11,3,HIGH,2777,0.209174450135583,13276
Chopin/Etudes_op_25/11/Kociuban02.mid,piece_6dd1849d1c453f5f,Chopin,Etudes_op_25_11,4,FULL,4843,0.36479361253389575,13276
Chopin/Etudes_op_25/11/KyykhynenT10M.mid,piece_6dd1849d1c453f5f,Chopin,Etudes_op_25_11,0,ZERO,2259,0.16788049940546967,13456
Chopin/Etudes_op_25/11/KyykhynenT10M.mid,piece_6dd1849d1c453f5f,Chopin,Etudes_op_25_11,1,LOW,421,0.0312871581450654,13456
Chopin/Etudes_op_25/11/KyykhynenT10M.mid,piece_6dd1849d1c453f5f,Chopin,Etudes_op_25_11,2,MID,685,0.05090665873959572,13456
Chopin/Etudes_op_25/11/KyykhynenT10M.mid,piece_6dd1849d1c453f5f,Chopin,Etudes_op_25_11,3,HIGH,94,0.006985731272294887,13456
Chopin/Etudes_op_25/11/KyykhynenT10M.mid,piece_6dd1849d1c453f5f,Chopin,Etudes_op_25_11,4,FULL,9997,0.7429399524375743,13456
Chopin/Etudes_op_25/11/LeeKoeun02.mid,piece_6dd1849d1c453f5f,Chopin,Etudes_op_25_11,0,ZERO,1018,0.07970560601315377,12772
Chopin/Etudes_op_25/11/LeeKoeun02.mid,piece_6dd1849d1c453f5f,Chopin,Etudes_op_25_11,1,LOW,604,0.04729094895082994,12772
Chopin/Etudes_op_25/11/LeeKoeun02.mid,piece_6dd1849d1c453f5f,Chopin,Etudes_op_25_11,2,MID,596,0.046664578766050735,12772
Chopin/Etudes_op_25/11/LeeKoeun02.mid,piece_6dd1849d1c453f5f,Chopin,Etudes_op_25_11,3,HIGH,666,0.052145317882868775,12772
Chopin/Etudes_op_25/11/LeeKoeun02.mid,piece_6dd1849d1c453f5f,Chopin,Etudes_op_25_11,4,FULL,9888,0.7741935483870968,12772
Chopin/Etudes_op_25/11/Lisiecki07M.mid,piece_6dd1849d1c453f5f,Chopin,Etudes_op_25_11,0,ZERO,1564,0.11862864077669903,13184
Chopin/Etudes_op_25/11/Lisiecki07M.mid,piece_6dd1849d1c453f5f,Chopin,Etudes_op_25_11,1,LOW,426,0.032311893203883495,13184
Chopin/Etudes_op_25/11/Lisiecki07M.mid,piece_6dd1849d1c453f5f,Chopin,Etudes_op_25_11,2,MID,5136,0.3895631067961165,13184
Chopin/Etudes_op_25/11/Lisiecki07M.mid,piece_6dd1849d1c453f5f,Chopin,Etudes_op_25_11,3,HIGH,3199,0.24264259708737865,13184
Chopin/Etudes_op_25/11/Lisiecki07M.mid,piece_6dd1849d1c453f5f,Chopin,Etudes_op_25_11,4,FULL,2859,0.21685376213592233,13184
Chopin/Etudes_op_25/11/MiyashitaM03M.mid,piece_6dd1849d1c453f5f,Chopin,Etudes_op_25_11,0,ZERO,921,0.07163970130678282,12856
Chopin/Etudes_op_25/11/MiyashitaM03M.mid,piece_6dd1849d1c453f5f,Chopin,Etudes_op_25_11,1,LOW,1299,0.1010423148724331,12856
Chopin/Etudes_op_25/11/MiyashitaM03M.mid,piece_6dd1849d1c453f5f,Chopin,Etudes_op_25_11,2,MID,1768,0.1375233354075918,12856
Chopin/Etudes_op_25/11/MiyashitaM03M.mid,piece_6dd1849d1c453f5f,Chopin,Etudes_op_25_11,3,HIGH,587,0.04565961418792781,12856
Chopin/Etudes_op_25/11/MiyashitaM03M.mid,piece_6dd1849d1c453f5f,Chopin,Etudes_op_25_11,4,FULL,8281,0.6441350342252644,12856
Chopin/Etudes_op_25/11/Richardson_2013_08M.mid,piece_6dd1849d1c453f5f,Chopin,Etudes_op_25_11,0,ZERO,1413,0.10839214482970236,13036
Chopin/Etudes_op_25/11/Richardson_2013_08M.mid,piece_6dd1849d1c453f5f,Chopin,Etudes_op_25_11,1,LOW,805,0.06175207118748082,13036
Chopin/Etudes_op_25/11/Richardson_2013_08M.mid,piece_6dd1849d1c453f5f,Chopin,Etudes_op_25_11,2,MID,1267,0.09719239030377416,13036
Chopin/Etudes_op_25/11/Richardson_2013_08M.mid,piece_6dd1849d1c453f5f,Chopin,Etudes_op_25_11,3,HIGH,270,0.020711874808223382,13036
Chopin/Etudes_op_25/11/Richardson_2013_08M.mid,piece_6dd1849d1c453f5f,Chopin,Etudes_op_25_11,4,FULL,9281,0.7119515188708193,13036
Chopin/Etudes_op_25/11/Richardson_2015_03M.mid,piece_6dd1849d1c453f5f,Chopin,Etudes_op_25_11,0,ZERO,893,0.06888306078370873,12964
Chopin/Etudes_op_25/11/Richardson_2015_03M.mid,piece_6dd1849d1c453f5f,Chopin,Etudes_op_25_11,1,LOW,1707,0.13167232335698859,12964
Chopin/Etudes_op_25/11/Richardson_2015_03M.mid,piece_6dd1849d1c453f5f,Chopin,Etudes_op_25_11,2,MID,4325,0.3336161678494292,12964
Chopin/Etudes_op_25/11/Richardson_2015_03M.mid,piece_6dd1849d1c453f5f,Chopin,Etudes_op_25_11,3,HIGH,540,0.04165381055229867,12964
Chopin/Etudes_op_25/11/Richardson_2015_03M.mid,piece_6dd1849d1c453f5f,Chopin,Etudes_op_25_11,4,FULL,5499,0.42417463745757483,12964
Chopin/Etudes_op_25/11/Seo02.mid,piece_6dd1849d1c453f5f,Chopin,Etudes_op_25_11,0,ZERO,1307,0.09883545069570478,13224
Chopin/Etudes_op_25/11/Seo02.mid,piece_6dd1849d1c453f5f,Chopin,Etudes_op_25_11,1,LOW,725,0.05482456140350877,13224
Chopin/Etudes_op_25/11/Seo02.mid,piece_6dd1849d1c453f5f,Chopin,Etudes_op_25_11,2,MID,1452,0.10980036297640654,13224
Chopin/Etudes_op_25/11/Seo02.mid,piece_6dd1849d1c453f5f,Chopin,Etudes_op_25_11,3,HIGH,389,0.0294162129461585,13224
Chopin/Etudes_op_25/11/Seo02.mid,piece_6dd1849d1c453f5f,Chopin,Etudes_op_25_11,4,FULL,9351,0.7071234119782214,13224
Chopin/Etudes_op_25/11/Sham02M.mid,piece_6dd1849d1c453f5f,Chopin,Etudes_op_25_11,0,ZERO,1502,0.11155674390968509,13464
Chopin/Etudes_op_25/11/Sham02M.mid,piece_6dd1849d1c453f5f,Chopin,Etudes_op_25_11,1,LOW,1277,0.09484551396316102,13464
Chopin/Etudes_op_25/11/Sham02M.mid,piece_6dd1849d1c453f5f,Chopin,Etudes_op_25_11,2,MID,1349,0.10019310754604872,13464
Chopin/Etudes_op_25/11/Sham02M.mid,piece_6dd1849d1c453f5f,Chopin,Etudes_op_25_11,3,HIGH,382,0.02837195484254308,13464
Chopin/Etudes_op_25/11/Sham02M.mid,piece_6dd1849d1c453f5f,Chopin,Etudes_op_25_11,4,FULL,8954,0.6650326797385621,13464
Chopin/Etudes_op_25/11/Shychko03M.mid,piece_6dd1849d1c453f5f,Chopin,Etudes_op_25_11,0,ZERO,965,0.07207947415596057,13388
Chopin/Etudes_op_25/11/Shychko03M.mid,piece_6dd1849d1c453f5f,Chopin,Etudes_op_25_11,1,LOW,1309,0.09777412608305945,13388
Chopin/Etudes_op_25/11/Shychko03M.mid,piece_6dd1849d1c453f5f,Chopin,Etudes_op_25_11,2,MID,755,0.056393785479533914,13388
Chopin/Etudes_op_25/11/Shychko03M.mid,piece_6dd1849d1c453f5f,Chopin,Etudes_op_25_11,3,HIGH,116,0.008664475649835674,13388
Chopin/Etudes_op_25/11/Shychko03M.mid,piece_6dd1849d1c453f5f,Chopin,Etudes_op_25_11,4,FULL,10243,0.7650881386316104,13388
Chopin/Etudes_op_25/11/Song02M.mid,piece_6dd1849d1c453f5f,Chopin,Etudes_op_25_11,0,ZERO,2576,0.20024875621890548,12864
Chopin/Etudes_op_25/11/Song02M.mid,piece_6dd1849d1c453f5f,Chopin,Etudes_op_25_11,1,LOW,1758,0.13666044776119404,12864
Chopin/Etudes_op_25/11/Song02M.mid,piece_6dd1849d1c453f5f,Chopin,Etudes_op_25_11,2,MID,953,0.07408271144278607,12864
Chopin/Etudes_op_25/11/Song02M.mid,piece_6dd1849d1c453f5f,Chopin,Etudes_op_25_11,3,HIGH,212,0.016480099502487564,12864
Chopin/Etudes_op_25/11/Song02M.mid,piece_6dd1849d1c453f5f,Chopin,Etudes_op_25_11,4,FULL,7365,0.5725279850746269,12864
Chopin/Etudes_op_25/11/SunJay03.mid,piece_6dd1849d1c453f5f,Chopin,Etudes_op_25_11,0,ZERO,130,0.010118306351183064,12848
Chopin/Etudes_op_25/11/SunJay03.mid,piece_6dd1849d1c453f5f,Chopin,Etudes_op_25_11,1,LOW,947,0.0737079701120797,12848
Chopin/Etudes_op_25/11/SunJay03.mid,piece_6dd1849d1c453f5f,Chopin,Etudes_op_25_11,2,MID,2148,0.16718555417185554,12848
Chopin/Etudes_op_25/11/SunJay03.mid,piece_6dd1849d1c453f5f,Chopin,Etudes_op_25_11,3,HIGH,2824,0.21980074719800746,12848
Chopin/Etudes_op_25/11/SunJay03.mid,piece_6dd1849d1c453f5f,Chopin,Etudes_op_25_11,4,FULL,6799,0.5291874221668742,12848
Chopin/Etudes_op_25/11/Tan03.mid,piece_6dd1849d1c453f5f,Chopin,Etudes_op_25_11,0,ZERO,2471,0.1855105105105105,13320
Chopin/Etudes_op_25/11/Tan03.mid,piece_6dd1849d1c453f5f,Chopin,Etudes_op_25_11,1,LOW,1602,0.12027027027027028,13320
Chopin/Etudes_op_25/11/Tan03.mid,piece_6dd1849d1c453f5f,Chopin,Etudes_op_25_11,2,MID,1351,0.10142642642642642,13320
Chopin/Etudes_op_25/11/Tan03.mid,piece_6dd1849d1c453f5f,Chopin,Etudes_op_25_11,3,HIGH,396,0.02972972972972973,13320
Chopin/Etudes_op_25/11/Tan03.mid,piece_6dd1849d1c453f5f,Chopin,Etudes_op_25_11,4,FULL,7500,0.5630630630630631,13320
Chopin/Etudes_op_25/11/Tang03.mid,piece_6dd1849d1c453f5f,Chopin,Etudes_op_25_11,0,ZERO,1206,0.09369173399627098,12872
Chopin/Etudes_op_25/11/Tang03.mid,piece_6dd1849d1c453f5f,Chopin,Etudes_op_25_11,1,LOW,1497,0.11629894344313238,12872
Chopin/Etudes_op_25/11/Tang03.mid,piece_6dd1849d1c453f5f,Chopin,Etudes_op_25_11,2,MID,644,0.050031075201988816,12872
Chopin/Etudes_op_25/11/Tang03.mid,piece_6dd1849d1c453f5f,Chopin,Etudes_op_25_11,3,HIGH,104,0.008079552517091361,12872
Chopin/Etudes_op_25/11/Tang03.mid,piece_6dd1849d1c453f5f,Chopin,Etudes_op_25_11,4,FULL,9421,0.7318986948415165,12872
Chopin/Etudes_op_25/11/WangA02M.mid,piece_6dd1849d1c453f5f,Chopin,Etudes_op_25_11,0,ZERO,719,0.05559851531085679,12932
Chopin/Etudes_op_25/11/WangA02M.mid,piece_6dd1849d1c453f5f,Chopin,Etudes_op_25_11,1,LOW,1155,0.08931333127126508,12932
Chopin/Etudes_op_25/11/WangA02M.mid,piece_6dd1849d1c453f5f,Chopin,Etudes_op_25_11,2,MID,1016,0.07856480049489638,12932
Chopin/Etudes_op_25/11/WangA02M.mid,piece_6dd1849d1c453f5f,Chopin,Etudes_op_25_11,3,HIGH,192,0.014846891432106402,12932
Chopin/Etudes_op_25/11/WangA02M.mid,piece_6dd1849d1c453f5f,Chopin,Etudes_op_25_11,4,FULL,9850,0.7616764614908753,12932
Chopin/Etudes_op_25/11/WangV02.mid,piece_6dd1849d1c453f5f,Chopin,Etudes_op_25_11,0,ZERO,1754,0.1323973429951691,13248
Chopin/Etudes_op_25/11/WangV02.mid,piece_6dd1849d1c453f5f,Chopin,Etudes_op_25_11,1,LOW,718,0.05419685990338164,13248
Chopin/Etudes_op_25/11/WangV02.mid,piece_6dd1849d1c453f5f,Chopin,Etudes_op_25_11,2,MID,1085,0.08189915458937198,13248
Chopin/Etudes_op_25/11/WangV02.mid,piece_6dd1849d1c453f5f,Chopin,Etudes_op_25_11,3,HIGH,530,0.04000603864734299,13248
Chopin/Etudes_op_25/11/WangV02.mid,piece_6dd1849d1c453f5f,Chopin,Etudes_op_25_11,4,FULL,9161,0.6915006038647343,13248
Chopin/Etudes_op_25/2/Karpeyev02.mid,piece_a4cf5c5ad78b7ead,Chopin,Etudes_op_25_2,0,ZERO,1045,0.2159090909090909,4840
Chopin/Etudes_op_25/2/Karpeyev02.mid,piece_a4cf5c5ad78b7ead,Chopin,Etudes_op_25_2,1,LOW,1291,0.26673553719008264,4840
Chopin/Etudes_op_25/2/Karpeyev02.mid,piece_a4cf5c5ad78b7ead,Chopin,Etudes_op_25_2,2,MID,2189,0.45227272727272727,4840
Chopin/Etudes_op_25/2/Karpeyev02.mid,piece_a4cf5c5ad78b7ead,Chopin,Etudes_op_25_2,3,HIGH,194,0.04008264462809917,4840
Chopin/Etudes_op_25/2/Karpeyev02.mid,piece_a4cf5c5ad78b7ead,Chopin,Etudes_op_25_2,4,FULL,121,0.025,4840
Chopin/Etudes_op_25/5/Levitsky10M.mid,piece_9b778f6568d8420b,Chopin,Etudes_op_25_5,0,ZERO,1423,0.1640156754264638,8676
Chopin/Etudes_op_25/5/Levitsky10M.mid,piece_9b778f6568d8420b,Chopin,Etudes_op_25_5,1,LOW,212,0.024435223605348087,8676
Chopin/Etudes_op_25/5/Levitsky10M.mid,piece_9b778f6568d8420b,Chopin,Etudes_op_25_5,2,MID,957,0.1103042876901798,8676
Chopin/Etudes_op_25/5/Levitsky10M.mid,piece_9b778f6568d8420b,Chopin,Etudes_op_25_5,3,HIGH,1132,0.13047487321346243,8676
Chopin/Etudes_op_25/5/Levitsky10M.mid,piece_9b778f6568d8420b,Chopin,Etudes_op_25_5,4,FULL,4952,0.5707699400645458,8676
Chopin/Etudes_op_25/5/OUSSET02.mid,piece_9b778f6568d8420b,Chopin,Etudes_op_25_5,0,ZERO,230,0.026279707495429617,8752
Chopin/Etudes_op_25/5/OUSSET02.mid,piece_9b778f6568d8420b,Chopin,Etudes_op_25_5,1,LOW,1973,0.22543418647166363,8752
Chopin/Etudes_op_25/5/OUSSET02.mid,piece_9b778f6568d8420b,Chopin,Etudes_op_25_5,2,MID,948,0.10831809872029251,8752
Chopin/Etudes_op_25/5/OUSSET02.mid,piece_9b778f6568d8420b,Chopin,Etudes_op_25_5,3,HIGH,1216,0.13893967093235832,8752
Chopin/Etudes_op_25/5/OUSSET02.mid,piece_9b778f6568d8420b,Chopin,Etudes_op_25_5,4,FULL,4385,0.5010283363802559,8752
Chopin/Polonaises/53/Chon08M.mid,piece_e62c7562d4d09361,Chopin,Polonaises_53,0,ZERO,5244,0.20885773458658594,25108
Chopin/Polonaises/53/Chon08M.mid,piece_e62c7562d4d09361,Chopin,Polonaises_53,1,LOW,2990,0.1190855504221762,25108
Chopin/Polonaises/53/Chon08M.mid,piece_e62c7562d4d09361,Chopin,Polonaises_53,2,MID,4819,0.19193085869045723,25108
Chopin/Polonaises/53/Chon08M.mid,piece_e62c7562d4d09361,Chopin,Polonaises_53,3,HIGH,720,0.02867611916520631,25108
Chopin/Polonaises/53/Chon08M.mid,piece_e62c7562d4d09361,Chopin,Polonaises_53,4,FULL,11335,0.4514497371355743,25108
Chopin/Polonaises/53/YeF11M.mid,piece_e62c7562d4d09361,Chopin,Polonaises_53,0,ZERO,4707,0.19146599414253174,24584
Chopin/Polonaises/53/YeF11M.mid,piece_e62c7562d4d09361,Chopin,Polonaises_53,1,LOW,1064,0.04328018223234624,24584
Chopin/Polonaises/53/YeF11M.mid,piece_e62c7562d4d09361,Chopin,Polonaises_53,2,MID,1235,0.050235925805401885,24584
Chopin/Polonaises/53/YeF11M.mid,piece_e62c7562d4d09361,Chopin,Polonaises_53,3,HIGH,302,0.012284412626098275,24584
Chopin/Polonaises/53/YeF11M.mid,piece_e62c7562d4d09361,Chopin,Polonaises_53,4,FULL,17276,0.7027334851936219,24584
Chopin/Scherzos/20/Kurz04M.mid,piece_38556957a9b59af4,Chopin,Scherzos_20,0,ZERO,2389,0.1174071161784942,20348
Chopin/Scherzos/20/Kurz04M.mid,piece_38556957a9b59af4,Chopin,Scherzos_20,1,LOW,5513,0.27093571849813247,20348
Chopin/Scherzos/20/Kurz04M.mid,piece_38556957a9b59af4,Chopin,Scherzos_20,2,MID,1709,0.08398859838804797,20348
Chopin/Scherzos/20/Kurz04M.mid,piece_38556957a9b59af4,Chopin,Scherzos_20,3,HIGH,496,0.024375860035384313,20348
Chopin/Scherzos/20/Kurz04M.mid,piece_38556957a9b59af4,Chopin,Scherzos_20,4,FULL,10241,0.503292706899941,20348
Chopin/Scherzos/20/Wong03.mid,piece_38556957a9b59af4,Chopin,Scherzos_20,0,ZERO,5114,0.24762734844082898,20652
Chopin/Scherzos/20/Wong03.mid,piece_38556957a9b59af4,Chopin,Scherzos_20,1,LOW,1471,0.07122796823552198,20652
Chopin/Scherzos/20/Wong03.mid,piece_38556957a9b59af4,Chopin,Scherzos_20,2,MID,4657,0.22549874104202983,20652
Chopin/Scherzos/20/Wong03.mid,piece_38556957a9b59af4,Chopin,Scherzos_20,3,HIGH,2679,0.12972109238814641,20652
Chopin/Scherzos/20/Wong03.mid,piece_38556957a9b59af4,Chopin,Scherzos_20,4,FULL,6731,0.3259248498934728,20652
Chopin/Scherzos/20/Wong04M.mid,piece_38556957a9b59af4,Chopin,Scherzos_20,0,ZERO,5472,0.27597337099051844,19828
Chopin/Scherzos/20/Wong04M.mid,piece_38556957a9b59af4,Chopin,Scherzos_20,1,LOW,1101,0.05552753681662296,19828
Chopin/Scherzos/20/Wong04M.mid,piece_38556957a9b59af4,Chopin,Scherzos_20,2,MID,1436,0.07242283639297963,19828
Chopin/Scherzos/20/Wong04M.mid,piece_38556957a9b59af4,Chopin,Scherzos_20,3,HIGH,420,0.02118216663304418,19828
Chopin/Scherzos/20/Wong04M.mid,piece_38556957a9b59af4,Chopin,Scherzos_20,4,FULL,11399,0.5748940891668348,19828
Chopin/Scherzos/20/ZhangYunling04M.mid,piece_38556957a9b59af4,Chopin,Scherzos_20,0,ZERO,3084,0.1597596353087443,19304
Chopin/Scherzos/20/ZhangYunling04M.mid,piece_38556957a9b59af4,Chopin,Scherzos_20,1,LOW,2738,0.14183588893493576,19304
Chopin/Scherzos/20/ZhangYunling04M.mid,piece_38556957a9b59af4,Chopin,Scherzos_20,2,MID,1472,0.0762536261914629,19304
Chopin/Scherzos/20/ZhangYunling04M.mid,piece_38556957a9b59af4,Chopin,Scherzos_20,3,HIGH,406,0.0210319104848736,19304
Chopin/Scherzos/20/ZhangYunling04M.mid,piece_38556957a9b59af4,Chopin,Scherzos_20,4,FULL,11604,0.6011189390799834,19304
Chopin/Scherzos/31/ChenW04M.mid,piece_ada4dd601e854800,Chopin,Scherzos_31,0,ZERO,2336,0.09530026109660575,24512
Chopin/Scherzos/31/ChenW04M.mid,piece_ada4dd601e854800,Chopin,Scherzos_31,1,LOW,2923,0.11924771540469974,24512
Chopin/Scherzos/31/ChenW04M.mid,piece_ada4dd601e854800,Chopin,Scherzos_31,2,MID,1662,0.06780352480417755,24512
Chopin/Scherzos/31/ChenW04M.mid,piece_ada4dd601e854800,Chopin,Scherzos_31,3,HIGH,307,0.012524477806788512,24512
Chopin/Scherzos/31/ChenW04M.mid,piece_ada4dd601e854800,Chopin,Scherzos_31,4,FULL,17284,0.7051240208877284,24512
Chopin/Scherzos/31/Dossin06.mid,piece_ada4dd601e854800,Chopin,Scherzos_31,0,ZERO,1583,0.06607947904491568,23956
Chopin/Scherzos/31/Dossin06.mid,piece_ada4dd601e854800,Chopin,Scherzos_31,1,LOW,3199,0.13353648355318082,23956
Chopin/Scherzos/31/Dossin06.mid,piece_ada4dd601e854800,Chopin,Scherzos_31,2,MID,2867,0.11967774252796794,23956
Chopin/Scherzos/31/Dossin06.mid,piece_ada4dd601e854800,Chopin,Scherzos_31,3,HIGH,2601,0.108574052429454,23956
Chopin/Scherzos/31/Dossin06.mid,piece_ada4dd601e854800,Chopin,Scherzos_31,4,FULL,13706,0.5721322424444816,23956
Chopin/Scherzos/31/HuNY08M.mid,piece_ada4dd601e854800,Chopin,Scherzos_31,0,ZERO,3950,0.16425482368596142,24048
Chopin/Scherzos/31/HuNY08M.mid,piece_ada4dd601e854800,Chopin,Scherzos_31,1,LOW,2369,0.09851131071190951,24048
Chopin/Scherzos/31/HuNY08M.mid,piece_ada4dd601e854800,Chopin,Scherzos_31,2,MID,1647,0.06848802395209581,24048
Chopin/Scherzos/31/HuNY08M.mid,piece_ada4dd601e854800,Chopin,Scherzos_31,3,HIGH,433,0.018005655355954758,24048
Chopin/Scherzos/31/HuNY08M.mid,piece_ada4dd601e854800,Chopin,Scherzos_31,4,FULL,15649,0.6507401862940785,24048
Chopin/Scherzos/31/Jussow04.mid,piece_ada4dd601e854800,Chopin,Scherzos_31,0,ZERO,4084,0.17022340780260087,23992
Chopin/Scherzos/31/Jussow04.mid,piece_ada4dd601e854800,Chopin,Scherzos_31,1,LOW,1905,0.07940146715571857,23992
Chopin/Scherzos/31/Jussow04.mid,piece_ada4dd601e854800,Chopin,Scherzos_31,2,MID,5130,0.21382127375791932,23992
Chopin/Scherzos/31/Jussow04.mid,piece_ada4dd601e854800,Chopin,Scherzos_31,3,HIGH,1212,0.05051683894631544,23992
Chopin/Scherzos/31/Jussow04.mid,piece_ada4dd601e854800,Chopin,Scherzos_31,4,FULL,11661,0.48603701233744584,23992
Chopin/Scherzos/31/Jussow11M.mid,piece_ada4dd601e854800,Chopin,Scherzos_31,0,ZERO,5676,0.2419849931787176,23456
Chopin/Scherzos/31/Jussow11M.mid,piece_ada4dd601e854800,Chopin,Scherzos_31,1,LOW,848,0.03615279672578445,23456
Chopin/Scherzos/31/Jussow11M.mid,piece_ada4dd601e854800,Chopin,Scherzos_31,2,MID,2941,0.1253836971350614,23456
Chopin/Scherzos/31/Jussow11M.mid,piece_ada4dd601e854800,Chopin,Scherzos_31,3,HIGH,774,0.03299795361527967,23456
Chopin/Scherzos/31/Jussow11M.mid,piece_ada4dd601e854800,Chopin,Scherzos_31,4,FULL,13217,0.5634805593451568,23456
Chopin/Scherzos/31/LeeN04M.mid,piece_ada4dd601e854800,Chopin,Scherzos_31,0,ZERO,2542,0.10778493894165536,23584
Chopin/Scherzos/31/LeeN04M.mid,piece_ada4dd601e854800,Chopin,Scherzos_31,1,LOW,2957,0.12538161465400272,23584
Chopin/Scherzos/31/LeeN04M.mid,piece_ada4dd601e854800,Chopin,Scherzos_31,2,MID,2078,0.08811058344640434,23584
Chopin/Scherzos/31/LeeN04M.mid,piece_ada4dd601e854800,Chopin,Scherzos_31,3,HIGH,469,0.019886363636363636,23584
Chopin/Scherzos/31/LeeN04M.mid,piece_ada4dd601e854800,Chopin,Scherzos_31,4,FULL,15538,0.658836499321574,23584
Chopin/Scherzos/31/LinTami06M.mid,piece_ada4dd601e854800,Chopin,Scherzos_31,0,ZERO,4690,0.19819134550371872,23664
Chopin/Scherzos/31/LinTami06M.mid,piece_ada4dd601e854800,Chopin,Scherzos_31,1,LOW,1192,0.05037187288708587,23664
Chopin/Scherzos/31/LinTami06M.mid,piece_ada4dd601e854800,Chopin,Scherzos_31,2,MID,7791,0.3292342799188641,23664
Chopin/Scherzos/31/LinTami06M.mid,piece_ada4dd601e854800,Chopin,Scherzos_31,3,HIGH,3949,0.16687795807978364,23664
Chopin/Scherzos/31/LinTami06M.mid,piece_ada4dd601e854800,Chopin,Scherzos_31,4,FULL,6042,0.2553245436105477,23664
Chopin/Scherzos/31/LuoJ12M.mid,piece_ada4dd601e854800,Chopin,Scherzos_31,0,ZERO,1641,0.06947502116850127,23620
Chopin/Scherzos/31/LuoJ12M.mid,piece_ada4dd601e854800,Chopin,Scherzos_31,1,LOW,3734,0.15808636748518204,23620
Chopin/Scherzos/31/LuoJ12M.mid,piece_ada4dd601e854800,Chopin,Scherzos_31,2,MID,3742,0.1584250635055038,23620
Chopin/Scherzos/31/LuoJ12M.mid,piece_ada4dd601e854800,Chopin,Scherzos_31,3,HIGH,776,0.032853513971210835,23620
Chopin/Scherzos/31/LuoJ12M.mid,piece_ada4dd601e854800,Chopin,Scherzos_31,4,FULL,13727,0.581160033869602,23620
Chopin/Scherzos/31/SunD04M.mid,piece_ada4dd601e854800,Chopin,Scherzos_31,0,ZERO,2299,0.09405171003109147,24444
Chopin/Scherzos/31/SunD04M.mid,piece_ada4dd601e854800,Chopin,Scherzos_31,1,LOW,4159,0.17014400261822943,24444
Chopin/Scherzos/31/SunD04M.mid,piece_ada4dd601e854800,Chopin,Scherzos_31,2,MID,1478,0.06046473572246768,24444
Chopin/Scherzos/31/SunD04M.mid,piece_ada4dd601e854800,Chopin,Scherzos_31,3,HIGH,364,0.014891179839633447,24444
Chopin/Scherzos/31/SunD04M.mid,piece_ada4dd601e854800,Chopin,Scherzos_31,4,FULL,16144,0.660448371788578,24444
Chopin/Scherzos/31/TongB04M.mid,piece_ada4dd601e854800,Chopin,Scherzos_31,0,ZERO,2747,0.11711289222373807,23456
Chopin/Scherzos/31/TongB04M.mid,piece_ada4dd601e854800,Chopin,Scherzos_31,1,LOW,1731,0.07379774897680765,23456
Chopin/Scherzos/31/TongB04M.mid,piece_ada4dd601e854800,Chopin,Scherzos_31,2,MID,2566,0.10939631650750341,23456
Chopin/Scherzos/31/TongB04M.mid,piece_ada4dd601e854800,Chopin,Scherzos_31,3,HIGH,956,0.040757162346521145,23456
Chopin/Scherzos/31/TongB04M.mid,piece_ada4dd601e854800,Chopin,Scherzos_31,4,FULL,15456,0.6589358799454298,23456
Chopin/Scherzos/31/TuanS05M.mid,piece_ada4dd601e854800,Chopin,Scherzos_31,0,ZERO,3648,0.15667411097749528,23284
Chopin/Scherzos/31/TuanS05M.mid,piece_ada4dd601e854800,Chopin,Scherzos_31,1,LOW,1491,0.06403538910840062,23284
Chopin/Scherzos/31/TuanS05M.mid,piece_ada4dd601e854800,Chopin,Scherzos_31,2,MID,2108,0.09053427246177632,23284
Chopin/Scherzos/31/TuanS05M.mid,piece_ada4dd601e854800,Chopin,Scherzos_31,3,HIGH,701,0.03010651090877856,23284
Chopin/Scherzos/31/TuanS05M.mid,piece_ada4dd601e854800,Chopin,Scherzos_31,4,FULL,15336,0.6586497165435492,23284
Chopin/Scherzos/31/ZhangW04M.mid,piece_ada4dd601e854800,Chopin,Scherzos_31,0,ZERO,4314,0.18029087261785356,23928
Chopin/Scherzos/31/ZhangW04M.mid,piece_ada4dd601e854800,Chopin,Scherzos_31,1,LOW,2583,0.10794884653961885,23928
Chopin/Scherzos/31/ZhangW04M.mid,piece_ada4dd601e854800,Chopin,Scherzos_31,2,MID,5676,0.23721163490471414,23928
Chopin/Scherzos/31/ZhangW04M.mid,piece_ada4dd601e854800,Chopin,Scherzos_31,3,HIGH,1812,0.0757271815446339,23928
Chopin/Scherzos/31/ZhangW04M.mid,piece_ada4dd601e854800,Chopin,Scherzos_31,4,FULL,9543,0.39882146439317956,23928
Chopin/Scherzos/39/Arciglione13M.mid,piece_b759f9cfac798748,Chopin,Scherzos_39,0,ZERO,4803,0.2342469761997659,20504
Chopin/Scherzos/39/Arciglione13M.mid,piece_b759f9cfac798748,Chopin,Scherzos_39,1,LOW,1435,0.06998634412797503,20504
Chopin/Scherzos/39/Arciglione13M.mid,piece_b759f9cfac798748,Chopin,Scherzos_39,2,MID,2608,0.12719469371829886,20504
Chopin/Scherzos/39/Arciglione13M.mid,piece_b759f9cfac798748,Chopin,Scherzos_39,3,HIGH,1453,0.07086422161529457,20504
Chopin/Scherzos/39/Arciglione13M.mid,piece_b759f9cfac798748,Chopin,Scherzos_39,4,FULL,10205,0.49770776433866565,20504
Chopin/Scherzos/39/Bult-ItoS05M.mid,piece_b759f9cfac798748,Chopin,Scherzos_39,0,ZERO,3782,0.18016387195121952,20992
Chopin/Scherzos/39/Bult-ItoS05M.mid,piece_b759f9cfac798748,Chopin,Scherzos_39,1,LOW,4270,0.2034108231707317,20992
Chopin/Scherzos/39/Bult-ItoS05M.mid,piece_b759f9cfac798748,Chopin,Scherzos_39,2,MID,2016,0.09603658536585366,20992
Chopin/Scherzos/39/Bult-ItoS05M.mid,piece_b759f9cfac798748,Chopin,Scherzos_39,3,HIGH,470,0.022389481707317072,20992
Chopin/Scherzos/39/Bult-ItoS05M.mid,piece_b759f9cfac798748,Chopin,Scherzos_39,4,FULL,10454,0.49799923780487804,20992
Chopin/Sonata_2/1st_no_repeat/Giltburg02.mid,piece_418b959c7292dd8d,Chopin,Sonata_2_1st,0,ZERO,1815,0.10878686166386957,16684
Chopin/Sonata_2/1st_no_repeat/Giltburg02.mid,piece_418b959c7292dd8d,Chopin,Sonata_2_1st,1,LOW,1028,0.06161591944377847,16684
Chopin/Sonata_2/1st_no_repeat/Giltburg02.mid,piece_418b959c7292dd8d,Chopin,Sonata_2_1st,2,MID,1066,0.06389355070726445,16684
Chopin/Sonata_2/1st_no_repeat/Giltburg02.mid,piece_418b959c7292dd8d,Chopin,Sonata_2_1st,3,HIGH,1673,0.10027571325821145,16684
Chopin/Sonata_2/1st_no_repeat/Giltburg02.mid,piece_418b959c7292dd8d,Chopin,Sonata_2_1st,4,FULL,11102,0.665427954926876,16684
Chopin/Sonata_2/1st_no_repeat/Jia03.mid,piece_418b959c7292dd8d,Chopin,Sonata_2_1st,0,ZERO,1496,0.08955938697318008,16704
Chopin/Sonata_2/1st_no_repeat/Jia03.mid,piece_418b959c7292dd8d,Chopin,Sonata_2_1st,1,LOW,1477,0.08842193486590039,16704
Chopin/Sonata_2/1st_no_repeat/Jia03.mid,piece_418b959c7292dd8d,Chopin,Sonata_2_1st,2,MID,1784,0.1068007662835249,16704
Chopin/Sonata_2/1st_no_repeat/Jia03.mid,piece_418b959c7292dd8d,Chopin,Sonata_2_1st,3,HIGH,635,0.03801484674329502,16704
Chopin/Sonata_2/1st_no_repeat/Jia03.mid,piece_418b959c7292dd8d,Chopin,Sonata_2_1st,4,FULL,11312,0.6772030651340997,16704
Chopin/Sonata_2/1st_no_repeat/Knoll10.mid,piece_418b959c7292dd8d,Chopin,Sonata_2_1st,0,ZERO,1820,0.1136079900124844,16020
Chopin/Sonata_2/1st_no_repeat/Knoll10.mid,piece_418b959c7292dd8d,Chopin,Sonata_2_1st,1,LOW,1135,0.07084893882646692,16020
Chopin/Sonata_2/1st_no_repeat/Knoll10.mid,piece_418b959c7292dd8d,Chopin,Sonata_2_1st,2,MID,1954,0.1219725343320849,16020
Chopin/Sonata_2/1st_no_repeat/Knoll10.mid,piece_418b959c7292dd8d,Chopin,Sonata_2_1st,3,HIGH,429,0.026779026217228465,16020
Chopin/Sonata_2/1st_no_repeat/Knoll10.mid,piece_418b959c7292dd8d,Chopin,Sonata_2_1st,4,FULL,10682,0.6667915106117354,16020
Chopin/Sonata_2/1st_no_repeat/MATSUM03.mid,piece_418b959c7292dd8d,Chopin,Sonata_2_1st,0,ZERO,535,0.033538114343029085,15952
Chopin/Sonata_2/1st_no_repeat/MATSUM03.mid,piece_418b959c7292dd8d,Chopin,Sonata_2_1st,1,LOW,2460,0.15421263791374124,15952
Chopin/Sonata_2/1st_no_repeat/MATSUM03.mid,piece_418b959c7292dd8d,Chopin,Sonata_2_1st,2,MID,1978,0.12399699097291876,15952
Chopin/Sonata_2/1st_no_repeat/MATSUM03.mid,piece_418b959c7292dd8d,Chopin,Sonata_2_1st,3,HIGH,1431,0.08970661985957874,15952
Chopin/Sonata_2/1st_no_repeat/MATSUM03.mid,piece_418b959c7292dd8d,Chopin,Sonata_2_1st,4,FULL,9548,0.5985456369107321,15952
Chopin/Sonata_2/3rd/Giltburg02.mid,piece_6b2b049adeae4e09,Chopin,Sonata_2_3rd,0,ZERO,49,0.005726975222066387,8556
Chopin/Sonata_2/3rd/Giltburg02.mid,piece_6b2b049adeae4e09,Chopin,Sonata_2_3rd,1,LOW,157,0.018349696119682093,8556
Chopin/Sonata_2/3rd/Giltburg02.mid,piece_6b2b049adeae4e09,Chopin,Sonata_2_3rd,2,MID,194,0.022674146797568958,8556
Chopin/Sonata_2/3rd/Giltburg02.mid,piece_6b2b049adeae4e09,Chopin,Sonata_2_3rd,3,HIGH,2725,0.31848994857410007,8556
Chopin/Sonata_2/3rd/Giltburg02.mid,piece_6b2b049adeae4e09,Chopin,Sonata_2_3rd,4,FULL,5431,0.6347592332865826,8556
Chopin/Sonata_2/3rd/KaszoS15.mid,piece_6b2b049adeae4e09,Chopin,Sonata_2_3rd,0,ZERO,143,0.015611353711790394,9160
Chopin/Sonata_2/3rd/KaszoS15.mid,piece_6b2b049adeae4e09,Chopin,Sonata_2_3rd,1,LOW,233,0.025436681222707425,9160
Chopin/Sonata_2/3rd/KaszoS15.mid,piece_6b2b049adeae4e09,Chopin,Sonata_2_3rd,2,MID,1047,0.11430131004366813,9160
Chopin/Sonata_2/3rd/KaszoS15.mid,piece_6b2b049adeae4e09,Chopin,Sonata_2_3rd,3,HIGH,1881,0.20534934497816593,9160
Chopin/Sonata_2/3rd/KaszoS15.mid,piece_6b2b049adeae4e09,Chopin,Sonata_2_3rd,4,FULL,5856,0.6393013100436681,9160
Chopin/Sonata_2/3rd_no_repeat/Knoll10.mid,piece_6b2b049adeae4e09,Chopin,Sonata_2_3rd,0,ZERO,292,0.0369620253164557,7900
Chopin/Sonata_2/3rd_no_repeat/Knoll10.mid,piece_6b2b049adeae4e09,Chopin,Sonata_2_3rd,1,LOW,154,0.01949367088607595,7900
Chopin/Sonata_2/3rd_no_repeat/Knoll10.mid,piece_6b2b049adeae4e09,Chopin,Sonata_2_3rd,2,MID,223,0.028227848101265822,7900
Chopin/Sonata_2/3rd_no_repeat/Knoll10.mid,piece_6b2b049adeae4e09,Chopin,Sonata_2_3rd,3,HIGH,73,0.009240506329113924,7900
Chopin/Sonata_2/3rd_no_repeat/Knoll10.mid,piece_6b2b049adeae4e09,Chopin,Sonata_2_3rd,4,FULL,7158,0.9060759493670886,7900
Chopin/Sonata_2/4th/Giltburg02.mid,piece_878a4a7ec2a55b31,Chopin,Sonata_2_4th,0,ZERO,31,0.004461715601611974,6948
Chopin/Sonata_2/4th/Giltburg02.mid,piece_878a4a7ec2a55b31,Chopin,Sonata_2_4th,1,LOW,458,0.0659182498560737,6948
Chopin/Sonata_2/4th/Giltburg02.mid,piece_878a4a7ec2a55b31,Chopin,Sonata_2_4th,2,MID,2559,0.36830742659758203,6948
Chopin/Sonata_2/4th/Giltburg02.mid,piece_878a4a7ec2a55b31,Chopin,Sonata_2_4th,3,HIGH,2608,0.37535981577432354,6948
Chopin/Sonata_2/4th/Giltburg02.mid,piece_878a4a7ec2a55b31,Chopin,Sonata_2_4th,4,FULL,1292,0.18595279217040875,6948
Chopin/Sonata_2/4th/KaszoS16M.mid,piece_878a4a7ec2a55b31,Chopin,Sonata_2_4th,0,ZERO,576,0.08515671200473093,6764
Chopin/Sonata_2/4th/KaszoS16M.mid,piece_878a4a7ec2a55b31,Chopin,Sonata_2_4th,1,LOW,757,0.11191602602010645,6764
Chopin/Sonata_2/4th/KaszoS16M.mid,piece_878a4a7ec2a55b31,Chopin,Sonata_2_4th,2,MID,1774,0.2622708456534595,6764
Chopin/Sonata_2/4th/KaszoS16M.mid,piece_878a4a7ec2a55b31,Chopin,Sonata_2_4th,3,HIGH,590,0.08722649319929036,6764
Chopin/Sonata_2/4th/KaszoS16M.mid,piece_878a4a7ec2a55b31,Chopin,Sonata_2_4th,4,FULL,3067,0.45342992312241276,6764
Chopin/Sonata_2/4th/Knoll10.mid,piece_878a4a7ec2a55b31,Chopin,Sonata_2_4th,0,ZERO,712,0.10253456221198157,6944
Chopin/Sonata_2/4th/Knoll10.mid,piece_878a4a7ec2a55b31,Chopin,Sonata_2_4th,1,LOW,2366,0.3407258064516129,6944
Chopin/Sonata_2/4th/Knoll10.mid,piece_878a4a7ec2a55b31,Chopin,Sonata_2_4th,2,MID,3474,0.5002880184331797,6944
Chopin/Sonata_2/4th/Knoll10.mid,piece_878a4a7ec2a55b31,Chopin,Sonata_2_4th,3,HIGH,252,0.036290322580645164,6944
Chopin/Sonata_2/4th/Knoll10.mid,piece_878a4a7ec2a55b31,Chopin,Sonata_2_4th,4,FULL,140,0.020161290322580645,6944
Chopin/Sonata_3/2nd/GarritsonL09.mid,piece_7e40ed04a0616010,Chopin,Sonata_3_2nd,0,ZERO,2609,0.46589285714285716,5600
Chopin/Sonata_3/2nd/GarritsonL09.mid,piece_7e40ed04a0616010,Chopin,Sonata_3_2nd,1,LOW,560,0.1,5600
Chopin/Sonata_3/2nd/GarritsonL09.mid,piece_7e40ed04a0616010,Chopin,Sonata_3_2nd,2,MID,751,0.13410714285714287,5600
Chopin/Sonata_3/2nd/GarritsonL09.mid,piece_7e40ed04a0616010,Chopin,Sonata_3_2nd,3,HIGH,118,0.02107142857142857,5600
Chopin/Sonata_3/2nd/GarritsonL09.mid,piece_7e40ed04a0616010,Chopin,Sonata_3_2nd,4,FULL,1562,0.2789285714285714,5600
Chopin/Sonata_3/2nd/HONG08.mid,piece_7e40ed04a0616010,Chopin,Sonata_3_2nd,0,ZERO,1693,0.30275393419170243,5592
Chopin/Sonata_3/2nd/HONG08.mid,piece_7e40ed04a0616010,Chopin,Sonata_3_2nd,1,LOW,1032,0.18454935622317598,5592
Chopin/Sonata_3/2nd/HONG08.mid,piece_7e40ed04a0616010,Chopin,Sonata_3_2nd,2,MID,787,0.1407367668097282,5592
Chopin/Sonata_3/2nd/HONG08.mid,piece_7e40ed04a0616010,Chopin,Sonata_3_2nd,3,HIGH,975,0.17435622317596566,5592
Chopin/Sonata_3/2nd/HONG08.mid,piece_7e40ed04a0616010,Chopin,Sonata_3_2nd,4,FULL,1105,0.19760371959942774,5592
Chopin/Sonata_3/2nd/HuangSW04.mid,piece_7e40ed04a0616010,Chopin,Sonata_3_2nd,0,ZERO,1691,0.2991861288039632,5652
Chopin/Sonata_3/2nd/HuangSW04.mid,piece_7e40ed04a0616010,Chopin,Sonata_3_2nd,1,LOW,891,0.15764331210191082,5652
Chopin/Sonata_3/2nd/HuangSW04.mid,piece_7e40ed04a0616010,Chopin,Sonata_3_2nd,2,MID,1381,0.2443382873319179,5652
Chopin/Sonata_3/2nd/HuangSW04.mid,piece_7e40ed04a0616010,Chopin,Sonata_3_2nd,3,HIGH,146,0.025831564048124558,5652
Chopin/Sonata_3/2nd/HuangSW04.mid,piece_7e40ed04a0616010,Chopin,Sonata_3_2nd,4,FULL,1543,0.2730007077140835,5652
Chopin/Sonata_3/2nd/Huangci06.mid,piece_7e40ed04a0616010,Chopin,Sonata_3_2nd,0,ZERO,1831,0.3244153082919915,5644
Chopin/Sonata_3/2nd/Huangci06.mid,piece_7e40ed04a0616010,Chopin,Sonata_3_2nd,1,LOW,339,0.06006378454996456,5644
Chopin/Sonata_3/2nd/Huangci06.mid,piece_7e40ed04a0616010,Chopin,Sonata_3_2nd,2,MID,1348,0.23883770375620128,5644
Chopin/Sonata_3/2nd/Huangci06.mid,piece_7e40ed04a0616010,Chopin,Sonata_3_2nd,3,HIGH,463,0.08203401842664777,5644
Chopin/Sonata_3/2nd/Huangci06.mid,piece_7e40ed04a0616010,Chopin,Sonata_3_2nd,4,FULL,1663,0.2946491849751949,5644
Chopin/Sonata_3/2nd/KimSJ08.mid,piece_7e40ed04a0616010,Chopin,Sonata_3_2nd,0,ZERO,1300,0.22632311977715877,5744
Chopin/Sonata_3/2nd/KimSJ08.mid,piece_7e40ed04a0616010,Chopin,Sonata_3_2nd,1,LOW,1120,0.19498607242339833,5744
Chopin/Sonata_3/2nd/KimSJ08.mid,piece_7e40ed04a0616010,Chopin,Sonata_3_2nd,2,MID,988,0.17200557103064068,5744
Chopin/Sonata_3/2nd/KimSJ08.mid,piece_7e40ed04a0616010,Chopin,Sonata_3_2nd,3,HIGH,550,0.09575208913649025,5744
Chopin/Sonata_3/2nd/KimSJ08.mid,piece_7e40ed04a0616010,Chopin,Sonata_3_2nd,4,FULL,1786,0.310933147632312,5744
Chopin/Sonata_3/2nd/KimSY21.mid,piece_7e40ed04a0616010,Chopin,Sonata_3_2nd,0,ZERO,2588,0.45403508771929824,5700
Chopin/Sonata_3/2nd/KimSY21.mid,piece_7e40ed04a0616010,Chopin,Sonata_3_2nd,1,LOW,413,0.07245614035087719,5700
Chopin/Sonata_3/2nd/KimSY21.mid,piece_7e40ed04a0616010,Chopin,Sonata_3_2nd,2,MID,1824,0.32,5700
Chopin/Sonata_3/2nd/KimSY21.mid,piece_7e40ed04a0616010,Chopin,Sonata_3_2nd,3,HIGH,590,0.10350877192982456,5700
Chopin/Sonata_3/2nd/KimSY21.mid,piece_7e40ed04a0616010,Chopin,Sonata_3_2nd,4,FULL,285,0.05,5700
Chopin/Sonata_3/2nd/SCHU09.mid,piece_7e40ed04a0616010,Chopin,Sonata_3_2nd,0,ZERO,1252,0.22534197264218864,5556
Chopin/Sonata_3/2nd/SCHU09.mid,piece_7e40ed04a0616010,Chopin,Sonata_3_2nd,1,LOW,1207,0.21724262059035276,5556
Chopin/Sonata_3/2nd/SCHU09.mid,piece_7e40ed04a0616010,Chopin,Sonata_3_2nd,2,MID,655,0.11789056875449964,5556
Chopin/Sonata_3/2nd/SCHU09.mid,piece_7e40ed04a0616010,Chopin,Sonata_3_2nd,3,HIGH,2092,0.37652987760979123,5556
Chopin/Sonata_3/2nd/SCHU09.mid,piece_7e40ed04a0616010,Chopin,Sonata_3_2nd,4,FULL,350,0.06299496040316775,5556
Chopin/Sonata_3/2nd/Shybayeva07.mid,piece_7e40ed04a0616010,Chopin,Sonata_3_2nd,0,ZERO,603,0.10737179487179487,5616
Chopin/Sonata_3/2nd/Shybayeva07.mid,piece_7e40ed04a0616010,Chopin,Sonata_3_2nd,1,LOW,984,0.1752136752136752,5616
Chopin/Sonata_3/2nd/Shybayeva07.mid,piece_7e40ed04a0616010,Chopin,Sonata_3_2nd,2,MID,1935,0.34455128205128205,5616
Chopin/Sonata_3/2nd/Shybayeva07.mid,piece_7e40ed04a0616010,Chopin,Sonata_3_2nd,3,HIGH,358,0.06374643874643875,5616
Chopin/Sonata_3/2nd/Shybayeva07.mid,piece_7e40ed04a0616010,Chopin,Sonata_3_2nd,4,FULL,1736,0.3091168091168091,5616
Chopin/Sonata_3/2nd/mikahailoff01.mid,piece_7e40ed04a0616010,Chopin,Sonata_3_2nd,0,ZERO,258,0.046038543897216275,5604
Chopin/Sonata_3/2nd/mikahailoff01.mid,piece_7e40ed04a0616010,Chopin,Sonata_3_2nd,1,LOW,2215,0.3952533904354033,5604
Chopin/Sonata_3/2nd/mikahailoff01.mid,piece_7e40ed04a0616010,Chopin,Sonata_3_2nd,2,MID,1242,0.22162740899357602,5604
Chopin/Sonata_3/2nd/mikahailoff01.mid,piece_7e40ed04a0616010,Chopin,Sonata_3_2nd,3,HIGH,526,0.09386152748037116,5604
Chopin/Sonata_3/2nd/mikahailoff01.mid,piece_7e40ed04a0616010,Chopin,Sonata_3_2nd,4,FULL,1363,0.24321912919343328,5604
Chopin/Sonata_3/3rd/GarritsonL10.mid,piece_05168fe50aa136e3,Chopin,Sonata_3_3rd,0,ZERO,176,0.023822414726583648,7388
Chopin/Sonata_3/3rd/GarritsonL10.mid,piece_05168fe50aa136e3,Chopin,Sonata_3_3rd,1,LOW,367,0.049675148890092044,7388
Chopin/Sonata_3/3rd/GarritsonL10.mid,piece_05168fe50aa136e3,Chopin,Sonata_3_3rd,2,MID,782,0.10584731997834326,7388
Chopin/Sonata_3/3rd/GarritsonL10.mid,piece_05168fe50aa136e3,Chopin,Sonata_3_3rd,3,HIGH,160,0.02165674066053059,7388
Chopin/Sonata_3/3rd/GarritsonL10.mid,piece_05168fe50aa136e3,Chopin,Sonata_3_3rd,4,FULL,5903,0.7989983757444504,7388
Chopin/Sonata_3/3rd/HONG08.mid,piece_05168fe50aa136e3,Chopin,Sonata_3_3rd,0,ZERO,127,0.017125134843581444,7416
Chopin/Sonata_3/3rd/HONG08.mid,piece_05168fe50aa136e3,Chopin,Sonata_3_3rd,1,LOW,948,0.127831715210356,7416
Chopin/Sonata_3/3rd/HONG08.mid,piece_05168fe50aa136e3,Chopin,Sonata_3_3rd,2,MID,855,0.11529126213592233,7416
Chopin/Sonata_3/3rd/HONG08.mid,piece_05168fe50aa136e3,Chopin,Sonata_3_3rd,3,HIGH,1769,0.23853829557713052,7416
Chopin/Sonata_3/3rd/HONG08.mid,piece_05168fe50aa136e3,Chopin,Sonata_3_3rd,4,FULL,3717,0.5012135922330098,7416
Chopin/Sonata_3/3rd/HuangSW05.mid,piece_05168fe50aa136e3,Chopin,Sonata_3_3rd,0,ZERO,584,0.07782515991471216,7504
Chopin/Sonata_3/3rd/HuangSW05.mid,piece_05168fe50aa136e3,Chopin,Sonata_3_3rd,1,LOW,447,0.059568230277185504,7504
Chopin/Sonata_3/3rd/HuangSW05.mid,piece_05168fe50aa136e3,Chopin,Sonata_3_3rd,2,MID,1362,0.18150319829424308,7504
Chopin/Sonata_3/3rd/HuangSW05.mid,piece_05168fe50aa136e3,Chopin,Sonata_3_3rd,3,HIGH,356,0.04744136460554371,7504
Chopin/Sonata_3/3rd/HuangSW05.mid,piece_05168fe50aa136e3,Chopin,Sonata_3_3rd,4,FULL,4755,0.6336620469083155,7504
Chopin/Sonata_3/3rd/Huangci06.mid,piece_05168fe50aa136e3,Chopin,Sonata_3_3rd,0,ZERO,367,0.0487772461456672,7524
Chopin/Sonata_3/3rd/Huangci06.mid,piece_05168fe50aa136e3,Chopin,Sonata_3_3rd,1,LOW,497,0.06605528973950027,7524
Chopin/Sonata_3/3rd/Huangci06.mid,piece_05168fe50aa136e3,Chopin,Sonata_3_3rd,2,MID,1398,0.18580542264752792,7524
Chopin/Sonata_3/3rd/Huangci06.mid,piece_05168fe50aa136e3,Chopin,Sonata_3_3rd,3,HIGH,1238,0.16454013822434876,7524
Chopin/Sonata_3/3rd/Huangci06.mid,piece_05168fe50aa136e3,Chopin,Sonata_3_3rd,4,FULL,4024,0.5348219032429559,7524
Chopin/Sonata_3/3rd/KimSJ09.mid,piece_05168fe50aa136e3,Chopin,Sonata_3_3rd,0,ZERO,182,0.02443609022556391,7448
Chopin/Sonata_3/3rd/KimSJ09.mid,piece_05168fe50aa136e3,Chopin,Sonata_3_3rd,1,LOW,404,0.054242749731471536,7448
Chopin/Sonata_3/3rd/KimSJ09.mid,piece_05168fe50aa136e3,Chopin,Sonata_3_3rd,2,MID,1227,0.1647422126745435,7448
Chopin/Sonata_3/3rd/KimSJ09.mid,piece_05168fe50aa136e3,Chopin,Sonata_3_3rd,3,HIGH,2263,0.30383995703544575,7448
Chopin/Sonata_3/3rd/KimSJ09.mid,piece_05168fe50aa136e3,Chopin,Sonata_3_3rd,4,FULL,3372,0.4527389903329753,7448
Chopin/Sonata_3/3rd/KimSY22.mid,piece_05168fe50aa136e3,Chopin,Sonata_3_3rd,0,ZERO,104,0.013874066168623266,7496
Chopin/Sonata_3/3rd/KimSY22.mid,piece_05168fe50aa136e3,Chopin,Sonata_3_3rd,1,LOW,686,0.0915154749199573,7496
Chopin/Sonata_3/3rd/KimSY22.mid,piece_05168fe50aa136e3,Chopin,Sonata_3_3rd,2,MID,2277,0.30376200640341516,7496
Chopin/Sonata_3/3rd/KimSY22.mid,piece_05168fe50aa136e3,Chopin,Sonata_3_3rd,3,HIGH,2977,0.397145144076841,7496
Chopin/Sonata_3/3rd/KimSY22.mid,piece_05168fe50aa136e3,Chopin,Sonata_3_3rd,4,FULL,1452,0.1937033084311633,7496
Chopin/Sonata_3/3rd/SCHU09.mid,piece_05168fe50aa136e3,Chopin,Sonata_3_3rd,0,ZERO,36,0.004846526655896607,7428
Chopin/Sonata_3/3rd/SCHU09.mid,piece_05168fe50aa136e3,Chopin,Sonata_3_3rd,1,LOW,546,0.07350565428109855,7428
Chopin/Sonata_3/3rd/SCHU09.mid,piece_05168fe50aa136e3,Chopin,Sonata_3_3rd,2,MID,484,0.06515885837372105,7428
Chopin/Sonata_3/3rd/SCHU09.mid,piece_05168fe50aa136e3,Chopin,Sonata_3_3rd,3,HIGH,4249,0.5720247711362413,7428
Chopin/Sonata_3/3rd/SCHU09.mid,piece_05168fe50aa136e3,Chopin,Sonata_3_3rd,4,FULL,2113,0.28446418955304253,7428
Chopin/Sonata_3/3rd/Shybayeva07.mid,piece_05168fe50aa136e3,Chopin,Sonata_3_3rd,0,ZERO,51,0.006821829855537721,7476
Chopin/Sonata_3/3rd/Shybayeva07.mid,piece_05168fe50aa136e3,Chopin,Sonata_3_3rd,1,LOW,448,0.0599250936329588,7476
Chopin/Sonata_3/3rd/Shybayeva07.mid,piece_05168fe50aa136e3,Chopin,Sonata_3_3rd,2,MID,2308,0.308721241305511,7476
Chopin/Sonata_3/3rd/Shybayeva07.mid,piece_05168fe50aa136e3,Chopin,Sonata_3_3rd,3,HIGH,1132,0.1514178705189941,7476
Chopin/Sonata_3/3rd/Shybayeva07.mid,piece_05168fe50aa136e3,Chopin,Sonata_3_3rd,4,FULL,3537,0.4731139646869984,7476
Chopin/Sonata_3/3rd/mikahailoff01.mid,piece_05168fe50aa136e3,Chopin,Sonata_3_3rd,0,ZERO,16,0.002176278563656148,7352
Chopin/Sonata_3/3rd/mikahailoff01.mid,piece_05168fe50aa136e3,Chopin,Sonata_3_3rd,1,LOW,623,0.08473884657236126,7352
Chopin/Sonata_3/3rd/mikahailoff01.mid,piece_05168fe50aa136e3,Chopin,Sonata_3_3rd,2,MID,676,0.09194776931447225,7352
Chopin/Sonata_3/3rd/mikahailoff01.mid,piece_05168fe50aa136e3,Chopin,Sonata_3_3rd,3,HIGH,1735,0.23599020674646354,7352
Chopin/Sonata_3/3rd/mikahailoff01.mid,piece_05168fe50aa136e3,Chopin,Sonata_3_3rd,4,FULL,4302,0.5851468988030468,7352
Debussy/Images_Book_1/1_Reflets_dans_lEau/Kleisen11M.mid,piece_f5b9d4ebcb64d92f,Debussy,Images_Book_1_1_Reflets_dans_lEau,0,ZERO,229,0.028355621594848935,8076
Debussy/Images_Book_1/1_Reflets_dans_lEau/Kleisen11M.mid,piece_f5b9d4ebcb64d92f,Debussy,Images_Book_1_1_Reflets_dans_lEau,1,LOW,186,0.023031203566121844,8076
Debussy/Images_Book_1/1_Reflets_dans_lEau/Kleisen11M.mid,piece_f5b9d4ebcb64d92f,Debussy,Images_Book_1_1_Reflets_dans_lEau,2,MID,4348,0.5383853392768697,8076
Debussy/Images_Book_1/1_Reflets_dans_lEau/Kleisen11M.mid,piece_f5b9d4ebcb64d92f,Debussy,Images_Book_1_1_Reflets_dans_lEau,3,HIGH,1704,0.21099554234769688,8076
Debussy/Images_Book_1/1_Reflets_dans_lEau/Kleisen11M.mid,piece_f5b9d4ebcb64d92f,Debussy,Images_Book_1_1_Reflets_dans_lEau,4,FULL,1609,0.19923229321446262,8076
Debussy/Images_Book_1/1_Reflets_dans_lEau/ParkJH13M.mid,piece_f5b9d4ebcb64d92f,Debussy,Images_Book_1_1_Reflets_dans_lEau,0,ZERO,226,0.0280675608544461,8052
Debussy/Images_Book_1/1_Reflets_dans_lEau/ParkJH13M.mid,piece_f5b9d4ebcb64d92f,Debussy,Images_Book_1_1_Reflets_dans_lEau,1,LOW,148,0.01838052657724789,8052
Debussy/Images_Book_1/1_Reflets_dans_lEau/ParkJH13M.mid,piece_f5b9d4ebcb64d92f,Debussy,Images_Book_1_1_Reflets_dans_lEau,2,MID,703,0.08730750124192747,8052
Debussy/Images_Book_1/1_Reflets_dans_lEau/ParkJH13M.mid,piece_f5b9d4ebcb64d92f,Debussy,Images_Book_1_1_Reflets_dans_lEau,3,HIGH,201,0.02496274217585693,8052
Debussy/Images_Book_1/1_Reflets_dans_lEau/ParkJH13M.mid,piece_f5b9d4ebcb64d92f,Debussy,Images_Book_1_1_Reflets_dans_lEau,4,FULL,6774,0.8412816691505216,8052
Debussy/Pour_le_Piano/1/MunA12M.mid,piece_8c3eba14fccb1cd9,Debussy,Pour_le_Piano_1,0,ZERO,217,0.016937246331564158,12812
Debussy/Pour_le_Piano/1/MunA12M.mid,piece_8c3eba14fccb1cd9,Debussy,Pour_le_Piano_1,1,LOW,1369,0.1068529503590384,12812
Debussy/Pour_le_Piano/1/MunA12M.mid,piece_8c3eba14fccb1cd9,Debussy,Pour_le_Piano_1,2,MID,1663,0.1298001873243834,12812
Debussy/Pour_le_Piano/1/MunA12M.mid,piece_8c3eba14fccb1cd9,Debussy,Pour_le_Piano_1,3,HIGH,292,0.022791133312519512,12812
Debussy/Pour_le_Piano/1/MunA12M.mid,piece_8c3eba14fccb1cd9,Debussy,Pour_le_Piano_1,4,FULL,9271,0.7236184826724945,12812
Glinka/The_Lark/Denisova10M.mid,piece_f2581f8261a97194,Glinka,The_Lark,0,ZERO,178,0.01909871244635193,9320
Glinka/The_Lark/Denisova10M.mid,piece_f2581f8261a97194,Glinka,The_Lark,1,LOW,80,0.008583690987124463,9320
Glinka/The_Lark/Denisova10M.mid,piece_f2581f8261a97194,Glinka,The_Lark,2,MID,341,0.03658798283261803,9320
Glinka/The_Lark/Denisova10M.mid,piece_f2581f8261a97194,Glinka,The_Lark,3,HIGH,746,0.08004291845493562,9320
Glinka/The_Lark/Denisova10M.mid,piece_f2581f8261a97194,Glinka,The_Lark,4,FULL,7975,0.85568669527897,9320
Glinka/The_Lark/Kleisen07M.mid,piece_f2581f8261a97194,Glinka,The_Lark,0,ZERO,190,0.021522428636157682,8828
Glinka/The_Lark/Kleisen07M.mid,piece_f2581f8261a97194,Glinka,The_Lark,1,LOW,225,0.025487086542818307,8828
Glinka/The_Lark/Kleisen07M.mid,piece_f2581f8261a97194,Glinka,The_Lark,2,MID,3443,0.39000906207521524,8828
Glinka/The_Lark/Kleisen07M.mid,piece_f2581f8261a97194,Glinka,The_Lark,3,HIGH,4009,0.45412324422292705,8828
Glinka/The_Lark/Kleisen07M.mid,piece_f2581f8261a97194,Glinka,The_Lark,4,FULL,961,0.10885817852288174,8828
Haydn/Keyboard_Sonatas/31-1/Masycheva01.mid,piece_32756c4c937eea64,Haydn,Keyboard_Sonatas_31-1,0,ZERO,2866,0.4436532507739938,6460
Haydn/Keyboard_Sonatas/31-1/Masycheva01.mid,piece_32756c4c937eea64,Haydn,Keyboard_Sonatas_31-1,1,LOW,2057,0.31842105263157894,6460
Haydn/Keyboard_Sonatas/31-1/Masycheva01.mid,piece_32756c4c937eea64,Haydn,Keyboard_Sonatas_31-1,2,MID,1424,0.22043343653250774,6460
Haydn/Keyboard_Sonatas/31-1/Masycheva01.mid,piece_32756c4c937eea64,Haydn,Keyboard_Sonatas_31-1,3,HIGH,64,0.009907120743034056,6460
Haydn/Keyboard_Sonatas/31-1/Masycheva01.mid,piece_32756c4c937eea64,Haydn,Keyboard_Sonatas_31-1,4,FULL,49,0.007585139318885449,6460
Haydn/Keyboard_Sonatas/31-1/SCHU02.mid,piece_32756c4c937eea64,Haydn,Keyboard_Sonatas_31-1,0,ZERO,6084,0.937731196054254,6488
Haydn/Keyboard_Sonatas/31-1/SCHU02.mid,piece_32756c4c937eea64,Haydn,Keyboard_Sonatas_31-1,1,LOW,276,0.04254007398273736,6488
Haydn/Keyboard_Sonatas/31-1/SCHU02.mid,piece_32756c4c937eea64,Haydn,Keyboard_Sonatas_31-1,2,MID,120,0.018495684340320593,6488
Haydn/Keyboard_Sonatas/31-1/SCHU02.mid,piece_32756c4c937eea64,Haydn,Keyboard_Sonatas_31-1,3,HIGH,7,0.0010789149198520344,6488
Haydn/Keyboard_Sonatas/31-1/SCHU02.mid,piece_32756c4c937eea64,Haydn,Keyboard_Sonatas_31-1,4,FULL,1,0.00015413070283600493,6488
Haydn/Keyboard_Sonatas/31-1/Song05M.mid,piece_32756c4c937eea64,Haydn,Keyboard_Sonatas_31-1,0,ZERO,4390,0.6821006836544438,6436
Haydn/Keyboard_Sonatas/31-1/Song05M.mid,piece_32756c4c937eea64,Haydn,Keyboard_Sonatas_31-1,1,LOW,1159,0.18008079552517092,6436
Haydn/Keyboard_Sonatas/31-1/Song05M.mid,piece_32756c4c937eea64,Haydn,Keyboard_Sonatas_31-1,2,MID,887,0.13781852082038534,6436
Haydn/Keyboard_Sonatas/31-1/Song05M.mid,piece_32756c4c937eea64,Haydn,Keyboard_Sonatas_31-1,3,HIGH,0,0.0,6436
Haydn/Keyboard_Sonatas/31-1/Song05M.mid,piece_32756c4c937eea64,Haydn,Keyboard_Sonatas_31-1,4,FULL,0,0.0,6436
Haydn/Keyboard_Sonatas/31-1/Zagalskaia02.mid,piece_32756c4c937eea64,Haydn,Keyboard_Sonatas_31-1,0,ZERO,1822,0.282393056416615,6452
Haydn/Keyboard_Sonatas/31-1/Zagalskaia02.mid,piece_32756c4c937eea64,Haydn,Keyboard_Sonatas_31-1,1,LOW,3218,0.49876007439553627,6452
Haydn/Keyboard_Sonatas/31-1/Zagalskaia02.mid,piece_32756c4c937eea64,Haydn,Keyboard_Sonatas_31-1,2,MID,1346,0.20861748295102295,6452
Haydn/Keyboard_Sonatas/31-1/Zagalskaia02.mid,piece_32756c4c937eea64,Haydn,Keyboard_Sonatas_31-1,3,HIGH,43,0.006664600123992561,6452
Haydn/Keyboard_Sonatas/31-1/Zagalskaia02.mid,piece_32756c4c937eea64,Haydn,Keyboard_Sonatas_31-1,4,FULL,23,0.00356478611283323,6452
Haydn/Keyboard_Sonatas/39-1/Yarden02.mid,piece_6f89053e95f709e1,Haydn,Keyboard_Sonatas_39-1,0,ZERO,4294,0.5267419038272817,8152
Haydn/Keyboard_Sonatas/39-1/Yarden02.mid,piece_6f89053e95f709e1,Haydn,Keyboard_Sonatas_39-1,1,LOW,2306,0.28287536800785085,8152
Haydn/Keyboard_Sonatas/39-1/Yarden02.mid,piece_6f89053e95f709e1,Haydn,Keyboard_Sonatas_39-1,2,MID,881,0.10807163886162904,8152
Haydn/Keyboard_Sonatas/39-1/Yarden02.mid,piece_6f89053e95f709e1,Haydn,Keyboard_Sonatas_39-1,3,HIGH,182,0.022325809617271836,8152
Haydn/Keyboard_Sonatas/39-1/Yarden02.mid,piece_6f89053e95f709e1,Haydn,Keyboard_Sonatas_39-1,4,FULL,489,0.05998527968596663,8152
Haydn/Keyboard_Sonatas/39-1/Yarden07M.mid,piece_6f89053e95f709e1,Haydn,Keyboard_Sonatas_39-1,0,ZERO,4542,0.5652065704330512,8036
Haydn/Keyboard_Sonatas/39-1/Yarden07M.mid,piece_6f89053e95f709e1,Haydn,Keyboard_Sonatas_39-1,1,LOW,2105,0.2619462419113987,8036
Haydn/Keyboard_Sonatas/39-1/Yarden07M.mid,piece_6f89053e95f709e1,Haydn,Keyboard_Sonatas_39-1,2,MID,904,0.11249377799900448,8036
Haydn/Keyboard_Sonatas/39-1/Yarden07M.mid,piece_6f89053e95f709e1,Haydn,Keyboard_Sonatas_39-1,3,HIGH,116,0.01443504230960677,8036
Haydn/Keyboard_Sonatas/39-1/Yarden07M.mid,piece_6f89053e95f709e1,Haydn,Keyboard_Sonatas_39-1,4,FULL,369,0.04591836734693878,8036
Haydn/Keyboard_Sonatas/39-3/Yarden07M.mid,piece_fb1c7b11dfc2b4d4,Haydn,Keyboard_Sonatas_39-3,0,ZERO,7684,0.6073348087258932,12652
Haydn/Keyboard_Sonatas/39-3/Yarden07M.mid,piece_fb1c7b11dfc2b4d4,Haydn,Keyboard_Sonatas_39-3,1,LOW,2839,0.22439140056908,12652
Haydn/Keyboard_Sonatas/39-3/Yarden07M.mid,piece_fb1c7b11dfc2b4d4,Haydn,Keyboard_Sonatas_39-3,2,MID,1282,0.10132785330382549,12652
Haydn/Keyboard_Sonatas/39-3/Yarden07M.mid,piece_fb1c7b11dfc2b4d4,Haydn,Keyboard_Sonatas_39-3,3,HIGH,235,0.018574138476130257,12652
Haydn/Keyboard_Sonatas/39-3/Yarden07M.mid,piece_fb1c7b11dfc2b4d4,Haydn,Keyboard_Sonatas_39-3,4,FULL,612,0.04837179892507114,12652
Haydn/Keyboard_Sonatas/48-1/GarritsonL02M.mid,piece_c3f7d0c320d0f2e9,Haydn,Keyboard_Sonatas_48-1,0,ZERO,3466,0.4352084379708689,7964
Haydn/Keyboard_Sonatas/48-1/GarritsonL02M.mid,piece_c3f7d0c320d0f2e9,Haydn,Keyboard_Sonatas_48-1,1,LOW,1271,0.15959316926167755,7964
Haydn/Keyboard_Sonatas/48-1/GarritsonL02M.mid,piece_c3f7d0c320d0f2e9,Haydn,Keyboard_Sonatas_48-1,2,MID,968,0.12154696132596685,7964
Haydn/Keyboard_Sonatas/48-1/GarritsonL02M.mid,piece_c3f7d0c320d0f2e9,Haydn,Keyboard_Sonatas_48-1,3,HIGH,132,0.016574585635359115,7964
Haydn/Keyboard_Sonatas/48-1/GarritsonL02M.mid,piece_c3f7d0c320d0f2e9,Haydn,Keyboard_Sonatas_48-1,4,FULL,2127,0.26707684580612756,7964
Haydn/Keyboard_Sonatas/48-1/PrjevalskayaM02M.mid,piece_c3f7d0c320d0f2e9,Haydn,Keyboard_Sonatas_48-1,0,ZERO,5277,0.6639406139909411,7948
Haydn/Keyboard_Sonatas/48-1/PrjevalskayaM02M.mid,piece_c3f7d0c320d0f2e9,Haydn,Keyboard_Sonatas_48-1,1,LOW,596,0.07498741821841973,7948
Haydn/Keyboard_Sonatas/48-1/PrjevalskayaM02M.mid,piece_c3f7d0c320d0f2e9,Haydn,Keyboard_Sonatas_48-1,2,MID,1077,0.13550578761952692,7948
Haydn/Keyboard_Sonatas/48-1/PrjevalskayaM02M.mid,piece_c3f7d0c320d0f2e9,Haydn,Keyboard_Sonatas_48-1,3,HIGH,187,0.023527931555108204,7948
Haydn/Keyboard_Sonatas/48-1/PrjevalskayaM02M.mid,piece_c3f7d0c320d0f2e9,Haydn,Keyboard_Sonatas_48-1,4,FULL,811,0.10203824861600402,7948
Haydn/Keyboard_Sonatas/50-1_no_repeat/Day01.mid,piece_9d347f5f08c34ed5,Haydn,Keyboard_Sonatas_50-1,0,ZERO,11901,0.8549568965517241,13920
Haydn/Keyboard_Sonatas/50-1_no_repeat/Day01.mid,piece_9d347f5f08c34ed5,Haydn,Keyboard_Sonatas_50-1,1,LOW,1561,0.11214080459770115,13920
Haydn/Keyboard_Sonatas/50-1_no_repeat/Day01.mid,piece_9d347f5f08c34ed5,Haydn,Keyboard_Sonatas_50-1,2,MID,458,0.03290229885057471,13920
Haydn/Keyboard_Sonatas/50-1_no_repeat/Day01.mid,piece_9d347f5f08c34ed5,Haydn,Keyboard_Sonatas_50-1,3,HIGH,0,0.0,13920
Haydn/Keyboard_Sonatas/50-1_no_repeat/Day01.mid,piece_9d347f5f08c34ed5,Haydn,Keyboard_Sonatas_50-1,4,FULL,0,0.0,13920
Haydn/Keyboard_Sonatas/50-1_no_repeat/EVSTIO01.mid,piece_9d347f5f08c34ed5,Haydn,Keyboard_Sonatas_50-1,0,ZERO,8730,0.624106376894481,13988
Haydn/Keyboard_Sonatas/50-1_no_repeat/EVSTIO01.mid,piece_9d347f5f08c34ed5,Haydn,Keyboard_Sonatas_50-1,1,LOW,2953,0.21110952244781242,13988
Haydn/Keyboard_Sonatas/50-1_no_repeat/EVSTIO01.mid,piece_9d347f5f08c34ed5,Haydn,Keyboard_Sonatas_50-1,2,MID,1918,0.13711752931083787,13988
Haydn/Keyboard_Sonatas/50-1_no_repeat/EVSTIO01.mid,piece_9d347f5f08c34ed5,Haydn,Keyboard_Sonatas_50-1,3,HIGH,230,0.0164426651415499,13988
Haydn/Keyboard_Sonatas/50-1_no_repeat/EVSTIO01.mid,piece_9d347f5f08c34ed5,Haydn,Keyboard_Sonatas_50-1,4,FULL,157,0.011223906205318844,13988
Haydn/Keyboard_Sonatas/50-1_no_repeat/GalantM02M.mid,piece_9d347f5f08c34ed5,Haydn,Keyboard_Sonatas_50-1,0,ZERO,12307,0.8826018359150889,13944
Haydn/Keyboard_Sonatas/50-1_no_repeat/GalantM02M.mid,piece_9d347f5f08c34ed5,Haydn,Keyboard_Sonatas_50-1,1,LOW,375,0.02689328743545611,13944
Haydn/Keyboard_Sonatas/50-1_no_repeat/GalantM02M.mid,piece_9d347f5f08c34ed5,Haydn,Keyboard_Sonatas_50-1,2,MID,736,0.052782558806655194,13944
Haydn/Keyboard_Sonatas/50-1_no_repeat/GalantM02M.mid,piece_9d347f5f08c34ed5,Haydn,Keyboard_Sonatas_50-1,3,HIGH,214,0.015347102696500288,13944
Haydn/Keyboard_Sonatas/50-1_no_repeat/GalantM02M.mid,piece_9d347f5f08c34ed5,Haydn,Keyboard_Sonatas_50-1,4,FULL,312,0.022375215146299483,13944
Haydn/Keyboard_Sonatas/50-1_no_repeat/Georgieva01.mid,piece_9d347f5f08c34ed5,Haydn,Keyboard_Sonatas_50-1,0,ZERO,4631,0.32575970737197524,14216
Haydn/Keyboard_Sonatas/50-1_no_repeat/Georgieva01.mid,piece_9d347f5f08c34ed5,Haydn,Keyboard_Sonatas_50-1,1,LOW,6360,0.4473832301631964,14216
Haydn/Keyboard_Sonatas/50-1_no_repeat/Georgieva01.mid,piece_9d347f5f08c34ed5,Haydn,Keyboard_Sonatas_50-1,2,MID,2041,0.14357062464828363,14216
Haydn/Keyboard_Sonatas/50-1_no_repeat/Georgieva01.mid,piece_9d347f5f08c34ed5,Haydn,Keyboard_Sonatas_50-1,3,HIGH,324,0.022791221159257174,14216
Haydn/Keyboard_Sonatas/50-1_no_repeat/Georgieva01.mid,piece_9d347f5f08c34ed5,Haydn,Keyboard_Sonatas_50-1,4,FULL,860,0.06049521665728756,14216
Haydn/Keyboard_Sonatas/50-1_no_repeat/Gorucan01.mid,piece_9d347f5f08c34ed5,Haydn,Keyboard_Sonatas_50-1,0,ZERO,10924,0.7809551043751787,13988
Haydn/Keyboard_Sonatas/50-1_no_repeat/Gorucan01.mid,piece_9d347f5f08c34ed5,Haydn,Keyboard_Sonatas_50-1,1,LOW,565,0.040391764369459536,13988
Haydn/Keyboard_Sonatas/50-1_no_repeat/Gorucan01.mid,piece_9d347f5f08c34ed5,Haydn,Keyboard_Sonatas_50-1,2,MID,2356,0.1684300829282242,13988
Haydn/Keyboard_Sonatas/50-1_no_repeat/Gorucan01.mid,piece_9d347f5f08c34ed5,Haydn,Keyboard_Sonatas_50-1,3,HIGH,142,0.010151558478696025,13988
Haydn/Keyboard_Sonatas/50-1_no_repeat/Gorucan01.mid,piece_9d347f5f08c34ed5,Haydn,Keyboard_Sonatas_50-1,4,FULL,1,7.148984844152131e-05,13988
Haydn/Keyboard_Sonatas/50-1_no_repeat/HSU01.mid,piece_9d347f5f08c34ed5,Haydn,Keyboard_Sonatas_50-1,0,ZERO,10824,0.7676595744680851,14100
Haydn/Keyboard_Sonatas/50-1_no_repeat/HSU01.mid,piece_9d347f5f08c34ed5,Haydn,Keyboard_Sonatas_50-1,1,LOW,903,0.06404255319148937,14100
Haydn/Keyboard_Sonatas/50-1_no_repeat/HSU01.mid,piece_9d347f5f08c34ed5,Haydn,Keyboard_Sonatas_50-1,2,MID,1065,0.07553191489361702,14100
Haydn/Keyboard_Sonatas/50-1_no_repeat/HSU01.mid,piece_9d347f5f08c34ed5,Haydn,Keyboard_Sonatas_50-1,3,HIGH,846,0.06,14100
Haydn/Keyboard_Sonatas/50-1_no_repeat/HSU01.mid,piece_9d347f5f08c34ed5,Haydn,Keyboard_Sonatas_50-1,4,FULL,462,0.03276595744680851,14100
Haydn/Keyboard_Sonatas/50-1_no_repeat/HUAN_J01.mid,piece_9d347f5f08c34ed5,Haydn,Keyboard_Sonatas_50-1,0,ZERO,9025,0.6388023782559457,14128
Haydn/Keyboard_Sonatas/50-1_no_repeat/HUAN_J01.mid,piece_9d347f5f08c34ed5,Haydn,Keyboard_Sonatas_50-1,1,LOW,1543,0.10921574178935448,14128
Haydn/Keyboard_Sonatas/50-1_no_repeat/HUAN_J01.mid,piece_9d347f5f08c34ed5,Haydn,Keyboard_Sonatas_50-1,2,MID,1590,0.11254246885617214,14128
Haydn/Keyboard_Sonatas/50-1_no_repeat/HUAN_J01.mid,piece_9d347f5f08c34ed5,Haydn,Keyboard_Sonatas_50-1,3,HIGH,1257,0.0889722536806342,14128
Haydn/Keyboard_Sonatas/50-1_no_repeat/HUAN_J01.mid,piece_9d347f5f08c34ed5,Haydn,Keyboard_Sonatas_50-1,4,FULL,713,0.050467157417893545,14128
Haydn/Keyboard_Sonatas/50-1_no_repeat/HamSY02M.mid,piece_9d347f5f08c34ed5,Haydn,Keyboard_Sonatas_50-1,0,ZERO,11885,0.8528272101033295,13936
Haydn/Keyboard_Sonatas/50-1_no_repeat/HamSY02M.mid,piece_9d347f5f08c34ed5,Haydn,Keyboard_Sonatas_50-1,1,LOW,357,0.02561710677382319,13936
Haydn/Keyboard_Sonatas/50-1_no_repeat/HamSY02M.mid,piece_9d347f5f08c34ed5,Haydn,Keyboard_Sonatas_50-1,2,MID,339,0.02432548794489093,13936
Haydn/Keyboard_Sonatas/50-1_no_repeat/HamSY02M.mid,piece_9d347f5f08c34ed5,Haydn,Keyboard_Sonatas_50-1,3,HIGH,60,0.004305396096440872,13936
Haydn/Keyboard_Sonatas/50-1_no_repeat/HamSY02M.mid,piece_9d347f5f08c34ed5,Haydn,Keyboard_Sonatas_50-1,4,FULL,1295,0.0929247990815155,13936
Haydn/Keyboard_Sonatas/50-1_no_repeat/Huang01.mid,piece_9d347f5f08c34ed5,Haydn,Keyboard_Sonatas_50-1,0,ZERO,7354,0.5264891179839634,13968
Haydn/Keyboard_Sonatas/50-1_no_repeat/Huang01.mid,piece_9d347f5f08c34ed5,Haydn,Keyboard_Sonatas_50-1,1,LOW,3816,0.27319587628865977,13968
Haydn/Keyboard_Sonatas/50-1_no_repeat/Huang01.mid,piece_9d347f5f08c34ed5,Haydn,Keyboard_Sonatas_50-1,2,MID,1281,0.09170962199312714,13968
Haydn/Keyboard_Sonatas/50-1_no_repeat/Huang01.mid,piece_9d347f5f08c34ed5,Haydn,Keyboard_Sonatas_50-1,3,HIGH,690,0.04939862542955326,13968
Haydn/Keyboard_Sonatas/50-1_no_repeat/Huang01.mid,piece_9d347f5f08c34ed5,Haydn,Keyboard_Sonatas_50-1,4,FULL,827,0.05920675830469645,13968
Haydn/Keyboard_Sonatas/50-1_no_repeat/Huang05M.mid,piece_9d347f5f08c34ed5,Haydn,Keyboard_Sonatas_50-1,0,ZERO,10397,0.7392633674630261,14064
Haydn/Keyboard_Sonatas/50-1_no_repeat/Huang05M.mid,piece_9d347f5f08c34ed5,Haydn,Keyboard_Sonatas_50-1,1,LOW,1652,0.11746302616609784,14064
Haydn/Keyboard_Sonatas/50-1_no_repeat/Huang05M.mid,piece_9d347f5f08c34ed5,Haydn,Keyboard_Sonatas_50-1,2,MID,1821,0.12947952218430034,14064
Haydn/Keyboard_Sonatas/50-1_no_repeat/Huang05M.mid,piece_9d347f5f08c34ed5,Haydn,Keyboard_Sonatas_50-1,3,HIGH,39,0.002773037542662116,14064
Haydn/Keyboard_Sonatas/50-1_no_repeat/Huang05M.mid,piece_9d347f5f08c34ed5,Haydn,Keyboard_Sonatas_50-1,4,FULL,155,0.011021046643913538,14064
Haydn/Keyboard_Sonatas/50-1_no_repeat/JeonH03M.mid,piece_9d347f5f08c34ed5,Haydn,Keyboard_Sonatas_50-1,0,ZERO,10781,0.7702915118605316,13996
Haydn/Keyboard_Sonatas/50-1_no_repeat/JeonH03M.mid,piece_9d347f5f08c34ed5,Haydn,Keyboard_Sonatas_50-1,1,LOW,650,0.04644184052586453,13996
Haydn/Keyboard_Sonatas/50-1_no_repeat/JeonH03M.mid,piece_9d347f5f08c34ed5,Haydn,Keyboard_Sonatas_50-1,2,MID,527,0.03765361531866247,13996
Haydn/Keyboard_Sonatas/50-1_no_repeat/JeonH03M.mid,piece_9d347f5f08c34ed5,Haydn,Keyboard_Sonatas_50-1,3,HIGH,174,0.012432123463846813,13996
Haydn/Keyboard_Sonatas/50-1_no_repeat/JeonH03M.mid,piece_9d347f5f08c34ed5,Haydn,Keyboard_Sonatas_50-1,4,FULL,1864,0.1331809088310946,13996
Haydn/Keyboard_Sonatas/50-1_no_repeat/KARYAG06M.mid,piece_9d347f5f08c34ed5,Haydn,Keyboard_Sonatas_50-1,0,ZERO,4102,0.29216524216524214,14040
Haydn/Keyboard_Sonatas/50-1_no_repeat/KARYAG06M.mid,piece_9d347f5f08c34ed5,Haydn,Keyboard_Sonatas_50-1,1,LOW,6627,0.472008547008547,14040
Haydn/Keyboard_Sonatas/50-1_no_repeat/KARYAG06M.mid,piece_9d347f5f08c34ed5,Haydn,Keyboard_Sonatas_50-1,2,MID,2922,0.20811965811965813,14040
Haydn/Keyboard_Sonatas/50-1_no_repeat/KARYAG06M.mid,piece_9d347f5f08c34ed5,Haydn,Keyboard_Sonatas_50-1,3,HIGH,293,0.02086894586894587,14040
Haydn/Keyboard_Sonatas/50-1_no_repeat/KARYAG06M.mid,piece_9d347f5f08c34ed5,Haydn,Keyboard_Sonatas_50-1,4,FULL,96,0.006837606837606838,14040
Haydn/Keyboard_Sonatas/50-1_no_repeat/Kim01.mid,piece_9d347f5f08c34ed5,Haydn,Keyboard_Sonatas_50-1,0,ZERO,7118,0.5066913439635535,14048
Haydn/Keyboard_Sonatas/50-1_no_repeat/Kim01.mid,piece_9d347f5f08c34ed5,Haydn,Keyboard_Sonatas_50-1,1,LOW,2603,0.18529328018223234,14048
Haydn/Keyboard_Sonatas/50-1_no_repeat/Kim01.mid,piece_9d347f5f08c34ed5,Haydn,Keyboard_Sonatas_50-1,2,MID,4207,0.29947323462414577,14048
Haydn/Keyboard_Sonatas/50-1_no_repeat/Kim01.mid,piece_9d347f5f08c34ed5,Haydn,Keyboard_Sonatas_50-1,3,HIGH,106,0.007545558086560365,14048
Haydn/Keyboard_Sonatas/50-1_no_repeat/Kim01.mid,piece_9d347f5f08c34ed5,Haydn,Keyboard_Sonatas_50-1,4,FULL,14,0.0009965831435079728,14048
Haydn/Keyboard_Sonatas/50-1_no_repeat/Shi07M.mid,piece_9d347f5f08c34ed5,Haydn,Keyboard_Sonatas_50-1,0,ZERO,13174,0.9420766590389016,13984
Haydn/Keyboard_Sonatas/50-1_no_repeat/Shi07M.mid,piece_9d347f5f08c34ed5,Haydn,Keyboard_Sonatas_50-1,1,LOW,145,0.010368993135011441,13984
Haydn/Keyboard_Sonatas/50-1_no_repeat/Shi07M.mid,piece_9d347f5f08c34ed5,Haydn,Keyboard_Sonatas_50-1,2,MID,143,0.010225972540045767,13984
Haydn/Keyboard_Sonatas/50-1_no_repeat/Shi07M.mid,piece_9d347f5f08c34ed5,Haydn,Keyboard_Sonatas_50-1,3,HIGH,46,0.003289473684210526,13984
Haydn/Keyboard_Sonatas/50-1_no_repeat/Shi07M.mid,piece_9d347f5f08c34ed5,Haydn,Keyboard_Sonatas_50-1,4,FULL,476,0.034038901601830665,13984
Haydn/Keyboard_Sonatas/50-1_no_repeat/Tak01.mid,piece_9d347f5f08c34ed5,Haydn,Keyboard_Sonatas_50-1,0,ZERO,10117,0.7236766809728183,13980
Haydn/Keyboard_Sonatas/50-1_no_repeat/Tak01.mid,piece_9d347f5f08c34ed5,Haydn,Keyboard_Sonatas_50-1,1,LOW,3412,0.2440629470672389,13980
Haydn/Keyboard_Sonatas/50-1_no_repeat/Tak01.mid,piece_9d347f5f08c34ed5,Haydn,Keyboard_Sonatas_50-1,2,MID,440,0.031473533619456366,13980
Haydn/Keyboard_Sonatas/50-1_no_repeat/Tak01.mid,piece_9d347f5f08c34ed5,Haydn,Keyboard_Sonatas_50-1,3,HIGH,11,0.0007868383404864091,13980
Haydn/Keyboard_Sonatas/50-1_no_repeat/Tak01.mid,piece_9d347f5f08c34ed5,Haydn,Keyboard_Sonatas_50-1,4,FULL,0,0.0,13980
Haydn/Keyboard_Sonatas/50-1_no_repeat/Toscano03.mid,piece_9d347f5f08c34ed5,Haydn,Keyboard_Sonatas_50-1,0,ZERO,11746,0.841404011461318,13960
Haydn/Keyboard_Sonatas/50-1_no_repeat/Toscano03.mid,piece_9d347f5f08c34ed5,Haydn,Keyboard_Sonatas_50-1,1,LOW,903,0.06468481375358166,13960
Haydn/Keyboard_Sonatas/50-1_no_repeat/Toscano03.mid,piece_9d347f5f08c34ed5,Haydn,Keyboard_Sonatas_50-1,2,MID,1209,0.08660458452722063,13960
Haydn/Keyboard_Sonatas/50-1_no_repeat/Toscano03.mid,piece_9d347f5f08c34ed5,Haydn,Keyboard_Sonatas_50-1,3,HIGH,86,0.006160458452722063,13960
Haydn/Keyboard_Sonatas/50-1_no_repeat/Toscano03.mid,piece_9d347f5f08c34ed5,Haydn,Keyboard_Sonatas_50-1,4,FULL,16,0.001146131805157593,13960
Haydn/Keyboard_Sonatas/50-1_no_repeat/Verbaite01.mid,piece_9d347f5f08c34ed5,Haydn,Keyboard_Sonatas_50-1,0,ZERO,12165,0.8711687195645946,13964
Haydn/Keyboard_Sonatas/50-1_no_repeat/Verbaite01.mid,piece_9d347f5f08c34ed5,Haydn,Keyboard_Sonatas_50-1,1,LOW,205,0.014680607275852192,13964
Haydn/Keyboard_Sonatas/50-1_no_repeat/Verbaite01.mid,piece_9d347f5f08c34ed5,Haydn,Keyboard_Sonatas_50-1,2,MID,1442,0.10326553995989687,13964
Haydn/Keyboard_Sonatas/50-1_no_repeat/Verbaite01.mid,piece_9d347f5f08c34ed5,Haydn,Keyboard_Sonatas_50-1,3,HIGH,126,0.009023202520767689,13964
Haydn/Keyboard_Sonatas/50-1_no_repeat/Verbaite01.mid,piece_9d347f5f08c34ed5,Haydn,Keyboard_Sonatas_50-1,4,FULL,26,0.0018619306788885707,13964
Haydn/Keyboard_Sonatas/50-1_no_repeat/YoungS02M.mid,piece_9d347f5f08c34ed5,Haydn,Keyboard_Sonatas_50-1,0,ZERO,9876,0.7066399542072124,13976
Haydn/Keyboard_Sonatas/50-1_no_repeat/YoungS02M.mid,piece_9d347f5f08c34ed5,Haydn,Keyboard_Sonatas_50-1,1,LOW,1789,0.12800515168860904,13976
Haydn/Keyboard_Sonatas/50-1_no_repeat/YoungS02M.mid,piece_9d347f5f08c34ed5,Haydn,Keyboard_Sonatas_50-1,2,MID,946,0.06768746422438465,13976
Haydn/Keyboard_Sonatas/50-1_no_repeat/YoungS02M.mid,piece_9d347f5f08c34ed5,Haydn,Keyboard_Sonatas_50-1,3,HIGH,180,0.01287922152261019,13976
Haydn/Keyboard_Sonatas/50-1_no_repeat/YoungS02M.mid,piece_9d347f5f08c34ed5,Haydn,Keyboard_Sonatas_50-1,4,FULL,1185,0.08478820835718374,13976
Haydn/Keyboard_Sonatas/6-1/ChenC01.mid,piece_0ae5f42bb12ff89b,Haydn,Keyboard_Sonatas_6-1,0,ZERO,5276,0.5631938514090521,9368
Haydn/Keyboard_Sonatas/6-1/ChenC01.mid,piece_0ae5f42bb12ff89b,Haydn,Keyboard_Sonatas_6-1,1,LOW,589,0.0628736122971819,9368
Haydn/Keyboard_Sonatas/6-1/ChenC01.mid,piece_0ae5f42bb12ff89b,Haydn,Keyboard_Sonatas_6-1,2,MID,628,0.06703672075149444,9368
Haydn/Keyboard_Sonatas/6-1/ChenC01.mid,piece_0ae5f42bb12ff89b,Haydn,Keyboard_Sonatas_6-1,3,HIGH,291,0.031063193851409054,9368
Haydn/Keyboard_Sonatas/6-1/ChenC01.mid,piece_0ae5f42bb12ff89b,Haydn,Keyboard_Sonatas_6-1,4,FULL,2584,0.27583262169086253,9368
Liszt/Annees_de_pelerinage_2/1_Gondoliera/LeungM08M.mid,piece_aa07d5eadee978ca,Liszt,Annees_de_pelerinage_2_1_Gondoliera,0,ZERO,363,0.033217423133235724,10928
Liszt/Annees_de_pelerinage_2/1_Gondoliera/LeungM08M.mid,piece_aa07d5eadee978ca,Liszt,Annees_de_pelerinage_2_1_Gondoliera,1,LOW,471,0.04310029282576867,10928
Liszt/Annees_de_pelerinage_2/1_Gondoliera/LeungM08M.mid,piece_aa07d5eadee978ca,Liszt,Annees_de_pelerinage_2_1_Gondoliera,2,MID,1982,0.18136896046852122,10928
Liszt/Annees_de_pelerinage_2/1_Gondoliera/LeungM08M.mid,piece_aa07d5eadee978ca,Liszt,Annees_de_pelerinage_2_1_Gondoliera,3,HIGH,1029,0.09416178623718888,10928
Liszt/Annees_de_pelerinage_2/1_Gondoliera/LeungM08M.mid,piece_aa07d5eadee978ca,Liszt,Annees_de_pelerinage_2_1_Gondoliera,4,FULL,7083,0.6481515373352855,10928
Liszt/Annees_de_pelerinage_2/1_Gondoliera/LeungM12M.mid,piece_aa07d5eadee978ca,Liszt,Annees_de_pelerinage_2_1_Gondoliera,0,ZERO,272,0.024337866857551897,11176
Liszt/Annees_de_pelerinage_2/1_Gondoliera/LeungM12M.mid,piece_aa07d5eadee978ca,Liszt,Annees_de_pelerinage_2_1_Gondoliera,1,LOW,165,0.014763779527559055,11176
Liszt/Annees_de_pelerinage_2/1_Gondoliera/LeungM12M.mid,piece_aa07d5eadee978ca,Liszt,Annees_de_pelerinage_2_1_Gondoliera,2,MID,664,0.05941302791696493,11176
Liszt/Annees_de_pelerinage_2/1_Gondoliera/LeungM12M.mid,piece_aa07d5eadee978ca,Liszt,Annees_de_pelerinage_2_1_Gondoliera,3,HIGH,303,0.027111667859699356,11176
Liszt/Annees_de_pelerinage_2/1_Gondoliera/LeungM12M.mid,piece_aa07d5eadee978ca,Liszt,Annees_de_pelerinage_2_1_Gondoliera,4,FULL,9772,0.8743736578382247,11176
Liszt/Ballade_2/Broberg03.mid,piece_19a5dd467d969636,Liszt,Ballade_2,0,ZERO,3756,0.13524413077920208,27772
Liszt/Ballade_2/Broberg03.mid,piece_19a5dd467d969636,Liszt,Ballade_2,1,LOW,1286,0.04630563157136684,27772
Liszt/Ballade_2/Broberg03.mid,piece_19a5dd467d969636,Liszt,Ballade_2,2,MID,2039,0.07341927120841135,27772
Liszt/Ballade_2/Broberg03.mid,piece_19a5dd467d969636,Liszt,Ballade_2,3,HIGH,1206,0.0434250324067406,27772
Liszt/Ballade_2/Broberg03.mid,piece_19a5dd467d969636,Liszt,Ballade_2,4,FULL,19485,0.7016059340342792,27772
Liszt/Ballade_2/GarritsonL04M.mid,piece_19a5dd467d969636,Liszt,Ballade_2,0,ZERO,2200,0.07513661202185792,29280
Liszt/Ballade_2/GarritsonL04M.mid,piece_19a5dd467d969636,Liszt,Ballade_2,1,LOW,1097,0.03746584699453552,29280
Liszt/Ballade_2/GarritsonL04M.mid,piece_19a5dd467d969636,Liszt,Ballade_2,2,MID,1911,0.06526639344262294,29280
Liszt/Ballade_2/GarritsonL04M.mid,piece_19a5dd467d969636,Liszt,Ballade_2,3,HIGH,326,0.011133879781420764,29280
Liszt/Ballade_2/GarritsonL04M.mid,piece_19a5dd467d969636,Liszt,Ballade_2,4,FULL,23746,0.8109972677595628,29280
Liszt/Ballade_2/Jin07M.mid,piece_19a5dd467d969636,Liszt,Ballade_2,0,ZERO,1950,0.06728778467908902,28980
Liszt/Ballade_2/Jin07M.mid,piece_19a5dd467d969636,Liszt,Ballade_2,1,LOW,1195,0.041235334713595584,28980
Liszt/Ballade_2/Jin07M.mid,piece_19a5dd467d969636,Liszt,Ballade_2,2,MID,1650,0.056935817805383024,28980
Liszt/Ballade_2/Jin07M.mid,piece_19a5dd467d969636,Liszt,Ballade_2,3,HIGH,585,0.020186335403726708,28980
Liszt/Ballade_2/Jin07M.mid,piece_19a5dd467d969636,Liszt,Ballade_2,4,FULL,23600,0.8143547273982057,28980
Liszt/Ballade_2/KIM_J04.mid,piece_19a5dd467d969636,Liszt,Ballade_2,0,ZERO,1206,0.04291814946619217,28100
Liszt/Ballade_2/KIM_J04.mid,piece_19a5dd467d969636,Liszt,Ballade_2,1,LOW,1967,0.07,28100
Liszt/Ballade_2/KIM_J04.mid,piece_19a5dd467d969636,Liszt,Ballade_2,2,MID,1457,0.05185053380782918,28100
Liszt/Ballade_2/KIM_J04.mid,piece_19a5dd467d969636,Liszt,Ballade_2,3,HIGH,2097,0.07462633451957296,28100
Liszt/Ballade_2/KIM_J04.mid,piece_19a5dd467d969636,Liszt,Ballade_2,4,FULL,21373,0.7606049822064057,28100
Liszt/Ballade_2/Min06M.mid,piece_19a5dd467d969636,Liszt,Ballade_2,0,ZERO,2082,0.07399772533409156,28136
Liszt/Ballade_2/Min06M.mid,piece_19a5dd467d969636,Liszt,Ballade_2,1,LOW,1155,0.04105061131646289,28136
Liszt/Ballade_2/Min06M.mid,piece_19a5dd467d969636,Liszt,Ballade_2,2,MID,1675,0.05953227182257606,28136
Liszt/Ballade_2/Min06M.mid,piece_19a5dd467d969636,Liszt,Ballade_2,3,HIGH,395,0.014038953653682115,28136
Liszt/Ballade_2/Min06M.mid,piece_19a5dd467d969636,Liszt,Ballade_2,4,FULL,22829,0.8113804378731874,28136
Liszt/Ballade_2/Sham05.mid,piece_19a5dd467d969636,Liszt,Ballade_2,0,ZERO,3204,0.11017881705639615,29080
Liszt/Ballade_2/Sham05.mid,piece_19a5dd467d969636,Liszt,Ballade_2,1,LOW,2814,0.09676753782668501,29080
Liszt/Ballade_2/Sham05.mid,piece_19a5dd467d969636,Liszt,Ballade_2,2,MID,2502,0.08603851444291609,29080
Liszt/Ballade_2/Sham05.mid,piece_19a5dd467d969636,Liszt,Ballade_2,3,HIGH,814,0.027991746905089408,29080
Liszt/Ballade_2/Sham05.mid,piece_19a5dd467d969636,Liszt,Ballade_2,4,FULL,19746,0.6790233837689134,29080
Liszt/Concert_Etude_S145/1/FEINER03.mid,piece_68904a8340df9962,Liszt,Concert_Etude_S145_1,0,ZERO,78,0.005838323353293413,13360
Liszt/Concert_Etude_S145/1/FEINER03.mid,piece_68904a8340df9962,Liszt,Concert_Etude_S145_1,1,LOW,1414,0.1058383233532934,13360
Liszt/Concert_Etude_S145/1/FEINER03.mid,piece_68904a8340df9962,Liszt,Concert_Etude_S145_1,2,MID,3638,0.2723053892215569,13360
Liszt/Concert_Etude_S145/1/FEINER03.mid,piece_68904a8340df9962,Liszt,Concert_Etude_S145_1,3,HIGH,1903,0.14244011976047904,13360
Liszt/Concert_Etude_S145/1/FEINER03.mid,piece_68904a8340df9962,Liszt,Concert_Etude_S145_1,4,FULL,6327,0.4735778443113772,13360
Liszt/Concert_Etude_S145/1/Kleisen03.mid,piece_68904a8340df9962,Liszt,Concert_Etude_S145_1,0,ZERO,550,0.042139135764633774,13052
Liszt/Concert_Etude_S145/1/Kleisen03.mid,piece_68904a8340df9962,Liszt,Concert_Etude_S145_1,1,LOW,188,0.014403922770456636,13052
Liszt/Concert_Etude_S145/1/Kleisen03.mid,piece_68904a8340df9962,Liszt,Concert_Etude_S145_1,2,MID,7175,0.5497241802022679,13052
Liszt/Concert_Etude_S145/1/Kleisen03.mid,piece_68904a8340df9962,Liszt,Concert_Etude_S145_1,3,HIGH,2696,0.20655838185718664,13052
Liszt/Concert_Etude_S145/1/Kleisen03.mid,piece_68904a8340df9962,Liszt,Concert_Etude_S145_1,4,FULL,2443,0.18717437940545512,13052
Liszt/Concert_Etude_S145/1/Kleisen06M.mid,piece_68904a8340df9962,Liszt,Concert_Etude_S145_1,0,ZERO,276,0.020928116469517744,13188
Liszt/Concert_Etude_S145/1/Kleisen06M.mid,piece_68904a8340df9962,Liszt,Concert_Etude_S145_1,1,LOW,579,0.04390354868061874,13188
Liszt/Concert_Etude_S145/1/Kleisen06M.mid,piece_68904a8340df9962,Liszt,Concert_Etude_S145_1,2,MID,7497,0.5684713375796179,13188
Liszt/Concert_Etude_S145/1/Kleisen06M.mid,piece_68904a8340df9962,Liszt,Concert_Etude_S145_1,3,HIGH,3806,0.2885956930542918,13188
Liszt/Concert_Etude_S145/1/Kleisen06M.mid,piece_68904a8340df9962,Liszt,Concert_Etude_S145_1,4,FULL,1030,0.0781013042159539,13188
Liszt/Concert_Etude_S145/1/Lai02.mid,piece_68904a8340df9962,Liszt,Concert_Etude_S145_1,0,ZERO,164,0.011967308814944542,13704
Liszt/Concert_Etude_S145/1/Lai02.mid,piece_68904a8340df9962,Liszt,Concert_Etude_S145_1,1,LOW,1187,0.08661704611792177,13704
Liszt/Concert_Etude_S145/1/Lai02.mid,piece_68904a8340df9962,Liszt,Concert_Etude_S145_1,2,MID,3970,0.2896964389959136,13704
Liszt/Concert_Etude_S145/1/Lai02.mid,piece_68904a8340df9962,Liszt,Concert_Etude_S145_1,3,HIGH,1952,0.14244016345592528,13704
Liszt/Concert_Etude_S145/1/Lai02.mid,piece_68904a8340df9962,Liszt,Concert_Etude_S145_1,4,FULL,6431,0.4692790426152948,13704
Liszt/Concert_Etude_S145/1/Woo02.mid,piece_68904a8340df9962,Liszt,Concert_Etude_S145_1,0,ZERO,51,0.003769958604376109,13528
Liszt/Concert_Etude_S145/1/Woo02.mid,piece_68904a8340df9962,Liszt,Concert_Etude_S145_1,1,LOW,611,0.04516558249556475,13528
Liszt/Concert_Etude_S145/1/Woo02.mid,piece_68904a8340df9962,Liszt,Concert_Etude_S145_1,2,MID,3243,0.2397250147841514,13528
Liszt/Concert_Etude_S145/1/Woo02.mid,piece_68904a8340df9962,Liszt,Concert_Etude_S145_1,3,HIGH,1356,0.10023654642223537,13528
Liszt/Concert_Etude_S145/1/Woo02.mid,piece_68904a8340df9962,Liszt,Concert_Etude_S145_1,4,FULL,8267,0.6111028976936724,13528
Liszt/Concert_Etude_S145/1/Woo06M.mid,piece_68904a8340df9962,Liszt,Concert_Etude_S145_1,0,ZERO,950,0.07049569605224103,13476
Liszt/Concert_Etude_S145/1/Woo06M.mid,piece_68904a8340df9962,Liszt,Concert_Etude_S145_1,1,LOW,937,0.06953101810626298,13476
Liszt/Concert_Etude_S145/1/Woo06M.mid,piece_68904a8340df9962,Liszt,Concert_Etude_S145_1,2,MID,5752,0.42683288809735825,13476
Liszt/Concert_Etude_S145/1/Woo06M.mid,piece_68904a8340df9962,Liszt,Concert_Etude_S145_1,3,HIGH,2159,0.16021074502819826,13476
Liszt/Concert_Etude_S145/1/Woo06M.mid,piece_68904a8340df9962,Liszt,Concert_Etude_S145_1,4,FULL,3678,0.27292965271593944,13476
Liszt/Gran_Etudes_de_Paganini/2_La_campanella/Albright04.mid,piece_2e05d56669b6e388,Liszt,Gran_Etudes_de_Paganini_2_La_campanella,0,ZERO,5208,0.3150254052746189,16532
Liszt/Gran_Etudes_de_Paganini/2_La_campanella/Albright04.mid,piece_2e05d56669b6e388,Liszt,Gran_Etudes_de_Paganini_2_La_campanella,1,LOW,2576,0.15581901766271475,16532
Liszt/Gran_Etudes_de_Paganini/2_La_campanella/Albright04.mid,piece_2e05d56669b6e388,Liszt,Gran_Etudes_de_Paganini_2_La_campanella,2,MID,3726,0.22538107911928382,16532
Liszt/Gran_Etudes_de_Paganini/2_La_campanella/Albright04.mid,piece_2e05d56669b6e388,Liszt,Gran_Etudes_de_Paganini_2_La_campanella,3,HIGH,595,0.035990805710137914,16532
Liszt/Gran_Etudes_de_Paganini/2_La_campanella/Albright04.mid,piece_2e05d56669b6e388,Liszt,Gran_Etudes_de_Paganini_2_La_campanella,4,FULL,4427,0.2677836922332446,16532
Liszt/Gran_Etudes_de_Paganini/2_La_campanella/Ali03.mid,piece_2e05d56669b6e388,Liszt,Gran_Etudes_de_Paganini_2_La_campanella,0,ZERO,4550,0.2772361686570802,16412
Liszt/Gran_Etudes_de_Paganini/2_La_campanella/Ali03.mid,piece_2e05d56669b6e388,Liszt,Gran_Etudes_de_Paganini_2_La_campanella,1,LOW,874,0.053253716792590784,16412
Liszt/Gran_Etudes_de_Paganini/2_La_campanella/Ali03.mid,piece_2e05d56669b6e388,Liszt,Gran_Etudes_de_Paganini_2_La_campanella,2,MID,2392,0.14574701437972215,16412
Liszt/Gran_Etudes_de_Paganini/2_La_campanella/Ali03.mid,piece_2e05d56669b6e388,Liszt,Gran_Etudes_de_Paganini_2_La_campanella,3,HIGH,797,0.04856202778454789,16412
Liszt/Gran_Etudes_de_Paganini/2_La_campanella/Ali03.mid,piece_2e05d56669b6e388,Liszt,Gran_Etudes_de_Paganini_2_La_campanella,4,FULL,7799,0.47520107238605896,16412
Liszt/Gran_Etudes_de_Paganini/2_La_campanella/Bogdanovitch02.mid,piece_2e05d56669b6e388,Liszt,Gran_Etudes_de_Paganini_2_La_campanella,0,ZERO,5130,0.3121197371623266,16436
Liszt/Gran_Etudes_de_Paganini/2_La_campanella/Bogdanovitch02.mid,piece_2e05d56669b6e388,Liszt,Gran_Etudes_de_Paganini_2_La_campanella,1,LOW,1442,0.08773424190800681,16436
Liszt/Gran_Etudes_de_Paganini/2_La_campanella/Bogdanovitch02.mid,piece_2e05d56669b6e388,Liszt,Gran_Etudes_de_Paganini_2_La_campanella,2,MID,1744,0.1061085422243855,16436
Liszt/Gran_Etudes_de_Paganini/2_La_campanella/Bogdanovitch02.mid,piece_2e05d56669b6e388,Liszt,Gran_Etudes_de_Paganini_2_La_campanella,3,HIGH,1078,0.065587734241908,16436
Liszt/Gran_Etudes_de_Paganini/2_La_campanella/Bogdanovitch02.mid,piece_2e05d56669b6e388,Liszt,Gran_Etudes_de_Paganini_2_La_campanella,4,FULL,7042,0.4284497444633731,16436
Liszt/Gran_Etudes_de_Paganini/2_La_campanella/BuiJL03M.mid,piece_2e05d56669b6e388,Liszt,Gran_Etudes_de_Paganini_2_La_campanella,0,ZERO,4495,0.2750917992656059,16340
Liszt/Gran_Etudes_de_Paganini/2_La_campanella/BuiJL03M.mid,piece_2e05d56669b6e388,Liszt,Gran_Etudes_de_Paganini_2_La_campanella,1,LOW,981,0.06003671970624235,16340
Liszt/Gran_Etudes_de_Paganini/2_La_campanella/BuiJL03M.mid,piece_2e05d56669b6e388,Liszt,Gran_Etudes_de_Paganini_2_La_campanella,2,MID,3061,0.18733170134638924,16340
Liszt/Gran_Etudes_de_Paganini/2_La_campanella/BuiJL03M.mid,piece_2e05d56669b6e388,Liszt,Gran_Etudes_de_Paganini_2_La_campanella,3,HIGH,693,0.04241126070991432,16340
Liszt/Gran_Etudes_de_Paganini/2_La_campanella/BuiJL03M.mid,piece_2e05d56669b6e388,Liszt,Gran_Etudes_de_Paganini_2_La_campanella,4,FULL,7110,0.43512851897184823,16340
Liszt/Gran_Etudes_de_Paganini/2_La_campanella/FALIKS02_2004.mid,piece_2e05d56669b6e388,Liszt,Gran_Etudes_de_Paganini_2_La_campanella,0,ZERO,4734,0.2876063183475091,16460
Liszt/Gran_Etudes_de_Paganini/2_La_campanella/FALIKS02_2004.mid,piece_2e05d56669b6e388,Liszt,Gran_Etudes_de_Paganini_2_La_campanella,1,LOW,760,0.046172539489671933,16460
Liszt/Gran_Etudes_de_Paganini/2_La_campanella/FALIKS02_2004.mid,piece_2e05d56669b6e388,Liszt,Gran_Etudes_de_Paganini_2_La_campanella,2,MID,737,0.04477521263669502,16460
Liszt/Gran_Etudes_de_Paganini/2_La_campanella/FALIKS02_2004.mid,piece_2e05d56669b6e388,Liszt,Gran_Etudes_de_Paganini_2_La_campanella,3,HIGH,941,0.0571688942891859,16460
Liszt/Gran_Etudes_de_Paganini/2_La_campanella/FALIKS02_2004.mid,piece_2e05d56669b6e388,Liszt,Gran_Etudes_de_Paganini_2_La_campanella,4,FULL,9288,0.5642770352369381,16460
Liszt/Gran_Etudes_de_Paganini/2_La_campanella/Faliks02.mid,piece_2e05d56669b6e388,Liszt,Gran_Etudes_de_Paganini_2_La_campanella,0,ZERO,4975,0.30679575727676367,16216
Liszt/Gran_Etudes_de_Paganini/2_La_campanella/Faliks02.mid,piece_2e05d56669b6e388,Liszt,Gran_Etudes_de_Paganini_2_La_campanella,1,LOW,972,0.05994079921065614,16216
Liszt/Gran_Etudes_de_Paganini/2_La_campanella/Faliks02.mid,piece_2e05d56669b6e388,Liszt,Gran_Etudes_de_Paganini_2_La_campanella,2,MID,1196,0.07375431672422299,16216
Liszt/Gran_Etudes_de_Paganini/2_La_campanella/Faliks02.mid,piece_2e05d56669b6e388,Liszt,Gran_Etudes_de_Paganini_2_La_campanella,3,HIGH,411,0.02534533793783917,16216
Liszt/Gran_Etudes_de_Paganini/2_La_campanella/Faliks02.mid,piece_2e05d56669b6e388,Liszt,Gran_Etudes_de_Paganini_2_La_campanella,4,FULL,8662,0.534163788850518,16216
Liszt/Gran_Etudes_de_Paganini/2_La_campanella/Faliks03.mid,piece_2e05d56669b6e388,Liszt,Gran_Etudes_de_Paganini_2_La_campanella,0,ZERO,5546,0.33891469078464925,16364
Liszt/Gran_Etudes_de_Paganini/2_La_campanella/Faliks03.mid,piece_2e05d56669b6e388,Liszt,Gran_Etudes_de_Paganini_2_La_campanella,1,LOW,1388,0.0848203373258372,16364
Liszt/Gran_Etudes_de_Paganini/2_La_campanella/Faliks03.mid,piece_2e05d56669b6e388,Liszt,Gran_Etudes_de_Paganini_2_La_campanella,2,MID,1076,0.06575409435345882,16364
Liszt/Gran_Etudes_de_Paganini/2_La_campanella/Faliks03.mid,piece_2e05d56669b6e388,Liszt,Gran_Etudes_de_Paganini_2_La_campanella,3,HIGH,422,0.025788315815204108,16364
Liszt/Gran_Etudes_de_Paganini/2_La_campanella/Faliks03.mid,piece_2e05d56669b6e388,Liszt,Gran_Etudes_de_Paganini_2_La_campanella,4,FULL,7932,0.48472256172085065,16364
Liszt/Gran_Etudes_de_Paganini/2_La_campanella/Gasanov02.mid,piece_2e05d56669b6e388,Liszt,Gran_Etudes_de_Paganini_2_La_campanella,0,ZERO,5674,0.3404127669786417,16668
Liszt/Gran_Etudes_de_Paganini/2_La_campanella/Gasanov02.mid,piece_2e05d56669b6e388,Liszt,Gran_Etudes_de_Paganini_2_La_campanella,1,LOW,1546,0.09275257979361651,16668
Liszt/Gran_Etudes_de_Paganini/2_La_campanella/Gasanov02.mid,piece_2e05d56669b6e388,Liszt,Gran_Etudes_de_Paganini_2_La_campanella,2,MID,1839,0.11033117350611951,16668
Liszt/Gran_Etudes_de_Paganini/2_La_campanella/Gasanov02.mid,piece_2e05d56669b6e388,Liszt,Gran_Etudes_de_Paganini_2_La_campanella,3,HIGH,956,0.05735541156707463,16668
Liszt/Gran_Etudes_de_Paganini/2_La_campanella/Gasanov02.mid,piece_2e05d56669b6e388,Liszt,Gran_Etudes_de_Paganini_2_La_campanella,4,FULL,6653,0.3991480681545476,16668
Liszt/Gran_Etudes_de_Paganini/2_La_campanella/HUAN_J03.mid,piece_2e05d56669b6e388,Liszt,Gran_Etudes_de_Paganini_2_La_campanella,0,ZERO,1149,0.06760414215109438,16996
Liszt/Gran_Etudes_de_Paganini/2_La_campanella/HUAN_J03.mid,piece_2e05d56669b6e388,Liszt,Gran_Etudes_de_Paganini_2_La_campanella,1,LOW,2920,0.17180513061896918,16996
Liszt/Gran_Etudes_de_Paganini/2_La_campanella/HUAN_J03.mid,piece_2e05d56669b6e388,Liszt,Gran_Etudes_de_Paganini_2_La_campanella,2,MID,1141,0.0671334431630972,16996
Liszt/Gran_Etudes_de_Paganini/2_La_campanella/HUAN_J03.mid,piece_2e05d56669b6e388,Liszt,Gran_Etudes_de_Paganini_2_La_campanella,3,HIGH,1269,0.07466462697105201,16996
Liszt/Gran_Etudes_de_Paganini/2_La_campanella/HUAN_J03.mid,piece_2e05d56669b6e388,Liszt,Gran_Etudes_de_Paganini_2_La_campanella,4,FULL,10517,0.6187926570957872,16996
Liszt/Gran_Etudes_de_Paganini/2_La_campanella/Hao03.mid,piece_2e05d56669b6e388,Liszt,Gran_Etudes_de_Paganini_2_La_campanella,0,ZERO,1298,0.07937866927592956,16352
Liszt/Gran_Etudes_de_Paganini/2_La_campanella/Hao03.mid,piece_2e05d56669b6e388,Liszt,Gran_Etudes_de_Paganini_2_La_campanella,1,LOW,3805,0.23269324853228962,16352
Liszt/Gran_Etudes_de_Paganini/2_La_campanella/Hao03.mid,piece_2e05d56669b6e388,Liszt,Gran_Etudes_de_Paganini_2_La_campanella,2,MID,1270,0.07766634050880626,16352
Liszt/Gran_Etudes_de_Paganini/2_La_campanella/Hao03.mid,piece_2e05d56669b6e388,Liszt,Gran_Etudes_de_Paganini_2_La_campanella,3,HIGH,410,0.025073385518590997,16352
Liszt/Gran_Etudes_de_Paganini/2_La_campanella/Hao03.mid,piece_2e05d56669b6e388,Liszt,Gran_Etudes_de_Paganini_2_La_campanella,4,FULL,9569,0.5851883561643836,16352
Liszt/Gran_Etudes_de_Paganini/2_La_campanella/KanM06.mid,piece_2e05d56669b6e388,Liszt,Gran_Etudes_de_Paganini_2_La_campanella,0,ZERO,1086,0.06716971796140525,16168
Liszt/Gran_Etudes_de_Paganini/2_La_campanella/KanM06.mid,piece_2e05d56669b6e388,Liszt,Gran_Etudes_de_Paganini_2_La_campanella,1,LOW,3600,0.22266204849084612,16168
Liszt/Gran_Etudes_de_Paganini/2_La_campanella/KanM06.mid,piece_2e05d56669b6e388,Liszt,Gran_Etudes_de_Paganini_2_La_campanella,2,MID,2501,0.1546882731321128,16168
Liszt/Gran_Etudes_de_Paganini/2_La_campanella/KanM06.mid,piece_2e05d56669b6e388,Liszt,Gran_Etudes_de_Paganini_2_La_campanella,3,HIGH,1447,0.08949777337951509,16168
Liszt/Gran_Etudes_de_Paganini/2_La_campanella/KanM06.mid,piece_2e05d56669b6e388,Liszt,Gran_Etudes_de_Paganini_2_La_campanella,4,FULL,7534,0.4659821870361207,16168
Liszt/Gran_Etudes_de_Paganini/2_La_campanella/Kolessova07.mid,piece_2e05d56669b6e388,Liszt,Gran_Etudes_de_Paganini_2_La_campanella,0,ZERO,4613,0.2677617831437195,17228
Liszt/Gran_Etudes_de_Paganini/2_La_campanella/Kolessova07.mid,piece_2e05d56669b6e388,Liszt,Gran_Etudes_de_Paganini_2_La_campanella,1,LOW,3243,0.188240074297655,17228
Liszt/Gran_Etudes_de_Paganini/2_La_campanella/Kolessova07.mid,piece_2e05d56669b6e388,Liszt,Gran_Etudes_de_Paganini_2_La_campanella,2,MID,717,0.04161829579753889,17228
Liszt/Gran_Etudes_de_Paganini/2_La_campanella/Kolessova07.mid,piece_2e05d56669b6e388,Liszt,Gran_Etudes_de_Paganini_2_La_campanella,3,HIGH,390,0.022637566751799395,17228
Liszt/Gran_Etudes_de_Paganini/2_La_campanella/Kolessova07.mid,piece_2e05d56669b6e388,Liszt,Gran_Etudes_de_Paganini_2_La_campanella,4,FULL,8265,0.4797422800092872,17228
Liszt/Gran_Etudes_de_Paganini/2_La_campanella/LeungR04M.mid,piece_2e05d56669b6e388,Liszt,Gran_Etudes_de_Paganini_2_La_campanella,0,ZERO,5228,0.3146364949446317,16616
Liszt/Gran_Etudes_de_Paganini/2_La_campanella/LeungR04M.mid,piece_2e05d56669b6e388,Liszt,Gran_Etudes_de_Paganini_2_La_campanella,1,LOW,1760,0.1059220028887819,16616
Liszt/Gran_Etudes_de_Paganini/2_La_campanella/LeungR04M.mid,piece_2e05d56669b6e388,Liszt,Gran_Etudes_de_Paganini_2_La_campanella,2,MID,1801,0.10838950409244102,16616
Liszt/Gran_Etudes_de_Paganini/2_La_campanella/LeungR04M.mid,piece_2e05d56669b6e388,Liszt,Gran_Etudes_de_Paganini_2_La_campanella,3,HIGH,478,0.028767453057294175,16616
Liszt/Gran_Etudes_de_Paganini/2_La_campanella/LeungR04M.mid,piece_2e05d56669b6e388,Liszt,Gran_Etudes_de_Paganini_2_La_campanella,4,FULL,7349,0.4422845450168512,16616
Liszt/Gran_Etudes_de_Paganini/2_La_campanella/Levitsky02.mid,piece_2e05d56669b6e388,Liszt,Gran_Etudes_de_Paganini_2_La_campanella,0,ZERO,1173,0.06878958479943702,17052
Liszt/Gran_Etudes_de_Paganini/2_La_campanella/Levitsky02.mid,piece_2e05d56669b6e388,Liszt,Gran_Etudes_de_Paganini_2_La_campanella,1,LOW,6703,0.39309171944639926,17052
Liszt/Gran_Etudes_de_Paganini/2_La_campanella/Levitsky02.mid,piece_2e05d56669b6e388,Liszt,Gran_Etudes_de_Paganini_2_La_campanella,2,MID,2155,0.1263781374618813,17052
Liszt/Gran_Etudes_de_Paganini/2_La_campanella/Levitsky02.mid,piece_2e05d56669b6e388,Liszt,Gran_Etudes_de_Paganini_2_La_campanella,3,HIGH,996,0.05840957072484166,17052
Liszt/Gran_Etudes_de_Paganini/2_La_campanella/Levitsky02.mid,piece_2e05d56669b6e388,Liszt,Gran_Etudes_de_Paganini_2_La_campanella,4,FULL,6025,0.35333098756744075,17052
Liszt/Gran_Etudes_de_Paganini/2_La_campanella/Levitsky06M.mid,piece_2e05d56669b6e388,Liszt,Gran_Etudes_de_Paganini_2_La_campanella,0,ZERO,6607,0.3887385267121676,16996
Liszt/Gran_Etudes_de_Paganini/2_La_campanella/Levitsky06M.mid,piece_2e05d56669b6e388,Liszt,Gran_Etudes_de_Paganini_2_La_campanella,1,LOW,682,0.040127088726759234,16996
Liszt/Gran_Etudes_de_Paganini/2_La_campanella/Levitsky06M.mid,piece_2e05d56669b6e388,Liszt,Gran_Etudes_de_Paganini_2_La_campanella,2,MID,2117,0.12455871969875265,16996
Liszt/Gran_Etudes_de_Paganini/2_La_campanella/Levitsky06M.mid,piece_2e05d56669b6e388,Liszt,Gran_Etudes_de_Paganini_2_La_campanella,3,HIGH,1962,0.11543892680630737,16996
Liszt/Gran_Etudes_de_Paganini/2_La_campanella/Levitsky06M.mid,piece_2e05d56669b6e388,Liszt,Gran_Etudes_de_Paganini_2_La_campanella,4,FULL,5628,0.3311367380560132,16996
Liszt/Gran_Etudes_de_Paganini/2_La_campanella/Lin02.mid,piece_2e05d56669b6e388,Liszt,Gran_Etudes_de_Paganini_2_La_campanella,0,ZERO,1861,0.11165106791456683,16668
Liszt/Gran_Etudes_de_Paganini/2_La_campanella/Lin02.mid,piece_2e05d56669b6e388,Liszt,Gran_Etudes_de_Paganini_2_La_campanella,1,LOW,2271,0.13624910007199423,16668
Liszt/Gran_Etudes_de_Paganini/2_La_campanella/Lin02.mid,piece_2e05d56669b6e388,Liszt,Gran_Etudes_de_Paganini_2_La_campanella,2,MID,3379,0.2027237820974322,16668
Liszt/Gran_Etudes_de_Paganini/2_La_campanella/Lin02.mid,piece_2e05d56669b6e388,Liszt,Gran_Etudes_de_Paganini_2_La_campanella,3,HIGH,2306,0.13834893208543317,16668
Liszt/Gran_Etudes_de_Paganini/2_La_campanella/Lin02.mid,piece_2e05d56669b6e388,Liszt,Gran_Etudes_de_Paganini_2_La_campanella,4,FULL,6851,0.41102711783057355,16668
Liszt/Gran_Etudes_de_Paganini/2_La_campanella/Lin07M.mid,piece_2e05d56669b6e388,Liszt,Gran_Etudes_de_Paganini_2_La_campanella,0,ZERO,3792,0.22937333655939995,16532
Liszt/Gran_Etudes_de_Paganini/2_La_campanella/Lin07M.mid,piece_2e05d56669b6e388,Liszt,Gran_Etudes_de_Paganini_2_La_campanella,1,LOW,808,0.04887490926687636,16532
Liszt/Gran_Etudes_de_Paganini/2_La_campanella/Lin07M.mid,piece_2e05d56669b6e388,Liszt,Gran_Etudes_de_Paganini_2_La_campanella,2,MID,4148,0.25090733123639003,16532
Liszt/Gran_Etudes_de_Paganini/2_La_campanella/Lin07M.mid,piece_2e05d56669b6e388,Liszt,Gran_Etudes_de_Paganini_2_La_campanella,3,HIGH,2344,0.14178562787321558,16532
Liszt/Gran_Etudes_de_Paganini/2_La_campanella/Lin07M.mid,piece_2e05d56669b6e388,Liszt,Gran_Etudes_de_Paganini_2_La_campanella,4,FULL,5440,0.32905879506411806,16532
Liszt/Gran_Etudes_de_Paganini/2_La_campanella/LiuC05M.mid,piece_2e05d56669b6e388,Liszt,Gran_Etudes_de_Paganini_2_La_campanella,0,ZERO,3972,0.2475691847419596,16044
Liszt/Gran_Etudes_de_Paganini/2_La_campanella/LiuC05M.mid,piece_2e05d56669b6e388,Liszt,Gran_Etudes_de_Paganini_2_La_campanella,1,LOW,1610,0.10034904013961606,16044
Liszt/Gran_Etudes_de_Paganini/2_La_campanella/LiuC05M.mid,piece_2e05d56669b6e388,Liszt,Gran_Etudes_de_Paganini_2_La_campanella,2,MID,1138,0.07092994265769136,16044
Liszt/Gran_Etudes_de_Paganini/2_La_campanella/LiuC05M.mid,piece_2e05d56669b6e388,Liszt,Gran_Etudes_de_Paganini_2_La_campanella,3,HIGH,168,0.010471204188481676,16044
Liszt/Gran_Etudes_de_Paganini/2_La_campanella/LiuC05M.mid,piece_2e05d56669b6e388,Liszt,Gran_Etudes_de_Paganini_2_La_campanella,4,FULL,9156,0.5706806282722513,16044
Liszt/Gran_Etudes_de_Paganini/2_La_campanella/LiuY03M.mid,piece_2e05d56669b6e388,Liszt,Gran_Etudes_de_Paganini_2_La_campanella,0,ZERO,3628,0.21662288034392166,16748
Liszt/Gran_Etudes_de_Paganini/2_La_campanella/LiuY03M.mid,piece_2e05d56669b6e388,Liszt,Gran_Etudes_de_Paganini_2_La_campanella,1,LOW,771,0.046035347504179605,16748
Liszt/Gran_Etudes_de_Paganini/2_La_campanella/LiuY03M.mid,piece_2e05d56669b6e388,Liszt,Gran_Etudes_de_Paganini_2_La_campanella,2,MID,1342,0.08012897062335801,16748
Liszt/Gran_Etudes_de_Paganini/2_La_campanella/LiuY03M.mid,piece_2e05d56669b6e388,Liszt,Gran_Etudes_de_Paganini_2_La_campanella,3,HIGH,262,0.015643658944351563,16748
Liszt/Gran_Etudes_de_Paganini/2_La_campanella/LiuY03M.mid,piece_2e05d56669b6e388,Liszt,Gran_Etudes_de_Paganini_2_La_campanella,4,FULL,10745,0.6415691425841892,16748
Liszt/Gran_Etudes_de_Paganini/2_La_campanella/MunA08M.mid,piece_2e05d56669b6e388,Liszt,Gran_Etudes_de_Paganini_2_La_campanella,0,ZERO,4376,0.25277264325323473,17312
Liszt/Gran_Etudes_de_Paganini/2_La_campanella/MunA08M.mid,piece_2e05d56669b6e388,Liszt,Gran_Etudes_de_Paganini_2_La_campanella,1,LOW,1950,0.11263863216266173,17312
Liszt/Gran_Etudes_de_Paganini/2_La_campanella/MunA08M.mid,piece_2e05d56669b6e388,Liszt,Gran_Etudes_de_Paganini_2_La_campanella,2,MID,1686,0.09738909426987061,17312
Liszt/Gran_Etudes_de_Paganini/2_La_campanella/MunA08M.mid,piece_2e05d56669b6e388,Liszt,Gran_Etudes_de_Paganini_2_La_campanella,3,HIGH,238,0.013747689463955638,17312
Liszt/Gran_Etudes_de_Paganini/2_La_campanella/MunA08M.mid,piece_2e05d56669b6e388,Liszt,Gran_Etudes_de_Paganini_2_La_campanella,4,FULL,9062,0.5234519408502772,17312
Liszt/Gran_Etudes_de_Paganini/2_La_campanella/SEBAST02.mid,piece_2e05d56669b6e388,Liszt,Gran_Etudes_de_Paganini_2_La_campanella,0,ZERO,3582,0.22298306772908366,16064
Liszt/Gran_Etudes_de_Paganini/2_La_campanella/SEBAST02.mid,piece_2e05d56669b6e388,Liszt,Gran_Etudes_de_Paganini_2_La_campanella,1,LOW,1703,0.10601344621513945,16064
Liszt/Gran_Etudes_de_Paganini/2_La_campanella/SEBAST02.mid,piece_2e05d56669b6e388,Liszt,Gran_Etudes_de_Paganini_2_La_campanella,2,MID,2114,0.13159860557768924,16064
Liszt/Gran_Etudes_de_Paganini/2_La_campanella/SEBAST02.mid,piece_2e05d56669b6e388,Liszt,Gran_Etudes_de_Paganini_2_La_campanella,3,HIGH,1374,0.08553286852589641,16064
Liszt/Gran_Etudes_de_Paganini/2_La_campanella/SEBAST02.mid,piece_2e05d56669b6e388,Liszt,Gran_Etudes_de_Paganini_2_La_campanella,4,FULL,7291,0.45387201195219123,16064
Liszt/Gran_Etudes_de_Paganini/2_La_campanella/Seredenko02.mid,piece_2e05d56669b6e388,Liszt,Gran_Etudes_de_Paganini_2_La_campanella,0,ZERO,4054,0.23948487712665406,16928
Liszt/Gran_Etudes_de_Paganini/2_La_campanella/Seredenko02.mid,piece_2e05d56669b6e388,Liszt,Gran_Etudes_de_Paganini_2_La_campanella,1,LOW,1989,0.1174976370510397,16928
Liszt/Gran_Etudes_de_Paganini/2_La_campanella/Seredenko02.mid,piece_2e05d56669b6e388,Liszt,Gran_Etudes_de_Paganini_2_La_campanella,2,MID,2019,0.11926984877126653,16928
Liszt/Gran_Etudes_de_Paganini/2_La_campanella/Seredenko02.mid,piece_2e05d56669b6e388,Liszt,Gran_Etudes_de_Paganini_2_La_campanella,3,HIGH,755,0.04460066162570889,16928
Liszt/Gran_Etudes_de_Paganini/2_La_campanella/Seredenko02.mid,piece_2e05d56669b6e388,Liszt,Gran_Etudes_de_Paganini_2_La_campanella,4,FULL,8111,0.4791469754253308,16928
Liszt/Gran_Etudes_de_Paganini/2_La_campanella/Sychev03.mid,piece_2e05d56669b6e388,Liszt,Gran_Etudes_de_Paganini_2_La_campanella,0,ZERO,3912,0.23732103858286824,16484
Liszt/Gran_Etudes_de_Paganini/2_La_campanella/Sychev03.mid,piece_2e05d56669b6e388,Liszt,Gran_Etudes_de_Paganini_2_La_campanella,1,LOW,3242,0.1966755641834506,16484
Liszt/Gran_Etudes_de_Paganini/2_La_campanella/Sychev03.mid,piece_2e05d56669b6e388,Liszt,Gran_Etudes_de_Paganini_2_La_campanella,2,MID,5149,0.3123635040038826,16484
Liszt/Gran_Etudes_de_Paganini/2_La_campanella/Sychev03.mid,piece_2e05d56669b6e388,Liszt,Gran_Etudes_de_Paganini_2_La_campanella,3,HIGH,1171,0.07103858286823586,16484
Liszt/Gran_Etudes_de_Paganini/2_La_campanella/Sychev03.mid,piece_2e05d56669b6e388,Liszt,Gran_Etudes_de_Paganini_2_La_campanella,4,FULL,3010,0.18260131036156274,16484
Liszt/Gran_Etudes_de_Paganini/2_La_campanella/TET03.mid,piece_2e05d56669b6e388,Liszt,Gran_Etudes_de_Paganini_2_La_campanella,0,ZERO,1542,0.09172019985724482,16812
Liszt/Gran_Etudes_de_Paganini/2_La_campanella/TET03.mid,piece_2e05d56669b6e388,Liszt,Gran_Etudes_de_Paganini_2_La_campanella,1,LOW,2555,0.1519747799191054,16812
Liszt/Gran_Etudes_de_Paganini/2_La_campanella/TET03.mid,piece_2e05d56669b6e388,Liszt,Gran_Etudes_de_Paganini_2_La_campanella,2,MID,3019,0.17957411372828933,16812
Liszt/Gran_Etudes_de_Paganini/2_La_campanella/TET03.mid,piece_2e05d56669b6e388,Liszt,Gran_Etudes_de_Paganini_2_La_campanella,3,HIGH,1405,0.08357125862479181,16812
Liszt/Gran_Etudes_de_Paganini/2_La_campanella/TET03.mid,piece_2e05d56669b6e388,Liszt,Gran_Etudes_de_Paganini_2_La_campanella,4,FULL,8291,0.49315964787056865,16812
Liszt/Gran_Etudes_de_Paganini/2_La_campanella/VuV06M.mid,piece_2e05d56669b6e388,Liszt,Gran_Etudes_de_Paganini_2_La_campanella,0,ZERO,3731,0.2253563662720464,16556
Liszt/Gran_Etudes_de_Paganini/2_La_campanella/VuV06M.mid,piece_2e05d56669b6e388,Liszt,Gran_Etudes_de_Paganini_2_La_campanella,1,LOW,1486,0.08975597970524281,16556
Liszt/Gran_Etudes_de_Paganini/2_La_campanella/VuV06M.mid,piece_2e05d56669b6e388,Liszt,Gran_Etudes_de_Paganini_2_La_campanella,2,MID,1592,0.09615849238946605,16556
Liszt/Gran_Etudes_de_Paganini/2_La_campanella/VuV06M.mid,piece_2e05d56669b6e388,Liszt,Gran_Etudes_de_Paganini_2_La_campanella,3,HIGH,388,0.023435612466779415,16556
Liszt/Gran_Etudes_de_Paganini/2_La_campanella/VuV06M.mid,piece_2e05d56669b6e388,Liszt,Gran_Etudes_de_Paganini_2_La_campanella,4,FULL,9359,0.5652935491664653,16556
Liszt/Gran_Etudes_de_Paganini/2_La_campanella/Yang05M.mid,piece_2e05d56669b6e388,Liszt,Gran_Etudes_de_Paganini_2_La_campanella,0,ZERO,4224,0.2577495728581889,16388
Liszt/Gran_Etudes_de_Paganini/2_La_campanella/Yang05M.mid,piece_2e05d56669b6e388,Liszt,Gran_Etudes_de_Paganini_2_La_campanella,1,LOW,736,0.04491091042226019,16388
Liszt/Gran_Etudes_de_Paganini/2_La_campanella/Yang05M.mid,piece_2e05d56669b6e388,Liszt,Gran_Etudes_de_Paganini_2_La_campanella,2,MID,880,0.053697827678789355,16388
Liszt/Gran_Etudes_de_Paganini/2_La_campanella/Yang05M.mid,piece_2e05d56669b6e388,Liszt,Gran_Etudes_de_Paganini_2_La_campanella,3,HIGH,154,0.009397119843788137,16388
Liszt/Gran_Etudes_de_Paganini/2_La_campanella/Yang05M.mid,piece_2e05d56669b6e388,Liszt,Gran_Etudes_de_Paganini_2_La_campanella,4,FULL,10394,0.6342445691969734,16388
Liszt/Gran_Etudes_de_Paganini/2_La_campanella/Yoon02.mid,piece_2e05d56669b6e388,Liszt,Gran_Etudes_de_Paganini_2_La_campanella,0,ZERO,3537,0.21472802331228752,16472
Liszt/Gran_Etudes_de_Paganini/2_La_campanella/Yoon02.mid,piece_2e05d56669b6e388,Liszt,Gran_Etudes_de_Paganini_2_La_campanella,1,LOW,734,0.044560466245750364,16472
Liszt/Gran_Etudes_de_Paganini/2_La_campanella/Yoon02.mid,piece_2e05d56669b6e388,Liszt,Gran_Etudes_de_Paganini_2_La_campanella,2,MID,630,0.03824672170956775,16472
Liszt/Gran_Etudes_de_Paganini/2_La_campanella/Yoon02.mid,piece_2e05d56669b6e388,Liszt,Gran_Etudes_de_Paganini_2_La_campanella,3,HIGH,263,0.01596648858669257,16472
Liszt/Gran_Etudes_de_Paganini/2_La_campanella/Yoon02.mid,piece_2e05d56669b6e388,Liszt,Gran_Etudes_de_Paganini_2_La_campanella,4,FULL,11308,0.6864983001457018,16472
Liszt/Gran_Etudes_de_Paganini/2_La_campanella/ZhangH02.mid,piece_2e05d56669b6e388,Liszt,Gran_Etudes_de_Paganini_2_La_campanella,0,ZERO,3144,0.18048220436280138,17420
Liszt/Gran_Etudes_de_Paganini/2_La_campanella/ZhangH02.mid,piece_2e05d56669b6e388,Liszt,Gran_Etudes_de_Paganini_2_La_campanella,1,LOW,1596,0.09161882893226177,17420
Liszt/Gran_Etudes_de_Paganini/2_La_campanella/ZhangH02.mid,piece_2e05d56669b6e388,Liszt,Gran_Etudes_de_Paganini_2_La_campanella,2,MID,1112,0.06383467278989667,17420
Liszt/Gran_Etudes_de_Paganini/2_La_campanella/ZhangH02.mid,piece_2e05d56669b6e388,Liszt,Gran_Etudes_de_Paganini_2_La_campanella,3,HIGH,243,0.013949483352468426,17420
Liszt/Gran_Etudes_de_Paganini/2_La_campanella/ZhangH02.mid,piece_2e05d56669b6e388,Liszt,Gran_Etudes_de_Paganini_2_La_campanella,4,FULL,11325,0.6501148105625718,17420
Liszt/Gran_Etudes_de_Paganini/2_La_campanella/ZhangH07M.mid,piece_2e05d56669b6e388,Liszt,Gran_Etudes_de_Paganini_2_La_campanella,0,ZERO,3935,0.2170196337966027,18132
Liszt/Gran_Etudes_de_Paganini/2_La_campanella/ZhangH07M.mid,piece_2e05d56669b6e388,Liszt,Gran_Etudes_de_Paganini_2_La_campanella,1,LOW,495,0.02729980145598941,18132
Liszt/Gran_Etudes_de_Paganini/2_La_campanella/ZhangH07M.mid,piece_2e05d56669b6e388,Liszt,Gran_Etudes_de_Paganini_2_La_campanella,2,MID,1391,0.07671519964703287,18132
Liszt/Gran_Etudes_de_Paganini/2_La_campanella/ZhangH07M.mid,piece_2e05d56669b6e388,Liszt,Gran_Etudes_de_Paganini_2_La_campanella,3,HIGH,574,0.031656739466137215,18132
Liszt/Gran_Etudes_de_Paganini/2_La_campanella/ZhangH07M.mid,piece_2e05d56669b6e388,Liszt,Gran_Etudes_de_Paganini_2_La_campanella,4,FULL,11737,0.6473086256342379,18132
Liszt/Hungarian_Rhapsodies/6/KaiRuiR04.mid,piece_a395ea44edec1f51,Liszt,Hungarian_Rhapsodies_6,0,ZERO,7227,0.3443396226415094,20988
Liszt/Hungarian_Rhapsodies/6/KaiRuiR04.mid,piece_a395ea44edec1f51,Liszt,Hungarian_Rhapsodies_6,1,LOW,4221,0.20111492281303603,20988
Liszt/Hungarian_Rhapsodies/6/KaiRuiR04.mid,piece_a395ea44edec1f51,Liszt,Hungarian_Rhapsodies_6,2,MID,1355,0.06456070135315418,20988
Liszt/Hungarian_Rhapsodies/6/KaiRuiR04.mid,piece_a395ea44edec1f51,Liszt,Hungarian_Rhapsodies_6,3,HIGH,774,0.03687821612349914,20988
Liszt/Hungarian_Rhapsodies/6/KaiRuiR04.mid,piece_a395ea44edec1f51,Liszt,Hungarian_Rhapsodies_6,4,FULL,7411,0.35310653706880124,20988
Liszt/Hungarian_Rhapsodies/6/LiA09M.mid,piece_a395ea44edec1f51,Liszt,Hungarian_Rhapsodies_6,0,ZERO,6204,0.2906127037661608,21348
Liszt/Hungarian_Rhapsodies/6/LiA09M.mid,piece_a395ea44edec1f51,Liszt,Hungarian_Rhapsodies_6,1,LOW,1639,0.07677534195240772,21348
Liszt/Hungarian_Rhapsodies/6/LiA09M.mid,piece_a395ea44edec1f51,Liszt,Hungarian_Rhapsodies_6,2,MID,2474,0.1158890762600712,21348
Liszt/Hungarian_Rhapsodies/6/LiA09M.mid,piece_a395ea44edec1f51,Liszt,Hungarian_Rhapsodies_6,3,HIGH,729,0.03414839797639123,21348
Liszt/Hungarian_Rhapsodies/6/LiA09M.mid,piece_a395ea44edec1f51,Liszt,Hungarian_Rhapsodies_6,4,FULL,10302,0.48257448004496906,21348
Liszt/Hungarian_Rhapsodies/6/Ye04.mid,piece_a395ea44edec1f51,Liszt,Hungarian_Rhapsodies_6,0,ZERO,7201,0.36258811681772407,19860
Liszt/Hungarian_Rhapsodies/6/Ye04.mid,piece_a395ea44edec1f51,Liszt,Hungarian_Rhapsodies_6,1,LOW,1631,0.08212487411883182,19860
Liszt/Hungarian_Rhapsodies/6/Ye04.mid,piece_a395ea44edec1f51,Liszt,Hungarian_Rhapsodies_6,2,MID,1776,0.08942598187311178,19860
Liszt/Hungarian_Rhapsodies/6/Ye04.mid,piece_a395ea44edec1f51,Liszt,Hungarian_Rhapsodies_6,3,HIGH,441,0.022205438066465258,19860
Liszt/Hungarian_Rhapsodies/6/Ye04.mid,piece_a395ea44edec1f51,Liszt,Hungarian_Rhapsodies_6,4,FULL,8811,0.44365558912386704,19860
Liszt/Sonata/Dulu07M.mid,piece_6f5b1b229fc9002d,Liszt,Sonata,0,ZERO,12464,0.19387755102040816,64288
Liszt/Sonata/Dulu07M.mid,piece_6f5b1b229fc9002d,Liszt,Sonata,1,LOW,10956,0.17042060726729716,64288
Liszt/Sonata/Dulu07M.mid,piece_6f5b1b229fc9002d,Liszt,Sonata,2,MID,17612,0.2739547038327526,64288
Liszt/Sonata/Dulu07M.mid,piece_6f5b1b229fc9002d,Liszt,Sonata,3,HIGH,3336,0.05189148830263813,64288
Liszt/Sonata/Dulu07M.mid,piece_6f5b1b229fc9002d,Liszt,Sonata,4,FULL,19920,0.3098556495769039,64288
Liszt/Sonata/Dvorkine03.mid,piece_6f5b1b229fc9002d,Liszt,Sonata,0,ZERO,10005,0.15153580516175935,66024
Liszt/Sonata/Dvorkine03.mid,piece_6f5b1b229fc9002d,Liszt,Sonata,1,LOW,11314,0.17136192899551678,66024
Liszt/Sonata/Dvorkine03.mid,piece_6f5b1b229fc9002d,Liszt,Sonata,2,MID,6844,0.10365927541500061,66024
Liszt/Sonata/Dvorkine03.mid,piece_6f5b1b229fc9002d,Liszt,Sonata,3,HIGH,3153,0.0477553616866594,66024
Liszt/Sonata/Dvorkine03.mid,piece_6f5b1b229fc9002d,Liszt,Sonata,4,FULL,34708,0.5256876287410639,66024
Liszt/Sonata/Gasanov06M.mid,piece_6f5b1b229fc9002d,Liszt,Sonata,0,ZERO,18453,0.27111248236953456,68064
Liszt/Sonata/Gasanov06M.mid,piece_6f5b1b229fc9002d,Liszt,Sonata,1,LOW,2233,0.03280735778091208,68064
Liszt/Sonata/Gasanov06M.mid,piece_6f5b1b229fc9002d,Liszt,Sonata,2,MID,6994,0.10275622943112366,68064
Liszt/Sonata/Gasanov06M.mid,piece_6f5b1b229fc9002d,Liszt,Sonata,3,HIGH,2163,0.03177891396332863,68064
Liszt/Sonata/Gasanov06M.mid,piece_6f5b1b229fc9002d,Liszt,Sonata,4,FULL,38221,0.5615450164551011,68064
Liszt/Sonata/GiacomelliN11M.mid,piece_6f5b1b229fc9002d,Liszt,Sonata,0,ZERO,11259,0.1647980093676815,68320
Liszt/Sonata/GiacomelliN11M.mid,piece_6f5b1b229fc9002d,Liszt,Sonata,1,LOW,6118,0.08954918032786885,68320
Liszt/Sonata/GiacomelliN11M.mid,piece_6f5b1b229fc9002d,Liszt,Sonata,2,MID,11202,0.16396370023419204,68320
Liszt/Sonata/GiacomelliN11M.mid,piece_6f5b1b229fc9002d,Liszt,Sonata,3,HIGH,7572,0.11083138173302108,68320
Liszt/Sonata/GiacomelliN11M.mid,piece_6f5b1b229fc9002d,Liszt,Sonata,4,FULL,32169,0.47085772833723655,68320
Liszt/Sonata/Huang01.mid,piece_6f5b1b229fc9002d,Liszt,Sonata,0,ZERO,13843,0.2165946927024659,63912
Liszt/Sonata/Huang01.mid,piece_6f5b1b229fc9002d,Liszt,Sonata,1,LOW,3506,0.05485667793215671,63912
Liszt/Sonata/Huang01.mid,piece_6f5b1b229fc9002d,Liszt,Sonata,2,MID,4008,0.06271122793841533,63912
Liszt/Sonata/Huang01.mid,piece_6f5b1b229fc9002d,Liszt,Sonata,3,HIGH,12381,0.19371948929778446,63912
Liszt/Sonata/Huang01.mid,piece_6f5b1b229fc9002d,Liszt,Sonata,4,FULL,30174,0.47211791212917764,63912
Liszt/Sonata/Yeletskiy05M.mid,piece_6f5b1b229fc9002d,Liszt,Sonata,0,ZERO,13918,0.21349245306172537,65192
Liszt/Sonata/Yeletskiy05M.mid,piece_6f5b1b229fc9002d,Liszt,Sonata,1,LOW,4784,0.07338323720701927,65192
Liszt/Sonata/Yeletskiy05M.mid,piece_6f5b1b229fc9002d,Liszt,Sonata,2,MID,5745,0.08812430973125537,65192
Liszt/Sonata/Yeletskiy05M.mid,piece_6f5b1b229fc9002d,Liszt,Sonata,3,HIGH,1481,0.022717511351086024,65192
Liszt/Sonata/Yeletskiy05M.mid,piece_6f5b1b229fc9002d,Liszt,Sonata,4,FULL,39264,0.602282488648914,65192
Liszt/Sonata/Zuber07M.mid,piece_6f5b1b229fc9002d,Liszt,Sonata,0,ZERO,9845,0.15055358453633472,65392
Liszt/Sonata/Zuber07M.mid,piece_6f5b1b229fc9002d,Liszt,Sonata,1,LOW,7046,0.10775018350868608,65392
Liszt/Sonata/Zuber07M.mid,piece_6f5b1b229fc9002d,Liszt,Sonata,2,MID,15226,0.232841937851725,65392
Liszt/Sonata/Zuber07M.mid,piece_6f5b1b229fc9002d,Liszt,Sonata,3,HIGH,7595,0.11614570589674578,65392
Liszt/Sonata/Zuber07M.mid,piece_6f5b1b229fc9002d,Liszt,Sonata,4,FULL,25680,0.39270858820650845,65392
Liszt/Transcendental_Etudes/11/Huang18M.mid,piece_f0b6d59267411d73,Liszt,Transcendental_Etudes_11,0,ZERO,1735,0.08483277919029923,20452
Liszt/Transcendental_Etudes/11/Huang18M.mid,piece_f0b6d59267411d73,Liszt,Transcendental_Etudes_11,1,LOW,913,0.044641110893800115,20452
Liszt/Transcendental_Etudes/11/Huang18M.mid,piece_f0b6d59267411d73,Liszt,Transcendental_Etudes_11,2,MID,8155,0.3987385096812048,20452
Liszt/Transcendental_Etudes/11/Huang18M.mid,piece_f0b6d59267411d73,Liszt,Transcendental_Etudes_11,3,HIGH,2979,0.14565812634461178,20452
Liszt/Transcendental_Etudes/11/Huang18M.mid,piece_f0b6d59267411d73,Liszt,Transcendental_Etudes_11,4,FULL,6670,0.3261294738900841,20452
Liszt/Transcendental_Etudes/3/Huang14M.mid,piece_189d246a37162f12,Liszt,Transcendental_Etudes_3,0,ZERO,1149,0.15031397174254318,7644
Liszt/Transcendental_Etudes/3/Huang14M.mid,piece_189d246a37162f12,Liszt,Transcendental_Etudes_3,1,LOW,892,0.11669283097854527,7644
Liszt/Transcendental_Etudes/3/Huang14M.mid,piece_189d246a37162f12,Liszt,Transcendental_Etudes_3,2,MID,4583,0.5995552066980638,7644
Liszt/Transcendental_Etudes/3/Huang14M.mid,piece_189d246a37162f12,Liszt,Transcendental_Etudes_3,3,HIGH,504,0.06593406593406594,7644
Liszt/Transcendental_Etudes/3/Huang14M.mid,piece_189d246a37162f12,Liszt,Transcendental_Etudes_3,4,FULL,516,0.06750392464678179,7644
Liszt/Transcendental_Etudes/4/Cai03.mid,piece_2925eb83999f5579,Liszt,Transcendental_Etudes_4,0,ZERO,3288,0.11590524534686972,28368
Liszt/Transcendental_Etudes/4/Cai03.mid,piece_2925eb83999f5579,Liszt,Transcendental_Etudes_4,1,LOW,1423,0.05016215454032713,28368
Liszt/Transcendental_Etudes/4/Cai03.mid,piece_2925eb83999f5579,Liszt,Transcendental_Etudes_4,2,MID,1797,0.06334602368866328,28368
Liszt/Transcendental_Etudes/4/Cai03.mid,piece_2925eb83999f5579,Liszt,Transcendental_Etudes_4,3,HIGH,1341,0.04727157360406092,28368
Liszt/Transcendental_Etudes/4/Cai03.mid,piece_2925eb83999f5579,Liszt,Transcendental_Etudes_4,4,FULL,20519,0.723315002820079,28368
Liszt/Transcendental_Etudes/4/ChenC02.mid,piece_2925eb83999f5579,Liszt,Transcendental_Etudes_4,0,ZERO,4976,0.1701080268015862,29252
Liszt/Transcendental_Etudes/4/ChenC02.mid,piece_2925eb83999f5579,Liszt,Transcendental_Etudes_4,1,LOW,1808,0.061807739641733896,29252
Liszt/Transcendental_Etudes/4/ChenC02.mid,piece_2925eb83999f5579,Liszt,Transcendental_Etudes_4,2,MID,1516,0.05182551620402024,29252
Liszt/Transcendental_Etudes/4/ChenC02.mid,piece_2925eb83999f5579,Liszt,Transcendental_Etudes_4,3,HIGH,367,0.012546150690551074,29252
Liszt/Transcendental_Etudes/4/ChenC02.mid,piece_2925eb83999f5579,Liszt,Transcendental_Etudes_4,4,FULL,20585,0.7037125666621086,29252
Liszt/Transcendental_Etudes/4/Falzone02.mid,piece_2925eb83999f5579,Liszt,Transcendental_Etudes_4,0,ZERO,3442,0.11769935713308713,29244
Liszt/Transcendental_Etudes/4/Falzone02.mid,piece_2925eb83999f5579,Liszt,Transcendental_Etudes_4,1,LOW,3702,0.12659006975789905,29244
Liszt/Transcendental_Etudes/4/Falzone02.mid,piece_2925eb83999f5579,Liszt,Transcendental_Etudes_4,2,MID,4798,0.16406784297633703,29244
Liszt/Transcendental_Etudes/4/Falzone02.mid,piece_2925eb83999f5579,Liszt,Transcendental_Etudes_4,3,HIGH,3280,0.11215975926685816,29244
Liszt/Transcendental_Etudes/4/Falzone02.mid,piece_2925eb83999f5579,Liszt,Transcendental_Etudes_4,4,FULL,14022,0.47948297086581865,29244
Liszt/Transcendental_Etudes/4/GuoE03M.mid,piece_2925eb83999f5579,Liszt,Transcendental_Etudes_4,0,ZERO,3715,0.12710414670863557,29228
Liszt/Transcendental_Etudes/4/GuoE03M.mid,piece_2925eb83999f5579,Liszt,Transcendental_Etudes_4,1,LOW,1969,0.06736690844395785,29228
Liszt/Transcendental_Etudes/4/GuoE03M.mid,piece_2925eb83999f5579,Liszt,Transcendental_Etudes_4,2,MID,3144,0.10756808539756398,29228
Liszt/Transcendental_Etudes/4/GuoE03M.mid,piece_2925eb83999f5579,Liszt,Transcendental_Etudes_4,3,HIGH,726,0.024839195292185576,29228
Liszt/Transcendental_Etudes/4/GuoE03M.mid,piece_2925eb83999f5579,Liszt,Transcendental_Etudes_4,4,FULL,19674,0.6731216641576571,29228
Liszt/Transcendental_Etudes/4/Huang15M.mid,piece_2925eb83999f5579,Liszt,Transcendental_Etudes_4,0,ZERO,6412,0.22394523609946912,28632
Liszt/Transcendental_Etudes/4/Huang15M.mid,piece_2925eb83999f5579,Liszt,Transcendental_Etudes_4,1,LOW,932,0.032550991897177986,28632
Liszt/Transcendental_Etudes/4/Huang15M.mid,piece_2925eb83999f5579,Liszt,Transcendental_Etudes_4,2,MID,7570,0.26438949427214303,28632
Liszt/Transcendental_Etudes/4/Huang15M.mid,piece_2925eb83999f5579,Liszt,Transcendental_Etudes_4,3,HIGH,7781,0.2717588711930707,28632
Liszt/Transcendental_Etudes/4/Huang15M.mid,piece_2925eb83999f5579,Liszt,Transcendental_Etudes_4,4,FULL,5937,0.20735540653813914,28632
Liszt/Transcendental_Etudes/4/LUO02.mid,piece_2925eb83999f5579,Liszt,Transcendental_Etudes_4,0,ZERO,473,0.017638723150357995,26816
Liszt/Transcendental_Etudes/4/LUO02.mid,piece_2925eb83999f5579,Liszt,Transcendental_Etudes_4,1,LOW,4852,0.18093675417661098,26816
Liszt/Transcendental_Etudes/4/LUO02.mid,piece_2925eb83999f5579,Liszt,Transcendental_Etudes_4,2,MID,1873,0.06984636038186158,26816
Liszt/Transcendental_Etudes/4/LUO02.mid,piece_2925eb83999f5579,Liszt,Transcendental_Etudes_4,3,HIGH,5478,0.2042810262529833,26816
Liszt/Transcendental_Etudes/4/LUO02.mid,piece_2925eb83999f5579,Liszt,Transcendental_Etudes_4,4,FULL,14140,0.5272971360381862,26816
Liszt/Transcendental_Etudes/4/LeeE04M.mid,piece_2925eb83999f5579,Liszt,Transcendental_Etudes_4,0,ZERO,4337,0.15638973027549402,27732
Liszt/Transcendental_Etudes/4/LeeE04M.mid,piece_2925eb83999f5579,Liszt,Transcendental_Etudes_4,1,LOW,2131,0.07684263666522428,27732
Liszt/Transcendental_Etudes/4/LeeE04M.mid,piece_2925eb83999f5579,Liszt,Transcendental_Etudes_4,2,MID,1753,0.0632121736621953,27732
Liszt/Transcendental_Etudes/4/LeeE04M.mid,piece_2925eb83999f5579,Liszt,Transcendental_Etudes_4,3,HIGH,171,0.006166161834703592,27732
Liszt/Transcendental_Etudes/4/LeeE04M.mid,piece_2925eb83999f5579,Liszt,Transcendental_Etudes_4,4,FULL,19340,0.6973892975623828,27732
Liszt/Transcendental_Etudes/4/LiuC04M.mid,piece_2925eb83999f5579,Liszt,Transcendental_Etudes_4,0,ZERO,3979,0.15062840702604482,26416
Liszt/Transcendental_Etudes/4/LiuC04M.mid,piece_2925eb83999f5579,Liszt,Transcendental_Etudes_4,1,LOW,1418,0.05367958812840703,26416
Liszt/Transcendental_Etudes/4/LiuC04M.mid,piece_2925eb83999f5579,Liszt,Transcendental_Etudes_4,2,MID,1803,0.06825408843125379,26416
Liszt/Transcendental_Etudes/4/LiuC04M.mid,piece_2925eb83999f5579,Liszt,Transcendental_Etudes_4,3,HIGH,367,0.013893095093882495,26416
Liszt/Transcendental_Etudes/4/LiuC04M.mid,piece_2925eb83999f5579,Liszt,Transcendental_Etudes_4,4,FULL,18849,0.7135448213204119,26416
Liszt/Transcendental_Etudes/4/Schmitt02.mid,piece_2925eb83999f5579,Liszt,Transcendental_Etudes_4,0,ZERO,4054,0.1349713676921028,30036
Liszt/Transcendental_Etudes/4/Schmitt02.mid,piece_2925eb83999f5579,Liszt,Transcendental_Etudes_4,1,LOW,2268,0.07550938873351977,30036
Liszt/Transcendental_Etudes/4/Schmitt02.mid,piece_2925eb83999f5579,Liszt,Transcendental_Etudes_4,2,MID,1685,0.05609934744972699,30036
Liszt/Transcendental_Etudes/4/Schmitt02.mid,piece_2925eb83999f5579,Liszt,Transcendental_Etudes_4,3,HIGH,520,0.01731255826341723,30036
Liszt/Transcendental_Etudes/4/Schmitt02.mid,piece_2925eb83999f5579,Liszt,Transcendental_Etudes_4,4,FULL,21509,0.7161073378612332,30036
Liszt/Transcendental_Etudes/4/Schneider03.mid,piece_2925eb83999f5579,Liszt,Transcendental_Etudes_4,0,ZERO,3282,0.10657228211456034,30796
Liszt/Transcendental_Etudes/4/Schneider03.mid,piece_2925eb83999f5579,Liszt,Transcendental_Etudes_4,1,LOW,3140,0.10196129367450318,30796
Liszt/Transcendental_Etudes/4/Schneider03.mid,piece_2925eb83999f5579,Liszt,Transcendental_Etudes_4,2,MID,3601,0.11693077022989999,30796
Liszt/Transcendental_Etudes/4/Schneider03.mid,piece_2925eb83999f5579,Liszt,Transcendental_Etudes_4,3,HIGH,1199,0.03893362774386284,30796
Liszt/Transcendental_Etudes/4/Schneider03.mid,piece_2925eb83999f5579,Liszt,Transcendental_Etudes_4,4,FULL,19574,0.6356020262371737,30796
Liszt/Transcendental_Etudes/4/Travinskyy03.mid,piece_2925eb83999f5579,Liszt,Transcendental_Etudes_4,0,ZERO,7309,0.2550600223338917,28656
Liszt/Transcendental_Etudes/4/Travinskyy03.mid,piece_2925eb83999f5579,Liszt,Transcendental_Etudes_4,1,LOW,3731,0.1301996091568956,28656
Liszt/Transcendental_Etudes/4/Travinskyy03.mid,piece_2925eb83999f5579,Liszt,Transcendental_Etudes_4,2,MID,1263,0.044074539363484086,28656
Liszt/Transcendental_Etudes/4/Travinskyy03.mid,piece_2925eb83999f5579,Liszt,Transcendental_Etudes_4,3,HIGH,409,0.014272752652149638,28656
Liszt/Transcendental_Etudes/4/Travinskyy03.mid,piece_2925eb83999f5579,Liszt,Transcendental_Etudes_4,4,FULL,15944,0.556393076493579,28656
Liszt/Transcendental_Etudes/5/Gryaznov02.mid,piece_c9a643a9a73da422,Liszt,Transcendental_Etudes_5,0,ZERO,7452,0.42206615314907114,17656
Liszt/Transcendental_Etudes/5/Gryaznov02.mid,piece_c9a643a9a73da422,Liszt,Transcendental_Etudes_5,1,LOW,6504,0.36837335749886724,17656
Liszt/Transcendental_Etudes/5/Gryaznov02.mid,piece_c9a643a9a73da422,Liszt,Transcendental_Etudes_5,2,MID,2455,0.13904621658359764,17656
Liszt/Transcendental_Etudes/5/Gryaznov02.mid,piece_c9a643a9a73da422,Liszt,Transcendental_Etudes_5,3,HIGH,280,0.0158586316266425,17656
Liszt/Transcendental_Etudes/5/Gryaznov02.mid,piece_c9a643a9a73da422,Liszt,Transcendental_Etudes_5,4,FULL,965,0.054655641141821476,17656
Liszt/Transcendental_Etudes/5/HUAN_B03.mid,piece_c9a643a9a73da422,Liszt,Transcendental_Etudes_5,0,ZERO,7907,0.4607808857808858,17160
Liszt/Transcendental_Etudes/5/HUAN_B03.mid,piece_c9a643a9a73da422,Liszt,Transcendental_Etudes_5,1,LOW,2694,0.156993006993007,17160
Liszt/Transcendental_Etudes/5/HUAN_B03.mid,piece_c9a643a9a73da422,Liszt,Transcendental_Etudes_5,2,MID,2982,0.1737762237762238,17160
Liszt/Transcendental_Etudes/5/HUAN_B03.mid,piece_c9a643a9a73da422,Liszt,Transcendental_Etudes_5,3,HIGH,1344,0.07832167832167833,17160
Liszt/Transcendental_Etudes/5/HUAN_B03.mid,piece_c9a643a9a73da422,Liszt,Transcendental_Etudes_5,4,FULL,2233,0.13012820512820514,17160
Liszt/Transcendental_Etudes/5/Huang16M.mid,piece_c9a643a9a73da422,Liszt,Transcendental_Etudes_5,0,ZERO,12558,0.7399245816639171,16972
Liszt/Transcendental_Etudes/5/Huang16M.mid,piece_c9a643a9a73da422,Liszt,Transcendental_Etudes_5,1,LOW,797,0.04695969832665567,16972
Liszt/Transcendental_Etudes/5/Huang16M.mid,piece_c9a643a9a73da422,Liszt,Transcendental_Etudes_5,2,MID,2607,0.15360593919396653,16972
Liszt/Transcendental_Etudes/5/Huang16M.mid,piece_c9a643a9a73da422,Liszt,Transcendental_Etudes_5,3,HIGH,726,0.04277633749705397,16972
Liszt/Transcendental_Etudes/5/Huang16M.mid,piece_c9a643a9a73da422,Liszt,Transcendental_Etudes_5,4,FULL,284,0.016733443318406788,16972
Liszt/Transcendental_Etudes/5/Huangci01.mid,piece_c9a643a9a73da422,Liszt,Transcendental_Etudes_5,0,ZERO,8217,0.47684540389972147,17232
Liszt/Transcendental_Etudes/5/Huangci01.mid,piece_c9a643a9a73da422,Liszt,Transcendental_Etudes_5,1,LOW,1834,0.10642989786443825,17232
Liszt/Transcendental_Etudes/5/Huangci01.mid,piece_c9a643a9a73da422,Liszt,Transcendental_Etudes_5,2,MID,3857,0.22382776230269266,17232
Liszt/Transcendental_Etudes/5/Huangci01.mid,piece_c9a643a9a73da422,Liszt,Transcendental_Etudes_5,3,HIGH,1073,0.06226787372330548,17232
Liszt/Transcendental_Etudes/5/Huangci01.mid,piece_c9a643a9a73da422,Liszt,Transcendental_Etudes_5,4,FULL,2251,0.13062906220984216,17232
Liszt/Transcendental_Etudes/5/KIM_W02.mid,piece_c9a643a9a73da422,Liszt,Transcendental_Etudes_5,0,ZERO,7717,0.4331499775482712,17816
Liszt/Transcendental_Etudes/5/KIM_W02.mid,piece_c9a643a9a73da422,Liszt,Transcendental_Etudes_5,1,LOW,1644,0.092276605298608,17816
Liszt/Transcendental_Etudes/5/KIM_W02.mid,piece_c9a643a9a73da422,Liszt,Transcendental_Etudes_5,2,MID,1443,0.08099461158509205,17816
Liszt/Transcendental_Etudes/5/KIM_W02.mid,piece_c9a643a9a73da422,Liszt,Transcendental_Etudes_5,3,HIGH,650,0.036484059272563985,17816
Liszt/Transcendental_Etudes/5/KIM_W02.mid,piece_c9a643a9a73da422,Liszt,Transcendental_Etudes_5,4,FULL,6362,0.3570947462954647,17816
Liszt/Transcendental_Etudes/5/LiuY06M.mid,piece_c9a643a9a73da422,Liszt,Transcendental_Etudes_5,0,ZERO,6280,0.36477695167286245,17216
Liszt/Transcendental_Etudes/5/LiuY06M.mid,piece_c9a643a9a73da422,Liszt,Transcendental_Etudes_5,1,LOW,1569,0.09113615241635688,17216
Liszt/Transcendental_Etudes/5/LiuY06M.mid,piece_c9a643a9a73da422,Liszt,Transcendental_Etudes_5,2,MID,2288,0.13289962825278812,17216
Liszt/Transcendental_Etudes/5/LiuY06M.mid,piece_c9a643a9a73da422,Liszt,Transcendental_Etudes_5,3,HIGH,218,0.01266263940520446,17216
Liszt/Transcendental_Etudes/5/LiuY06M.mid,piece_c9a643a9a73da422,Liszt,Transcendental_Etudes_5,4,FULL,6861,0.3985246282527881,17216
Liszt/Transcendental_Etudes/5/Min03M.mid,piece_c9a643a9a73da422,Liszt,Transcendental_Etudes_5,0,ZERO,9017,0.5348161328588374,16860
Liszt/Transcendental_Etudes/5/Min03M.mid,piece_c9a643a9a73da422,Liszt,Transcendental_Etudes_5,1,LOW,1141,0.06767497034400949,16860
Liszt/Transcendental_Etudes/5/Min03M.mid,piece_c9a643a9a73da422,Liszt,Transcendental_Etudes_5,2,MID,1224,0.07259786476868327,16860
Liszt/Transcendental_Etudes/5/Min03M.mid,piece_c9a643a9a73da422,Liszt,Transcendental_Etudes_5,3,HIGH,243,0.014412811387900355,16860
Liszt/Transcendental_Etudes/5/Min03M.mid,piece_c9a643a9a73da422,Liszt,Transcendental_Etudes_5,4,FULL,5235,0.3104982206405694,16860
Liszt/Transcendental_Etudes/5/Park03M.mid,piece_c9a643a9a73da422,Liszt,Transcendental_Etudes_5,0,ZERO,7332,0.428872250818905,17096
Liszt/Transcendental_Etudes/5/Park03M.mid,piece_c9a643a9a73da422,Liszt,Transcendental_Etudes_5,1,LOW,1840,0.10762751520823584,17096
Liszt/Transcendental_Etudes/5/Park03M.mid,piece_c9a643a9a73da422,Liszt,Transcendental_Etudes_5,2,MID,3212,0.18788020589611604,17096
Liszt/Transcendental_Etudes/5/Park03M.mid,piece_c9a643a9a73da422,Liszt,Transcendental_Etudes_5,3,HIGH,620,0.03626579316799251,17096
Liszt/Transcendental_Etudes/5/Park03M.mid,piece_c9a643a9a73da422,Liszt,Transcendental_Etudes_5,4,FULL,4092,0.23935423490875057,17096
Liszt/Transcendental_Etudes/5/Sun09.mid,piece_c9a643a9a73da422,Liszt,Transcendental_Etudes_5,0,ZERO,8926,0.4996641289744738,17864
Liszt/Transcendental_Etudes/5/Sun09.mid,piece_c9a643a9a73da422,Liszt,Transcendental_Etudes_5,1,LOW,1898,0.10624720107478729,17864
Liszt/Transcendental_Etudes/5/Sun09.mid,piece_c9a643a9a73da422,Liszt,Transcendental_Etudes_5,2,MID,1248,0.06986117330944917,17864
Liszt/Transcendental_Etudes/5/Sun09.mid,piece_c9a643a9a73da422,Liszt,Transcendental_Etudes_5,3,HIGH,544,0.03045230631437528,17864
Liszt/Transcendental_Etudes/5/Sun09.mid,piece_c9a643a9a73da422,Liszt,Transcendental_Etudes_5,4,FULL,5248,0.29377519032691446,17864
Liszt/Transcendental_Etudes/5/Wang06M.mid,piece_c9a643a9a73da422,Liszt,Transcendental_Etudes_5,0,ZERO,8487,0.4827645051194539,17580
Liszt/Transcendental_Etudes/5/Wang06M.mid,piece_c9a643a9a73da422,Liszt,Transcendental_Etudes_5,1,LOW,2197,0.12497155858930603,17580
Liszt/Transcendental_Etudes/5/Wang06M.mid,piece_c9a643a9a73da422,Liszt,Transcendental_Etudes_5,2,MID,1839,0.1046075085324232,17580
Liszt/Transcendental_Etudes/5/Wang06M.mid,piece_c9a643a9a73da422,Liszt,Transcendental_Etudes_5,3,HIGH,448,0.0254835039817975,17580
Liszt/Transcendental_Etudes/5/Wang06M.mid,piece_c9a643a9a73da422,Liszt,Transcendental_Etudes_5,4,FULL,4609,0.26217292377701934,17580
Liszt/Transcendental_Etudes/5/WangY02M.mid,piece_c9a643a9a73da422,Liszt,Transcendental_Etudes_5,0,ZERO,4280,0.26938569989929506,15888
Liszt/Transcendental_Etudes/5/WangY02M.mid,piece_c9a643a9a73da422,Liszt,Transcendental_Etudes_5,1,LOW,3158,0.19876636455186303,15888
Liszt/Transcendental_Etudes/5/WangY02M.mid,piece_c9a643a9a73da422,Liszt,Transcendental_Etudes_5,2,MID,2515,0.15829556898288016,15888
Liszt/Transcendental_Etudes/5/WangY02M.mid,piece_c9a643a9a73da422,Liszt,Transcendental_Etudes_5,3,HIGH,941,0.05922708962739174,15888
Liszt/Transcendental_Etudes/5/WangY02M.mid,piece_c9a643a9a73da422,Liszt,Transcendental_Etudes_5,4,FULL,4994,0.31432527693857,15888
Liszt/Transcendental_Etudes/9/ADIG07.mid,piece_13d3f9ac4db9286c,Liszt,Transcendental_Etudes_9,0,ZERO,185,0.008991057542768273,20576
Liszt/Transcendental_Etudes/9/ADIG07.mid,piece_13d3f9ac4db9286c,Liszt,Transcendental_Etudes_9,1,LOW,3166,0.15386858475894247,20576
Liszt/Transcendental_Etudes/9/ADIG07.mid,piece_13d3f9ac4db9286c,Liszt,Transcendental_Etudes_9,2,MID,1451,0.07051905132192846,20576
Liszt/Transcendental_Etudes/9/ADIG07.mid,piece_13d3f9ac4db9286c,Liszt,Transcendental_Etudes_9,3,HIGH,2846,0.13831648522550544,20576
Liszt/Transcendental_Etudes/9/ADIG07.mid,piece_13d3f9ac4db9286c,Liszt,Transcendental_Etudes_9,4,FULL,12928,0.6283048211508554,20576
Liszt/Transcendental_Etudes/9/WongDoe02_2006.mid,piece_13d3f9ac4db9286c,Liszt,Transcendental_Etudes_9,0,ZERO,1162,0.058298213927353,19932
Liszt/Transcendental_Etudes/9/WongDoe02_2006.mid,piece_13d3f9ac4db9286c,Liszt,Transcendental_Etudes_9,1,LOW,1475,0.0740016054585591,19932
Liszt/Transcendental_Etudes/9/WongDoe02_2006.mid,piece_13d3f9ac4db9286c,Liszt,Transcendental_Etudes_9,2,MID,2090,0.10485651214128035,19932
Liszt/Transcendental_Etudes/9/WongDoe02_2006.mid,piece_13d3f9ac4db9286c,Liszt,Transcendental_Etudes_9,3,HIGH,740,0.03712622917920931,19932
Liszt/Transcendental_Etudes/9/WongDoe02_2006.mid,piece_13d3f9ac4db9286c,Liszt,Transcendental_Etudes_9,4,FULL,14465,0.7257174392935982,19932
Liszt/Transcendental_Etudes/9/WongDoe02_2009.mid,piece_13d3f9ac4db9286c,Liszt,Transcendental_Etudes_9,0,ZERO,1631,0.08135474860335196,20048
Liszt/Transcendental_Etudes/9/WongDoe02_2009.mid,piece_13d3f9ac4db9286c,Liszt,Transcendental_Etudes_9,1,LOW,1801,0.0898343974461293,20048
Liszt/Transcendental_Etudes/9/WongDoe02_2009.mid,piece_13d3f9ac4db9286c,Liszt,Transcendental_Etudes_9,2,MID,1158,0.05776137270550678,20048
Liszt/Transcendental_Etudes/9/WongDoe02_2009.mid,piece_13d3f9ac4db9286c,Liszt,Transcendental_Etudes_9,3,HIGH,259,0.012918994413407821,20048
Liszt/Transcendental_Etudes/9/WongDoe02_2009.mid,piece_13d3f9ac4db9286c,Liszt,Transcendental_Etudes_9,4,FULL,15199,0.7581304868316041,20048
Mozart/Piano_Sonatas/11-3/Stahievitch02.mid,piece_91f0446a7b86a51b,Mozart,Piano_Sonatas_11-3,0,ZERO,8213,0.727844735909252,11284
Mozart/Piano_Sonatas/11-3/Stahievitch02.mid,piece_91f0446a7b86a51b,Mozart,Piano_Sonatas_11-3,1,LOW,1348,0.119461183977313,11284
Mozart/Piano_Sonatas/11-3/Stahievitch02.mid,piece_91f0446a7b86a51b,Mozart,Piano_Sonatas_11-3,2,MID,1190,0.1054590570719603,11284
Mozart/Piano_Sonatas/11-3/Stahievitch02.mid,piece_91f0446a7b86a51b,Mozart,Piano_Sonatas_11-3,3,HIGH,340,0.03013115916341723,11284
Mozart/Piano_Sonatas/11-3/Stahievitch02.mid,piece_91f0446a7b86a51b,Mozart,Piano_Sonatas_11-3,4,FULL,193,0.017103863878057426,11284
Mozart/Piano_Sonatas/12-1/ADIG01.mid,piece_2323f9c5df0db023,Mozart,Piano_Sonatas_12-1,0,ZERO,6620,0.659099960175229,10044
Mozart/Piano_Sonatas/12-1/ADIG01.mid,piece_2323f9c5df0db023,Mozart,Piano_Sonatas_12-1,1,LOW,1451,0.14446435682994824,10044
Mozart/Piano_Sonatas/12-1/ADIG01.mid,piece_2323f9c5df0db023,Mozart,Piano_Sonatas_12-1,2,MID,612,0.06093189964157706,10044
Mozart/Piano_Sonatas/12-1/ADIG01.mid,piece_2323f9c5df0db023,Mozart,Piano_Sonatas_12-1,3,HIGH,360,0.035842293906810034,10044
Mozart/Piano_Sonatas/12-1/ADIG01.mid,piece_2323f9c5df0db023,Mozart,Piano_Sonatas_12-1,4,FULL,1001,0.09966148944643569,10044
Mozart/Piano_Sonatas/12-1/MunA03M.mid,piece_2323f9c5df0db023,Mozart,Piano_Sonatas_12-1,0,ZERO,4767,0.4755586592178771,10024
Mozart/Piano_Sonatas/12-1/MunA03M.mid,piece_2323f9c5df0db023,Mozart,Piano_Sonatas_12-1,1,LOW,3619,0.3610335195530726,10024
Mozart/Piano_Sonatas/12-1/MunA03M.mid,piece_2323f9c5df0db023,Mozart,Piano_Sonatas_12-1,2,MID,1149,0.11462490023942538,10024
Mozart/Piano_Sonatas/12-1/MunA03M.mid,piece_2323f9c5df0db023,Mozart,Piano_Sonatas_12-1,3,HIGH,87,0.008679169992019155,10024
Mozart/Piano_Sonatas/12-1/MunA03M.mid,piece_2323f9c5df0db023,Mozart,Piano_Sonatas_12-1,4,FULL,402,0.04010375099760575,10024
Mozart/Piano_Sonatas/12-1/TET01.mid,piece_2323f9c5df0db023,Mozart,Piano_Sonatas_12-1,0,ZERO,3065,0.3057661612130886,10024
Mozart/Piano_Sonatas/12-1/TET01.mid,piece_2323f9c5df0db023,Mozart,Piano_Sonatas_12-1,1,LOW,3384,0.3375897845171588,10024
Mozart/Piano_Sonatas/12-1/TET01.mid,piece_2323f9c5df0db023,Mozart,Piano_Sonatas_12-1,2,MID,1921,0.19164006384676777,10024
Mozart/Piano_Sonatas/12-1/TET01.mid,piece_2323f9c5df0db023,Mozart,Piano_Sonatas_12-1,3,HIGH,720,0.07182761372705507,10024
Mozart/Piano_Sonatas/12-1/TET01.mid,piece_2323f9c5df0db023,Mozart,Piano_Sonatas_12-1,4,FULL,934,0.09317637669592976,10024
Mozart/Piano_Sonatas/12-1/WuuE02M.mid,piece_2323f9c5df0db023,Mozart,Piano_Sonatas_12-1,0,ZERO,6945,0.6942223110755698,10004
Mozart/Piano_Sonatas/12-1/WuuE02M.mid,piece_2323f9c5df0db023,Mozart,Piano_Sonatas_12-1,1,LOW,979,0.0978608556577369,10004
Mozart/Piano_Sonatas/12-1/WuuE02M.mid,piece_2323f9c5df0db023,Mozart,Piano_Sonatas_12-1,2,MID,781,0.0780687724910036,10004
Mozart/Piano_Sonatas/12-1/WuuE02M.mid,piece_2323f9c5df0db023,Mozart,Piano_Sonatas_12-1,3,HIGH,131,0.013094762095161935,10004
Mozart/Piano_Sonatas/12-1/WuuE02M.mid,piece_2323f9c5df0db023,Mozart,Piano_Sonatas_12-1,4,FULL,1168,0.11675329868052779,10004
Mozart/Piano_Sonatas/12-3/BLINOV01.mid,piece_62bdfb3d64febf13,Mozart,Piano_Sonatas_12-3,0,ZERO,8165,0.6903111261413595,11828
Mozart/Piano_Sonatas/12-3/BLINOV01.mid,piece_62bdfb3d64febf13,Mozart,Piano_Sonatas_12-3,1,LOW,2002,0.16925938451132905,11828
Mozart/Piano_Sonatas/12-3/BLINOV01.mid,piece_62bdfb3d64febf13,Mozart,Piano_Sonatas_12-3,2,MID,460,0.038890767669935745,11828
Mozart/Piano_Sonatas/12-3/BLINOV01.mid,piece_62bdfb3d64febf13,Mozart,Piano_Sonatas_12-3,3,HIGH,436,0.0368616841393304,11828
Mozart/Piano_Sonatas/12-3/BLINOV01.mid,piece_62bdfb3d64febf13,Mozart,Piano_Sonatas_12-3,4,FULL,765,0.06467703753804531,11828
Mozart/Piano_Sonatas/12-3/MunA05M.mid,piece_62bdfb3d64febf13,Mozart,Piano_Sonatas_12-3,0,ZERO,6516,0.5512690355329949,11820
Mozart/Piano_Sonatas/12-3/MunA05M.mid,piece_62bdfb3d64febf13,Mozart,Piano_Sonatas_12-3,1,LOW,3723,0.3149746192893401,11820
Mozart/Piano_Sonatas/12-3/MunA05M.mid,piece_62bdfb3d64febf13,Mozart,Piano_Sonatas_12-3,2,MID,1216,0.10287648054145516,11820
Mozart/Piano_Sonatas/12-3/MunA05M.mid,piece_62bdfb3d64febf13,Mozart,Piano_Sonatas_12-3,3,HIGH,149,0.01260575296108291,11820
Mozart/Piano_Sonatas/12-3/MunA05M.mid,piece_62bdfb3d64febf13,Mozart,Piano_Sonatas_12-3,4,FULL,216,0.018274111675126905,11820
Mozart/Piano_Sonatas/12-3/WuuE04M.mid,piece_62bdfb3d64febf13,Mozart,Piano_Sonatas_12-3,0,ZERO,7546,0.6414484869092145,11764
Mozart/Piano_Sonatas/12-3/WuuE04M.mid,piece_62bdfb3d64febf13,Mozart,Piano_Sonatas_12-3,1,LOW,893,0.07590955457327439,11764
Mozart/Piano_Sonatas/12-3/WuuE04M.mid,piece_62bdfb3d64febf13,Mozart,Piano_Sonatas_12-3,2,MID,1404,0.11934716082964977,11764
Mozart/Piano_Sonatas/12-3/WuuE04M.mid,piece_62bdfb3d64febf13,Mozart,Piano_Sonatas_12-3,3,HIGH,234,0.019891193471608296,11764
Mozart/Piano_Sonatas/12-3/WuuE04M.mid,piece_62bdfb3d64febf13,Mozart,Piano_Sonatas_12-3,4,FULL,1687,0.14340360421625298,11764
Prokofiev/Toccata/Colafelice11.mid,piece_f4f57a06ccdf1eb7,Prokofiev,Toccata,0,ZERO,4707,0.2574945295404814,18280
Prokofiev/Toccata/Colafelice11.mid,piece_f4f57a06ccdf1eb7,Prokofiev,Toccata,1,LOW,4149,0.22696936542669585,18280
Prokofiev/Toccata/Colafelice11.mid,piece_f4f57a06ccdf1eb7,Prokofiev,Toccata,2,MID,5209,0.2849562363238512,18280
Prokofiev/Toccata/Colafelice11.mid,piece_f4f57a06ccdf1eb7,Prokofiev,Toccata,3,HIGH,767,0.041958424507658645,18280
Prokofiev/Toccata/Colafelice11.mid,piece_f4f57a06ccdf1eb7,Prokofiev,Toccata,4,FULL,3448,0.1886214442013129,18280
Prokofiev/Toccata/Dossin07.mid,piece_f4f57a06ccdf1eb7,Prokofiev,Toccata,0,ZERO,6329,0.3040449654112221,20816
Prokofiev/Toccata/Dossin07.mid,piece_f4f57a06ccdf1eb7,Prokofiev,Toccata,1,LOW,6903,0.33161990776325906,20816
Prokofiev/Toccata/Dossin07.mid,piece_f4f57a06ccdf1eb7,Prokofiev,Toccata,2,MID,3896,0.18716372021521907,20816
Prokofiev/Toccata/Dossin07.mid,piece_f4f57a06ccdf1eb7,Prokofiev,Toccata,3,HIGH,1209,0.05808032282859339,20816
Prokofiev/Toccata/Dossin07.mid,piece_f4f57a06ccdf1eb7,Prokofiev,Toccata,4,FULL,2479,0.11909108378170638,20816
Prokofiev/Toccata/Fab13.mid,piece_f4f57a06ccdf1eb7,Prokofiev,Toccata,0,ZERO,8427,0.44606182511115816,18892
Prokofiev/Toccata/Fab13.mid,piece_f4f57a06ccdf1eb7,Prokofiev,Toccata,1,LOW,7337,0.3883654456912979,18892
Prokofiev/Toccata/Fab13.mid,piece_f4f57a06ccdf1eb7,Prokofiev,Toccata,2,MID,2010,0.10639424094854966,18892
Prokofiev/Toccata/Fab13.mid,piece_f4f57a06ccdf1eb7,Prokofiev,Toccata,3,HIGH,238,0.012597925047639213,18892
Prokofiev/Toccata/Fab13.mid,piece_f4f57a06ccdf1eb7,Prokofiev,Toccata,4,FULL,880,0.04658056320135507,18892
Prokofiev/Toccata/Guo04.mid,piece_f4f57a06ccdf1eb7,Prokofiev,Toccata,0,ZERO,4548,0.22604373757455268,20120
Prokofiev/Toccata/Guo04.mid,piece_f4f57a06ccdf1eb7,Prokofiev,Toccata,1,LOW,10208,0.5073558648111332,20120
Prokofiev/Toccata/Guo04.mid,piece_f4f57a06ccdf1eb7,Prokofiev,Toccata,2,MID,1495,0.07430417495029822,20120
Prokofiev/Toccata/Guo04.mid,piece_f4f57a06ccdf1eb7,Prokofiev,Toccata,3,HIGH,388,0.019284294234592447,20120
Prokofiev/Toccata/Guo04.mid,piece_f4f57a06ccdf1eb7,Prokofiev,Toccata,4,FULL,3481,0.17301192842942345,20120
Prokofiev/Toccata/Kociuban16.mid,piece_f4f57a06ccdf1eb7,Prokofiev,Toccata,0,ZERO,13974,0.7213504026429899,19372
Prokofiev/Toccata/Kociuban16.mid,piece_f4f57a06ccdf1eb7,Prokofiev,Toccata,1,LOW,654,0.03376006607474706,19372
Prokofiev/Toccata/Kociuban16.mid,piece_f4f57a06ccdf1eb7,Prokofiev,Toccata,2,MID,3679,0.1899132768944869,19372
Prokofiev/Toccata/Kociuban16.mid,piece_f4f57a06ccdf1eb7,Prokofiev,Toccata,3,HIGH,557,0.028752839149287633,19372
Prokofiev/Toccata/Kociuban16.mid,piece_f4f57a06ccdf1eb7,Prokofiev,Toccata,4,FULL,508,0.02622341523848854,19372
Prokofiev/Toccata/Lin06.mid,piece_f4f57a06ccdf1eb7,Prokofiev,Toccata,0,ZERO,4933,0.26368398546076544,18708
Prokofiev/Toccata/Lin06.mid,piece_f4f57a06ccdf1eb7,Prokofiev,Toccata,1,LOW,4076,0.21787470600812486,18708
Prokofiev/Toccata/Lin06.mid,piece_f4f57a06ccdf1eb7,Prokofiev,Toccata,2,MID,3578,0.1912550780414796,18708
Prokofiev/Toccata/Lin06.mid,piece_f4f57a06ccdf1eb7,Prokofiev,Toccata,3,HIGH,2139,0.11433611289288005,18708
Prokofiev/Toccata/Lin06.mid,piece_f4f57a06ccdf1eb7,Prokofiev,Toccata,4,FULL,3982,0.21285011759675004,18708
Prokofiev/Toccata/Song04.mid,piece_f4f57a06ccdf1eb7,Prokofiev,Toccata,0,ZERO,2783,0.14706193193827943,18924
Prokofiev/Toccata/Song04.mid,piece_f4f57a06ccdf1eb7,Prokofiev,Toccata,1,LOW,11800,0.6235468188543648,18924
Prokofiev/Toccata/Song04.mid,piece_f4f57a06ccdf1eb7,Prokofiev,Toccata,2,MID,1645,0.08692665398435849,18924
Prokofiev/Toccata/Song04.mid,piece_f4f57a06ccdf1eb7,Prokofiev,Toccata,3,HIGH,168,0.008877615726062143,18924
Prokofiev/Toccata/Song04.mid,piece_f4f57a06ccdf1eb7,Prokofiev,Toccata,4,FULL,2528,0.1335869794969351,18924
Prokofiev/Toccata/Teo05.mid,piece_f4f57a06ccdf1eb7,Prokofiev,Toccata,0,ZERO,8156,0.4578935549068044,17812
Prokofiev/Toccata/Teo05.mid,piece_f4f57a06ccdf1eb7,Prokofiev,Toccata,1,LOW,2262,0.12699303840107792,17812
Prokofiev/Toccata/Teo05.mid,piece_f4f57a06ccdf1eb7,Prokofiev,Toccata,2,MID,1804,0.10128003593083315,17812
Prokofiev/Toccata/Teo05.mid,piece_f4f57a06ccdf1eb7,Prokofiev,Toccata,3,HIGH,318,0.017853132719514934,17812
Prokofiev/Toccata/Teo05.mid,piece_f4f57a06ccdf1eb7,Prokofiev,Toccata,4,FULL,5272,0.2959802380417696,17812
Rachmaninoff/Preludes_op_23/4/ChenGuang12M.mid,piece_79451a8df754f12a,Rachmaninoff,Preludes_op_23_4,0,ZERO,278,0.05129151291512915,5420
Rachmaninoff/Preludes_op_23/4/ChenGuang12M.mid,piece_79451a8df754f12a,Rachmaninoff,Preludes_op_23_4,1,LOW,120,0.02214022140221402,5420
Rachmaninoff/Preludes_op_23/4/ChenGuang12M.mid,piece_79451a8df754f12a,Rachmaninoff,Preludes_op_23_4,2,MID,329,0.06070110701107011,5420
Rachmaninoff/Preludes_op_23/4/ChenGuang12M.mid,piece_79451a8df754f12a,Rachmaninoff,Preludes_op_23_4,3,HIGH,67,0.012361623616236163,5420
Rachmaninoff/Preludes_op_23/4/ChenGuang12M.mid,piece_79451a8df754f12a,Rachmaninoff,Preludes_op_23_4,4,FULL,4626,0.8535055350553505,5420
Rachmaninoff/Preludes_op_23/4/MorozovS09.mid,piece_79451a8df754f12a,Rachmaninoff,Preludes_op_23_4,0,ZERO,13,0.0024163568773234202,5380
Rachmaninoff/Preludes_op_23/4/MorozovS09.mid,piece_79451a8df754f12a,Rachmaninoff,Preludes_op_23_4,1,LOW,302,0.056133828996282525,5380
Rachmaninoff/Preludes_op_23/4/MorozovS09.mid,piece_79451a8df754f12a,Rachmaninoff,Preludes_op_23_4,2,MID,489,0.09089219330855018,5380
Rachmaninoff/Preludes_op_23/4/MorozovS09.mid,piece_79451a8df754f12a,Rachmaninoff,Preludes_op_23_4,3,HIGH,249,0.04628252788104089,5380
Rachmaninoff/Preludes_op_23/4/MorozovS09.mid,piece_79451a8df754f12a,Rachmaninoff,Preludes_op_23_4,4,FULL,4327,0.804275092936803,5380
Rachmaninoff/Preludes_op_23/4/WuuE07M.mid,piece_79451a8df754f12a,Rachmaninoff,Preludes_op_23_4,0,ZERO,73,0.013578869047619048,5376
Rachmaninoff/Preludes_op_23/4/WuuE07M.mid,piece_79451a8df754f12a,Rachmaninoff,Preludes_op_23_4,1,LOW,241,0.04482886904761905,5376
Rachmaninoff/Preludes_op_23/4/WuuE07M.mid,piece_79451a8df754f12a,Rachmaninoff,Preludes_op_23_4,2,MID,357,0.06640625,5376
Rachmaninoff/Preludes_op_23/4/WuuE07M.mid,piece_79451a8df754f12a,Rachmaninoff,Preludes_op_23_4,3,HIGH,160,0.02976190476190476,5376
Rachmaninoff/Preludes_op_23/4/WuuE07M.mid,piece_79451a8df754f12a,Rachmaninoff,Preludes_op_23_4,4,FULL,4545,0.8454241071428571,5376
Rachmaninoff/Preludes_op_23/6/Nikiforov14M.mid,piece_2d487d6470e58ef3,Rachmaninoff,Preludes_op_23_6,0,ZERO,318,0.06370192307692307,4992
Rachmaninoff/Preludes_op_23/6/Nikiforov14M.mid,piece_2d487d6470e58ef3,Rachmaninoff,Preludes_op_23_6,1,LOW,278,0.05568910256410257,4992
Rachmaninoff/Preludes_op_23/6/Nikiforov14M.mid,piece_2d487d6470e58ef3,Rachmaninoff,Preludes_op_23_6,2,MID,1280,0.2564102564102564,4992
Rachmaninoff/Preludes_op_23/6/Nikiforov14M.mid,piece_2d487d6470e58ef3,Rachmaninoff,Preludes_op_23_6,3,HIGH,1210,0.2423878205128205,4992
Rachmaninoff/Preludes_op_23/6/Nikiforov14M.mid,piece_2d487d6470e58ef3,Rachmaninoff,Preludes_op_23_6,4,FULL,1906,0.3818108974358974,4992
Rachmaninoff/Preludes_op_32/10/FONG08.mid,piece_1a89b80df9a4090a,Rachmaninoff,Preludes_op_32_10,0,ZERO,10,0.0010656436487638534,9384
Rachmaninoff/Preludes_op_32/10/FONG08.mid,piece_1a89b80df9a4090a,Rachmaninoff,Preludes_op_32_10,1,LOW,173,0.018435635123614662,9384
Rachmaninoff/Preludes_op_32/10/FONG08.mid,piece_1a89b80df9a4090a,Rachmaninoff,Preludes_op_32_10,2,MID,619,0.06596334185848253,9384
Rachmaninoff/Preludes_op_32/10/FONG08.mid,piece_1a89b80df9a4090a,Rachmaninoff,Preludes_op_32_10,3,HIGH,4557,0.48561381074168797,9384
Rachmaninoff/Preludes_op_32/10/FONG08.mid,piece_1a89b80df9a4090a,Rachmaninoff,Preludes_op_32_10,4,FULL,4025,0.42892156862745096,9384
Rachmaninoff/Preludes_op_32/10/Floril03.mid,piece_1a89b80df9a4090a,Rachmaninoff,Preludes_op_32_10,0,ZERO,985,0.0916108630952381,10752
Rachmaninoff/Preludes_op_32/10/Floril03.mid,piece_1a89b80df9a4090a,Rachmaninoff,Preludes_op_32_10,1,LOW,1964,0.18266369047619047,10752
Rachmaninoff/Preludes_op_32/10/Floril03.mid,piece_1a89b80df9a4090a,Rachmaninoff,Preludes_op_32_10,2,MID,1986,0.18470982142857142,10752
Rachmaninoff/Preludes_op_32/10/Floril03.mid,piece_1a89b80df9a4090a,Rachmaninoff,Preludes_op_32_10,3,HIGH,230,0.021391369047619048,10752
Rachmaninoff/Preludes_op_32/10/Floril03.mid,piece_1a89b80df9a4090a,Rachmaninoff,Preludes_op_32_10,4,FULL,5587,0.5196242559523809,10752
Rachmaninoff/Preludes_op_32/5/KorchinskayaKogan03.mid,piece_3adc7a7f4bfa2a9b,Rachmaninoff,Preludes_op_32_5,0,ZERO,10,0.0017088174982911825,5852
Rachmaninoff/Preludes_op_32/5/KorchinskayaKogan03.mid,piece_3adc7a7f4bfa2a9b,Rachmaninoff,Preludes_op_32_5,1,LOW,148,0.025290498974709502,5852
Rachmaninoff/Preludes_op_32/5/KorchinskayaKogan03.mid,piece_3adc7a7f4bfa2a9b,Rachmaninoff,Preludes_op_32_5,2,MID,434,0.07416267942583732,5852
Rachmaninoff/Preludes_op_32/5/KorchinskayaKogan03.mid,piece_3adc7a7f4bfa2a9b,Rachmaninoff,Preludes_op_32_5,3,HIGH,1971,0.33680792891319206,5852
Rachmaninoff/Preludes_op_32/5/KorchinskayaKogan03.mid,piece_3adc7a7f4bfa2a9b,Rachmaninoff,Preludes_op_32_5,4,FULL,3289,0.5620300751879699,5852
Rachmaninoff/Preludes_op_32/5/Namirovsky06M.mid,piece_3adc7a7f4bfa2a9b,Rachmaninoff,Preludes_op_32_5,0,ZERO,0,0.0,5720
Rachmaninoff/Preludes_op_32/5/Namirovsky06M.mid,piece_3adc7a7f4bfa2a9b,Rachmaninoff,Preludes_op_32_5,1,LOW,289,0.050524475524475525,5720
Rachmaninoff/Preludes_op_32/5/Namirovsky06M.mid,piece_3adc7a7f4bfa2a9b,Rachmaninoff,Preludes_op_32_5,2,MID,2505,0.4379370629370629,5720
Rachmaninoff/Preludes_op_32/5/Namirovsky06M.mid,piece_3adc7a7f4bfa2a9b,Rachmaninoff,Preludes_op_32_5,3,HIGH,890,0.1555944055944056,5720
Rachmaninoff/Preludes_op_32/5/Namirovsky06M.mid,piece_3adc7a7f4bfa2a9b,Rachmaninoff,Preludes_op_32_5,4,FULL,2036,0.3559440559440559,5720
Ravel/Gaspard_de_la_Nuit/1_Ondine/Albright01.mid,piece_d1f013376dcbe4de,Ravel,Gaspard_de_la_Nuit_1_Ondine,0,ZERO,305,0.01724332881049299,17688
Ravel/Gaspard_de_la_Nuit/1_Ondine/Albright01.mid,piece_d1f013376dcbe4de,Ravel,Gaspard_de_la_Nuit_1_Ondine,1,LOW,1625,0.09187019448213478,17688
Ravel/Gaspard_de_la_Nuit/1_Ondine/Albright01.mid,piece_d1f013376dcbe4de,Ravel,Gaspard_de_la_Nuit_1_Ondine,2,MID,5591,0.31609000452284036,17688
Ravel/Gaspard_de_la_Nuit/1_Ondine/Albright01.mid,piece_d1f013376dcbe4de,Ravel,Gaspard_de_la_Nuit_1_Ondine,3,HIGH,2065,0.11674581637268204,17688
Ravel/Gaspard_de_la_Nuit/1_Ondine/Albright01.mid,piece_d1f013376dcbe4de,Ravel,Gaspard_de_la_Nuit_1_Ondine,4,FULL,8102,0.45805065581184984,17688
Ravel/Gaspard_de_la_Nuit/1_Ondine/GarritsonL05.mid,piece_d1f013376dcbe4de,Ravel,Gaspard_de_la_Nuit_1_Ondine,0,ZERO,163,0.009426324311820495,17292
Ravel/Gaspard_de_la_Nuit/1_Ondine/GarritsonL05.mid,piece_d1f013376dcbe4de,Ravel,Gaspard_de_la_Nuit_1_Ondine,1,LOW,325,0.018794818413139024,17292
Ravel/Gaspard_de_la_Nuit/1_Ondine/GarritsonL05.mid,piece_d1f013376dcbe4de,Ravel,Gaspard_de_la_Nuit_1_Ondine,2,MID,810,0.04684247050659265,17292
Ravel/Gaspard_de_la_Nuit/1_Ondine/GarritsonL05.mid,piece_d1f013376dcbe4de,Ravel,Gaspard_de_la_Nuit_1_Ondine,3,HIGH,114,0.00659264399722415,17292
Ravel/Gaspard_de_la_Nuit/1_Ondine/GarritsonL05.mid,piece_d1f013376dcbe4de,Ravel,Gaspard_de_la_Nuit_1_Ondine,4,FULL,15880,0.9183437427712237,17292
Ravel/Gaspard_de_la_Nuit/1_Ondine/KharselM09.mid,piece_d1f013376dcbe4de,Ravel,Gaspard_de_la_Nuit_1_Ondine,0,ZERO,331,0.017546649703138253,18864
Ravel/Gaspard_de_la_Nuit/1_Ondine/KharselM09.mid,piece_d1f013376dcbe4de,Ravel,Gaspard_de_la_Nuit_1_Ondine,1,LOW,153,0.008110687022900763,18864
Ravel/Gaspard_de_la_Nuit/1_Ondine/KharselM09.mid,piece_d1f013376dcbe4de,Ravel,Gaspard_de_la_Nuit_1_Ondine,2,MID,589,0.031223494486853267,18864
Ravel/Gaspard_de_la_Nuit/1_Ondine/KharselM09.mid,piece_d1f013376dcbe4de,Ravel,Gaspard_de_la_Nuit_1_Ondine,3,HIGH,202,0.010708227311280747,18864
Ravel/Gaspard_de_la_Nuit/1_Ondine/KharselM09.mid,piece_d1f013376dcbe4de,Ravel,Gaspard_de_la_Nuit_1_Ondine,4,FULL,17589,0.9324109414758269,18864
Ravel/Gaspard_de_la_Nuit/1_Ondine/KotysV11.mid,piece_d1f013376dcbe4de,Ravel,Gaspard_de_la_Nuit_1_Ondine,0,ZERO,223,0.012350465219317678,18056
Ravel/Gaspard_de_la_Nuit/1_Ondine/KotysV11.mid,piece_d1f013376dcbe4de,Ravel,Gaspard_de_la_Nuit_1_Ondine,1,LOW,637,0.035279131590607,18056
Ravel/Gaspard_de_la_Nuit/1_Ondine/KotysV11.mid,piece_d1f013376dcbe4de,Ravel,Gaspard_de_la_Nuit_1_Ondine,2,MID,5275,0.2921466548515729,18056
Ravel/Gaspard_de_la_Nuit/1_Ondine/KotysV11.mid,piece_d1f013376dcbe4de,Ravel,Gaspard_de_la_Nuit_1_Ondine,3,HIGH,3884,0.21510855117412495,18056
Ravel/Gaspard_de_la_Nuit/1_Ondine/KotysV11.mid,piece_d1f013376dcbe4de,Ravel,Gaspard_de_la_Nuit_1_Ondine,4,FULL,8037,0.4451151971643775,18056
Ravel/Gaspard_de_la_Nuit/1_Ondine/Ladid03.mid,piece_d1f013376dcbe4de,Ravel,Gaspard_de_la_Nuit_1_Ondine,0,ZERO,152,0.008309643560026241,18292
Ravel/Gaspard_de_la_Nuit/1_Ondine/Ladid03.mid,piece_d1f013376dcbe4de,Ravel,Gaspard_de_la_Nuit_1_Ondine,1,LOW,44,0.0024054231357970696,18292
Ravel/Gaspard_de_la_Nuit/1_Ondine/Ladid03.mid,piece_d1f013376dcbe4de,Ravel,Gaspard_de_la_Nuit_1_Ondine,2,MID,12114,0.6622567242510387,18292
Ravel/Gaspard_de_la_Nuit/1_Ondine/Ladid03.mid,piece_d1f013376dcbe4de,Ravel,Gaspard_de_la_Nuit_1_Ondine,3,HIGH,2697,0.14744150448283402,18292
Ravel/Gaspard_de_la_Nuit/1_Ondine/Ladid03.mid,piece_d1f013376dcbe4de,Ravel,Gaspard_de_la_Nuit_1_Ondine,4,FULL,3285,0.17958670457030396,18292
Ravel/Gaspard_de_la_Nuit/1_Ondine/LiYZ08.mid,piece_d1f013376dcbe4de,Ravel,Gaspard_de_la_Nuit_1_Ondine,0,ZERO,1,5.391416864351952e-05,18548
Ravel/Gaspard_de_la_Nuit/1_Ondine/LiYZ08.mid,piece_d1f013376dcbe4de,Ravel,Gaspard_de_la_Nuit_1_Ondine,1,LOW,429,0.023129178348069872,18548
Ravel/Gaspard_de_la_Nuit/1_Ondine/LiYZ08.mid,piece_d1f013376dcbe4de,Ravel,Gaspard_de_la_Nuit_1_Ondine,2,MID,3408,0.18373948673711452,18548
Ravel/Gaspard_de_la_Nuit/1_Ondine/LiYZ08.mid,piece_d1f013376dcbe4de,Ravel,Gaspard_de_la_Nuit_1_Ondine,3,HIGH,706,0.03806340306232478,18548
Ravel/Gaspard_de_la_Nuit/1_Ondine/LiYZ08.mid,piece_d1f013376dcbe4de,Ravel,Gaspard_de_la_Nuit_1_Ondine,4,FULL,14004,0.7550140176838473,18548
Ravel/Gaspard_de_la_Nuit/1_Ondine/WangY09.mid,piece_d1f013376dcbe4de,Ravel,Gaspard_de_la_Nuit_1_Ondine,0,ZERO,184,0.010304659498207885,17856
Ravel/Gaspard_de_la_Nuit/1_Ondine/WangY09.mid,piece_d1f013376dcbe4de,Ravel,Gaspard_de_la_Nuit_1_Ondine,1,LOW,281,0.015737007168458782,17856
Ravel/Gaspard_de_la_Nuit/1_Ondine/WangY09.mid,piece_d1f013376dcbe4de,Ravel,Gaspard_de_la_Nuit_1_Ondine,2,MID,1366,0.07650089605734767,17856
Ravel/Gaspard_de_la_Nuit/1_Ondine/WangY09.mid,piece_d1f013376dcbe4de,Ravel,Gaspard_de_la_Nuit_1_Ondine,3,HIGH,245,0.013720878136200716,17856
Ravel/Gaspard_de_la_Nuit/1_Ondine/WangY09.mid,piece_d1f013376dcbe4de,Ravel,Gaspard_de_la_Nuit_1_Ondine,4,FULL,15780,0.883736559139785,17856
Ravel/Miroirs/4_Alborada_del_gracioso/CHOE02.mid,piece_a955ad89ca51ceea,Ravel,Miroirs_4_Alborada_del_gracioso,0,ZERO,4312,0.2559962004274519,16844
Ravel/Miroirs/4_Alborada_del_gracioso/CHOE02.mid,piece_a955ad89ca51ceea,Ravel,Miroirs_4_Alborada_del_gracioso,1,LOW,1997,0.11855853716456899,16844
Ravel/Miroirs/4_Alborada_del_gracioso/CHOE02.mid,piece_a955ad89ca51ceea,Ravel,Miroirs_4_Alborada_del_gracioso,2,MID,997,0.05919021610068867,16844
Ravel/Miroirs/4_Alborada_del_gracioso/CHOE02.mid,piece_a955ad89ca51ceea,Ravel,Miroirs_4_Alborada_del_gracioso,3,HIGH,1292,0.07670387081453336,16844
Ravel/Miroirs/4_Alborada_del_gracioso/CHOE02.mid,piece_a955ad89ca51ceea,Ravel,Miroirs_4_Alborada_del_gracioso,4,FULL,8246,0.48955117549275706,16844
Ravel/Miroirs/4_Alborada_del_gracioso/Chan02.mid,piece_a955ad89ca51ceea,Ravel,Miroirs_4_Alborada_del_gracioso,0,ZERO,2693,0.16321212121212123,16500
Ravel/Miroirs/4_Alborada_del_gracioso/Chan02.mid,piece_a955ad89ca51ceea,Ravel,Miroirs_4_Alborada_del_gracioso,1,LOW,2590,0.15696969696969698,16500
Ravel/Miroirs/4_Alborada_del_gracioso/Chan02.mid,piece_a955ad89ca51ceea,Ravel,Miroirs_4_Alborada_del_gracioso,2,MID,685,0.04151515151515151,16500
Ravel/Miroirs/4_Alborada_del_gracioso/Chan02.mid,piece_a955ad89ca51ceea,Ravel,Miroirs_4_Alborada_del_gracioso,3,HIGH,236,0.014303030303030304,16500
Ravel/Miroirs/4_Alborada_del_gracioso/Chan02.mid,piece_a955ad89ca51ceea,Ravel,Miroirs_4_Alborada_del_gracioso,4,FULL,10296,0.624,16500
Ravel/Miroirs/4_Alborada_del_gracioso/DupreeF21.mid,piece_a955ad89ca51ceea,Ravel,Miroirs_4_Alborada_del_gracioso,0,ZERO,6202,0.35553772070626005,17444
Ravel/Miroirs/4_Alborada_del_gracioso/DupreeF21.mid,piece_a955ad89ca51ceea,Ravel,Miroirs_4_Alborada_del_gracioso,1,LOW,85,0.004872735611098372,17444
Ravel/Miroirs/4_Alborada_del_gracioso/DupreeF21.mid,piece_a955ad89ca51ceea,Ravel,Miroirs_4_Alborada_del_gracioso,2,MID,1890,0.10834670947030497,17444
Ravel/Miroirs/4_Alborada_del_gracioso/DupreeF21.mid,piece_a955ad89ca51ceea,Ravel,Miroirs_4_Alborada_del_gracioso,3,HIGH,302,0.01731254299472598,17444
Ravel/Miroirs/4_Alborada_del_gracioso/DupreeF21.mid,piece_a955ad89ca51ceea,Ravel,Miroirs_4_Alborada_del_gracioso,4,FULL,8965,0.5139302912176107,17444
Ravel/Miroirs/4_Alborada_del_gracioso/HUAN_J07.mid,piece_a955ad89ca51ceea,Ravel,Miroirs_4_Alborada_del_gracioso,0,ZERO,4804,0.28047641289117237,17128
Ravel/Miroirs/4_Alborada_del_gracioso/HUAN_J07.mid,piece_a955ad89ca51ceea,Ravel,Miroirs_4_Alborada_del_gracioso,1,LOW,2088,0.1219056515646894,17128
Ravel/Miroirs/4_Alborada_del_gracioso/HUAN_J07.mid,piece_a955ad89ca51ceea,Ravel,Miroirs_4_Alborada_del_gracioso,2,MID,2005,0.1170597851471275,17128
Ravel/Miroirs/4_Alborada_del_gracioso/HUAN_J07.mid,piece_a955ad89ca51ceea,Ravel,Miroirs_4_Alborada_del_gracioso,3,HIGH,4295,0.2507589911256422,17128
Ravel/Miroirs/4_Alborada_del_gracioso/HUAN_J07.mid,piece_a955ad89ca51ceea,Ravel,Miroirs_4_Alborada_del_gracioso,4,FULL,3936,0.2297991592713685,17128
Ravel/Miroirs/4_Alborada_del_gracioso/KimHJ09.mid,piece_a955ad89ca51ceea,Ravel,Miroirs_4_Alborada_del_gracioso,0,ZERO,6066,0.3699682849475482,16396
Ravel/Miroirs/4_Alborada_del_gracioso/KimHJ09.mid,piece_a955ad89ca51ceea,Ravel,Miroirs_4_Alborada_del_gracioso,1,LOW,779,0.04751158819224201,16396
Ravel/Miroirs/4_Alborada_del_gracioso/KimHJ09.mid,piece_a955ad89ca51ceea,Ravel,Miroirs_4_Alborada_del_gracioso,2,MID,946,0.057696999268114176,16396
Ravel/Miroirs/4_Alborada_del_gracioso/KimHJ09.mid,piece_a955ad89ca51ceea,Ravel,Miroirs_4_Alborada_del_gracioso,3,HIGH,172,0.010490363503293486,16396
Ravel/Miroirs/4_Alborada_del_gracioso/KimHJ09.mid,piece_a955ad89ca51ceea,Ravel,Miroirs_4_Alborada_del_gracioso,4,FULL,8433,0.5143327640888021,16396
Ravel/Miroirs/4_Alborada_del_gracioso/LeeN11.mid,piece_a955ad89ca51ceea,Ravel,Miroirs_4_Alborada_del_gracioso,0,ZERO,7092,0.4571944301186178,15512
Ravel/Miroirs/4_Alborada_del_gracioso/LeeN11.mid,piece_a955ad89ca51ceea,Ravel,Miroirs_4_Alborada_del_gracioso,1,LOW,1050,0.06768953068592058,15512
Ravel/Miroirs/4_Alborada_del_gracioso/LeeN11.mid,piece_a955ad89ca51ceea,Ravel,Miroirs_4_Alborada_del_gracioso,2,MID,1133,0.07304022692109334,15512
Ravel/Miroirs/4_Alborada_del_gracioso/LeeN11.mid,piece_a955ad89ca51ceea,Ravel,Miroirs_4_Alborada_del_gracioso,3,HIGH,372,0.02398143372872615,15512
Ravel/Miroirs/4_Alborada_del_gracioso/LeeN11.mid,piece_a955ad89ca51ceea,Ravel,Miroirs_4_Alborada_del_gracioso,4,FULL,5865,0.3780943785456421,15512
Ravel/Miroirs/4_Alborada_del_gracioso/Shamray04.mid,piece_a955ad89ca51ceea,Ravel,Miroirs_4_Alborada_del_gracioso,0,ZERO,5183,0.3037388654477262,17064
Ravel/Miroirs/4_Alborada_del_gracioso/Shamray04.mid,piece_a955ad89ca51ceea,Ravel,Miroirs_4_Alborada_del_gracioso,1,LOW,1267,0.0742498827941866,17064
Ravel/Miroirs/4_Alborada_del_gracioso/Shamray04.mid,piece_a955ad89ca51ceea,Ravel,Miroirs_4_Alborada_del_gracioso,2,MID,2502,0.14662447257383968,17064
Ravel/Miroirs/4_Alborada_del_gracioso/Shamray04.mid,piece_a955ad89ca51ceea,Ravel,Miroirs_4_Alborada_del_gracioso,3,HIGH,1074,0.0629395218002813,17064
Ravel/Miroirs/4_Alborada_del_gracioso/Shamray04.mid,piece_a955ad89ca51ceea,Ravel,Miroirs_4_Alborada_del_gracioso,4,FULL,7038,0.41244725738396626,17064
Ravel/Miroirs/4_Alborada_del_gracioso/Shamray08.mid,piece_a955ad89ca51ceea,Ravel,Miroirs_4_Alborada_del_gracioso,0,ZERO,4173,0.24610757254069357,16956
Ravel/Miroirs/4_Alborada_del_gracioso/Shamray08.mid,piece_a955ad89ca51ceea,Ravel,Miroirs_4_Alborada_del_gracioso,1,LOW,1972,0.11630101439018636,16956
Ravel/Miroirs/4_Alborada_del_gracioso/Shamray08.mid,piece_a955ad89ca51ceea,Ravel,Miroirs_4_Alborada_del_gracioso,2,MID,2154,0.127034677990092,16956
Ravel/Miroirs/4_Alborada_del_gracioso/Shamray08.mid,piece_a955ad89ca51ceea,Ravel,Miroirs_4_Alborada_del_gracioso,3,HIGH,625,0.03686010851615947,16956
Ravel/Miroirs/4_Alborada_del_gracioso/Shamray08.mid,piece_a955ad89ca51ceea,Ravel,Miroirs_4_Alborada_del_gracioso,4,FULL,8032,0.4736966265628686,16956
Ravel/Miroirs/4_Alborada_del_gracioso/ShevchenkoO08.mid,piece_a955ad89ca51ceea,Ravel,Miroirs_4_Alborada_del_gracioso,0,ZERO,6558,0.4029245514868518,16276
Ravel/Miroirs/4_Alborada_del_gracioso/ShevchenkoO08.mid,piece_a955ad89ca51ceea,Ravel,Miroirs_4_Alborada_del_gracioso,1,LOW,655,0.04024330302285574,16276
Ravel/Miroirs/4_Alborada_del_gracioso/ShevchenkoO08.mid,piece_a955ad89ca51ceea,Ravel,Miroirs_4_Alborada_del_gracioso,2,MID,1363,0.08374293438191202,16276
Ravel/Miroirs/4_Alborada_del_gracioso/ShevchenkoO08.mid,piece_a955ad89ca51ceea,Ravel,Miroirs_4_Alborada_del_gracioso,3,HIGH,220,0.013516834603096583,16276
Ravel/Miroirs/4_Alborada_del_gracioso/ShevchenkoO08.mid,piece_a955ad89ca51ceea,Ravel,Miroirs_4_Alborada_del_gracioso,4,FULL,7480,0.4595723765052839,16276
Ravel/Miroirs/4_Alborada_del_gracioso/Zhdanov09.mid,piece_a955ad89ca51ceea,Ravel,Miroirs_4_Alborada_del_gracioso,0,ZERO,2515,0.14984509056244041,16784
Ravel/Miroirs/4_Alborada_del_gracioso/Zhdanov09.mid,piece_a955ad89ca51ceea,Ravel,Miroirs_4_Alborada_del_gracioso,1,LOW,2830,0.1686129647283127,16784
Ravel/Miroirs/4_Alborada_del_gracioso/Zhdanov09.mid,piece_a955ad89ca51ceea,Ravel,Miroirs_4_Alborada_del_gracioso,2,MID,4185,0.24934461391801716,16784
Ravel/Miroirs/4_Alborada_del_gracioso/Zhdanov09.mid,piece_a955ad89ca51ceea,Ravel,Miroirs_4_Alborada_del_gracioso,3,HIGH,1330,0.0792421353670162,16784
Ravel/Miroirs/4_Alborada_del_gracioso/Zhdanov09.mid,piece_a955ad89ca51ceea,Ravel,Miroirs_4_Alborada_del_gracioso,4,FULL,5924,0.35295519542421355,16784
Schubert/Impromptu_op.90_D.899/1/Duepree08M.mid,piece_2430af0e4556b7f2,Schubert,Impromptu_op.90_D.899_1,0,ZERO,3042,0.15307971014492755,19872
Schubert/Impromptu_op.90_D.899/1/Duepree08M.mid,piece_2430af0e4556b7f2,Schubert,Impromptu_op.90_D.899_1,1,LOW,1906,0.09591384863123993,19872
Schubert/Impromptu_op.90_D.899/1/Duepree08M.mid,piece_2430af0e4556b7f2,Schubert,Impromptu_op.90_D.899_1,2,MID,9002,0.45299919484702095,19872
Schubert/Impromptu_op.90_D.899/1/Duepree08M.mid,piece_2430af0e4556b7f2,Schubert,Impromptu_op.90_D.899_1,3,HIGH,4790,0.2410426731078905,19872
Schubert/Impromptu_op.90_D.899/1/Duepree08M.mid,piece_2430af0e4556b7f2,Schubert,Impromptu_op.90_D.899_1,4,FULL,1132,0.0569645732689211,19872
Schubert/Impromptu_op.90_D.899/1/Jin05M.mid,piece_2430af0e4556b7f2,Schubert,Impromptu_op.90_D.899_1,0,ZERO,4369,0.2221374822045963,19668
Schubert/Impromptu_op.90_D.899/1/Jin05M.mid,piece_2430af0e4556b7f2,Schubert,Impromptu_op.90_D.899_1,1,LOW,1288,0.0654870856213138,19668
Schubert/Impromptu_op.90_D.899/1/Jin05M.mid,piece_2430af0e4556b7f2,Schubert,Impromptu_op.90_D.899_1,2,MID,2122,0.10789099044132601,19668
Schubert/Impromptu_op.90_D.899/1/Jin05M.mid,piece_2430af0e4556b7f2,Schubert,Impromptu_op.90_D.899_1,3,HIGH,402,0.02043929225137279,19668
Schubert/Impromptu_op.90_D.899/1/Jin05M.mid,piece_2430af0e4556b7f2,Schubert,Impromptu_op.90_D.899_1,4,FULL,11487,0.5840451494813911,19668
Schubert/Impromptu_op.90_D.899/1/Sun03.mid,piece_2430af0e4556b7f2,Schubert,Impromptu_op.90_D.899_1,0,ZERO,465,0.023404469498691363,19868
Schubert/Impromptu_op.90_D.899/1/Sun03.mid,piece_2430af0e4556b7f2,Schubert,Impromptu_op.90_D.899_1,1,LOW,1516,0.07630360378498087,19868
Schubert/Impromptu_op.90_D.899/1/Sun03.mid,piece_2430af0e4556b7f2,Schubert,Impromptu_op.90_D.899_1,2,MID,6287,0.31643849406080127,19868
Schubert/Impromptu_op.90_D.899/1/Sun03.mid,piece_2430af0e4556b7f2,Schubert,Impromptu_op.90_D.899_1,3,HIGH,5222,0.2628347090799275,19868
Schubert/Impromptu_op.90_D.899/1/Sun03.mid,piece_2430af0e4556b7f2,Schubert,Impromptu_op.90_D.899_1,4,FULL,6378,0.32101872357559896,19868
Schubert/Impromptu_op.90_D.899/1/Teo06M.mid,piece_2430af0e4556b7f2,Schubert,Impromptu_op.90_D.899_1,0,ZERO,1412,0.07278350515463917,19400
Schubert/Impromptu_op.90_D.899/1/Teo06M.mid,piece_2430af0e4556b7f2,Schubert,Impromptu_op.90_D.899_1,1,LOW,3156,0.162680412371134,19400
Schubert/Impromptu_op.90_D.899/1/Teo06M.mid,piece_2430af0e4556b7f2,Schubert,Impromptu_op.90_D.899_1,2,MID,5181,0.2670618556701031,19400
Schubert/Impromptu_op.90_D.899/1/Teo06M.mid,piece_2430af0e4556b7f2,Schubert,Impromptu_op.90_D.899_1,3,HIGH,1954,0.10072164948453609,19400
Schubert/Impromptu_op.90_D.899/1/Teo06M.mid,piece_2430af0e4556b7f2,Schubert,Impromptu_op.90_D.899_1,4,FULL,7697,0.39675257731958763,19400
Schubert/Impromptu_op.90_D.899/2/Denisova11M.mid,piece_bd8e83041b17355e,Schubert,Impromptu_op.90_D.899_2,0,ZERO,2039,0.1617740399873056,12604
Schubert/Impromptu_op.90_D.899/2/Denisova11M.mid,piece_bd8e83041b17355e,Schubert,Impromptu_op.90_D.899_2,1,LOW,380,0.030149158997143762,12604
Schubert/Impromptu_op.90_D.899/2/Denisova11M.mid,piece_bd8e83041b17355e,Schubert,Impromptu_op.90_D.899_2,2,MID,4452,0.35322119961916854,12604
Schubert/Impromptu_op.90_D.899/2/Denisova11M.mid,piece_bd8e83041b17355e,Schubert,Impromptu_op.90_D.899_2,3,HIGH,3360,0.26658203744842907,12604
Schubert/Impromptu_op.90_D.899/2/Denisova11M.mid,piece_bd8e83041b17355e,Schubert,Impromptu_op.90_D.899_2,4,FULL,2373,0.18827356394795303,12604
Schubert/Impromptu_op.90_D.899/2/Dossin03.mid,piece_bd8e83041b17355e,Schubert,Impromptu_op.90_D.899_2,0,ZERO,596,0.04688483322844556,12712
Schubert/Impromptu_op.90_D.899/2/Dossin03.mid,piece_bd8e83041b17355e,Schubert,Impromptu_op.90_D.899_2,1,LOW,1674,0.13168659534298302,12712
Schubert/Impromptu_op.90_D.899/2/Dossin03.mid,piece_bd8e83041b17355e,Schubert,Impromptu_op.90_D.899_2,2,MID,5994,0.4715229704216488,12712
Schubert/Impromptu_op.90_D.899/2/Dossin03.mid,piece_bd8e83041b17355e,Schubert,Impromptu_op.90_D.899_2,3,HIGH,2584,0.20327249842668346,12712
Schubert/Impromptu_op.90_D.899/2/Dossin03.mid,piece_bd8e83041b17355e,Schubert,Impromptu_op.90_D.899_2,4,FULL,1864,0.14663310258023915,12712
Schubert/Impromptu_op.90_D.899/2/FaB06M.mid,piece_bd8e83041b17355e,Schubert,Impromptu_op.90_D.899_2,0,ZERO,1281,0.10182829888712241,12580
Schubert/Impromptu_op.90_D.899/2/FaB06M.mid,piece_bd8e83041b17355e,Schubert,Impromptu_op.90_D.899_2,1,LOW,8769,0.6970588235294117,12580
Schubert/Impromptu_op.90_D.899/2/FaB06M.mid,piece_bd8e83041b17355e,Schubert,Impromptu_op.90_D.899_2,2,MID,2431,0.19324324324324324,12580
Schubert/Impromptu_op.90_D.899/2/FaB06M.mid,piece_bd8e83041b17355e,Schubert,Impromptu_op.90_D.899_2,3,HIGH,87,0.006915739268680445,12580
Schubert/Impromptu_op.90_D.899/2/FaB06M.mid,piece_bd8e83041b17355e,Schubert,Impromptu_op.90_D.899_2,4,FULL,12,0.0009538950715421304,12580
Schubert/Impromptu_op.90_D.899/2/HuNY06M.mid,piece_bd8e83041b17355e,Schubert,Impromptu_op.90_D.899_2,0,ZERO,2066,0.16391621707394477,12604
Schubert/Impromptu_op.90_D.899/2/HuNY06M.mid,piece_bd8e83041b17355e,Schubert,Impromptu_op.90_D.899_2,1,LOW,1613,0.1279752459536655,12604
Schubert/Impromptu_op.90_D.899/2/HuNY06M.mid,piece_bd8e83041b17355e,Schubert,Impromptu_op.90_D.899_2,2,MID,1772,0.14059028879720722,12604
Schubert/Impromptu_op.90_D.899/2/HuNY06M.mid,piece_bd8e83041b17355e,Schubert,Impromptu_op.90_D.899_2,3,HIGH,527,0.04181212313551254,12604
Schubert/Impromptu_op.90_D.899/2/HuNY06M.mid,piece_bd8e83041b17355e,Schubert,Impromptu_op.90_D.899_2,4,FULL,6626,0.52570612503967,12604
Schubert/Impromptu_op.90_D.899/2/KaiRuiR05M.mid,piece_bd8e83041b17355e,Schubert,Impromptu_op.90_D.899_2,0,ZERO,1598,0.1267047256581034,12612
Schubert/Impromptu_op.90_D.899/2/KaiRuiR05M.mid,piece_bd8e83041b17355e,Schubert,Impromptu_op.90_D.899_2,1,LOW,3484,0.27624484617824296,12612
Schubert/Impromptu_op.90_D.899/2/KaiRuiR05M.mid,piece_bd8e83041b17355e,Schubert,Impromptu_op.90_D.899_2,2,MID,3256,0.25816682524579765,12612
Schubert/Impromptu_op.90_D.899/2/KaiRuiR05M.mid,piece_bd8e83041b17355e,Schubert,Impromptu_op.90_D.899_2,3,HIGH,393,0.03116079923882017,12612
Schubert/Impromptu_op.90_D.899/2/KaiRuiR05M.mid,piece_bd8e83041b17355e,Schubert,Impromptu_op.90_D.899_2,4,FULL,3881,0.3077228036790358,12612
Schubert/Impromptu_op.90_D.899/2/Levitsky09M.mid,piece_bd8e83041b17355e,Schubert,Impromptu_op.90_D.899_2,0,ZERO,4385,0.3518132220795892,12464
Schubert/Impromptu_op.90_D.899/2/Levitsky09M.mid,piece_bd8e83041b17355e,Schubert,Impromptu_op.90_D.899_2,1,LOW,681,0.054637355584082156,12464
Schubert/Impromptu_op.90_D.899/2/Levitsky09M.mid,piece_bd8e83041b17355e,Schubert,Impromptu_op.90_D.899_2,2,MID,2528,0.20282413350449294,12464
Schubert/Impromptu_op.90_D.899/2/Levitsky09M.mid,piece_bd8e83041b17355e,Schubert,Impromptu_op.90_D.899_2,3,HIGH,1848,0.14826700898587933,12464
Schubert/Impromptu_op.90_D.899/2/Levitsky09M.mid,piece_bd8e83041b17355e,Schubert,Impromptu_op.90_D.899_2,4,FULL,3022,0.24245827984595636,12464
Schubert/Impromptu_op.90_D.899/2/Nikiforov09M.mid,piece_bd8e83041b17355e,Schubert,Impromptu_op.90_D.899_2,0,ZERO,1917,0.1535073670723895,12488
Schubert/Impromptu_op.90_D.899/2/Nikiforov09M.mid,piece_bd8e83041b17355e,Schubert,Impromptu_op.90_D.899_2,1,LOW,3117,0.24959961563100577,12488
Schubert/Impromptu_op.90_D.899/2/Nikiforov09M.mid,piece_bd8e83041b17355e,Schubert,Impromptu_op.90_D.899_2,2,MID,3176,0.25432415118513774,12488
Schubert/Impromptu_op.90_D.899/2/Nikiforov09M.mid,piece_bd8e83041b17355e,Schubert,Impromptu_op.90_D.899_2,3,HIGH,1471,0.11779308135810378,12488
Schubert/Impromptu_op.90_D.899/2/Nikiforov09M.mid,piece_bd8e83041b17355e,Schubert,Impromptu_op.90_D.899_2,4,FULL,2807,0.22477578475336324,12488
Schubert/Impromptu_op.90_D.899/3/Hou06M.mid,piece_ac9e8f67567352c5,Schubert,Impromptu_op.90_D.899_3,0,ZERO,353,0.03411287205257055,10348
Schubert/Impromptu_op.90_D.899/3/Hou06M.mid,piece_ac9e8f67567352c5,Schubert,Impromptu_op.90_D.899_3,1,LOW,1215,0.11741399304213375,10348
Schubert/Impromptu_op.90_D.899/3/Hou06M.mid,piece_ac9e8f67567352c5,Schubert,Impromptu_op.90_D.899_3,2,MID,3724,0.3598763045999227,10348
Schubert/Impromptu_op.90_D.899/3/Hou06M.mid,piece_ac9e8f67567352c5,Schubert,Impromptu_op.90_D.899_3,3,HIGH,783,0.07566679551604175,10348
Schubert/Impromptu_op.90_D.899/3/Hou06M.mid,piece_ac9e8f67567352c5,Schubert,Impromptu_op.90_D.899_3,4,FULL,4273,0.41293003478933127,10348
Schubert/Impromptu_op.90_D.899/3/JeonH06M.mid,piece_ac9e8f67567352c5,Schubert,Impromptu_op.90_D.899_3,0,ZERO,106,0.010311284046692607,10280
Schubert/Impromptu_op.90_D.899/3/JeonH06M.mid,piece_ac9e8f67567352c5,Schubert,Impromptu_op.90_D.899_3,1,LOW,792,0.07704280155642024,10280
Schubert/Impromptu_op.90_D.899/3/JeonH06M.mid,piece_ac9e8f67567352c5,Schubert,Impromptu_op.90_D.899_3,2,MID,811,0.07889105058365758,10280
Schubert/Impromptu_op.90_D.899/3/JeonH06M.mid,piece_ac9e8f67567352c5,Schubert,Impromptu_op.90_D.899_3,3,HIGH,256,0.024902723735408562,10280
Schubert/Impromptu_op.90_D.899/3/JeonH06M.mid,piece_ac9e8f67567352c5,Schubert,Impromptu_op.90_D.899_3,4,FULL,8315,0.808852140077821,10280
Schubert/Impromptu_op.90_D.899/3/Ko08M.mid,piece_ac9e8f67567352c5,Schubert,Impromptu_op.90_D.899_3,0,ZERO,642,0.06291650333202665,10204
Schubert/Impromptu_op.90_D.899/3/Ko08M.mid,piece_ac9e8f67567352c5,Schubert,Impromptu_op.90_D.899_3,1,LOW,126,0.012348098784790278,10204
Schubert/Impromptu_op.90_D.899/3/Ko08M.mid,piece_ac9e8f67567352c5,Schubert,Impromptu_op.90_D.899_3,2,MID,631,0.061838494707957666,10204
Schubert/Impromptu_op.90_D.899/3/Ko08M.mid,piece_ac9e8f67567352c5,Schubert,Impromptu_op.90_D.899_3,3,HIGH,1179,0.11554292434339475,10204
Schubert/Impromptu_op.90_D.899/3/Ko08M.mid,piece_ac9e8f67567352c5,Schubert,Impromptu_op.90_D.899_3,4,FULL,7626,0.7473539788318306,10204
Schubert/Impromptu_op.90_D.899/3/Kociuban10M.mid,piece_ac9e8f67567352c5,Schubert,Impromptu_op.90_D.899_3,0,ZERO,597,0.05724971231300345,10428
Schubert/Impromptu_op.90_D.899/3/Kociuban10M.mid,piece_ac9e8f67567352c5,Schubert,Impromptu_op.90_D.899_3,1,LOW,740,0.07096279248177982,10428
Schubert/Impromptu_op.90_D.899/3/Kociuban10M.mid,piece_ac9e8f67567352c5,Schubert,Impromptu_op.90_D.899_3,2,MID,7444,0.7138473341004986,10428
Schubert/Impromptu_op.90_D.899/3/Kociuban10M.mid,piece_ac9e8f67567352c5,Schubert,Impromptu_op.90_D.899_3,3,HIGH,1508,0.14461066359800537,10428
Schubert/Impromptu_op.90_D.899/3/Kociuban10M.mid,piece_ac9e8f67567352c5,Schubert,Impromptu_op.90_D.899_3,4,FULL,139,0.013329497506712697,10428
Schubert/Impromptu_op.90_D.899/3/LEE_K04M.mid,piece_ac9e8f67567352c5,Schubert,Impromptu_op.90_D.899_3,0,ZERO,73,0.00709013209013209,10296
Schubert/Impromptu_op.90_D.899/3/LEE_K04M.mid,piece_ac9e8f67567352c5,Schubert,Impromptu_op.90_D.899_3,1,LOW,620,0.060217560217560216,10296
Schubert/Impromptu_op.90_D.899/3/LEE_K04M.mid,piece_ac9e8f67567352c5,Schubert,Impromptu_op.90_D.899_3,2,MID,813,0.07896270396270397,10296
Schubert/Impromptu_op.90_D.899/3/LEE_K04M.mid,piece_ac9e8f67567352c5,Schubert,Impromptu_op.90_D.899_3,3,HIGH,5335,0.5181623931623932,10296
Schubert/Impromptu_op.90_D.899/3/LEE_K04M.mid,piece_ac9e8f67567352c5,Schubert,Impromptu_op.90_D.899_3,4,FULL,3455,0.33556721056721056,10296
Schubert/Impromptu_op.90_D.899/3/LeeSH08M.mid,piece_ac9e8f67567352c5,Schubert,Impromptu_op.90_D.899_3,0,ZERO,250,0.024338006230529594,10272
Schubert/Impromptu_op.90_D.899/3/LeeSH08M.mid,piece_ac9e8f67567352c5,Schubert,Impromptu_op.90_D.899_3,1,LOW,523,0.050915109034267915,10272
Schubert/Impromptu_op.90_D.899/3/LeeSH08M.mid,piece_ac9e8f67567352c5,Schubert,Impromptu_op.90_D.899_3,2,MID,1069,0.10406931464174454,10272
Schubert/Impromptu_op.90_D.899/3/LeeSH08M.mid,piece_ac9e8f67567352c5,Schubert,Impromptu_op.90_D.899_3,3,HIGH,750,0.07301401869158879,10272
Schubert/Impromptu_op.90_D.899/3/LeeSH08M.mid,piece_ac9e8f67567352c5,Schubert,Impromptu_op.90_D.899_3,4,FULL,7680,0.7476635514018691,10272
Schubert/Impromptu_op.90_D.899/3/Mizumoto07M.mid,piece_ac9e8f67567352c5,Schubert,Impromptu_op.90_D.899_3,0,ZERO,179,0.017779102105681368,10068
Schubert/Impromptu_op.90_D.899/3/Mizumoto07M.mid,piece_ac9e8f67567352c5,Schubert,Impromptu_op.90_D.899_3,1,LOW,717,0.07121573301549464,10068
Schubert/Impromptu_op.90_D.899/3/Mizumoto07M.mid,piece_ac9e8f67567352c5,Schubert,Impromptu_op.90_D.899_3,2,MID,3033,0.30125148986889155,10068
Schubert/Impromptu_op.90_D.899/3/Mizumoto07M.mid,piece_ac9e8f67567352c5,Schubert,Impromptu_op.90_D.899_3,3,HIGH,1253,0.12445371473976957,10068
Schubert/Impromptu_op.90_D.899/3/Mizumoto07M.mid,piece_ac9e8f67567352c5,Schubert,Impromptu_op.90_D.899_3,4,FULL,4886,0.48529996027016287,10068
Schubert/Impromptu_op.90_D.899/3/Sham06.mid,piece_ac9e8f67567352c5,Schubert,Impromptu_op.90_D.899_3,0,ZERO,140,0.01368791552600704,10228
Schubert/Impromptu_op.90_D.899/3/Sham06.mid,piece_ac9e8f67567352c5,Schubert,Impromptu_op.90_D.899_3,1,LOW,1201,0.11742276104810324,10228
Schubert/Impromptu_op.90_D.899/3/Sham06.mid,piece_ac9e8f67567352c5,Schubert,Impromptu_op.90_D.899_3,2,MID,1396,0.13648807195932733,10228
Schubert/Impromptu_op.90_D.899/3/Sham06.mid,piece_ac9e8f67567352c5,Schubert,Impromptu_op.90_D.899_3,3,HIGH,444,0.04341024638247947,10228
Schubert/Impromptu_op.90_D.899/3/Sham06.mid,piece_ac9e8f67567352c5,Schubert,Impromptu_op.90_D.899_3,4,FULL,7047,0.688991005084083,10228
Schubert/Impromptu_op.90_D.899/3/Woo10M.mid,piece_ac9e8f67567352c5,Schubert,Impromptu_op.90_D.899_3,0,ZERO,650,0.06420387198735678,10124
Schubert/Impromptu_op.90_D.899/3/Woo10M.mid,piece_ac9e8f67567352c5,Schubert,Impromptu_op.90_D.899_3,1,LOW,241,0.023804820229158436,10124
Schubert/Impromptu_op.90_D.899/3/Woo10M.mid,piece_ac9e8f67567352c5,Schubert,Impromptu_op.90_D.899_3,2,MID,5146,0.50829711576452,10124
Schubert/Impromptu_op.90_D.899/3/Woo10M.mid,piece_ac9e8f67567352c5,Schubert,Impromptu_op.90_D.899_3,3,HIGH,3152,0.3113393915448439,10124
Schubert/Impromptu_op.90_D.899/3/Woo10M.mid,piece_ac9e8f67567352c5,Schubert,Impromptu_op.90_D.899_3,4,FULL,935,0.0923548004741209,10124
Schubert/Impromptu_op.90_D.899/3/WuuE10M.mid,piece_ac9e8f67567352c5,Schubert,Impromptu_op.90_D.899_3,0,ZERO,134,0.013065522620904836,10256
Schubert/Impromptu_op.90_D.899/3/WuuE10M.mid,piece_ac9e8f67567352c5,Schubert,Impromptu_op.90_D.899_3,1,LOW,788,0.07683307332293292,10256
Schubert/Impromptu_op.90_D.899/3/WuuE10M.mid,piece_ac9e8f67567352c5,Schubert,Impromptu_op.90_D.899_3,2,MID,1541,0.1502535101404056,10256
Schubert/Impromptu_op.90_D.899/3/WuuE10M.mid,piece_ac9e8f67567352c5,Schubert,Impromptu_op.90_D.899_3,3,HIGH,532,0.05187207488299532,10256
Schubert/Impromptu_op.90_D.899/3/WuuE10M.mid,piece_ac9e8f67567352c5,Schubert,Impromptu_op.90_D.899_3,4,FULL,7261,0.7079758190327613,10256
Schubert/Impromptu_op.90_D.899/3/ZhangW07M.mid,piece_ac9e8f67567352c5,Schubert,Impromptu_op.90_D.899_3,0,ZERO,352,0.03413498836307215,10312
Schubert/Impromptu_op.90_D.899/3/ZhangW07M.mid,piece_ac9e8f67567352c5,Schubert,Impromptu_op.90_D.899_3,1,LOW,1324,0.12839410395655548,10312
Schubert/Impromptu_op.90_D.899/3/ZhangW07M.mid,piece_ac9e8f67567352c5,Schubert,Impromptu_op.90_D.899_3,2,MID,5946,0.5766097750193949,10312
Schubert/Impromptu_op.90_D.899/3/ZhangW07M.mid,piece_ac9e8f67567352c5,Schubert,Impromptu_op.90_D.899_3,3,HIGH,1230,0.11927851047323507,10312
Schubert/Impromptu_op.90_D.899/3/ZhangW07M.mid,piece_ac9e8f67567352c5,Schubert,Impromptu_op.90_D.899_3,4,FULL,1460,0.14158262218774242,10312
Schubert/Impromptu_op.90_D.899/3/ZhaoK10M.mid,piece_ac9e8f67567352c5,Schubert,Impromptu_op.90_D.899_3,0,ZERO,11,0.0010675465838509317,10304
Schubert/Impromptu_op.90_D.899/3/ZhaoK10M.mid,piece_ac9e8f67567352c5,Schubert,Impromptu_op.90_D.899_3,1,LOW,723,0.07016692546583851,10304
Schubert/Impromptu_op.90_D.899/3/ZhaoK10M.mid,piece_ac9e8f67567352c5,Schubert,Impromptu_op.90_D.899_3,2,MID,1761,0.17090450310559005,10304
Schubert/Impromptu_op.90_D.899/3/ZhaoK10M.mid,piece_ac9e8f67567352c5,Schubert,Impromptu_op.90_D.899_3,3,HIGH,1310,0.12713509316770186,10304
Schubert/Impromptu_op.90_D.899/3/ZhaoK10M.mid,piece_ac9e8f67567352c5,Schubert,Impromptu_op.90_D.899_3,4,FULL,6499,0.6307259316770186,10304
Schubert/Impromptu_op.90_D.899/4/Dossin04.mid,piece_ddcdadeb240f1dd6,Schubert,Impromptu_op.90_D.899_4,0,ZERO,545,0.02507361059992639,21736
Schubert/Impromptu_op.90_D.899/4/Dossin04.mid,piece_ddcdadeb240f1dd6,Schubert,Impromptu_op.90_D.899_4,1,LOW,2422,0.11142804563857195,21736
Schubert/Impromptu_op.90_D.899/4/Dossin04.mid,piece_ddcdadeb240f1dd6,Schubert,Impromptu_op.90_D.899_4,2,MID,3213,0.14781928597718072,21736
Schubert/Impromptu_op.90_D.899/4/Dossin04.mid,piece_ddcdadeb240f1dd6,Schubert,Impromptu_op.90_D.899_4,3,HIGH,2880,0.13249907986750092,21736
Schubert/Impromptu_op.90_D.899/4/Dossin04.mid,piece_ddcdadeb240f1dd6,Schubert,Impromptu_op.90_D.899_4,4,FULL,12676,0.58317997791682,21736
Schubert/Impromptu_op.90_D.899/4_no_repeat/Huang10M.mid,piece_ddcdadeb240f1dd6,Schubert,Impromptu_op.90_D.899_4,0,ZERO,4390,0.2563054647361046,17128
Schubert/Impromptu_op.90_D.899/4_no_repeat/Huang10M.mid,piece_ddcdadeb240f1dd6,Schubert,Impromptu_op.90_D.899_4,1,LOW,1082,0.06317141522652966,17128
Schubert/Impromptu_op.90_D.899/4_no_repeat/Huang10M.mid,piece_ddcdadeb240f1dd6,Schubert,Impromptu_op.90_D.899_4,2,MID,11113,0.6488206445586174,17128
Schubert/Impromptu_op.90_D.899/4_no_repeat/Huang10M.mid,piece_ddcdadeb240f1dd6,Schubert,Impromptu_op.90_D.899_4,3,HIGH,380,0.022185894441849603,17128
Schubert/Impromptu_op.90_D.899/4_no_repeat/Huang10M.mid,piece_ddcdadeb240f1dd6,Schubert,Impromptu_op.90_D.899_4,4,FULL,163,0.009516581036898645,17128
Schubert/Impromptu_op.90_D.899/4_no_repeat/Lin11M.mid,piece_ddcdadeb240f1dd6,Schubert,Impromptu_op.90_D.899_4,0,ZERO,2267,0.13369898560981364,16956
Schubert/Impromptu_op.90_D.899/4_no_repeat/Lin11M.mid,piece_ddcdadeb240f1dd6,Schubert,Impromptu_op.90_D.899_4,1,LOW,475,0.0280136824722812,16956
Schubert/Impromptu_op.90_D.899/4_no_repeat/Lin11M.mid,piece_ddcdadeb240f1dd6,Schubert,Impromptu_op.90_D.899_4,2,MID,4827,0.28467799009200284,16956
Schubert/Impromptu_op.90_D.899/4_no_repeat/Lin11M.mid,piece_ddcdadeb240f1dd6,Schubert,Impromptu_op.90_D.899_4,3,HIGH,6104,0.3599905638122199,16956
Schubert/Impromptu_op.90_D.899/4_no_repeat/Lin11M.mid,piece_ddcdadeb240f1dd6,Schubert,Impromptu_op.90_D.899_4,4,FULL,3283,0.19361877801368246,16956
Schubert/Impromptu_op.90_D.899/4_no_repeat/LuoJ09M.mid,piece_ddcdadeb240f1dd6,Schubert,Impromptu_op.90_D.899_4,0,ZERO,100,0.00580046403712297,17240
Schubert/Impromptu_op.90_D.899/4_no_repeat/LuoJ09M.mid,piece_ddcdadeb240f1dd6,Schubert,Impromptu_op.90_D.899_4,1,LOW,3216,0.1865429234338747,17240
Schubert/Impromptu_op.90_D.899/4_no_repeat/LuoJ09M.mid,piece_ddcdadeb240f1dd6,Schubert,Impromptu_op.90_D.899_4,2,MID,3871,0.22453596287703015,17240
Schubert/Impromptu_op.90_D.899/4_no_repeat/LuoJ09M.mid,piece_ddcdadeb240f1dd6,Schubert,Impromptu_op.90_D.899_4,3,HIGH,2091,0.1212877030162413,17240
Schubert/Impromptu_op.90_D.899/4_no_repeat/LuoJ09M.mid,piece_ddcdadeb240f1dd6,Schubert,Impromptu_op.90_D.899_4,4,FULL,7962,0.4618329466357309,17240
Schubert/Impromptu_op.90_D.899/4_no_repeat/WongWY08M.mid,piece_ddcdadeb240f1dd6,Schubert,Impromptu_op.90_D.899_4,0,ZERO,302,0.017062146892655367,17700
Schubert/Impromptu_op.90_D.899/4_no_repeat/WongWY08M.mid,piece_ddcdadeb240f1dd6,Schubert,Impromptu_op.90_D.899_4,1,LOW,1600,0.0903954802259887,17700
Schubert/Impromptu_op.90_D.899/4_no_repeat/WongWY08M.mid,piece_ddcdadeb240f1dd6,Schubert,Impromptu_op.90_D.899_4,2,MID,3336,0.18847457627118644,17700
Schubert/Impromptu_op.90_D.899/4_no_repeat/WongWY08M.mid,piece_ddcdadeb240f1dd6,Schubert,Impromptu_op.90_D.899_4,3,HIGH,1610,0.09096045197740113,17700
Schubert/Impromptu_op.90_D.899/4_no_repeat/WongWY08M.mid,piece_ddcdadeb240f1dd6,Schubert,Impromptu_op.90_D.899_4,4,FULL,10852,0.6131073446327684,17700
Schubert/Impromptu_op142/1/Kleisen02.mid,piece_d88a34d8862446d1,Schubert,Impromptu_op142_1,0,ZERO,2676,0.11277815239379636,23728
Schubert/Impromptu_op142/1/Kleisen02.mid,piece_d88a34d8862446d1,Schubert,Impromptu_op142_1,1,LOW,630,0.026550910316925153,23728
Schubert/Impromptu_op142/1/Kleisen02.mid,piece_d88a34d8862446d1,Schubert,Impromptu_op142_1,2,MID,14891,0.6275708024275118,23728
Schubert/Impromptu_op142/1/Kleisen02.mid,piece_d88a34d8862446d1,Schubert,Impromptu_op142_1,3,HIGH,4768,0.200944032366824,23728
Schubert/Impromptu_op142/1/Kleisen02.mid,piece_d88a34d8862446d1,Schubert,Impromptu_op142_1,4,FULL,763,0.03215610249494268,23728
Schubert/Impromptu_op142/1/Kleisen10M.mid,piece_d88a34d8862446d1,Schubert,Impromptu_op142_1,0,ZERO,3182,0.13403538331929232,23740
Schubert/Impromptu_op142/1/Kleisen10M.mid,piece_d88a34d8862446d1,Schubert,Impromptu_op142_1,1,LOW,1341,0.05648694187026116,23740
Schubert/Impromptu_op142/1/Kleisen10M.mid,piece_d88a34d8862446d1,Schubert,Impromptu_op142_1,2,MID,17585,0.7407329401853412,23740
Schubert/Impromptu_op142/1/Kleisen10M.mid,piece_d88a34d8862446d1,Schubert,Impromptu_op142_1,3,HIGH,1607,0.0676916596461668,23740
Schubert/Impromptu_op142/1/Kleisen10M.mid,piece_d88a34d8862446d1,Schubert,Impromptu_op142_1,4,FULL,25,0.0010530749789385003,23740
Schubert/Impromptu_op142/1/Lisiecki10M.mid,piece_d88a34d8862446d1,Schubert,Impromptu_op142_1,0,ZERO,9252,0.35590090783197414,25996
Schubert/Impromptu_op142/1/Lisiecki10M.mid,piece_d88a34d8862446d1,Schubert,Impromptu_op142_1,1,LOW,1652,0.06354823819049084,25996
Schubert/Impromptu_op142/1/Lisiecki10M.mid,piece_d88a34d8862446d1,Schubert,Impromptu_op142_1,2,MID,14016,0.539159870749346,25996
Schubert/Impromptu_op142/1/Lisiecki10M.mid,piece_d88a34d8862446d1,Schubert,Impromptu_op142_1,3,HIGH,893,0.03435143868287429,25996
Schubert/Impromptu_op142/1/Lisiecki10M.mid,piece_d88a34d8862446d1,Schubert,Impromptu_op142_1,4,FULL,183,0.007039544545314664,25996
Schubert/Impromptu_op142/1/Ozaki07M.mid,piece_d88a34d8862446d1,Schubert,Impromptu_op142_1,0,ZERO,4269,0.17852960856473737,23912
Schubert/Impromptu_op142/1/Ozaki07M.mid,piece_d88a34d8862446d1,Schubert,Impromptu_op142_1,1,LOW,3507,0.14666276346604215,23912
Schubert/Impromptu_op142/1/Ozaki07M.mid,piece_d88a34d8862446d1,Schubert,Impromptu_op142_1,2,MID,4831,0.20203245232519237,23912
Schubert/Impromptu_op142/1/Ozaki07M.mid,piece_d88a34d8862446d1,Schubert,Impromptu_op142_1,3,HIGH,2804,0.11726329876212781,23912
Schubert/Impromptu_op142/1/Ozaki07M.mid,piece_d88a34d8862446d1,Schubert,Impromptu_op142_1,4,FULL,8501,0.3555118768819003,23912
Schubert/Impromptu_op142/3/Cui04.mid,piece_80d363237f97f827,Schubert,Impromptu_op142_3,0,ZERO,3287,0.1338355048859935,24560
Schubert/Impromptu_op142/3/Cui04.mid,piece_80d363237f97f827,Schubert,Impromptu_op142_3,1,LOW,553,0.02251628664495114,24560
Schubert/Impromptu_op142/3/Cui04.mid,piece_80d363237f97f827,Schubert,Impromptu_op142_3,2,MID,13880,0.5651465798045603,24560
Schubert/Impromptu_op142/3/Cui04.mid,piece_80d363237f97f827,Schubert,Impromptu_op142_3,3,HIGH,4137,0.16844462540716612,24560
Schubert/Impromptu_op142/3/Cui04.mid,piece_80d363237f97f827,Schubert,Impromptu_op142_3,4,FULL,2703,0.11005700325732899,24560
Schubert/Impromptu_op142/3/Lin05.mid,piece_80d363237f97f827,Schubert,Impromptu_op142_3,0,ZERO,2667,0.10455543358946214,25508
Schubert/Impromptu_op142/3/Lin05.mid,piece_80d363237f97f827,Schubert,Impromptu_op142_3,1,LOW,3974,0.15579426062411791,25508
Schubert/Impromptu_op142/3/Lin05.mid,piece_80d363237f97f827,Schubert,Impromptu_op142_3,2,MID,6774,0.26556374470754274,25508
Schubert/Impromptu_op142/3/Lin05.mid,piece_80d363237f97f827,Schubert,Impromptu_op142_3,3,HIGH,1782,0.06986043594166536,25508
Schubert/Impromptu_op142/3/Lin05.mid,piece_80d363237f97f827,Schubert,Impromptu_op142_3,4,FULL,10311,0.40422612513721184,25508
Schubert/Impromptu_op142/3/Richardson07M.mid,piece_80d363237f97f827,Schubert,Impromptu_op142_3,0,ZERO,3060,0.12510220768601799,24460
Schubert/Impromptu_op142/3/Richardson07M.mid,piece_80d363237f97f827,Schubert,Impromptu_op142_3,1,LOW,2724,0.11136549468520032,24460
Schubert/Impromptu_op142/3/Richardson07M.mid,piece_80d363237f97f827,Schubert,Impromptu_op142_3,2,MID,4065,0.1661896974652494,24460
Schubert/Impromptu_op142/3/Richardson07M.mid,piece_80d363237f97f827,Schubert,Impromptu_op142_3,3,HIGH,1478,0.06042518397383483,24460
Schubert/Impromptu_op142/3/Richardson07M.mid,piece_80d363237f97f827,Schubert,Impromptu_op142_3,4,FULL,13133,0.5369174161896975,24460
Schubert/Impromptu_op142/3/RichardsonC06M.mid,piece_80d363237f97f827,Schubert,Impromptu_op142_3,0,ZERO,161,0.006391932666349055,25188
Schubert/Impromptu_op142/3/RichardsonC06M.mid,piece_80d363237f97f827,Schubert,Impromptu_op142_3,1,LOW,6952,0.27600444656185485,25188
Schubert/Impromptu_op142/3/RichardsonC06M.mid,piece_80d363237f97f827,Schubert,Impromptu_op142_3,2,MID,5260,0.20882960139749088,25188
Schubert/Impromptu_op142/3/RichardsonC06M.mid,piece_80d363237f97f827,Schubert,Impromptu_op142_3,3,HIGH,1253,0.04974591075115134,25188
Schubert/Impromptu_op142/3/RichardsonC06M.mid,piece_80d363237f97f827,Schubert,Impromptu_op142_3,4,FULL,11562,0.4590281086231539,25188
Schubert/Impromptu_op142/3/SunY08M.mid,piece_80d363237f97f827,Schubert,Impromptu_op142_3,0,ZERO,4672,0.21673779922063463,21556
Schubert/Impromptu_op142/3/SunY08M.mid,piece_80d363237f97f827,Schubert,Impromptu_op142_3,1,LOW,891,0.0413341992948599,21556
Schubert/Impromptu_op142/3/SunY08M.mid,piece_80d363237f97f827,Schubert,Impromptu_op142_3,2,MID,1757,0.08150862868806828,21556
Schubert/Impromptu_op142/3/SunY08M.mid,piece_80d363237f97f827,Schubert,Impromptu_op142_3,3,HIGH,590,0.027370569678975692,21556
Schubert/Impromptu_op142/3/SunY08M.mid,piece_80d363237f97f827,Schubert,Impromptu_op142_3,4,FULL,13646,0.6330488031174615,21556
Schubert/Impromptu_op142/3/Tuncali02.mid,piece_80d363237f97f827,Schubert,Impromptu_op142_3,0,ZERO,2359,0.0934331432192649,25248
Schubert/Impromptu_op142/3/Tuncali02.mid,piece_80d363237f97f827,Schubert,Impromptu_op142_3,1,LOW,1302,0.05156844106463878,25248
Schubert/Impromptu_op142/3/Tuncali02.mid,piece_80d363237f97f827,Schubert,Impromptu_op142_3,2,MID,14319,0.567134030418251,25248
Schubert/Impromptu_op142/3/Tuncali02.mid,piece_80d363237f97f827,Schubert,Impromptu_op142_3,3,HIGH,3604,0.14274397972116604,25248
Schubert/Impromptu_op142/3/Tuncali02.mid,piece_80d363237f97f827,Schubert,Impromptu_op142_3,4,FULL,3664,0.14512040557667935,25248
Schubert/Impromptu_op142/3/WangH06M.mid,piece_80d363237f97f827,Schubert,Impromptu_op142_3,0,ZERO,2922,0.11587880710659898,25216
Schubert/Impromptu_op142/3/WangH06M.mid,piece_80d363237f97f827,Schubert,Impromptu_op142_3,1,LOW,1745,0.06920209390862944,25216
Schubert/Impromptu_op142/3/WangH06M.mid,piece_80d363237f97f827,Schubert,Impromptu_op142_3,2,MID,2199,0.08720653553299493,25216
Schubert/Impromptu_op142/3/WangH06M.mid,piece_80d363237f97f827,Schubert,Impromptu_op142_3,3,HIGH,566,0.022446065989847715,25216
Schubert/Impromptu_op142/3/WangH06M.mid,piece_80d363237f97f827,Schubert,Impromptu_op142_3,4,FULL,17784,0.7052664974619289,25216
Schubert/Impromptu_op142/3/YoungS06M.mid,piece_80d363237f97f827,Schubert,Impromptu_op142_3,0,ZERO,403,0.0158636435207054,25404
Schubert/Impromptu_op142/3/YoungS06M.mid,piece_80d363237f97f827,Schubert,Impromptu_op142_3,1,LOW,5444,0.21429696110848684,25404
Schubert/Impromptu_op142/3/YoungS06M.mid,piece_80d363237f97f827,Schubert,Impromptu_op142_3,2,MID,4608,0.18138875767595655,25404
Schubert/Impromptu_op142/3/YoungS06M.mid,piece_80d363237f97f827,Schubert,Impromptu_op142_3,3,HIGH,1875,0.07380727444496929,25404
Schubert/Impromptu_op142/3/YoungS06M.mid,piece_80d363237f97f827,Schubert,Impromptu_op142_3,4,FULL,13074,0.5146433632498819,25404
Schubert/Moment_Musical_no_1/MunA10M.mid,piece_55e9a7a3fa4b411e,Schubert,Moment_Musical_no_1,0,ZERO,1041,0.09880410022779043,10536
Schubert/Moment_Musical_no_1/MunA10M.mid,piece_55e9a7a3fa4b411e,Schubert,Moment_Musical_no_1,1,LOW,3317,0.3148253606681853,10536
Schubert/Moment_Musical_no_1/MunA10M.mid,piece_55e9a7a3fa4b411e,Schubert,Moment_Musical_no_1,2,MID,2660,0.2524677296886864,10536
Schubert/Moment_Musical_no_1/MunA10M.mid,piece_55e9a7a3fa4b411e,Schubert,Moment_Musical_no_1,3,HIGH,877,0.08323842065299925,10536
Schubert/Moment_Musical_no_1/MunA10M.mid,piece_55e9a7a3fa4b411e,Schubert,Moment_Musical_no_1,4,FULL,2641,0.25066438876233865,10536
Schubert/Moment_musical_no_3/Tetzloff09M.mid,piece_ec17f7ce49a2e05c,Schubert,Moment_musical_no_3,0,ZERO,2016,0.4874274661508704,4136
Schubert/Moment_musical_no_3/Tetzloff09M.mid,piece_ec17f7ce49a2e05c,Schubert,Moment_musical_no_3,1,LOW,753,0.18205996131528046,4136
Schubert/Moment_musical_no_3/Tetzloff09M.mid,piece_ec17f7ce49a2e05c,Schubert,Moment_musical_no_3,2,MID,1195,0.28892649903288203,4136
Schubert/Moment_musical_no_3/Tetzloff09M.mid,piece_ec17f7ce49a2e05c,Schubert,Moment_musical_no_3,3,HIGH,172,0.041586073500967116,4136
Schubert/Moment_musical_no_3/Tetzloff09M.mid,piece_ec17f7ce49a2e05c,Schubert,Moment_musical_no_3,4,FULL,0,0.0,4136
Schubert/Piano_Sonatas/664-2/KabuliL11.mid,piece_a64ffdb2b34d34d1,Schubert,Piano_Sonatas_664-2,0,ZERO,58,0.01097653292959879,5284
Schubert/Piano_Sonatas/664-2/KabuliL11.mid,piece_a64ffdb2b34d34d1,Schubert,Piano_Sonatas_664-2,1,LOW,353,0.06680545041635125,5284
Schubert/Piano_Sonatas/664-2/KabuliL11.mid,piece_a64ffdb2b34d34d1,Schubert,Piano_Sonatas_664-2,2,MID,2508,0.47464042392127176,5284
Schubert/Piano_Sonatas/664-2/KabuliL11.mid,piece_a64ffdb2b34d34d1,Schubert,Piano_Sonatas_664-2,3,HIGH,737,0.1394776684330053,5284
Schubert/Piano_Sonatas/664-2/KabuliL11.mid,piece_a64ffdb2b34d34d1,Schubert,Piano_Sonatas_664-2,4,FULL,1628,0.3080999242997729,5284
Schubert/Piano_Sonatas/664-2/Lin07.mid,piece_a64ffdb2b34d34d1,Schubert,Piano_Sonatas_664-2,0,ZERO,9,0.001632801161103048,5512
Schubert/Piano_Sonatas/664-2/Lin07.mid,piece_a64ffdb2b34d34d1,Schubert,Piano_Sonatas_664-2,1,LOW,365,0.06621915820029027,5512
Schubert/Piano_Sonatas/664-2/Lin07.mid,piece_a64ffdb2b34d34d1,Schubert,Piano_Sonatas_664-2,2,MID,465,0.08436139332365747,5512
Schubert/Piano_Sonatas/664-2/Lin07.mid,piece_a64ffdb2b34d34d1,Schubert,Piano_Sonatas_664-2,3,HIGH,251,0.04553701015965167,5512
Schubert/Piano_Sonatas/664-2/Lin07.mid,piece_a64ffdb2b34d34d1,Schubert,Piano_Sonatas_664-2,4,FULL,4422,0.8022496371552975,5512
Schubert/Piano_Sonatas/664-3/KabuliL12M.mid,piece_9ec0fa278889ef5a,Schubert,Piano_Sonatas_664-3,0,ZERO,4557,0.33865933412604043,13456
Schubert/Piano_Sonatas/664-3/KabuliL12M.mid,piece_9ec0fa278889ef5a,Schubert,Piano_Sonatas_664-3,1,LOW,3893,0.2893133174791914,13456
Schubert/Piano_Sonatas/664-3/KabuliL12M.mid,piece_9ec0fa278889ef5a,Schubert,Piano_Sonatas_664-3,2,MID,3707,0.27549048751486327,13456
Schubert/Piano_Sonatas/664-3/KabuliL12M.mid,piece_9ec0fa278889ef5a,Schubert,Piano_Sonatas_664-3,3,HIGH,416,0.030915576694411414,13456
Schubert/Piano_Sonatas/664-3/KabuliL12M.mid,piece_9ec0fa278889ef5a,Schubert,Piano_Sonatas_664-3,4,FULL,883,0.06562128418549346,13456
Schubert/Piano_Sonatas/664-3/Lin07.mid,piece_9ec0fa278889ef5a,Schubert,Piano_Sonatas_664-3,0,ZERO,186,0.013131883648686811,14164
Schubert/Piano_Sonatas/664-3/Lin07.mid,piece_9ec0fa278889ef5a,Schubert,Piano_Sonatas_664-3,1,LOW,7308,0.5159559446484044,14164
Schubert/Piano_Sonatas/664-3/Lin07.mid,piece_9ec0fa278889ef5a,Schubert,Piano_Sonatas_664-3,2,MID,3980,0.2809940694719006,14164
Schubert/Piano_Sonatas/664-3/Lin07.mid,piece_9ec0fa278889ef5a,Schubert,Piano_Sonatas_664-3,3,HIGH,1069,0.07547303021745269,14164
Schubert/Piano_Sonatas/664-3/Lin07.mid,piece_9ec0fa278889ef5a,Schubert,Piano_Sonatas_664-3,4,FULL,1621,0.1144450720135555,14164
Schubert/Piano_Sonatas/894-2/KimSY16.mid,piece_4c994f0ce76df283,Schubert,Piano_Sonatas_894-2,0,ZERO,1798,0.13704268292682928,13120
Schubert/Piano_Sonatas/894-2/KimSY16.mid,piece_4c994f0ce76df283,Schubert,Piano_Sonatas_894-2,1,LOW,2576,0.19634146341463415,13120
Schubert/Piano_Sonatas/894-2/KimSY16.mid,piece_4c994f0ce76df283,Schubert,Piano_Sonatas_894-2,2,MID,4235,0.3227896341463415,13120
Schubert/Piano_Sonatas/894-2/KimSY16.mid,piece_4c994f0ce76df283,Schubert,Piano_Sonatas_894-2,3,HIGH,2463,0.18772865853658535,13120
Schubert/Piano_Sonatas/894-2/KimSY16.mid,piece_4c994f0ce76df283,Schubert,Piano_Sonatas_894-2,4,FULL,2048,0.15609756097560976,13120
Schubert/Piano_Sonatas/894-2/LEE_K08.mid,piece_4c994f0ce76df283,Schubert,Piano_Sonatas_894-2,0,ZERO,1352,0.10165413533834586,13300
Schubert/Piano_Sonatas/894-2/LEE_K08.mid,piece_4c994f0ce76df283,Schubert,Piano_Sonatas_894-2,1,LOW,2071,0.15571428571428572,13300
Schubert/Piano_Sonatas/894-2/LEE_K08.mid,piece_4c994f0ce76df283,Schubert,Piano_Sonatas_894-2,2,MID,2181,0.16398496240601504,13300
Schubert/Piano_Sonatas/894-2/LEE_K08.mid,piece_4c994f0ce76df283,Schubert,Piano_Sonatas_894-2,3,HIGH,4349,0.3269924812030075,13300
Schubert/Piano_Sonatas/894-2/LEE_K08.mid,piece_4c994f0ce76df283,Schubert,Piano_Sonatas_894-2,4,FULL,3347,0.25165413533834585,13300
Schubert/Piano_Sonatas/894-2/Yeletskiy08M.mid,piece_4c994f0ce76df283,Schubert,Piano_Sonatas_894-2,0,ZERO,3159,0.24019160583941607,13152
Schubert/Piano_Sonatas/894-2/Yeletskiy08M.mid,piece_4c994f0ce76df283,Schubert,Piano_Sonatas_894-2,1,LOW,1783,0.13556873479318735,13152
Schubert/Piano_Sonatas/894-2/Yeletskiy08M.mid,piece_4c994f0ce76df283,Schubert,Piano_Sonatas_894-2,2,MID,4241,0.3224604622871046,13152
Schubert/Piano_Sonatas/894-2/Yeletskiy08M.mid,piece_4c994f0ce76df283,Schubert,Piano_Sonatas_894-2,3,HIGH,831,0.06318430656934307,13152
Schubert/Piano_Sonatas/894-2/Yeletskiy08M.mid,piece_4c994f0ce76df283,Schubert,Piano_Sonatas_894-2,4,FULL,3138,0.2385948905109489,13152
Schubert/Piano_Sonatas/894-2_no_repeat/BianF14.mid,piece_4c994f0ce76df283,Schubert,Piano_Sonatas_894-2,0,ZERO,743,0.0617109634551495,12040
Schubert/Piano_Sonatas/894-2_no_repeat/BianF14.mid,piece_4c994f0ce76df283,Schubert,Piano_Sonatas_894-2,1,LOW,1889,0.1568936877076412,12040
Schubert/Piano_Sonatas/894-2_no_repeat/BianF14.mid,piece_4c994f0ce76df283,Schubert,Piano_Sonatas_894-2,2,MID,3184,0.2644518272425249,12040
Schubert/Piano_Sonatas/894-2_no_repeat/BianF14.mid,piece_4c994f0ce76df283,Schubert,Piano_Sonatas_894-2,3,HIGH,2122,0.17624584717607975,12040
Schubert/Piano_Sonatas/894-2_no_repeat/BianF14.mid,piece_4c994f0ce76df283,Schubert,Piano_Sonatas_894-2,4,FULL,4102,0.34069767441860466,12040
Schubert/Piano_Sonatas/894-2_no_repeat/CHEN11M.mid,piece_4c994f0ce76df283,Schubert,Piano_Sonatas_894-2,0,ZERO,674,0.05561056105610561,12120
Schubert/Piano_Sonatas/894-2_no_repeat/CHEN11M.mid,piece_4c994f0ce76df283,Schubert,Piano_Sonatas_894-2,1,LOW,2843,0.23457095709570958,12120
Schubert/Piano_Sonatas/894-2_no_repeat/CHEN11M.mid,piece_4c994f0ce76df283,Schubert,Piano_Sonatas_894-2,2,MID,2566,0.21171617161716172,12120
Schubert/Piano_Sonatas/894-2_no_repeat/CHEN11M.mid,piece_4c994f0ce76df283,Schubert,Piano_Sonatas_894-2,3,HIGH,3975,0.327970297029703,12120
Schubert/Piano_Sonatas/894-2_no_repeat/CHEN11M.mid,piece_4c994f0ce76df283,Schubert,Piano_Sonatas_894-2,4,FULL,2062,0.17013201320132013,12120
Schubert/Piano_Sonatas/894-2_no_repeat/Chan01.mid,piece_4c994f0ce76df283,Schubert,Piano_Sonatas_894-2,0,ZERO,799,0.06534183840366373,12228
Schubert/Piano_Sonatas/894-2_no_repeat/Chan01.mid,piece_4c994f0ce76df283,Schubert,Piano_Sonatas_894-2,1,LOW,2908,0.23781485116126921,12228
Schubert/Piano_Sonatas/894-2_no_repeat/Chan01.mid,piece_4c994f0ce76df283,Schubert,Piano_Sonatas_894-2,2,MID,1902,0.15554465161923453,12228
Schubert/Piano_Sonatas/894-2_no_repeat/Chan01.mid,piece_4c994f0ce76df283,Schubert,Piano_Sonatas_894-2,3,HIGH,1771,0.14483153418384037,12228
Schubert/Piano_Sonatas/894-2_no_repeat/Chan01.mid,piece_4c994f0ce76df283,Schubert,Piano_Sonatas_894-2,4,FULL,4848,0.39646712463199213,12228
Schubert/Piano_Sonatas/894-2_no_repeat/HouY09.mid,piece_4c994f0ce76df283,Schubert,Piano_Sonatas_894-2,0,ZERO,694,0.059295967190704034,11704
Schubert/Piano_Sonatas/894-2_no_repeat/HouY09.mid,piece_4c994f0ce76df283,Schubert,Piano_Sonatas_894-2,1,LOW,2505,0.2140293916609706,11704
Schubert/Piano_Sonatas/894-2_no_repeat/HouY09.mid,piece_4c994f0ce76df283,Schubert,Piano_Sonatas_894-2,2,MID,5356,0.45762132604237865,11704
Schubert/Piano_Sonatas/894-2_no_repeat/HouY09.mid,piece_4c994f0ce76df283,Schubert,Piano_Sonatas_894-2,3,HIGH,1681,0.14362611073137388,11704
Schubert/Piano_Sonatas/894-2_no_repeat/HouY09.mid,piece_4c994f0ce76df283,Schubert,Piano_Sonatas_894-2,4,FULL,1468,0.1254272043745728,11704
Schubert/Piano_Sonatas/894-2_no_repeat/Lee10M.mid,piece_4c994f0ce76df283,Schubert,Piano_Sonatas_894-2,0,ZERO,1919,0.15642321486794913,12268
Schubert/Piano_Sonatas/894-2_no_repeat/Lee10M.mid,piece_4c994f0ce76df283,Schubert,Piano_Sonatas_894-2,1,LOW,2835,0.23108901206390609,12268
Schubert/Piano_Sonatas/894-2_no_repeat/Lee10M.mid,piece_4c994f0ce76df283,Schubert,Piano_Sonatas_894-2,2,MID,6740,0.5493968046951418,12268
Schubert/Piano_Sonatas/894-2_no_repeat/Lee10M.mid,piece_4c994f0ce76df283,Schubert,Piano_Sonatas_894-2,3,HIGH,199,0.016221062927942616,12268
Schubert/Piano_Sonatas/894-2_no_repeat/Lee10M.mid,piece_4c994f0ce76df283,Schubert,Piano_Sonatas_894-2,4,FULL,575,0.04686990544506032,12268
Schubert/Piano_Sonatas/894-2_no_repeat/SINKEV12M.mid,piece_4c994f0ce76df283,Schubert,Piano_Sonatas_894-2,0,ZERO,2425,0.1949983917658411,12436
Schubert/Piano_Sonatas/894-2_no_repeat/SINKEV12M.mid,piece_4c994f0ce76df283,Schubert,Piano_Sonatas_894-2,1,LOW,1771,0.1424091347700225,12436
Schubert/Piano_Sonatas/894-2_no_repeat/SINKEV12M.mid,piece_4c994f0ce76df283,Schubert,Piano_Sonatas_894-2,2,MID,1505,0.1210196204567385,12436
Schubert/Piano_Sonatas/894-2_no_repeat/SINKEV12M.mid,piece_4c994f0ce76df283,Schubert,Piano_Sonatas_894-2,3,HIGH,2944,0.23673206818912834,12436
Schubert/Piano_Sonatas/894-2_no_repeat/SINKEV12M.mid,piece_4c994f0ce76df283,Schubert,Piano_Sonatas_894-2,4,FULL,3791,0.30484078481826954,12436
Schubert/Wanderer_fantasie/Kolessova02.mid,piece_588e1c417b8c480b,Schubert,Wanderer_fantasie,0,ZERO,8972,0.14037173790600163,63916
Schubert/Wanderer_fantasie/Kolessova02.mid,piece_588e1c417b8c480b,Schubert,Wanderer_fantasie,1,LOW,10513,0.1644815069779085,63916
Schubert/Wanderer_fantasie/Kolessova02.mid,piece_588e1c417b8c480b,Schubert,Wanderer_fantasie,2,MID,5228,0.08179485574816947,63916
Schubert/Wanderer_fantasie/Kolessova02.mid,piece_588e1c417b8c480b,Schubert,Wanderer_fantasie,3,HIGH,12670,0.19822892546467238,63916
Schubert/Wanderer_fantasie/Kolessova02.mid,piece_588e1c417b8c480b,Schubert,Wanderer_fantasie,4,FULL,26533,0.41512297390324804,63916
Schubert/Wanderer_fantasie/Larionova05M.mid,piece_588e1c417b8c480b,Schubert,Wanderer_fantasie,0,ZERO,4181,0.06643678891501939,62932
Schubert/Wanderer_fantasie/Larionova05M.mid,piece_588e1c417b8c480b,Schubert,Wanderer_fantasie,1,LOW,19061,0.30288247632365095,62932
Schubert/Wanderer_fantasie/Larionova05M.mid,piece_588e1c417b8c480b,Schubert,Wanderer_fantasie,2,MID,31147,0.49493103667450583,62932
Schubert/Wanderer_fantasie/Larionova05M.mid,piece_588e1c417b8c480b,Schubert,Wanderer_fantasie,3,HIGH,3764,0.059810589207398464,62932
Schubert/Wanderer_fantasie/Larionova05M.mid,piece_588e1c417b8c480b,Schubert,Wanderer_fantasie,4,FULL,4779,0.07593910887942541,62932
Schubert/Wanderer_fantasie/SunY10M.mid,piece_588e1c417b8c480b,Schubert,Wanderer_fantasie,0,ZERO,18318,0.2891098484848485,63360
Schubert/Wanderer_fantasie/SunY10M.mid,piece_588e1c417b8c480b,Schubert,Wanderer_fantasie,1,LOW,3375,0.053267045454545456,63360
Schubert/Wanderer_fantasie/SunY10M.mid,piece_588e1c417b8c480b,Schubert,Wanderer_fantasie,2,MID,6589,0.10399305555555556,63360
Schubert/Wanderer_fantasie/SunY10M.mid,piece_588e1c417b8c480b,Schubert,Wanderer_fantasie,3,HIGH,1792,0.028282828282828285,63360
Schubert/Wanderer_fantasie/SunY10M.mid,piece_588e1c417b8c480b,Schubert,Wanderer_fantasie,4,FULL,33286,0.5253472222222222,63360
Schumann/Kreisleriana/2/JohannsonP03.mid,piece_6532d54e15410c3e,Schumann,Kreisleriana_2,0,ZERO,2126,0.1909123563218391,11136
Schumann/Kreisleriana/2/JohannsonP03.mid,piece_6532d54e15410c3e,Schumann,Kreisleriana_2,1,LOW,713,0.06402658045977011,11136
Schumann/Kreisleriana/2/JohannsonP03.mid,piece_6532d54e15410c3e,Schumann,Kreisleriana_2,2,MID,1752,0.15732758620689655,11136
Schumann/Kreisleriana/2/JohannsonP03.mid,piece_6532d54e15410c3e,Schumann,Kreisleriana_2,3,HIGH,291,0.026131465517241378,11136
Schumann/Kreisleriana/2/JohannsonP03.mid,piece_6532d54e15410c3e,Schumann,Kreisleriana_2,4,FULL,6254,0.5616020114942529,11136
Schumann/Kreisleriana/2/ParkJH05.mid,piece_6532d54e15410c3e,Schumann,Kreisleriana_2,0,ZERO,2266,0.16368101704709623,13844
Schumann/Kreisleriana/2/ParkJH05.mid,piece_6532d54e15410c3e,Schumann,Kreisleriana_2,1,LOW,550,0.03972840219589714,13844
Schumann/Kreisleriana/2/ParkJH05.mid,piece_6532d54e15410c3e,Schumann,Kreisleriana_2,2,MID,1545,0.11160069344120196,13844
Schumann/Kreisleriana/2/ParkJH05.mid,piece_6532d54e15410c3e,Schumann,Kreisleriana_2,3,HIGH,424,0.030626986420109796,13844
Schumann/Kreisleriana/2/ParkJH05.mid,piece_6532d54e15410c3e,Schumann,Kreisleriana_2,4,FULL,9059,0.6543629008956949,13844
Schumann/Kreisleriana/2/Yarden09.mid,piece_6532d54e15410c3e,Schumann,Kreisleriana_2,0,ZERO,1538,0.11362293144208038,13536
Schumann/Kreisleriana/2/Yarden09.mid,piece_6532d54e15410c3e,Schumann,Kreisleriana_2,1,LOW,1367,0.10098995271867613,13536
Schumann/Kreisleriana/2/Yarden09.mid,piece_6532d54e15410c3e,Schumann,Kreisleriana_2,2,MID,2196,0.1622340425531915,13536
Schumann/Kreisleriana/2/Yarden09.mid,piece_6532d54e15410c3e,Schumann,Kreisleriana_2,3,HIGH,716,0.05289598108747045,13536
Schumann/Kreisleriana/2/Yarden09.mid,piece_6532d54e15410c3e,Schumann,Kreisleriana_2,4,FULL,7719,0.5702570921985816,13536
Schumann/Kreisleriana/3/JohannsonP04.mid,piece_dd17dea9bfabf583,Schumann,Kreisleriana_3,0,ZERO,2912,0.42374854481955765,6872
Schumann/Kreisleriana/3/JohannsonP04.mid,piece_dd17dea9bfabf583,Schumann,Kreisleriana_3,1,LOW,315,0.045838183934807916,6872
Schumann/Kreisleriana/3/JohannsonP04.mid,piece_dd17dea9bfabf583,Schumann,Kreisleriana_3,2,MID,461,0.06708381839348079,6872
Schumann/Kreisleriana/3/JohannsonP04.mid,piece_dd17dea9bfabf583,Schumann,Kreisleriana_3,3,HIGH,100,0.014551804423748545,6872
Schumann/Kreisleriana/3/JohannsonP04.mid,piece_dd17dea9bfabf583,Schumann,Kreisleriana_3,4,FULL,3084,0.4487776484284051,6872
Schumann/Kreisleriana/3/ParkJH06.mid,piece_dd17dea9bfabf583,Schumann,Kreisleriana_3,0,ZERO,2095,0.2643866733972741,7924
Schumann/Kreisleriana/3/ParkJH06.mid,piece_dd17dea9bfabf583,Schumann,Kreisleriana_3,1,LOW,259,0.03268551236749117,7924
Schumann/Kreisleriana/3/ParkJH06.mid,piece_dd17dea9bfabf583,Schumann,Kreisleriana_3,2,MID,516,0.06511862695608278,7924
Schumann/Kreisleriana/3/ParkJH06.mid,piece_dd17dea9bfabf583,Schumann,Kreisleriana_3,3,HIGH,154,0.019434628975265017,7924
Schumann/Kreisleriana/3/ParkJH06.mid,piece_dd17dea9bfabf583,Schumann,Kreisleriana_3,4,FULL,4900,0.6183745583038869,7924
Schumann/Kreisleriana/3/Yarden09.mid,piece_dd17dea9bfabf583,Schumann,Kreisleriana_3,0,ZERO,2274,0.33940298507462685,6700
Schumann/Kreisleriana/3/Yarden09.mid,piece_dd17dea9bfabf583,Schumann,Kreisleriana_3,1,LOW,681,0.10164179104477612,6700
Schumann/Kreisleriana/3/Yarden09.mid,piece_dd17dea9bfabf583,Schumann,Kreisleriana_3,2,MID,725,0.10820895522388059,6700
Schumann/Kreisleriana/3/Yarden09.mid,piece_dd17dea9bfabf583,Schumann,Kreisleriana_3,3,HIGH,271,0.04044776119402985,6700
Schumann/Kreisleriana/3/Yarden09.mid,piece_dd17dea9bfabf583,Schumann,Kreisleriana_3,4,FULL,2749,0.4102985074626866,6700
Schumann/Kreisleriana/4/ParkJH07.mid,piece_be9ba8b638643b1e,Schumann,Kreisleriana_4,0,ZERO,286,0.10608308605341246,2696
Schumann/Kreisleriana/4/ParkJH07.mid,piece_be9ba8b638643b1e,Schumann,Kreisleriana_4,1,LOW,102,0.037833827893175076,2696
Schumann/Kreisleriana/4/ParkJH07.mid,piece_be9ba8b638643b1e,Schumann,Kreisleriana_4,2,MID,443,0.16431750741839762,2696
Schumann/Kreisleriana/4/ParkJH07.mid,piece_be9ba8b638643b1e,Schumann,Kreisleriana_4,3,HIGH,193,0.07158753709198813,2696
Schumann/Kreisleriana/4/ParkJH07.mid,piece_be9ba8b638643b1e,Schumann,Kreisleriana_4,4,FULL,1672,0.6201780415430267,2696
Schumann/Kreisleriana/4/Yarden09.mid,piece_be9ba8b638643b1e,Schumann,Kreisleriana_4,0,ZERO,40,0.01524390243902439,2624
Schumann/Kreisleriana/4/Yarden09.mid,piece_be9ba8b638643b1e,Schumann,Kreisleriana_4,1,LOW,332,0.12652439024390244,2624
Schumann/Kreisleriana/4/Yarden09.mid,piece_be9ba8b638643b1e,Schumann,Kreisleriana_4,2,MID,610,0.23246951219512196,2624
Schumann/Kreisleriana/4/Yarden09.mid,piece_be9ba8b638643b1e,Schumann,Kreisleriana_4,3,HIGH,278,0.10594512195121951,2624
Schumann/Kreisleriana/4/Yarden09.mid,piece_be9ba8b638643b1e,Schumann,Kreisleriana_4,4,FULL,1364,0.5198170731707317,2624
Schumann/Kreisleriana/5/JohannsonP06.mid,piece_d4010c754f10f96e,Schumann,Kreisleriana_5,0,ZERO,3558,0.4925249169435216,7224
Schumann/Kreisleriana/5/JohannsonP06.mid,piece_d4010c754f10f96e,Schumann,Kreisleriana_5,1,LOW,522,0.07225913621262459,7224
Schumann/Kreisleriana/5/JohannsonP06.mid,piece_d4010c754f10f96e,Schumann,Kreisleriana_5,2,MID,932,0.12901439645625692,7224
Schumann/Kreisleriana/5/JohannsonP06.mid,piece_d4010c754f10f96e,Schumann,Kreisleriana_5,3,HIGH,125,0.01730343300110742,7224
Schumann/Kreisleriana/5/JohannsonP06.mid,piece_d4010c754f10f96e,Schumann,Kreisleriana_5,4,FULL,2087,0.28889811738648946,7224
Schumann/Kreisleriana/5/ParkJH08.mid,piece_d4010c754f10f96e,Schumann,Kreisleriana_5,0,ZERO,3139,0.4283569868995633,7328
Schumann/Kreisleriana/5/ParkJH08.mid,piece_d4010c754f10f96e,Schumann,Kreisleriana_5,1,LOW,261,0.03561681222707424,7328
Schumann/Kreisleriana/5/ParkJH08.mid,piece_d4010c754f10f96e,Schumann,Kreisleriana_5,2,MID,744,0.10152838427947598,7328
Schumann/Kreisleriana/5/ParkJH08.mid,piece_d4010c754f10f96e,Schumann,Kreisleriana_5,3,HIGH,163,0.02224344978165939,7328
Schumann/Kreisleriana/5/ParkJH08.mid,piece_d4010c754f10f96e,Schumann,Kreisleriana_5,4,FULL,3021,0.41225436681222705,7328
Schumann/Kreisleriana/5/Yarden09.mid,piece_d4010c754f10f96e,Schumann,Kreisleriana_5,0,ZERO,2463,0.34985795454545454,7040
Schumann/Kreisleriana/5/Yarden09.mid,piece_d4010c754f10f96e,Schumann,Kreisleriana_5,1,LOW,1651,0.23451704545454546,7040
Schumann/Kreisleriana/5/Yarden09.mid,piece_d4010c754f10f96e,Schumann,Kreisleriana_5,2,MID,959,0.13622159090909092,7040
Schumann/Kreisleriana/5/Yarden09.mid,piece_d4010c754f10f96e,Schumann,Kreisleriana_5,3,HIGH,245,0.03480113636363636,7040
Schumann/Kreisleriana/5/Yarden09.mid,piece_d4010c754f10f96e,Schumann,Kreisleriana_5,4,FULL,1722,0.24460227272727272,7040
Schumann/Kreisleriana/7/JohannsonP08.mid,piece_42b2f7c0e4593454,Schumann,Kreisleriana_7,0,ZERO,3004,0.49052906596995427,6124
Schumann/Kreisleriana/7/JohannsonP08.mid,piece_42b2f7c0e4593454,Schumann,Kreisleriana_7,1,LOW,300,0.04898758981058132,6124
Schumann/Kreisleriana/7/JohannsonP08.mid,piece_42b2f7c0e4593454,Schumann,Kreisleriana_7,2,MID,498,0.08131939908556499,6124
Schumann/Kreisleriana/7/JohannsonP08.mid,piece_42b2f7c0e4593454,Schumann,Kreisleriana_7,3,HIGH,67,0.010940561724363161,6124
Schumann/Kreisleriana/7/JohannsonP08.mid,piece_42b2f7c0e4593454,Schumann,Kreisleriana_7,4,FULL,2255,0.36822338340953625,6124
Schumann/Kreisleriana/7/ParkJH10.mid,piece_42b2f7c0e4593454,Schumann,Kreisleriana_7,0,ZERO,2302,0.38315579227696406,6008
Schumann/Kreisleriana/7/ParkJH10.mid,piece_42b2f7c0e4593454,Schumann,Kreisleriana_7,1,LOW,177,0.029460719041278297,6008
Schumann/Kreisleriana/7/ParkJH10.mid,piece_42b2f7c0e4593454,Schumann,Kreisleriana_7,2,MID,455,0.0757323568575233,6008
Schumann/Kreisleriana/7/ParkJH10.mid,piece_42b2f7c0e4593454,Schumann,Kreisleriana_7,3,HIGH,74,0.012316910785619174,6008
Schumann/Kreisleriana/7/ParkJH10.mid,piece_42b2f7c0e4593454,Schumann,Kreisleriana_7,4,FULL,3000,0.4993342210386152,6008
Schumann/Kreisleriana/7/Yarden09.mid,piece_42b2f7c0e4593454,Schumann,Kreisleriana_7,0,ZERO,2199,0.36920752182672933,5956
Schumann/Kreisleriana/7/Yarden09.mid,piece_42b2f7c0e4593454,Schumann,Kreisleriana_7,1,LOW,823,0.13817998656816655,5956
Schumann/Kreisleriana/7/Yarden09.mid,piece_42b2f7c0e4593454,Schumann,Kreisleriana_7,2,MID,944,0.1584956346541303,5956
Schumann/Kreisleriana/7/Yarden09.mid,piece_42b2f7c0e4593454,Schumann,Kreisleriana_7,3,HIGH,236,0.039623908663532575,5956
Schumann/Kreisleriana/7/Yarden09.mid,piece_42b2f7c0e4593454,Schumann,Kreisleriana_7,4,FULL,1754,0.2944929482874412,5956
Schumann/Toccata/BENABD04.mid,piece_f258ce853ffce4b3,Schumann,Toccata,0,ZERO,6744,0.2664348925410872,25312
Schumann/Toccata/BENABD04.mid,piece_f258ce853ffce4b3,Schumann,Toccata,1,LOW,4087,0.1614649178255373,25312
Schumann/Toccata/BENABD04.mid,piece_f258ce853ffce4b3,Schumann,Toccata,2,MID,6574,0.2597187104930468,25312
Schumann/Toccata/BENABD04.mid,piece_f258ce853ffce4b3,Schumann,Toccata,3,HIGH,2713,0.10718236409608091,25312
Schumann/Toccata/BENABD04.mid,piece_f258ce853ffce4b3,Schumann,Toccata,4,FULL,5194,0.2051991150442478,25312
Schumann/Toccata/BENABD10.mid,piece_f258ce853ffce4b3,Schumann,Toccata,0,ZERO,7139,0.27843213728549143,25640
Schumann/Toccata/BENABD10.mid,piece_f258ce853ffce4b3,Schumann,Toccata,1,LOW,2303,0.08982059282371295,25640
Schumann/Toccata/BENABD10.mid,piece_f258ce853ffce4b3,Schumann,Toccata,2,MID,5510,0.21489859594383776,25640
Schumann/Toccata/BENABD10.mid,piece_f258ce853ffce4b3,Schumann,Toccata,3,HIGH,5770,0.2250390015600624,25640
Schumann/Toccata/BENABD10.mid,piece_f258ce853ffce4b3,Schumann,Toccata,4,FULL,4918,0.19180967238689547,25640
Schumann/Toccata/Dulu03.mid,piece_f258ce853ffce4b3,Schumann,Toccata,0,ZERO,5476,0.21967265725288831,24928
Schumann/Toccata/Dulu03.mid,piece_f258ce853ffce4b3,Schumann,Toccata,1,LOW,6261,0.25116335044929394,24928
Schumann/Toccata/Dulu03.mid,piece_f258ce853ffce4b3,Schumann,Toccata,2,MID,10730,0.43043966623876767,24928
Schumann/Toccata/Dulu03.mid,piece_f258ce853ffce4b3,Schumann,Toccata,3,HIGH,1087,0.04360558408215661,24928
Schumann/Toccata/Dulu03.mid,piece_f258ce853ffce4b3,Schumann,Toccata,4,FULL,1374,0.055118741976893454,24928
Schumann/Toccata/DupreeF13M.mid,piece_f258ce853ffce4b3,Schumann,Toccata,0,ZERO,11138,0.45107727199092823,24692
Schumann/Toccata/DupreeF13M.mid,piece_f258ce853ffce4b3,Schumann,Toccata,1,LOW,2133,0.08638425400939576,24692
Schumann/Toccata/DupreeF13M.mid,piece_f258ce853ffce4b3,Schumann,Toccata,2,MID,3665,0.14842864085533777,24692
Schumann/Toccata/DupreeF13M.mid,piece_f258ce853ffce4b3,Schumann,Toccata,3,HIGH,508,0.020573465089907664,24692
Schumann/Toccata/DupreeF13M.mid,piece_f258ce853ffce4b3,Schumann,Toccata,4,FULL,7248,0.29353636805443056,24692
Schumann/Toccata_repeat/WangY07M.mid,piece_8c249e906846d26b,Schumann,Toccata_repeat,0,ZERO,5842,0.17668763609968546,33064
Schumann/Toccata_repeat/WangY07M.mid,piece_8c249e906846d26b,Schumann,Toccata_repeat,1,LOW,5160,0.15606097265908542,33064
Schumann/Toccata_repeat/WangY07M.mid,piece_8c249e906846d26b,Schumann,Toccata_repeat,2,MID,8660,0.26191628357125574,33064
Schumann/Toccata_repeat/WangY07M.mid,piece_8c249e906846d26b,Schumann,Toccata_repeat,3,HIGH,815,0.02464916525526252,33064
Schumann/Toccata_repeat/WangY07M.mid,piece_8c249e906846d26b,Schumann,Toccata_repeat,4,FULL,12587,0.3806859424147109,33064
Schumann/Toccata_repeat/Zhdanov06.mid,piece_8c249e906846d26b,Schumann,Toccata_repeat,0,ZERO,4271,0.13275519084918563,32172
Schumann/Toccata_repeat/Zhdanov06.mid,piece_8c249e906846d26b,Schumann,Toccata_repeat,1,LOW,8181,0.25428944423722494,32172
Schumann/Toccata_repeat/Zhdanov06.mid,piece_8c249e906846d26b,Schumann,Toccata_repeat,2,MID,16259,0.5053773467611588,32172
Schumann/Toccata_repeat/Zhdanov06.mid,piece_8c249e906846d26b,Schumann,Toccata_repeat,3,HIGH,1233,0.038325251771726965,32172
Schumann/Toccata_repeat/Zhdanov06.mid,piece_8c249e906846d26b,Schumann,Toccata_repeat,4,FULL,2228,0.06925276638070371,32172
Scriabin/Sonatas/5/ChernovA06M.mid,piece_5f9d89320d25ed39,Scriabin,Sonatas_5,0,ZERO,10686,0.3489420062695925,30624
Scriabin/Sonatas/5/ChernovA06M.mid,piece_5f9d89320d25ed39,Scriabin,Sonatas_5,1,LOW,719,0.02347831765935214,30624
Scriabin/Sonatas/5/ChernovA06M.mid,piece_5f9d89320d25ed39,Scriabin,Sonatas_5,2,MID,1397,0.045617816091954026,30624
Scriabin/Sonatas/5/ChernovA06M.mid,piece_5f9d89320d25ed39,Scriabin,Sonatas_5,3,HIGH,297,0.009698275862068966,30624
Scriabin/Sonatas/5/ChernovA06M.mid,piece_5f9d89320d25ed39,Scriabin,Sonatas_5,4,FULL,17525,0.5722635841170324,30624
Scriabin/Sonatas/5/FALIKS06.mid,piece_5f9d89320d25ed39,Scriabin,Sonatas_5,0,ZERO,1072,0.03538888155288525,30292
Scriabin/Sonatas/5/FALIKS06.mid,piece_5f9d89320d25ed39,Scriabin,Sonatas_5,1,LOW,5834,0.19259210352568334,30292
Scriabin/Sonatas/5/FALIKS06.mid,piece_5f9d89320d25ed39,Scriabin,Sonatas_5,2,MID,974,0.03215370394823716,30292
Scriabin/Sonatas/5/FALIKS06.mid,piece_5f9d89320d25ed39,Scriabin,Sonatas_5,3,HIGH,2852,0.09415027069853427,30292
Scriabin/Sonatas/5/FALIKS06.mid,piece_5f9d89320d25ed39,Scriabin,Sonatas_5,4,FULL,19560,0.64571504027466,30292
Scriabin/Sonatas/5/FaB05M.mid,piece_5f9d89320d25ed39,Scriabin,Sonatas_5,0,ZERO,737,0.024151264910211037,30516
Scriabin/Sonatas/5/FaB05M.mid,piece_5f9d89320d25ed39,Scriabin,Sonatas_5,1,LOW,7173,0.2350570192685804,30516
Scriabin/Sonatas/5/FaB05M.mid,piece_5f9d89320d25ed39,Scriabin,Sonatas_5,2,MID,9615,0.31508061344868266,30516
Scriabin/Sonatas/5/FaB05M.mid,piece_5f9d89320d25ed39,Scriabin,Sonatas_5,3,HIGH,3439,0.11269497968278935,30516
Scriabin/Sonatas/5/FaB05M.mid,piece_5f9d89320d25ed39,Scriabin,Sonatas_5,4,FULL,9552,0.31301612268973655,30516
Scriabin/Sonatas/5/GarritsonL06M.mid,piece_5f9d89320d25ed39,Scriabin,Sonatas_5,0,ZERO,7019,0.21741419898401684,32284
Scriabin/Sonatas/5/GarritsonL06M.mid,piece_5f9d89320d25ed39,Scriabin,Sonatas_5,1,LOW,1240,0.03840911906826911,32284
Scriabin/Sonatas/5/GarritsonL06M.mid,piece_5f9d89320d25ed39,Scriabin,Sonatas_5,2,MID,2113,0.06545037789617147,32284
Scriabin/Sonatas/5/GarritsonL06M.mid,piece_5f9d89320d25ed39,Scriabin,Sonatas_5,3,HIGH,311,0.009633254863090076,32284
Scriabin/Sonatas/5/GarritsonL06M.mid,piece_5f9d89320d25ed39,Scriabin,Sonatas_5,4,FULL,21601,0.6690930491884525,32284
Scriabin/Sonatas/5/Ko07M.mid,piece_5f9d89320d25ed39,Scriabin,Sonatas_5,0,ZERO,7311,0.23162463566087949,31564
Scriabin/Sonatas/5/Ko07M.mid,piece_5f9d89320d25ed39,Scriabin,Sonatas_5,1,LOW,709,0.02246229882144215,31564
Scriabin/Sonatas/5/Ko07M.mid,piece_5f9d89320d25ed39,Scriabin,Sonatas_5,2,MID,2423,0.07676466860980864,31564
Scriabin/Sonatas/5/Ko07M.mid,piece_5f9d89320d25ed39,Scriabin,Sonatas_5,3,HIGH,1437,0.045526549233303765,31564
Scriabin/Sonatas/5/Ko07M.mid,piece_5f9d89320d25ed39,Scriabin,Sonatas_5,4,FULL,19684,0.623621847674566,31564
Scriabin/Sonatas/5/Na03.mid,piece_5f9d89320d25ed39,Scriabin,Sonatas_5,0,ZERO,6820,0.2108061325420376,32352
Scriabin/Sonatas/5/Na03.mid,piece_5f9d89320d25ed39,Scriabin,Sonatas_5,1,LOW,2122,0.06559099901088032,32352
Scriabin/Sonatas/5/Na03.mid,piece_5f9d89320d25ed39,Scriabin,Sonatas_5,2,MID,3859,0.11928165182987141,32352
Scriabin/Sonatas/5/Na03.mid,piece_5f9d89320d25ed39,Scriabin,Sonatas_5,3,HIGH,1839,0.05684347181008902,32352
Scriabin/Sonatas/5/Na03.mid,piece_5f9d89320d25ed39,Scriabin,Sonatas_5,4,FULL,17712,0.5474777448071216,32352
Scriabin/Sonatas/5/Na07M.mid,piece_5f9d89320d25ed39,Scriabin,Sonatas_5,0,ZERO,9047,0.2859355246523388,31640
Scriabin/Sonatas/5/Na07M.mid,piece_5f9d89320d25ed39,Scriabin,Sonatas_5,1,LOW,1441,0.04554361567635904,31640
Scriabin/Sonatas/5/Na07M.mid,piece_5f9d89320d25ed39,Scriabin,Sonatas_5,2,MID,2422,0.07654867256637168,31640
Scriabin/Sonatas/5/Na07M.mid,piece_5f9d89320d25ed39,Scriabin,Sonatas_5,3,HIGH,687,0.021713021491782555,31640
Scriabin/Sonatas/5/Na07M.mid,piece_5f9d89320d25ed39,Scriabin,Sonatas_5,4,FULL,18043,0.5702591656131479,31640
Scriabin/Sonatas/5/TET02.mid,piece_5f9d89320d25ed39,Scriabin,Sonatas_5,0,ZERO,1848,0.058540293968575775,31568
Scriabin/Sonatas/5/TET02.mid,piece_5f9d89320d25ed39,Scriabin,Sonatas_5,1,LOW,2577,0.08163329954384187,31568
Scriabin/Sonatas/5/TET02.mid,piece_5f9d89320d25ed39,Scriabin,Sonatas_5,2,MID,3853,0.12205397871262037,31568
Scriabin/Sonatas/5/TET02.mid,piece_5f9d89320d25ed39,Scriabin,Sonatas_5,3,HIGH,3247,0.10285732387227572,31568
Scriabin/Sonatas/5/TET02.mid,piece_5f9d89320d25ed39,Scriabin,Sonatas_5,4,FULL,20043,0.6349151039026862,31568
Scriabin/Sonatas/5/Yeletskiy02.mid,piece_5f9d89320d25ed39,Scriabin,Sonatas_5,0,ZERO,6438,0.2109160005241777,30524
Scriabin/Sonatas/5/Yeletskiy02.mid,piece_5f9d89320d25ed39,Scriabin,Sonatas_5,1,LOW,4819,0.15787576988599136,30524
Scriabin/Sonatas/5/Yeletskiy02.mid,piece_5f9d89320d25ed39,Scriabin,Sonatas_5,2,MID,2632,0.08622723103131961,30524
Scriabin/Sonatas/5/Yeletskiy02.mid,piece_5f9d89320d25ed39,Scriabin,Sonatas_5,3,HIGH,912,0.029878128685624426,30524
Scriabin/Sonatas/5/Yeletskiy02.mid,piece_5f9d89320d25ed39,Scriabin,Sonatas_5,4,FULL,15723,0.5151028698728869,30524
Scriabin/Sonatas/5/Yeletskiy07M.mid,piece_5f9d89320d25ed39,Scriabin,Sonatas_5,0,ZERO,9320,0.3086910439851616,30192
Scriabin/Sonatas/5/Yeletskiy07M.mid,piece_5f9d89320d25ed39,Scriabin,Sonatas_5,1,LOW,934,0.0309353471118177,30192
Scriabin/Sonatas/5/Yeletskiy07M.mid,piece_5f9d89320d25ed39,Scriabin,Sonatas_5,2,MID,964,0.03192898781134075,30192
Scriabin/Sonatas/5/Yeletskiy07M.mid,piece_5f9d89320d25ed39,Scriabin,Sonatas_5,3,HIGH,284,0.00940646528881823,30192
Scriabin/Sonatas/5/Yeletskiy07M.mid,piece_5f9d89320d25ed39,Scriabin,Sonatas_5,4,FULL,18690,0.6190381558028617,30192
