metadata_index,composer,title,piece_id,performance_path,score_path,file_exists,file_size_bytes,tokenization_success,error_type,error_message,num_raw_notes,num_normalized_notes,num_tokens,num_raw_cc64_events,num_pedal_tokens,num_pedal_zero,num_pedal_full,num_pedal_intermediate,pedal_zero_ratio,pedal_full_ratio,pedal_intermediate_ratio,pedal1_intermediate_ratio,pedal2_intermediate_ratio,pedal3_intermediate_ratio,pedal4_intermediate_ratio,max_sequence_tokens,requires_4096_token_windowing
0,Bach,Fugue_bwv_846,piece_95144f66af25b32c,Bach/Fugue/bwv_846/Shi05M.mid,Bach/Fugue/bwv_846/midi_score.mid,True,13348,True,,,754,754,6032,2428,3016,752,609,1655,0.2493368700265252,0.20192307692307693,0.5487400530503979,0.5610079575596817,0.5517241379310345,0.5358090185676393,0.5464190981432361,6032,True
1,Bach,Fugue_bwv_848,piece_03244c28858cefca,Bach/Fugue/bwv_848/Denisova06M.mid,Bach/Fugue/bwv_848/midi_score.mid,True,8817,True,,,1435,1435,11480,22,5740,5703,0,37,0.9935540069686412,0.0,0.006445993031358885,0.0062717770034843206,0.006968641114982578,0.0062717770034843206,0.0062717770034843206,11480,True
2,Bach,Fugue_bwv_848,piece_03244c28858cefca,Bach/Fugue/bwv_848/Lee01M.mid,Bach/Fugue/bwv_848/midi_score.mid,True,11905,True,,,1438,1438,11504,697,5752,2572,87,3093,0.4471488178025035,0.015125173852573018,0.5377260083449235,0.5382475660639777,0.5368567454798331,0.53894297635605,0.5368567454798331,11504,True
3,Bach,Fugue_bwv_848,piece_03244c28858cefca,Bach/Fugue/bwv_848/LeeSH01M.mid,Bach/Fugue/bwv_848/midi_score.mid,True,13227,True,,,1429,1429,11432,748,5716,4999,274,443,0.8745626312106368,0.04793561931420574,0.07750174947515745,0.06997900629811056,0.07907627711686493,0.08537438768369489,0.07557732680195942,11432,True
4,Bach,Fugue_bwv_848,piece_03244c28858cefca,Bach/Fugue/bwv_848/Lin04M.mid,Bach/Fugue/bwv_848/midi_score.mid,True,9424,True,,,1431,1431,11448,143,5724,5563,0,161,0.9718728162124388,0.0,0.028127183787561145,0.0286512928022362,0.027253668763102725,0.0286512928022362,0.027952480782669462,11448,True
5,Bach,Fugue_bwv_848,piece_03244c28858cefca,Bach/Fugue/bwv_848/Lou01M.mid,Bach/Fugue/bwv_848/midi_score.mid,True,11484,True,,,1433,1433,11464,659,5732,2748,10,2974,0.479413817166783,0.0017445917655268667,0.5188415910676901,0.5184926727145848,0.5198883461270063,0.5191905094207956,0.5177948360083741,11464,True
6,Bach,Fugue_bwv_848,piece_03244c28858cefca,Bach/Fugue/bwv_848/MiyashitaM01M.mid,Bach/Fugue/bwv_848/midi_score.mid,True,10820,True,,,1438,1438,11504,485,5752,406,80,5266,0.07058414464534075,0.013908205841446454,0.9155076495132128,0.9172461752433936,0.9158553546592489,0.9144645340751043,0.9144645340751043,11504,True
7,Bach,Fugue_bwv_848,piece_03244c28858cefca,Bach/Fugue/bwv_848/Mizumoto03M.mid,Bach/Fugue/bwv_848/midi_score.mid,True,9207,True,,,1440,1440,11520,124,5760,5653,19,88,0.9814236111111111,0.003298611111111111,0.015277777777777777,0.016666666666666666,0.016666666666666666,0.015277777777777777,0.0125,11520,True
8,Bach,Fugue_bwv_848,piece_03244c28858cefca,Bach/Fugue/bwv_848/SunY01M.mid,Bach/Fugue/bwv_848/midi_score.mid,True,11409,True,,,1431,1431,11448,689,5724,4219,155,1350,0.7370719776380154,0.027078965758211043,0.2358490566037736,0.23689727463312368,0.23340321453529,0.2348008385744235,0.23829489867225717,11448,True
9,Bach,Fugue_bwv_848,piece_03244c28858cefca,Bach/Fugue/bwv_848/Zhou01M.mid,Bach/Fugue/bwv_848/midi_score.mid,True,9029,True,,,1430,1430,11440,102,5720,5667,13,40,0.9907342657342657,0.0022727272727272726,0.006993006993006993,0.006993006993006993,0.008391608391608392,0.006993006993006993,0.005594405594405594,11440,True
10,Bach,Fugue_bwv_854,piece_800604c74ef8b5c9,Bach/Fugue/bwv_854/LuA01M.mid,Bach/Fugue/bwv_854/midi_score.mid,True,4675,True,,,739,739,5912,34,2956,2954,0,2,0.9993234100135318,0.0,0.0006765899864682003,0.0,0.0013531799729364006,0.0013531799729364006,0.0,5912,True
11,Bach,Fugue_bwv_854,piece_800604c74ef8b5c9,Bach/Fugue/bwv_854/MiyashitaM01M.mid,Bach/Fugue/bwv_854/midi_score.mid,True,5422,True,,,738,738,5904,254,2952,2726,2,224,0.9234417344173442,0.0006775067750677507,0.07588075880758807,0.07181571815718157,0.07723577235772358,0.07723577235772358,0.07723577235772358,5904,True
12,Bach,Fugue_bwv_854,piece_800604c74ef8b5c9,Bach/Fugue/bwv_854/Ozaki01M.mid,Bach/Fugue/bwv_854/midi_score.mid,True,4973,True,,,734,734,5872,135,2936,2792,47,97,0.9509536784741145,0.01600817438692098,0.03303814713896458,0.02861035422343324,0.0340599455040872,0.035422343324250684,0.0340599455040872,5872,True
13,Bach,Fugue_bwv_854,piece_800604c74ef8b5c9,Bach/Fugue/bwv_854/Richardson01M.mid,Bach/Fugue/bwv_854/midi_score.mid,True,4850,True,,,738,738,5904,86,2952,2855,24,73,0.967140921409214,0.008130081300813009,0.0247289972899729,0.02710027100271003,0.024390243902439025,0.023035230352303523,0.024390243902439025,5904,True
14,Bach,Fugue_bwv_854,piece_800604c74ef8b5c9,Bach/Fugue/bwv_854/WangA01M.mid,Bach/Fugue/bwv_854/midi_score.mid,True,4638,True,,,736,736,5888,17,2944,2929,0,15,0.9949048913043478,0.0,0.005095108695652174,0.005434782608695652,0.005434782608695652,0.004076086956521739,0.005434782608695652,5888,True
15,Bach,Fugue_bwv_856,piece_9c4cbf5a26ef339d,Bach/Fugue/bwv_856/LuoJ01M.mid,Bach/Fugue/bwv_856/midi_score.mid,True,4733,True,,,740,740,5920,28,2960,7,0,2953,0.002364864864864865,0.0,0.9976351351351351,0.9972972972972973,0.9972972972972973,0.9972972972972973,0.9986486486486487,5920,True
16,Bach,Fugue_bwv_857,piece_ab87564eee000628,Bach/Fugue/bwv_857/Bult-ItoS02M.mid,Bach/Fugue/bwv_857/midi_score.mid,True,27046,True,,,1400,1400,11200,5154,5600,445,279,4876,0.07946428571428571,0.04982142857142857,0.8707142857142857,0.8664285714285714,0.8757142857142857,0.8742857142857143,0.8664285714285714,11200,True
17,Bach,Fugue_bwv_857,piece_ab87564eee000628,Bach/Fugue/bwv_857/Lan01M.mid,Bach/Fugue/bwv_857/midi_score.mid,True,9247,True,,,1353,1353,10824,157,5412,25,0,5387,0.004619364375461937,0.0,0.995380635624538,0.9948263118994827,0.9955654101995566,0.9955654101995566,0.9955654101995566,10824,True
18,Bach,Fugue_bwv_857,piece_ab87564eee000628,Bach/Fugue/bwv_857/Lisiecki04M.mid,Bach/Fugue/bwv_857/midi_score.mid,True,11144,True,,,1345,1345,10760,107,5380,5294,0,86,0.9840148698884759,0.0,0.015985130111524165,0.016356877323420074,0.015613382899628252,0.015613382899628252,0.016356877323420074,10760,True
19,Bach,Fugue_bwv_857,piece_ab87564eee000628,Bach/Fugue/bwv_857/ToA01M.mid,Bach/Fugue/bwv_857/midi_score.mid,True,28824,True,,,1361,1361,10888,5690,5444,955,572,3917,0.1754224834680382,0.10506980161645849,0.7195077149155034,0.7413666421748715,0.7163850110213079,0.7068332108743571,0.7134459955914768,10888,True
20,Bach,Fugue_bwv_857,piece_ab87564eee000628,Bach/Fugue/bwv_857/WangA01M.mid,Bach/Fugue/bwv_857/midi_score.mid,True,18726,True,,,1340,1340,10720,2805,5360,2430,718,2212,0.4533582089552239,0.13395522388059702,0.4126865671641791,0.4305970149253731,0.4462686567164179,0.39477611940298507,0.37910447761194027,10720,True
21,Bach,Fugue_bwv_857,piece_ab87564eee000628,Bach/Fugue/bwv_857/YuP01M.mid,Bach/Fugue/bwv_857/midi_score.mid,True,16616,True,,,1358,1358,10864,2174,5432,3046,503,1883,0.5607511045655376,0.09259941089837997,0.34664948453608246,0.34536082474226804,0.3475699558173785,0.3490427098674521,0.3446244477172312,10864,True
22,Bach,Fugue_bwv_858,piece_8d6589d771d00836,Bach/Fugue/bwv_858/VuV01M.mid,Bach/Fugue/bwv_858/midi_score.mid,True,8039,True,,,875,875,7000,662,3500,3039,11,450,0.8682857142857143,0.003142857142857143,0.12857142857142856,0.12685714285714286,0.12457142857142857,0.13028571428571428,0.13257142857142856,7000,True
23,Bach,Fugue_bwv_858,piece_8d6589d771d00836,Bach/Fugue/bwv_858/Zhang01M.mid,Bach/Fugue/bwv_858/midi_score.mid,True,5660,True,,,888,888,7104,0,3552,3552,0,0,1.0,0.0,0.0,0.0,0.0,0.0,0.0,7104,True
24,Bach,Fugue_bwv_860,piece_ab33880c0bc19a7a,Bach/Fugue/bwv_860/Ko04M.mid,Bach/Fugue/bwv_860/midi_score.mid,True,14797,True,,,1739,1739,13912,1089,6956,5856,126,974,0.8418631397354802,0.018113858539390456,0.14002300172512938,0.14146060954571593,0.14203565267395055,0.13916043703277745,0.1374353076480736,13912,True
25,Bach,Fugue_bwv_860,piece_ab33880c0bc19a7a,Bach/Fugue/bwv_860/Nikiforov05M.mid,Bach/Fugue/bwv_860/midi_score.mid,True,19780,True,,,1750,1750,14000,2319,7000,2264,0,4736,0.32342857142857145,0.0,0.6765714285714286,0.676,0.6765714285714286,0.6765714285714286,0.6771428571428572,14000,True
26,Bach,Fugue_bwv_860,piece_ab33880c0bc19a7a,Bach/Fugue/bwv_860/Tetzloff04M.mid,Bach/Fugue/bwv_860/midi_score.mid,True,17842,True,,,1766,1766,14128,1759,7064,4842,214,2008,0.6854473386183465,0.03029445073612684,0.2842582106455266,0.2814269535673839,0.28708946772366933,0.28312570781426954,0.2853907134767837,14128,True
27,Bach,Fugue_bwv_860,piece_ab33880c0bc19a7a,Bach/Fugue/bwv_860/TuanS01M.mid,Bach/Fugue/bwv_860/midi_score.mid,True,12049,True,,,1740,1740,13920,321,6960,6577,164,219,0.9449712643678161,0.023563218390804597,0.03146551724137931,0.035632183908045977,0.028735632183908046,0.027011494252873563,0.034482758620689655,13920,True
28,Bach,Fugue_bwv_860,piece_ab33880c0bc19a7a,Bach/Fugue/bwv_860/YoungS01M.mid,Bach/Fugue/bwv_860/midi_score.mid,True,12472,True,,,1762,1762,14096,456,7048,6533,39,476,0.9269296254256527,0.005533484676503973,0.06753688989784336,0.06867196367763904,0.06753688989784336,0.06753688989784336,0.06640181611804767,14096,True
29,Bach,Fugue_bwv_860,piece_ab33880c0bc19a7a,Bach/Fugue/bwv_860/ZhangH04M.mid,Bach/Fugue/bwv_860/midi_score.mid,True,10628,True,,,1744,1744,13952,0,6976,6976,0,0,1.0,0.0,0.0,0.0,0.0,0.0,0.0,13952,True
30,Bach,Fugue_bwv_862,piece_8b760d5e59bd8897,Bach/Fugue/bwv_862/Song04M.mid,Bach/Fugue/bwv_862/midi_score.mid,True,18950,True,,,868,868,6944,2794,3472,458,0,3014,0.13191244239631336,0.0,0.8680875576036866,0.869815668202765,0.8456221198156681,0.8721198156682027,0.8847926267281107,6944,True
31,Bach,Fugue_bwv_863,piece_023ccee6f631dbef,Bach/Fugue/bwv_863/LeeN01M.mid,Bach/Fugue/bwv_863/midi_score.mid,True,11246,True,,,792,792,6336,1639,3168,1989,247,932,0.6278409090909091,0.07796717171717171,0.29419191919191917,0.33080808080808083,0.2777777777777778,0.2815656565656566,0.2866161616161616,6336,True
32,Bach,Fugue_bwv_863,piece_023ccee6f631dbef,Bach/Fugue/bwv_863/Shychko01M.mid,Bach/Fugue/bwv_863/midi_score.mid,True,12423,True,,,799,799,6392,1579,3196,133,262,2801,0.041614518147684604,0.08197747183979975,0.8764080100125157,0.8785982478097623,0.8811013767209012,0.8785982478097623,0.867334167709637,6392,True
33,Bach,Fugue_bwv_863,piece_023ccee6f631dbef,Bach/Fugue/bwv_863/TongB01M.mid,Bach/Fugue/bwv_863/midi_score.mid,True,21049,True,,,803,803,6424,4618,3212,214,13,2985,0.06662515566625156,0.004047322540473225,0.9293275217932753,0.933997509339975,0.900373599003736,0.9352428393524284,0.9476961394769614,6424,True
34,Bach,Fugue_bwv_864,piece_8ced86fd9478a1c7,Bach/Fugue/bwv_864/SunD01M.mid,Bach/Fugue/bwv_864/midi_score.mid,True,10398,True,,,1188,1188,9504,756,4752,2133,10,2609,0.44886363636363635,0.0021043771043771043,0.5490319865319865,0.5471380471380471,0.5488215488215489,0.5496632996632996,0.5505050505050505,9504,True
35,Bach,Fugue_bwv_865,piece_34e87ec013c87f4e,Bach/Fugue/bwv_865/Rizikov01M.mid,Bach/Fugue/bwv_865/midi_score.mid,True,33665,True,,,2398,2398,19184,5131,9592,1069,438,8085,0.11144703919933278,0.04566305254378649,0.8428899082568807,0.8436196830692243,0.8498748957464554,0.841117597998332,0.8369474562135113,19184,True
36,Bach,Fugue_bwv_865,piece_34e87ec013c87f4e,Bach/Fugue/bwv_865/Teo01M.mid,Bach/Fugue/bwv_865/midi_score.mid,True,24053,True,,,2456,2456,19648,2374,9824,7193,127,2504,0.7321864820846905,0.012927524429967427,0.254885993485342,0.2552931596091205,0.25732899022801303,0.25651465798045603,0.2504071661237785,19648,True
37,Bach,Fugue_bwv_865,piece_34e87ec013c87f4e,Bach/Fugue/bwv_865/ZhangE01M.mid,Bach/Fugue/bwv_865/midi_score.mid,True,20281,True,,,2402,2402,19216,1494,9608,8362,139,1107,0.8703164029975021,0.014467110741049125,0.11521648626144879,0.10990840965861781,0.11948376353039133,0.11948376353039133,0.11199000832639468,19216,True
38,Bach,Fugue_bwv_866,piece_ff5b87b8e13622db,Bach/Fugue/bwv_866/SOLOM02.mid,Bach/Fugue/bwv_866/midi_score.mid,True,8869,True,,,946,946,7568,239,3784,3613,2,169,0.9548097251585623,0.0005285412262156448,0.04466173361522199,0.03805496828752643,0.05391120507399577,0.0507399577167019,0.035940803382663845,7568,True
39,Bach,Fugue_bwv_867,piece_182456f2214312df,Bach/Fugue/bwv_867/HuNY01M.mid,Bach/Fugue/bwv_867/midi_score.mid,True,11658,True,,,747,747,5976,1939,2988,1172,768,1048,0.392235609103079,0.2570281124497992,0.3507362784471218,0.36947791164658633,0.3427041499330656,0.3386880856760375,0.35207496653279785,5976,True
40,Bach,Fugue_bwv_867,piece_182456f2214312df,Bach/Fugue/bwv_867/Sham01M.mid,Bach/Fugue/bwv_867/midi_score.mid,True,8230,True,,,739,739,5912,993,2956,1187,307,1462,0.40155615696887687,0.10385656292286874,0.4945872801082544,0.4857916102841678,0.5074424898511503,0.5006765899864682,0.4844384303112314,5912,True
41,Bach,Fugue_bwv_868,piece_b7d3ae5b13624524,Bach/Fugue/bwv_868/GonzalezJ05M.mid,Bach/Fugue/bwv_868/midi_score.mid,True,11119,True,,,872,872,6976,1376,3488,2606,76,806,0.7471330275229358,0.021788990825688075,0.23107798165137614,0.23279816513761467,0.21444954128440366,0.22821100917431192,0.24885321100917432,6976,True
42,Bach,Fugue_bwv_870,piece_a4ad7b65a28a3523,Bach/Fugue/bwv_870/ChenW01M.mid,Bach/Fugue/bwv_870/midi_score.mid,True,6563,True,,,1070,1070,8560,0,4280,4280,0,0,1.0,0.0,0.0,0.0,0.0,0.0,0.0,8560,True
43,Bach,Fugue_bwv_870,piece_a4ad7b65a28a3523,Bach/Fugue/bwv_870/LeeE01M.mid,Bach/Fugue/bwv_870/midi_score.mid,True,7657,True,,,1049,1049,8392,295,4196,45,11,4140,0.010724499523355576,0.002621544327931363,0.9866539561487131,0.988560533841754,0.9866539561487131,0.9866539561487131,0.9847473784556721,8392,True
44,Bach,Fugue_bwv_870,piece_a4ad7b65a28a3523,Bach/Fugue/bwv_870/MaximovI01M.mid,Bach/Fugue/bwv_870/midi_score.mid,True,7616,True,,,1092,1092,8736,80,4368,4305,31,32,0.9855769230769231,0.007097069597069597,0.007326007326007326,0.007326007326007326,0.005494505494505495,0.007326007326007326,0.009157509157509158,8736,True
45,Bach,Fugue_bwv_873,piece_e75a4fd92837f60c,Bach/Fugue/bwv_873/Lisiecki02.mid,Bach/Fugue/bwv_873/midi_score.mid,True,17631,True,,,1385,1385,11080,593,5540,4858,0,682,0.8768953068592058,0.0,0.12310469314079422,0.12057761732851986,0.1256317689530686,0.12274368231046931,0.12346570397111914,11080,True
46,Bach,Fugue_bwv_873,piece_e75a4fd92837f60c,Bach/Fugue/bwv_873/Lisiecki13M.mid,Bach/Fugue/bwv_873/midi_score.mid,True,10627,True,,,1380,1380,11040,350,5520,5123,0,397,0.9280797101449275,0.0,0.07192028985507247,0.0746376811594203,0.07101449275362319,0.07101449275362319,0.07101449275362319,11040,True
47,Bach,Fugue_bwv_874,piece_fb58ccb173903f1f,Bach/Fugue/bwv_874/BianF01.mid,Bach/Fugue/bwv_874/midi_score.mid,True,27259,True,,,867,867,6936,4973,3468,754,22,2692,0.2174163783160323,0.006343713956170703,0.776239907727797,0.7935409457900807,0.7277970011534025,0.7912341407151096,0.7923875432525952,6936,True
48,Bach,Fugue_bwv_874,piece_fb58ccb173903f1f,Bach/Fugue/bwv_874/Kurz01M.mid,Bach/Fugue/bwv_874/midi_score.mid,True,15461,True,,,872,872,6976,2825,3488,51,46,3391,0.014621559633027524,0.013188073394495414,0.9721903669724771,0.9736238532110092,0.9782110091743119,0.9724770642201835,0.9644495412844036,6976,True
49,Bach,Fugue_bwv_874,piece_fb58ccb173903f1f,Bach/Fugue/bwv_874/WongWY01M.mid,Bach/Fugue/bwv_874/midi_score.mid,True,19340,True,,,867,867,6936,3649,3468,486,221,2761,0.14013840830449828,0.06372549019607843,0.7961361014994233,0.7993079584775087,0.7912341407151096,0.81199538638985,0.7820069204152249,6936,True
50,Bach,Fugue_bwv_875,piece_8288aa3742885356,Bach/Fugue/bwv_875/Ahfat01M.mid,Bach/Fugue/bwv_875/midi_score.mid,True,10879,True,,,806,806,6448,1596,3224,98,61,3065,0.030397022332506202,0.01892059553349876,0.950682382133995,0.9466501240694789,0.9528535980148883,0.9528535980148883,0.9503722084367245,6448,True
51,Bach,Fugue_bwv_875,piece_8288aa3742885356,Bach/Fugue/bwv_875/CaoJ01M.mid,Bach/Fugue/bwv_875/midi_score.mid,True,5350,True,,,799,799,6392,31,3196,3169,4,23,0.9915519399249061,0.0012515644555694619,0.0071964956195244055,0.007509386733416771,0.008760951188986232,0.006257822277847309,0.006257822277847309,6392,True
52,Bach,Fugue_bwv_876,piece_a167685be68feec2,Bach/Fugue/bwv_876/SirajA01M.mid,Bach/Fugue/bwv_876/midi_score.mid,True,10765,True,,,691,691,5528,1759,2764,1486,28,1250,0.5376266280752533,0.010130246020260492,0.45224312590448623,0.45007235890014474,0.4196816208393632,0.467438494934877,0.4717800289435601,5528,True
53,Bach,Fugue_bwv_876,piece_a167685be68feec2,Bach/Fugue/bwv_876/Song01M.mid,Bach/Fugue/bwv_876/midi_score.mid,True,6373,True,,,704,704,5632,469,2816,9,41,2766,0.0031960227272727275,0.01455965909090909,0.9822443181818182,0.9829545454545454,0.9801136363636364,0.9815340909090909,0.984375,5632,True
54,Bach,Fugue_bwv_880,piece_26821ce443911314,Bach/Fugue/bwv_880/LeungR01M.mid,Bach/Fugue/bwv_880/midi_score.mid,True,10501,True,,,984,984,7872,200,3936,421,17,3498,0.10696138211382114,0.004319105691056911,0.8887195121951219,0.8882113821138211,0.8892276422764228,0.8871951219512195,0.8902439024390244,7872,True
55,Bach,Fugue_bwv_880,piece_26821ce443911314,Bach/Fugue/bwv_880/Sun02.mid,Bach/Fugue/bwv_880/midi_score.mid,True,10838,True,,,982,982,7856,146,3928,3707,47,174,0.9437372708757638,0.011965376782077392,0.04429735234215886,0.04378818737270876,0.04378818737270876,0.04378818737270876,0.045824847250509164,7856,True
56,Bach,Fugue_bwv_880,piece_26821ce443911314,Bach/Fugue/bwv_880/WangA04M.mid,Bach/Fugue/bwv_880/midi_score.mid,True,6092,True,,,975,975,7800,38,3900,3862,0,38,0.9902564102564102,0.0,0.009743589743589744,0.009230769230769232,0.010256410256410256,0.009230769230769232,0.010256410256410256,7800,True
57,Bach,Fugue_bwv_883,piece_e31f4b9d7e471762,Bach/Fugue/bwv_883/GuoE01M.mid,Bach/Fugue/bwv_883/midi_score.mid,True,41893,True,,,1452,1452,11616,9596,5808,171,41,5596,0.029442148760330578,0.007059228650137741,0.9634986225895317,0.9655647382920111,0.9641873278236914,0.9628099173553719,0.9614325068870524,11616,True
58,Bach,Fugue_bwv_883,piece_e31f4b9d7e471762,Bach/Fugue/bwv_883/Herbert02.mid,Bach/Fugue/bwv_883/midi_score.mid,True,12285,True,,,1450,1450,11600,0,5800,5800,0,0,1.0,0.0,0.0,0.0,0.0,0.0,0.0,11600,True
59,Bach,Fugue_bwv_883,piece_e31f4b9d7e471762,Bach/Fugue/bwv_883/KaiRuiR03.mid,Bach/Fugue/bwv_883/midi_score.mid,True,17603,True,,,1466,1466,11728,1286,5864,1106,11,4747,0.18860845839017734,0.0018758526603001365,0.8095156889495225,0.8096862210095498,0.810368349249659,0.8090040927694406,0.8090040927694406,11728,True
60,Bach,Fugue_bwv_883,piece_e31f4b9d7e471762,Bach/Fugue/bwv_883/Khmara04.mid,Bach/Fugue/bwv_883/midi_score.mid,True,12402,True,,,1443,1443,11544,13,5772,15,0,5757,0.002598752598752599,0.0,0.9974012474012474,0.997920997920998,0.9972279972279973,0.9972279972279973,0.9972279972279973,11544,True
61,Bach,Fugue_bwv_883,piece_e31f4b9d7e471762,Bach/Fugue/bwv_883/Lim01.mid,Bach/Fugue/bwv_883/midi_score.mid,True,17856,True,,,1428,1428,11424,734,5712,4186,10,1516,0.7328431372549019,0.0017507002801120449,0.265406162464986,0.2661064425770308,0.26260504201680673,0.265406162464986,0.26750700280112044,11424,True
62,Bach,Fugue_bwv_883,piece_e31f4b9d7e471762,Bach/Fugue/bwv_883/LuM01M.mid,Bach/Fugue/bwv_883/midi_score.mid,True,9633,True,,,1544,1544,12352,0,6176,6176,0,0,1.0,0.0,0.0,0.0,0.0,0.0,0.0,12352,True
63,Bach,Fugue_bwv_884,piece_b792afc2177b46e8,Bach/Fugue/bwv_884/LiA01M.mid,Bach/Fugue/bwv_884/midi_score.mid,True,4556,True,,,745,745,5960,0,2980,2980,0,0,1.0,0.0,0.0,0.0,0.0,0.0,0.0,5960,True
64,Bach,Fugue_bwv_885,piece_589f19bb9d7c23c3,Bach/Fugue/bwv_885/Chon02.mid,Bach/Fugue/bwv_885/midi_score.mid,True,19471,True,,,1642,1642,13136,1492,6568,3530,97,2941,0.5374543239951279,0.01476857490864799,0.4477771010962241,0.4531059683313033,0.4476248477466504,0.4457978075517661,0.4445797807551766,13136,True
65,Bach,Fugue_bwv_885,piece_589f19bb9d7c23c3,Bach/Fugue/bwv_885/Guo01M.mid,Bach/Fugue/bwv_885/midi_score.mid,True,10202,True,,,1676,1676,13408,0,6704,6704,0,0,1.0,0.0,0.0,0.0,0.0,0.0,0.0,13408,True
66,Bach,Fugue_bwv_885,piece_589f19bb9d7c23c3,Bach/Fugue/bwv_885/Huang04M.mid,Bach/Fugue/bwv_885/midi_score.mid,True,18363,True,,,1659,1659,13272,2128,6636,4447,0,2189,0.6701326100060278,0.0,0.32986738999397225,0.323086196503918,0.32610006027727545,0.3351416515973478,0.3351416515973478,13272,True
67,Bach,Fugue_bwv_885,piece_589f19bb9d7c23c3,Bach/Fugue/bwv_885/JeonH01M.mid,Bach/Fugue/bwv_885/midi_score.mid,True,12442,True,,,1662,1662,13296,600,6648,5944,269,435,0.8941034897713598,0.0404632972322503,0.06543321299638989,0.06558363417569193,0.061371841155234655,0.06678700361010831,0.06799037304452467,13296,True
68,Bach,Fugue_bwv_885,piece_589f19bb9d7c23c3,Bach/Fugue/bwv_885/SINKEV01.mid,Bach/Fugue/bwv_885/midi_score.mid,True,15805,True,,,1664,1664,13312,401,6656,6259,71,326,0.9403545673076923,0.010667067307692308,0.048978365384615384,0.047475961538461536,0.047475961538461536,0.051682692307692304,0.04927884615384615,13312,True
69,Bach,Fugue_bwv_885,piece_589f19bb9d7c23c3,Bach/Fugue/bwv_885/SINKEV06.mid,Bach/Fugue/bwv_885/midi_score.mid,True,16610,True,,,1671,1671,13368,643,6684,5946,138,600,0.8895870736086176,0.02064631956912029,0.08976660682226212,0.08737283064033513,0.08916816277678037,0.0921603830041891,0.09036505086774387,13368,True
70,Bach,Fugue_bwv_887,piece_5a7ace9adaa1dfd9,Bach/Fugue/bwv_887/LiYZ01M.mid,Bach/Fugue/bwv_887/midi_score.mid,True,30015,True,,,1588,1588,12704,5658,6352,182,711,5459,0.028652392947103273,0.11193324937027707,0.8594143576826196,0.8746851385390428,0.8746851385390428,0.8469773299748111,0.8413098236775819,12704,True
71,Bach,Fugue_bwv_888,piece_0965117795215b98,Bach/Fugue/bwv_888/ZhaoK01M.mid,Bach/Fugue/bwv_888/midi_score.mid,True,7746,True,,,768,768,6144,521,3072,429,28,2615,0.1396484375,0.009114583333333334,0.8512369791666666,0.8502604166666666,0.8528645833333334,0.8515625,0.8502604166666666,6144,True
72,Bach,Fugue_bwv_889,piece_6502bfee44189192,Bach/Fugue/bwv_889/Giesbrecht01M.mid,Bach/Fugue/bwv_889/midi_score.mid,True,5586,True,,,838,838,6704,133,3352,3335,1,16,0.994928400954654,0.0002983293556085919,0.00477326968973747,0.003579952267303103,0.003579952267303103,0.0059665871121718375,0.0059665871121718375,6704,True
73,Bach,Fugue_bwv_889,piece_6502bfee44189192,Bach/Fugue/bwv_889/LiuY01M.mid,Bach/Fugue/bwv_889/midi_score.mid,True,6097,True,,,848,848,6784,224,3392,3171,54,167,0.9348466981132075,0.015919811320754717,0.049233490566037735,0.055424528301886794,0.04834905660377359,0.04716981132075472,0.045990566037735846,6784,True
74,Bach,Fugue_bwv_889,piece_6502bfee44189192,Bach/Fugue/bwv_889/MunA01M.mid,Bach/Fugue/bwv_889/midi_score.mid,True,6998,True,,,827,827,6616,364,3308,3016,0,292,0.9117291414752116,0.0,0.08827085852478839,0.07980652962515115,0.09673518742442563,0.08948004836759371,0.08706166868198308,6616,True
75,Bach,Fugue_bwv_889,piece_6502bfee44189192,Bach/Fugue/bwv_889/Wang01M.mid,Bach/Fugue/bwv_889/midi_score.mid,True,7783,True,,,840,840,6720,698,3360,2265,19,1076,0.6741071428571429,0.005654761904761905,0.3202380952380952,0.3142857142857143,0.3261904761904762,0.32857142857142857,0.3119047619047619,6720,True
76,Bach,Fugue_bwv_889,piece_6502bfee44189192,Bach/Fugue/bwv_889/YangY02M.mid,Bach/Fugue/bwv_889/midi_score.mid,True,8586,True,,,849,849,6792,871,3396,1730,120,1546,0.5094228504122497,0.0353356890459364,0.4552414605418139,0.45700824499411075,0.4558303886925795,0.4558303886925795,0.45229681978798586,6792,True
77,Bach,Fugue_bwv_889,piece_6502bfee44189192,Bach/Fugue/bwv_889/ZhangW02M.mid,Bach/Fugue/bwv_889/midi_score.mid,True,7395,True,,,830,830,6640,603,3320,2651,0,669,0.7984939759036145,0.0,0.20150602409638554,0.19879518072289157,0.20481927710843373,0.20240963855421687,0.2,6640,True
78,Bach,Fugue_bwv_891,piece_aa9d4c56d26cf629,Bach/Fugue/bwv_891/Duepree06M.mid,Bach/Fugue/bwv_891/midi_score.mid,True,24031,True,,,1760,1760,14080,3616,7040,4844,10,2186,0.6880681818181819,0.0014204545454545455,0.3105113636363636,0.2681818181818182,0.27329545454545456,0.34204545454545454,0.35852272727272727,14080,True
79,Bach,Fugue_bwv_892,piece_b0f1ce4a73c5ca06,Bach/Fugue/bwv_892/Hou01M.mid,Bach/Fugue/bwv_892/midi_score.mid,True,19156,True,,,1305,1305,10440,2970,5220,1849,571,2800,0.35421455938697316,0.10938697318007663,0.5363984674329502,0.535632183908046,0.542528735632184,0.5379310344827586,0.5295019157088122,10440,True
80,Bach,Fugue_bwv_892,piece_b0f1ce4a73c5ca06,Bach/Fugue/bwv_892/KabuliL01M.mid,Bach/Fugue/bwv_892/midi_score.mid,True,21717,True,,,1310,1310,10480,3729,5240,949,64,4227,0.18110687022900762,0.012213740458015267,0.8066793893129771,0.816030534351145,0.7984732824427481,0.8030534351145038,0.8091603053435115,10480,True
81,Bach,Fugue_bwv_893,piece_85123a55f4260879,Bach/Fugue/bwv_893/Kleisen04M.mid,Bach/Fugue/bwv_893/midi_score.mid,True,6226,True,,,992,992,7936,48,3968,3937,0,31,0.9921875,0.0,0.0078125,0.008064516129032258,0.007056451612903226,0.008064516129032258,0.008064516129032258,7936,True
82,Bach,Fugue_bwv_893,piece_85123a55f4260879,Bach/Fugue/bwv_893/Levitsky04M.mid,Bach/Fugue/bwv_893/midi_score.mid,True,7369,True,,,1020,1020,8160,289,4080,3835,0,245,0.9399509803921569,0.0,0.06004901960784314,0.059803921568627454,0.06372549019607843,0.058823529411764705,0.05784313725490196,8160,True
83,Bach,Fugue_bwv_893,piece_85123a55f4260879,Bach/Fugue/bwv_893/Wong01M.mid,Bach/Fugue/bwv_893/midi_score.mid,True,7618,True,,,1031,1031,8248,324,4124,3752,50,322,0.9097963142580019,0.01212415130940834,0.07807953443258972,0.07953443258971872,0.07274490785645005,0.07759456838021339,0.08244422890397672,8248,True
84,Bach,Italian_concerto,piece_e3df22220b5af81c,Bach/Italian_concerto/KyykhynenT03.mid,Bach/Italian_concerto/midi_score.mid,True,30835,True,,,1221,1221,9768,4612,4884,1377,1479,2028,0.2819410319410319,0.30282555282555285,0.4152334152334152,0.4701064701064701,0.38656838656838655,0.40294840294840295,0.4013104013104013,9768,True
85,Bach,Italian_concerto,piece_e3df22220b5af81c,Bach/Italian_concerto/LeeN07.mid,Bach/Italian_concerto/midi_score.mid,True,31897,True,,,1196,1196,9568,5070,4784,921,1549,2314,0.19251672240802675,0.3237876254180602,0.483695652173913,0.4991638795986622,0.5150501672240803,0.4673913043478261,0.4531772575250836,9568,True
86,Bach,Italian_concerto,piece_e3df22220b5af81c,Bach/Italian_concerto/TanakaM03.mid,Bach/Italian_concerto/midi_score.mid,True,34394,True,,,1171,1171,9368,5203,4684,697,23,3964,0.14880444064901793,0.004910333048676345,0.8462852263023057,0.8599487617421008,0.829205807002562,0.8445772843723314,0.8514090520922288,9368,True
87,Bach,Prelude_bwv_846,piece_a848e78b0704b4b6,Bach/Prelude/bwv_846/Shi05M.mid,Bach/Prelude/bwv_846/midi_score.mid,True,11595,True,,,548,548,4384,2235,2192,134,1259,799,0.06113138686131387,0.5743613138686131,0.36450729927007297,0.3521897810218978,0.354014598540146,0.3740875912408759,0.3777372262773723,4384,True
88,Bach,Prelude_bwv_848,piece_9d7bcecc3238b291,Bach/Prelude/bwv_848/Denisova06M.mid,Bach/Prelude/bwv_848/midi_score.mid,True,4949,True,,,811,811,6488,0,3244,3244,0,0,1.0,0.0,0.0,0.0,0.0,0.0,0.0,6488,True
89,Bach,Prelude_bwv_848,piece_9d7bcecc3238b291,Bach/Prelude/bwv_848/Lee01M.mid,Bach/Prelude/bwv_848/midi_score.mid,True,6468,True,,,816,816,6528,233,3264,2272,22,970,0.696078431372549,0.006740196078431373,0.2971813725490196,0.2977941176470588,0.29901960784313725,0.2965686274509804,0.29534313725490197,6528,True
90,Bach,Prelude_bwv_848,piece_9d7bcecc3238b291,Bach/Prelude/bwv_848/LeeSH01M.mid,Bach/Prelude/bwv_848/midi_score.mid,True,5850,True,,,810,810,6480,181,3240,3124,37,79,0.9641975308641976,0.011419753086419753,0.024382716049382715,0.022222222222222223,0.025925925925925925,0.02345679012345679,0.025925925925925925,6480,True
91,Bach,Prelude_bwv_848,piece_9d7bcecc3238b291,Bach/Prelude/bwv_848/Lin04M.mid,Bach/Prelude/bwv_848/midi_score.mid,True,5199,True,,,810,810,6480,23,3240,3237,0,3,0.9990740740740741,0.0,0.000925925925925926,0.0,0.0012345679012345679,0.0012345679012345679,0.0012345679012345679,6480,True
92,Bach,Prelude_bwv_848,piece_9d7bcecc3238b291,Bach/Prelude/bwv_848/Lou01M.mid,Bach/Prelude/bwv_848/midi_score.mid,True,5797,True,,,810,810,6480,37,3240,3217,2,21,0.9929012345679012,0.0006172839506172839,0.006481481481481481,0.006172839506172839,0.007407407407407408,0.006172839506172839,0.006172839506172839,6480,True
93,Bach,Prelude_bwv_848,piece_9d7bcecc3238b291,Bach/Prelude/bwv_848/MiyashitaM01M.mid,Bach/Prelude/bwv_848/midi_score.mid,True,6132,True,,,811,811,6488,299,3244,424,27,2793,0.13070283600493218,0.008323057953144267,0.8609741060419236,0.8606658446362515,0.8581997533908755,0.8631319358816276,0.8618988902589396,6488,True
94,Bach,Prelude_bwv_848,piece_9d7bcecc3238b291,Bach/Prelude/bwv_848/Mizumoto03M.mid,Bach/Prelude/bwv_848/midi_score.mid,True,4930,True,,,806,806,6448,8,3224,3221,3,0,0.9990694789081885,0.0009305210918114144,0.0,0.0,0.0,0.0,0.0,6448,True
95,Bach,Prelude_bwv_848,piece_9d7bcecc3238b291,Bach/Prelude/bwv_848/SunY01M.mid,Bach/Prelude/bwv_848/midi_score.mid,True,5539,True,,,811,811,6488,161,3244,3056,68,120,0.9420468557336621,0.02096177558569667,0.036991368680641186,0.035758323057953144,0.03822441430332922,0.036991368680641186,0.036991368680641186,6488,True
96,Bach,Prelude_bwv_848,piece_9d7bcecc3238b291,Bach/Prelude/bwv_848/Zhou01M.mid,Bach/Prelude/bwv_848/midi_score.mid,True,4910,True,,,808,808,6464,0,3232,3232,0,0,1.0,0.0,0.0,0.0,0.0,0.0,0.0,6464,True
97,Bach,Prelude_bwv_854,piece_0526ae12a699b81e,Bach/Prelude/bwv_854/LuA01M.mid,Bach/Prelude/bwv_854/midi_score.mid,True,5684,True,,,459,459,3672,631,1836,1326,120,390,0.7222222222222222,0.06535947712418301,0.21241830065359477,0.2178649237472767,0.21350762527233116,0.2113289760348584,0.20697167755991286,3672,False
98,Bach,Prelude_bwv_854,piece_0526ae12a699b81e,Bach/Prelude/bwv_854/MiyashitaM01M.mid,Bach/Prelude/bwv_854/midi_score.mid,True,6865,True,,,444,444,3552,1143,1776,1163,6,607,0.6548423423423423,0.0033783783783783786,0.34177927927927926,0.32657657657657657,0.34234234234234234,0.35135135135135137,0.34684684684684686,3552,False
99,Bach,Prelude_bwv_854,piece_0526ae12a699b81e,Bach/Prelude/bwv_854/Ozaki01M.mid,Bach/Prelude/bwv_854/midi_score.mid,True,5915,True,,,443,443,3544,889,1772,826,107,839,0.46613995485327314,0.06038374717832957,0.4734762979683973,0.4785553047404063,0.4898419864559819,0.46275395033860045,0.46275395033860045,3544,False
100,Bach,Prelude_bwv_854,piece_0526ae12a699b81e,Bach/Prelude/bwv_854/Richardson01M.mid,Bach/Prelude/bwv_854/midi_score.mid,True,4507,True,,,444,444,3552,447,1776,1310,175,291,0.7376126126126126,0.09853603603603604,0.16385135135135134,0.15990990990990991,0.16216216216216217,0.16891891891891891,0.16441441441441443,3552,False
101,Bach,Prelude_bwv_854,piece_0526ae12a699b81e,Bach/Prelude/bwv_854/WangA01M.mid,Bach/Prelude/bwv_854/midi_score.mid,True,3816,True,,,465,465,3720,202,1860,1700,79,81,0.9139784946236559,0.04247311827956989,0.043548387096774194,0.03870967741935484,0.05161290322580645,0.047311827956989246,0.03655913978494624,3720,False
102,Bach,Prelude_bwv_856,piece_f10784ae79f0f210,Bach/Prelude/bwv_856/LuoJ01M.mid,Bach/Prelude/bwv_856/midi_score.mid,True,5621,True,,,824,824,6592,130,3296,0,5,3291,0.0,0.001516990291262136,0.9984830097087378,0.9987864077669902,0.9975728155339806,0.9987864077669902,0.9987864077669902,6592,True
103,Bach,Prelude_bwv_857,piece_eab1e235ef128251,Bach/Prelude/bwv_857/Bult-ItoS02M.mid,Bach/Prelude/bwv_857/midi_score.mid,True,12624,True,,,549,549,4392,2636,2196,290,52,1854,0.1320582877959927,0.023679417122040074,0.8442622950819673,0.8506375227686703,0.8415300546448088,0.8378870673952641,0.8469945355191257,4392,True
104,Bach,Prelude_bwv_857,piece_eab1e235ef128251,Bach/Prelude/bwv_857/Lan01M.mid,Bach/Prelude/bwv_857/midi_score.mid,True,3733,True,,,566,566,4528,0,2264,2264,0,0,1.0,0.0,0.0,0.0,0.0,0.0,0.0,4528,True
105,Bach,Prelude_bwv_857,piece_eab1e235ef128251,Bach/Prelude/bwv_857/Lisiecki04M.mid,Bach/Prelude/bwv_857/midi_score.mid,True,7580,True,,,556,556,4448,336,2224,2028,23,173,0.9118705035971223,0.010341726618705036,0.07778776978417266,0.07733812949640288,0.07913669064748201,0.07913669064748201,0.07553956834532374,4448,True
106,Bach,Prelude_bwv_857,piece_eab1e235ef128251,Bach/Prelude/bwv_857/ToA01M.mid,Bach/Prelude/bwv_857/midi_score.mid,True,15180,True,,,557,557,4456,3326,2228,475,202,1551,0.21319569120287254,0.09066427289048475,0.6961400359066428,0.7163375224416517,0.7199281867145422,0.6750448833034112,0.6732495511669659,4456,True
107,Bach,Prelude_bwv_857,piece_eab1e235ef128251,Bach/Prelude/bwv_857/WangA01M.mid,Bach/Prelude/bwv_857/midi_score.mid,True,11460,True,,,526,526,4208,2224,2104,483,254,1367,0.22956273764258556,0.12072243346007605,0.6497148288973384,0.6768060836501901,0.6749049429657795,0.6349809885931559,0.6121673003802282,4208,True
108,Bach,Prelude_bwv_857,piece_eab1e235ef128251,Bach/Prelude/bwv_857/YuP01M.mid,Bach/Prelude/bwv_857/midi_score.mid,True,7516,True,,,559,559,4472,1116,2236,1581,208,447,0.7070661896243292,0.09302325581395349,0.19991055456171736,0.18604651162790697,0.2110912343470483,0.2146690518783542,0.18783542039355994,4472,True
109,Bach,Prelude_bwv_858,piece_f5bd27fe48f82236,Bach/Prelude/bwv_858/VuV01M.mid,Bach/Prelude/bwv_858/midi_score.mid,True,4376,True,,,439,439,3512,400,1756,1201,0,555,0.6839407744874715,0.0,0.31605922551252846,0.3143507972665148,0.31662870159453305,0.31662870159453305,0.31662870159453305,3512,False
110,Bach,Prelude_bwv_858,piece_f5bd27fe48f82236,Bach/Prelude/bwv_858/Zhang01M.mid,Bach/Prelude/bwv_858/midi_score.mid,True,3202,True,,,486,486,3888,1,1944,1944,0,0,1.0,0.0,0.0,0.0,0.0,0.0,0.0,3888,False
111,Bach,Prelude_bwv_860,piece_ef65dce01c893091,Bach/Prelude/bwv_860/Ko04M.mid,Bach/Prelude/bwv_860/midi_score.mid,True,4592,True,,,616,616,4928,201,2464,2177,39,248,0.8835227272727273,0.015827922077922076,0.10064935064935066,0.10551948051948051,0.09577922077922078,0.09740259740259741,0.1038961038961039,4928,True
112,Bach,Prelude_bwv_860,piece_ef65dce01c893091,Bach/Prelude/bwv_860/Nikiforov05M.mid,Bach/Prelude/bwv_860/midi_score.mid,True,7914,True,,,608,608,4864,1029,2432,456,0,1976,0.1875,0.0,0.8125,0.8108552631578947,0.8108552631578947,0.8157894736842105,0.8125,4864,True
113,Bach,Prelude_bwv_860,piece_ef65dce01c893091,Bach/Prelude/bwv_860/Tetzloff04M.mid,Bach/Prelude/bwv_860/midi_score.mid,True,6315,True,,,612,612,4896,600,2448,1245,0,1203,0.508578431372549,0.0,0.49142156862745096,0.4869281045751634,0.4852941176470588,0.49836601307189543,0.4950980392156863,4896,True
114,Bach,Prelude_bwv_860,piece_ef65dce01c893091,Bach/Prelude/bwv_860/TuanS01M.mid,Bach/Prelude/bwv_860/midi_score.mid,True,3823,True,,,613,613,4904,22,2452,2435,0,17,0.9930668841761827,0.0,0.006933115823817292,0.0065252854812398045,0.0065252854812398045,0.0065252854812398045,0.008156606851549755,4904,True
115,Bach,Prelude_bwv_860,piece_ef65dce01c893091,Bach/Prelude/bwv_860/YoungS01M.mid,Bach/Prelude/bwv_860/midi_score.mid,True,3845,True,,,611,611,4888,35,2444,2441,3,0,0.9987725040916531,0.0012274959083469722,0.0,0.0,0.0,0.0,0.0,4888,True
116,Bach,Prelude_bwv_860,piece_ef65dce01c893091,Bach/Prelude/bwv_860/ZhangH04M.mid,Bach/Prelude/bwv_860/midi_score.mid,True,3726,True,,,608,608,4864,0,2432,2432,0,0,1.0,0.0,0.0,0.0,0.0,0.0,0.0,4864,True
117,Bach,Prelude_bwv_862,piece_08aa5ff2ada461e0,Bach/Prelude/bwv_862/Song04M.mid,Bach/Prelude/bwv_862/midi_score.mid,True,6861,True,,,675,675,5400,361,2700,2391,0,309,0.8855555555555555,0.0,0.11444444444444445,0.11851851851851852,0.11555555555555555,0.1111111111111111,0.11259259259259259,5400,True
118,Bach,Prelude_bwv_863,piece_c264e274458a1714,Bach/Prelude/bwv_863/LeeN01M.mid,Bach/Prelude/bwv_863/midi_score.mid,True,9119,True,,,562,562,4496,1518,2248,926,111,1211,0.41192170818505336,0.04937722419928826,0.5387010676156584,0.5373665480427047,0.5462633451957295,0.5391459074733096,0.5320284697508897,4496,True
119,Bach,Prelude_bwv_863,piece_c264e274458a1714,Bach/Prelude/bwv_863/Shychko01M.mid,Bach/Prelude/bwv_863/midi_score.mid,True,7007,True,,,564,564,4512,630,2256,43,15,2198,0.019060283687943262,0.006648936170212766,0.974290780141844,0.9787234042553191,0.9698581560283688,0.973404255319149,0.975177304964539,4512,True
120,Bach,Prelude_bwv_863,piece_c264e274458a1714,Bach/Prelude/bwv_863/TongB01M.mid,Bach/Prelude/bwv_863/midi_score.mid,True,12406,True,,,564,564,4512,2487,2256,131,19,2106,0.05806737588652482,0.008421985815602837,0.9335106382978723,0.9397163120567376,0.9202127659574468,0.925531914893617,0.9485815602836879,4512,True
121,Bach,Prelude_bwv_864,piece_bdd86fc984899d67,Bach/Prelude/bwv_864/SunD01M.mid,Bach/Prelude/bwv_864/midi_score.mid,True,3945,True,,,611,611,4888,25,2444,2441,0,3,0.9987725040916531,0.0,0.0012274959083469722,0.0,0.0016366612111292963,0.0016366612111292963,0.0016366612111292963,4888,True
122,Bach,Prelude_bwv_865,piece_38a113af790db2a7,Bach/Prelude/bwv_865/Rizikov01M.mid,Bach/Prelude/bwv_865/midi_score.mid,True,5427,True,,,612,612,4896,443,2448,1228,0,1220,0.5016339869281046,0.0,0.49836601307189543,0.49673202614379086,0.49836601307189543,0.49836601307189543,0.5,4896,True
123,Bach,Prelude_bwv_865,piece_38a113af790db2a7,Bach/Prelude/bwv_865/Teo01M.mid,Bach/Prelude/bwv_865/midi_score.mid,True,4377,True,,,613,613,4904,127,2452,2319,47,86,0.9457585644371941,0.019168026101141926,0.03507340946166395,0.03262642740619902,0.037520391517128875,0.03588907014681892,0.03425774877650897,4904,True
124,Bach,Prelude_bwv_865,piece_38a113af790db2a7,Bach/Prelude/bwv_865/ZhangE01M.mid,Bach/Prelude/bwv_865/midi_score.mid,True,3776,True,,,610,610,4880,0,2440,2440,0,0,1.0,0.0,0.0,0.0,0.0,0.0,0.0,4880,True
125,Bach,Prelude_bwv_866,piece_5196aba598cdc3c4,Bach/Prelude/bwv_866/SOLOM02.mid,Bach/Prelude/bwv_866/midi_score.mid,True,8092,True,,,638,638,5104,629,2552,1499,213,840,0.5873824451410659,0.0834639498432602,0.329153605015674,0.33072100313479624,0.32601880877742945,0.33699059561128525,0.322884012539185,5104,True
126,Bach,Prelude_bwv_867,piece_721981e723677fdf,Bach/Prelude/bwv_867/HuNY01M.mid,Bach/Prelude/bwv_867/midi_score.mid,True,13730,True,,,769,769,6152,2568,3076,411,1707,958,0.1336150845253576,0.5549414824447334,0.31144343302990896,0.31729518855656696,0.3420026007802341,0.29128738621586475,0.2951885565669701,6152,True
127,Bach,Prelude_bwv_867,piece_721981e723677fdf,Bach/Prelude/bwv_867/Sham01M.mid,Bach/Prelude/bwv_867/midi_score.mid,True,14542,True,,,777,777,6216,2853,3108,770,760,1578,0.24774774774774774,0.24453024453024452,0.5077220077220077,0.4864864864864865,0.51994851994852,0.5482625482625483,0.47619047619047616,6216,True
128,Bach,Prelude_bwv_868,piece_cc89ac35b1d3db0b,Bach/Prelude/bwv_868/GonzalezJ05M.mid,Bach/Prelude/bwv_868/midi_score.mid,True,4076,True,,,414,414,3312,377,1656,1385,14,257,0.836352657004831,0.008454106280193236,0.15519323671497584,0.15942028985507245,0.15217391304347827,0.1570048309178744,0.15217391304347827,3312,False
129,Bach,Prelude_bwv_870,piece_89a66ae19d38ac8e,Bach/Prelude/bwv_870/ChenW01M.mid,Bach/Prelude/bwv_870/midi_score.mid,True,5542,True,,,834,834,6672,1,3336,3336,0,0,1.0,0.0,0.0,0.0,0.0,0.0,0.0,6672,True
130,Bach,Prelude_bwv_870,piece_89a66ae19d38ac8e,Bach/Prelude/bwv_870/LeeE01M.mid,Bach/Prelude/bwv_870/midi_score.mid,True,11497,True,,,834,834,6672,1710,3336,59,114,3163,0.017685851318944845,0.0341726618705036,0.9481414868105515,0.9568345323741008,0.9460431654676259,0.9424460431654677,0.947242206235012,6672,True
131,Bach,Prelude_bwv_870,piece_89a66ae19d38ac8e,Bach/Prelude/bwv_870/MaximovI01M.mid,Bach/Prelude/bwv_870/midi_score.mid,True,9979,True,,,833,833,6664,659,3332,2816,255,261,0.8451380552220888,0.07653061224489796,0.0783313325330132,0.08043217286914765,0.09243697478991597,0.06962785114045618,0.07082833133253301,6664,True
132,Bach,Prelude_bwv_873,piece_a802227bdc6de39c,Bach/Prelude/bwv_873/Lisiecki02.mid,Bach/Prelude/bwv_873/midi_score.mid,True,19104,True,,,1358,1358,10864,495,5432,5012,0,420,0.9226804123711341,0.0,0.07731958762886598,0.07511045655375552,0.07658321060382917,0.07879234167893961,0.07879234167893961,10864,True
133,Bach,Prelude_bwv_873,piece_a802227bdc6de39c,Bach/Prelude/bwv_873/Lisiecki13M.mid,Bach/Prelude/bwv_873/midi_score.mid,True,16876,True,,,1358,1358,10864,151,5432,5355,0,77,0.9858247422680413,0.0,0.014175257731958763,0.013991163475699559,0.013254786450662739,0.015463917525773196,0.013991163475699559,10864,True
134,Bach,Prelude_bwv_874,piece_1bf751cdcfa38025,Bach/Prelude/bwv_874/BianF01M.mid,Bach/Prelude/bwv_874/midi_score.mid,True,13337,True,,,1574,1574,12592,985,6296,1604,79,4613,0.2547649301143583,0.012547649301143583,0.7326874205844981,0.7350698856416773,0.7344345616264295,0.7312579415501906,0.729987293519695,12592,True
135,Bach,Prelude_bwv_874,piece_1bf751cdcfa38025,Bach/Prelude/bwv_874/WongWY01M.mid,Bach/Prelude/bwv_874/midi_score.mid,True,15708,True,,,1551,1551,12408,1645,6204,4577,57,1570,0.7377498388136686,0.00918762088974855,0.25306254029658287,0.2514506769825919,0.25918762088974856,0.2514506769825919,0.2501611863313991,12408,True
136,Bach,Prelude_bwv_875,piece_da26157fa18b95cc,Bach/Prelude/bwv_875/Ahfat01M.mid,Bach/Prelude/bwv_875/midi_score.mid,True,10103,True,,,1103,1103,8824,845,4412,1248,87,3077,0.2828649138712602,0.01971894832275612,0.6974161378059837,0.6990027198549411,0.6953762466001813,0.6962828649138713,0.6990027198549411,8824,True
137,Bach,Prelude_bwv_875,piece_da26157fa18b95cc,Bach/Prelude/bwv_875/CaoJ01M.mid,Bach/Prelude/bwv_875/midi_score.mid,True,6934,True,,,1099,1099,8792,67,4396,4306,34,56,0.9795268425841674,0.0077343039126478615,0.012738853503184714,0.014558689717925387,0.011828935395814377,0.011828935395814377,0.012738853503184714,8792,True
138,Bach,Prelude_bwv_875,piece_da26157fa18b95cc,Bach/Prelude/bwv_875/HONG04M.mid,Bach/Prelude/bwv_875/midi_score.mid,True,8013,True,,,1104,1104,8832,254,4416,4111,0,305,0.9309329710144928,0.0,0.06906702898550725,0.06793478260869565,0.07155797101449275,0.06884057971014493,0.06793478260869565,8832,True
139,Bach,Prelude_bwv_876,piece_b442844984a51ea8,Bach/Prelude/bwv_876/SirajA01M.mid,Bach/Prelude/bwv_876/midi_score.mid,True,7622,True,,,920,920,7360,465,3680,3246,22,412,0.8820652173913044,0.005978260869565218,0.11195652173913044,0.1108695652173913,0.10869565217391304,0.11630434782608695,0.11195652173913044,7360,True
140,Bach,Prelude_bwv_876,piece_b442844984a51ea8,Bach/Prelude/bwv_876/Song01M.mid,Bach/Prelude/bwv_876/midi_score.mid,True,8742,True,,,924,924,7392,703,3696,194,13,3489,0.05248917748917749,0.0035173160173160175,0.9439935064935064,0.9437229437229437,0.9448051948051948,0.9437229437229437,0.9437229437229437,7392,True
141,Bach,Prelude_bwv_880,piece_305e11a6db1eaef8,Bach/Prelude/bwv_880/LeungR01M.mid,Bach/Prelude/bwv_880/midi_score.mid,True,12479,True,,,1240,1240,9920,512,4960,2800,31,2129,0.5645161290322581,0.00625,0.42923387096774196,0.432258064516129,0.4306451612903226,0.4266129032258065,0.4274193548387097,9920,True
142,Bach,Prelude_bwv_880,piece_305e11a6db1eaef8,Bach/Prelude/bwv_880/Sun02.mid,Bach/Prelude/bwv_880/midi_score.mid,True,26429,True,,,1237,1237,9896,3041,4948,1979,75,2894,0.39995957962813256,0.015157639450282943,0.5848827809215845,0.5917542441390461,0.5804365400161682,0.5804365400161682,0.5869037995149555,9896,True
143,Bach,Prelude_bwv_880,piece_305e11a6db1eaef8,Bach/Prelude/bwv_880/WangA04M.mid,Bach/Prelude/bwv_880/midi_score.mid,True,11541,True,,,1243,1243,9944,999,4972,3720,0,1252,0.7481898632341111,0.0,0.251810136765889,0.252614641995173,0.250201126307321,0.249396621078037,0.25502815768302495,9944,True
144,Bach,Prelude_bwv_883,piece_02a876a1cf6f3e0c,Bach/Prelude/bwv_883/GuoE01M.mid,Bach/Prelude/bwv_883/midi_score.mid,True,25037,True,,,892,892,7136,5707,3568,131,50,3387,0.0367152466367713,0.014013452914798207,0.9492713004484304,0.9562780269058296,0.9484304932735426,0.945067264573991,0.9473094170403588,7136,True
145,Bach,Prelude_bwv_883,piece_02a876a1cf6f3e0c,Bach/Prelude/bwv_883/Lim01.mid,Bach/Prelude/bwv_883/midi_score.mid,True,27052,True,,,888,888,7104,4531,3552,197,123,3232,0.055461711711711714,0.03462837837837838,0.9099099099099099,0.9144144144144144,0.9087837837837838,0.9087837837837838,0.9076576576576577,7104,True
146,Bach,Prelude_bwv_883,piece_02a876a1cf6f3e0c,Bach/Prelude/bwv_883/LuM01M.mid,Bach/Prelude/bwv_883/midi_score.mid,True,15774,True,,,888,888,7104,2873,3552,633,276,2643,0.17820945945945946,0.0777027027027027,0.7440878378378378,0.7556306306306306,0.7454954954954955,0.7364864864864865,0.7387387387387387,7104,True
147,Bach,Prelude_bwv_884,piece_2986ab44da37ac61,Bach/Prelude/bwv_884/LiA01M.mid,Bach/Prelude/bwv_884/midi_score.mid,True,5777,True,,,908,908,7264,28,3632,3619,0,13,0.996420704845815,0.0,0.003579295154185022,0.004405286343612335,0.003303964757709251,0.003303964757709251,0.003303964757709251,7264,True
148,Bach,Prelude_bwv_885,piece_faf1d1e3a08f3fed,Bach/Prelude/bwv_885/Chon02.mid,Bach/Prelude/bwv_885/midi_score.mid,True,15738,True,,,510,510,4080,2819,2040,353,597,1090,0.1730392156862745,0.2926470588235294,0.5343137254901961,0.5372549019607843,0.5294117647058824,0.5568627450980392,0.5137254901960784,4080,False
149,Bach,Prelude_bwv_885,piece_faf1d1e3a08f3fed,Bach/Prelude/bwv_885/Guo01M.mid,Bach/Prelude/bwv_885/midi_score.mid,True,3731,True,,,524,524,4192,0,2096,2096,0,0,1.0,0.0,0.0,0.0,0.0,0.0,0.0,4192,True
150,Bach,Prelude_bwv_885,piece_faf1d1e3a08f3fed,Bach/Prelude/bwv_885/Huang04M.mid,Bach/Prelude/bwv_885/midi_score.mid,True,13553,True,,,517,517,4136,2901,2068,451,0,1617,0.21808510638297873,0.0,0.7819148936170213,0.7852998065764023,0.6731141199226306,0.839458413926499,0.8297872340425532,4136,True
151,Bach,Prelude_bwv_885,piece_faf1d1e3a08f3fed,Bach/Prelude/bwv_885/JeonH01M.mid,Bach/Prelude/bwv_885/midi_score.mid,True,14852,True,,,516,516,4128,3503,2064,40,1440,584,0.01937984496124031,0.6976744186046512,0.28294573643410853,0.2189922480620155,0.3798449612403101,0.3372093023255814,0.19573643410852712,4128,True
152,Bach,Prelude_bwv_885,piece_faf1d1e3a08f3fed,Bach/Prelude/bwv_885/SINKEV01.mid,Bach/Prelude/bwv_885/midi_score.mid,True,16279,True,,,523,523,4184,2816,2092,188,554,1350,0.08986615678776291,0.26481835564053535,0.6453154875717018,0.6883365200764818,0.49904397705544934,0.7304015296367112,0.6634799235181644,4184,True
153,Bach,Prelude_bwv_885,piece_faf1d1e3a08f3fed,Bach/Prelude/bwv_885/SINKEV06.mid,Bach/Prelude/bwv_885/midi_score.mid,True,16195,True,,,525,525,4200,2624,2100,105,618,1377,0.05,0.29428571428571426,0.6557142857142857,0.6685714285714286,0.6342857142857142,0.6628571428571428,0.6571428571428571,4200,True
154,Bach,Prelude_bwv_887,piece_19d32d5104bdb3f5,Bach/Prelude/bwv_887/LiYZ01M.mid,Bach/Prelude/bwv_887/midi_score.mid,True,10389,True,,,1305,1305,10440,550,5220,93,10,5117,0.017816091954022988,0.0019157088122605363,0.9802681992337164,0.9808429118773946,0.9808429118773946,0.9793103448275862,0.9800766283524904,10440,True
155,Bach,Prelude_bwv_888,piece_b06ab236f236fd76,Bach/Prelude/bwv_888/ZhaoK01M.mid,Bach/Prelude/bwv_888/midi_score.mid,True,9045,True,,,681,681,5448,602,2724,1289,43,1392,0.473201174743025,0.0157856093979442,0.5110132158590308,0.5139500734214391,0.5110132158590308,0.5066079295154186,0.5124816446402349,5448,True
156,Bach,Prelude_bwv_889,piece_8cbeceb9c3c3b799,Bach/Prelude/bwv_889/Giesbrecht01M.mid,Bach/Prelude/bwv_889/midi_score.mid,True,9456,True,,,785,785,6280,1138,3140,279,0,2861,0.08885350318471337,0.0,0.9111464968152866,0.9121019108280255,0.910828025477707,0.9121019108280255,0.9095541401273886,6280,True
157,Bach,Prelude_bwv_889,piece_8cbeceb9c3c3b799,Bach/Prelude/bwv_889/LiuY01M.mid,Bach/Prelude/bwv_889/midi_score.mid,True,5225,True,,,782,782,6256,25,3128,3128,0,0,1.0,0.0,0.0,0.0,0.0,0.0,0.0,6256,True
158,Bach,Prelude_bwv_889,piece_8cbeceb9c3c3b799,Bach/Prelude/bwv_889/MunA01M.mid,Bach/Prelude/bwv_889/midi_score.mid,True,6538,True,,,780,780,6240,98,3120,3054,0,66,0.9788461538461538,0.0,0.021153846153846155,0.021794871794871794,0.021794871794871794,0.020512820512820513,0.020512820512820513,6240,True
159,Bach,Prelude_bwv_889,piece_8cbeceb9c3c3b799,Bach/Prelude/bwv_889/Wang01M.mid,Bach/Prelude/bwv_889/midi_score.mid,True,6494,True,,,786,786,6288,363,3144,1230,0,1914,0.39122137404580154,0.0,0.6087786259541985,0.6081424936386769,0.6094147582697201,0.6094147582697201,0.6081424936386769,6288,True
160,Bach,Prelude_bwv_889,piece_8cbeceb9c3c3b799,Bach/Prelude/bwv_889/YangY02M.mid,Bach/Prelude/bwv_889/midi_score.mid,True,6460,True,,,789,789,6312,332,3156,2303,0,853,0.7297211660329531,0.0,0.2702788339670469,0.27122940430925224,0.27249683143219267,0.26869455006337134,0.26869455006337134,6312,True
161,Bach,Prelude_bwv_889,piece_8cbeceb9c3c3b799,Bach/Prelude/bwv_889/ZhangW02M.mid,Bach/Prelude/bwv_889/midi_score.mid,True,8234,True,,,795,795,6360,512,3180,2723,0,457,0.8562893081761006,0.0,0.14371069182389937,0.1421383647798742,0.13962264150943396,0.1459119496855346,0.1471698113207547,6360,True
162,Bach,Prelude_bwv_891,piece_32bc8070a1c0cc09,Bach/Prelude/bwv_891/BLINOV04M.mid,Bach/Prelude/bwv_891/midi_score.mid,True,11204,True,,,1180,1180,9440,972,4720,1018,11,3691,0.21567796610169493,0.0023305084745762713,0.7819915254237289,0.7838983050847458,0.7788135593220339,0.7771186440677966,0.788135593220339,9440,True
163,Bach,Prelude_bwv_891,piece_32bc8070a1c0cc09,Bach/Prelude/bwv_891/Duepree06M.mid,Bach/Prelude/bwv_891/midi_score.mid,True,19078,True,,,1185,1185,9480,3196,4740,2196,0,2544,0.46329113924050636,0.0,0.5367088607594936,0.549367088607595,0.5054852320675105,0.5232067510548524,0.5687763713080168,9480,True
164,Bach,Prelude_bwv_892,piece_92f8814503892be7,Bach/Prelude/bwv_892/Hou01M.mid,Bach/Prelude/bwv_892/midi_score.mid,True,6758,True,,,1084,1084,8672,16,4336,4336,0,0,1.0,0.0,0.0,0.0,0.0,0.0,0.0,8672,True
165,Bach,Prelude_bwv_892,piece_92f8814503892be7,Bach/Prelude/bwv_892/KabuliL01M.mid,Bach/Prelude/bwv_892/midi_score.mid,True,8830,True,,,1086,1086,8688,517,4344,3750,0,594,0.8632596685082873,0.0,0.13674033149171272,0.13351749539594843,0.13535911602209943,0.13627992633517497,0.141804788213628,8688,True
166,Bach,Prelude_bwv_893,piece_e47353d532687127,Bach/Prelude/bwv_893/Kleisen04M.mid,Bach/Prelude/bwv_893/midi_score.mid,True,6491,True,,,876,876,7008,258,3504,3340,0,164,0.9531963470319634,0.0,0.04680365296803653,0.045662100456621,0.04337899543378995,0.04680365296803653,0.05136986301369863,7008,True
167,Bach,Prelude_bwv_893,piece_e47353d532687127,Bach/Prelude/bwv_893/Levitsky04M.mid,Bach/Prelude/bwv_893/midi_score.mid,True,8255,True,,,885,885,7080,750,3540,3011,30,499,0.8505649717514124,0.00847457627118644,0.14096045197740112,0.1401129943502825,0.13898305084745763,0.14124293785310735,0.14350282485875707,7080,True
168,Bach,Prelude_bwv_893,piece_e47353d532687127,Bach/Prelude/bwv_893/Wong01M.mid,Bach/Prelude/bwv_893/midi_score.mid,True,6460,True,,,895,895,7160,199,3580,3374,106,100,0.9424581005586592,0.029608938547486034,0.027932960893854747,0.03128491620111732,0.026815642458100558,0.026815642458100558,0.026815642458100558,7160,True
169,Balakirev,Islamey,piece_b6676cf2a8d4bd71,Balakirev/Islamey/CHEN04.mid,Balakirev/Islamey/midi_score.mid,True,77216,True,,,8106,8106,64848,5667,32424,5065,18238,9121,0.15621144830989392,0.5624845793239576,0.2813039723661485,0.2823834196891192,0.28127313101406365,0.2786824574389341,0.2828768813224772,64848,True
170,Balakirev,Islamey,piece_b6676cf2a8d4bd71,Balakirev/Islamey/CHEN10M.mid,Balakirev/Islamey/midi_score.mid,True,79093,True,,,7984,7984,63872,6196,31936,5062,13673,13201,0.15850450901803606,0.4281375250501002,0.41335796593186375,0.41720941883767537,0.41132264529058116,0.41019539078156314,0.41470440881763526,63872,True
171,Balakirev,Islamey,piece_b6676cf2a8d4bd71,Balakirev/Islamey/Cho05.mid,Balakirev/Islamey/midi_score.mid,True,93894,True,,,8521,8521,68168,4450,34084,5825,19469,8790,0.17090130266400658,0.5712064311700504,0.25789226616594296,0.26346672925712944,0.25912451590188945,0.25384344560497596,0.255134373899777,68168,True
172,Balakirev,Islamey,piece_b6676cf2a8d4bd71,Balakirev/Islamey/Gorucan03.mid,Balakirev/Islamey/midi_score.mid,True,109296,True,,,8287,8287,66296,7560,33148,12511,8396,12241,0.3774285024737541,0.2532882828526608,0.36928321467358516,0.3679256667068903,0.3702184143839749,0.3687703632195004,0.3702184143839749,66296,True
173,Balakirev,Islamey,piece_b6676cf2a8d4bd71,Balakirev/Islamey/Na04.mid,Balakirev/Islamey/midi_score.mid,True,83966,True,,,8397,8397,67176,7870,33588,7630,14574,11384,0.22716446349886865,0.4339049660593069,0.33893057044182445,0.3414314636179588,0.34274145528164823,0.33738239847564605,0.3341669643920448,67176,True
174,Balakirev,Islamey,piece_b6676cf2a8d4bd71,Balakirev/Islamey/Na08M.mid,Balakirev/Islamey/midi_score.mid,True,84582,True,,,8357,8357,66856,8244,33428,6890,13441,13097,0.20611463443819553,0.40208806988153645,0.39179729568026805,0.3945195644369989,0.3935622831159507,0.38949383750149574,0.3896134976666268,66856,True
175,Balakirev,Islamey,piece_b6676cf2a8d4bd71,Balakirev/Islamey/Shelest03.mid,Balakirev/Islamey/midi_score.mid,True,87524,True,,,8321,8321,66568,6384,33284,4533,19479,9272,0.13619156351400072,0.5852361495012619,0.2785722869847374,0.28049513279653887,0.2800144213435885,0.2770099747626487,0.27676961903617353,66568,True
176,Balakirev,Islamey,piece_b6676cf2a8d4bd71,Balakirev/Islamey/Shi11.mid,Balakirev/Islamey/midi_score.mid,True,83588,True,,,8033,8033,64264,6377,32132,7816,13635,10681,0.24324660774305987,0.4243433337482883,0.3324100585086518,0.33486866674965765,0.3344952072700112,0.3287688285820988,0.33150753143283956,64264,True
177,Balakirev,Islamey,piece_b6676cf2a8d4bd71,Balakirev/Islamey/Verbaite04.mid,Balakirev/Islamey/midi_score.mid,True,100178,True,,,8068,8068,64544,8305,32272,13046,6325,12901,0.4042513634110064,0.19599033217649975,0.3997583044124938,0.3950173525037184,0.4035696579077838,0.4008428358948934,0.3996033713435796,64544,True
178,Balakirev,Islamey,piece_b6676cf2a8d4bd71,Balakirev/Islamey/Yi04M.mid,Balakirev/Islamey/midi_score.mid,True,85146,True,,,8168,8168,65344,8531,32672,10618,9630,12424,0.3249877571008815,0.29474779627815867,0.3802644466209598,0.38222331047992164,0.383692458374143,0.37757100881488737,0.37757100881488737,65344,True
179,Beethoven,Piano_Sonatas_1-1,piece_96bd9cccbf53f3a5,Beethoven/Piano_Sonatas/1-1/KimG01.mid,Beethoven/Piano_Sonatas/1-1/midi_score.mid,True,18667,True,,,1692,1692,13536,810,6768,6083,68,617,0.8987884160756501,0.01004728132387707,0.09116430260047281,0.08687943262411348,0.09042553191489362,0.09692671394799054,0.09042553191489362,13536,True
180,Beethoven,Piano_Sonatas_10-1,piece_b800119a7cfd2f46,Beethoven/Piano_Sonatas/10-1/Hou02M.mid,Beethoven/Piano_Sonatas/10-1/midi_score.mid,True,34547,True,,,2609,2609,20872,4740,10436,3772,416,6248,0.3614411651973936,0.039862016098121886,0.5986968187044844,0.6002299731697969,0.6002299731697969,0.5979302414718283,0.596397087006516,20872,True
181,Beethoven,Piano_Sonatas_11-1,piece_271ea3c9aaf01d3f,Beethoven/Piano_Sonatas/11-1/Arciglione03.mid,Beethoven/Piano_Sonatas/11-1/midi_score.mid,True,47638,True,,,3865,3865,30920,5951,15460,6172,2084,7204,0.39922380336351876,0.13479948253557567,0.4659767141009056,0.46959896507115134,0.46054333764553684,0.463130659767141,0.470633893919793,30920,True
182,Beethoven,Piano_Sonatas_11-1,piece_271ea3c9aaf01d3f,Beethoven/Piano_Sonatas/11-1/DeTurck01.mid,Beethoven/Piano_Sonatas/11-1/midi_score.mid,True,53717,True,,,3814,3814,30512,6134,15256,7846,231,7179,0.5142894598846356,0.015141583639223912,0.47056895647614055,0.4727320398531725,0.46303093864708966,0.47299423177766126,0.4735186156266387,30512,True
183,Beethoven,Piano_Sonatas_11-1,piece_271ea3c9aaf01d3f,Beethoven/Piano_Sonatas/11-1/LiC03M.mid,Beethoven/Piano_Sonatas/11-1/midi_score.mid,True,39356,True,,,3811,3811,30488,4086,15244,6773,2299,6172,0.44430595644187876,0.15081343479401732,0.4048806087641039,0.40934138021516664,0.41170296510102333,0.399632642351089,0.3988454473891367,30488,True
184,Beethoven,Piano_Sonatas_11-1,piece_271ea3c9aaf01d3f,Beethoven/Piano_Sonatas/11-1/LiYZ03M.mid,Beethoven/Piano_Sonatas/11-1/midi_score.mid,True,40906,True,,,3841,3841,30728,4024,15364,298,2435,12631,0.01939599062744077,0.1584873730799271,0.8221166362926321,0.8250455610518094,0.8276490497266337,0.8198385837021609,0.8159333506899245,30728,True
185,Beethoven,Piano_Sonatas_11-1,piece_271ea3c9aaf01d3f,Beethoven/Piano_Sonatas/11-1/MaximovI02M.mid,Beethoven/Piano_Sonatas/11-1/midi_score.mid,True,142240,True,,,11586,11586,92688,8771,46344,32301,9272,4771,0.696983428275505,0.20006904885206284,0.10294752287243225,0.10719834282755049,0.10469532194027274,0.1020196789228379,0.09787674779906784,92688,True
186,Beethoven,Piano_Sonatas_11-1,piece_271ea3c9aaf01d3f,Beethoven/Piano_Sonatas/11-1/NAKAJI01.mid,Beethoven/Piano_Sonatas/11-1/midi_score.mid,True,49121,True,,,3829,3829,30632,4078,15316,6807,1284,7225,0.44443718986680597,0.08383389919038914,0.4717289109428049,0.4695743013841734,0.47584225646382866,0.472708278924001,0.4687908069992165,30632,True
187,Beethoven,Piano_Sonatas_11-1,piece_271ea3c9aaf01d3f,Beethoven/Piano_Sonatas/11-1/ZhaoK02M.mid,Beethoven/Piano_Sonatas/11-1/midi_score.mid,True,41041,True,,,3886,3886,31088,3668,15544,7702,2523,5319,0.4954966546577457,0.1623134328358209,0.3421899125064333,0.3476582604220278,0.343798250128667,0.33890890375707666,0.3383942357179619,31088,True
188,Beethoven,Piano_Sonatas_11-2,piece_79c73e4f09e76772,Beethoven/Piano_Sonatas/11-2/MaximovI04.mid,Beethoven/Piano_Sonatas/11-2/midi_score.mid,True,50056,True,,,2176,2176,17408,3809,8704,2050,5159,1495,0.23552389705882354,0.5927159926470589,0.17176011029411764,0.18060661764705882,0.17784926470588236,0.17003676470588236,0.15854779411764705,17408,True
189,Beethoven,Piano_Sonatas_11-3,piece_e8fdb300a2a179f1,Beethoven/Piano_Sonatas/11-3/MaximovI05.mid,Beethoven/Piano_Sonatas/11-3/midi_score.mid,True,27049,True,,,1954,1954,15632,1035,7816,6763,550,503,0.8652763561924258,0.07036847492323439,0.06435516888433981,0.06499488229273286,0.06294779938587512,0.06294779938587512,0.06653019447287616,15632,True
190,Beethoven,Piano_Sonatas_12-1,piece_0aad834ae2799251,Beethoven/Piano_Sonatas/12-1/Garritson01.mid,Beethoven/Piano_Sonatas/12-1/midi_score.mid,True,77737,True,,,3324,3324,26592,9317,13296,6261,7,7028,0.4708935018050541,0.00052647412755716,0.5285800240673887,0.5336943441636582,0.51323706377858,0.532791817087846,0.5345968712394705,26592,True
191,Beethoven,Piano_Sonatas_12-1,piece_0aad834ae2799251,Beethoven/Piano_Sonatas/12-1/Kleisen05M.mid,Beethoven/Piano_Sonatas/12-1/midi_score.mid,True,54980,True,,,3194,3194,25552,7860,12776,5049,0,7727,0.3951941139636819,0.0,0.6048058860363181,0.6039448966812774,0.5983093299937383,0.6073888541014402,0.6095804633688165,25552,True
192,Beethoven,Piano_Sonatas_12-1,piece_0aad834ae2799251,Beethoven/Piano_Sonatas/12-1/Zhao02.mid,Beethoven/Piano_Sonatas/12-1/midi_score.mid,True,91675,True,,,3300,3300,26400,11636,13200,5242,384,7574,0.3971212121212121,0.02909090909090909,0.5737878787878787,0.5748484848484848,0.5763636363636364,0.5748484848484848,0.5690909090909091,26400,True
193,Beethoven,Piano_Sonatas_13-4,piece_5428e277d7c6a5e7,Beethoven/Piano_Sonatas/13-4/Taverna01.mid,Beethoven/Piano_Sonatas/13-4/midi_score.mid,True,70099,True,,,4107,4107,32856,4928,16428,9235,2772,4421,0.5621499878256635,0.168736303871439,0.2691137083028975,0.2717311906501096,0.2717311906501096,0.2692963233503774,0.26369612856099345,32856,True
194,Beethoven,Piano_Sonatas_14-3,piece_4a64fd2a835a1f08,Beethoven/Piano_Sonatas/14-3/Meek03.mid,Beethoven/Piano_Sonatas/14-3/midi_score.mid,True,79783,True,,,4912,4912,39296,6432,19648,8375,3184,8089,0.4262520358306189,0.16205211726384364,0.41169584690553745,0.4155130293159609,0.41164495114006516,0.40879478827361565,0.41083061889250816,39296,True
195,Beethoven,Piano_Sonatas_15-1,piece_7161094b58a2576d,Beethoven/Piano_Sonatas/15-1/LEE_H01.mid,Beethoven/Piano_Sonatas/15-1/midi_score.mid,True,74032,True,,,3921,3921,31368,8784,15684,2169,1382,12133,0.1382938026013772,0.08811527671512369,0.7735909206834991,0.7732721244580464,0.7765876052027544,0.7719969395562356,0.7725070135169599,31368,True
196,Beethoven,Piano_Sonatas_15-1,piece_7161094b58a2576d,Beethoven/Piano_Sonatas/15-1/Sekino01.mid,Beethoven/Piano_Sonatas/15-1/midi_score.mid,True,56184,True,,,3944,3944,31552,8758,15776,611,6780,8385,0.03872971602434077,0.42976673427991885,0.5315035496957403,0.5311866125760649,0.5309330628803245,0.5332150101419878,0.5306795131845842,31552,True
197,Beethoven,Piano_Sonatas_15-1,piece_7161094b58a2576d,Beethoven/Piano_Sonatas/15-1/ZhaoA02.mid,Beethoven/Piano_Sonatas/15-1/midi_score.mid,True,62409,True,,,3917,3917,31336,6879,15668,3551,7360,4757,0.22664028593311208,0.4697472555527189,0.303612458514169,0.3083992851672198,0.31350523359714066,0.3025274444728108,0.2900178708195047,31336,True
198,Beethoven,Piano_Sonatas_15-4,piece_c7654541a76ac13c,Beethoven/Piano_Sonatas/15-4/Floril01.mid,Beethoven/Piano_Sonatas/15-4/midi_score.mid,True,59540,True,,,2736,2736,21888,4601,10944,5159,2115,3670,0.4713998538011696,0.19325657894736842,0.33534356725146197,0.34100877192982454,0.3304093567251462,0.33260233918128657,0.33735380116959063,21888,True
199,Beethoven,Piano_Sonatas_16-1,piece_5f492a2baed07330,Beethoven/Piano_Sonatas/16-1/BuiJL02M.mid,Beethoven/Piano_Sonatas/16-1/midi_score.mid,True,29426,True,,,3264,3264,26112,2461,13056,8502,2122,2432,0.6511948529411765,0.16253063725490197,0.18627450980392157,0.1875,0.1875,0.18596813725490197,0.18412990196078433,26112,True
200,Beethoven,Piano_Sonatas_16-1,piece_5f492a2baed07330,Beethoven/Piano_Sonatas/16-1/Khmara01.mid,Beethoven/Piano_Sonatas/16-1/midi_score.mid,True,39113,True,,,3375,3375,27000,2755,13500,6391,2439,4670,0.4734074074074074,0.18066666666666667,0.3459259259259259,0.35259259259259257,0.34903703703703703,0.3413333333333333,0.34074074074074073,27000,True
201,Beethoven,Piano_Sonatas_16-1,piece_5f492a2baed07330,Beethoven/Piano_Sonatas/16-1/Khmara05M.mid,Beethoven/Piano_Sonatas/16-1/midi_score.mid,True,26999,True,,,3332,3332,26656,1573,13328,8804,2691,1833,0.6605642256902761,0.20190576230492197,0.13753001200480192,0.14255702280912366,0.1437575030012005,0.13085234093637454,0.132953181272509,26656,True
202,Beethoven,Piano_Sonatas_16-1,piece_5f492a2baed07330,Beethoven/Piano_Sonatas/16-1/LeeSH02M.mid,Beethoven/Piano_Sonatas/16-1/midi_score.mid,True,31549,True,,,3370,3370,26960,2283,13480,8666,2622,2192,0.6428783382789317,0.19451038575667656,0.1626112759643917,0.15964391691394658,0.16706231454005935,0.16439169139465876,0.15934718100890208,26960,True
203,Beethoven,Piano_Sonatas_16-1,piece_5f492a2baed07330,Beethoven/Piano_Sonatas/16-1/LuoJ03M.mid,Beethoven/Piano_Sonatas/16-1/midi_score.mid,True,33929,True,,,3339,3339,26712,3613,13356,3269,1332,8755,0.24475890985324947,0.09973045822102426,0.6555106319257262,0.6675651392632524,0.6522911051212938,0.6516921233902366,0.6504941599281222,26712,True
204,Beethoven,Piano_Sonatas_16-1,piece_5f492a2baed07330,Beethoven/Piano_Sonatas/16-1/Shybayeva02.mid,Beethoven/Piano_Sonatas/16-1/midi_score.mid,True,61098,True,,,3403,3403,27224,5970,13612,3412,2426,7774,0.25066118131060827,0.1782250955039671,0.5711137231854246,0.5800764031736703,0.5706729356450191,0.5700852189244784,0.5636203349985307,27224,True
205,Beethoven,Piano_Sonatas_16-1,piece_5f492a2baed07330,Beethoven/Piano_Sonatas/16-1/Woo01.mid,Beethoven/Piano_Sonatas/16-1/midi_score.mid,True,40272,True,,,3378,3378,27024,3007,13512,6084,1248,6180,0.4502664298401421,0.09236234458259325,0.4573712255772647,0.46003552397868563,0.45973949082297216,0.4561870929544109,0.45352279455298994,27024,True
206,Beethoven,Piano_Sonatas_16-1,piece_5f492a2baed07330,Beethoven/Piano_Sonatas/16-1/Woo05M.mid,Beethoven/Piano_Sonatas/16-1/midi_score.mid,True,24833,True,,,3306,3306,26448,1126,13224,11214,930,1080,0.8480036297640653,0.07032667876588022,0.08166969147005444,0.07955232909860858,0.08318209316394434,0.08136721113127647,0.08257713248638839,26448,True
207,Beethoven,Piano_Sonatas_16-2,piece_f0d796ba087bed5c,Beethoven/Piano_Sonatas/16-2/LuoJ04M.mid,Beethoven/Piano_Sonatas/16-2/midi_score.mid,True,91006,True,,,4614,4614,36912,17364,18456,227,1282,16947,0.01229952319029042,0.06946250541829216,0.9182379713914174,0.9263112267013437,0.9208929345470308,0.91135674035544,0.9143909839618553,36912,True
208,Beethoven,Piano_Sonatas_17-1,piece_d9862bfa8cd94b62,Beethoven/Piano_Sonatas/17-1/KaszoS09M.mid,Beethoven/Piano_Sonatas/17-1/midi_score.mid,True,62760,True,,,3922,3922,31376,6590,15688,6926,3935,4827,0.44148393676695563,0.25082865884752675,0.3076874043855176,0.30749617542070373,0.3059663437021928,0.30749617542070373,0.30979092299847016,31376,True
209,Beethoven,Piano_Sonatas_17-1,piece_d9862bfa8cd94b62,Beethoven/Piano_Sonatas/17-1/Mordvinov02.mid,Beethoven/Piano_Sonatas/17-1/midi_score.mid,True,67964,True,,,4018,4018,32144,6813,16072,6050,2875,7147,0.37643106022896966,0.17888252862120457,0.44468641114982577,0.445993031358885,0.4410154305624689,0.44325535092085616,0.4484818317570931,32144,True
210,Beethoven,Piano_Sonatas_17-1,piece_d9862bfa8cd94b62,Beethoven/Piano_Sonatas/17-1/Tuncali01.mid,Beethoven/Piano_Sonatas/17-1/midi_score.mid,True,63478,True,,,3988,3988,31904,6786,15952,5365,2157,8430,0.33632146439317956,0.13521815446339017,0.5284603811434303,0.5275827482447342,0.5250752256770311,0.5293380140421263,0.5318455366098295,31904,True
211,Beethoven,Piano_Sonatas_17-1,piece_d9862bfa8cd94b62,Beethoven/Piano_Sonatas/17-1/USHIKI05.mid,Beethoven/Piano_Sonatas/17-1/midi_score.mid,True,55078,True,,,3837,3837,30696,5109,15348,3011,1274,11063,0.19618191295282772,0.08300755798801147,0.7208105290591608,0.7221787855095126,0.7232212666145426,0.7195725827469377,0.7182694813656503,30696,True
212,Beethoven,Piano_Sonatas_17-1,piece_d9862bfa8cd94b62,Beethoven/Piano_Sonatas/17-1_no_repeat/Giesbrecht02.mid,Beethoven/Piano_Sonatas/17-1_no_repeat/midi_score.mid,True,38816,True,,,2826,2826,22608,3652,11304,4491,3137,3676,0.39729299363057324,0.2775123849964614,0.32519462137296534,0.33014861995753714,0.3273177636234961,0.32448690728945506,0.318825194621373,22608,True
213,Beethoven,Piano_Sonatas_17-1,piece_d9862bfa8cd94b62,Beethoven/Piano_Sonatas/17-1_no_repeat/GuoE02M.mid,Beethoven/Piano_Sonatas/17-1_no_repeat/midi_score.mid,True,34147,True,,,2787,2787,22296,4400,11148,4596,1742,4810,0.41227125941872983,0.15626121277359167,0.4314675278076785,0.43451740222461427,0.43415859346968066,0.42734122712594186,0.4298528884104772,22296,True
214,Beethoven,Piano_Sonatas_17-1,piece_d9862bfa8cd94b62,Beethoven/Piano_Sonatas/17-1_no_repeat/HONG01.mid,Beethoven/Piano_Sonatas/17-1_no_repeat/midi_score.mid,True,36822,True,,,2801,2801,22408,3305,11204,4171,3112,3921,0.3722777579435916,0.27775794359157446,0.349964298464834,0.3502320599785791,0.3495180292752588,0.34666190646197786,0.35344519814352016,22408,True
215,Beethoven,Piano_Sonatas_17-1,piece_d9862bfa8cd94b62,Beethoven/Piano_Sonatas/17-1_no_repeat/KabuliL02M.mid,Beethoven/Piano_Sonatas/17-1_no_repeat/midi_score.mid,True,36725,True,,,2761,2761,22088,4955,11044,2802,1055,7187,0.2537124230351322,0.09552698297718218,0.6507605939876856,0.6562839550887359,0.649402390438247,0.6483158275986961,0.6490402028250634,22088,True
216,Beethoven,Piano_Sonatas_17-1,piece_d9862bfa8cd94b62,Beethoven/Piano_Sonatas/17-1_no_repeat/Lee02.mid,Beethoven/Piano_Sonatas/17-1_no_repeat/midi_score.mid,True,38532,True,,,2891,2891,23128,3027,11564,3244,4295,4025,0.28052576962988585,0.37141127637495674,0.3480629539951574,0.35696990660671046,0.34901418194396405,0.34244206157039087,0.34382566585956414,23128,True
217,Beethoven,Piano_Sonatas_17-1,piece_d9862bfa8cd94b62,Beethoven/Piano_Sonatas/17-1_no_repeat/Nedayvoda01.mid,Beethoven/Piano_Sonatas/17-1_no_repeat/midi_score.mid,True,45883,True,,,2611,2611,20888,5138,10444,870,3207,6367,0.08330141708157794,0.3070662581386442,0.6096323247797779,0.6120260436614324,0.6158559938720797,0.6058981233243967,0.6047491382612026,20888,True
218,Beethoven,Piano_Sonatas_17-1,piece_d9862bfa8cd94b62,Beethoven/Piano_Sonatas/17-1_no_repeat/Richardson02M.mid,Beethoven/Piano_Sonatas/17-1_no_repeat/midi_score.mid,True,27545,True,,,2804,2804,22432,2606,11216,5684,2457,3075,0.5067760342368046,0.2190620542082739,0.27416191155492153,0.2706847360912982,0.2788873038516405,0.27425106990014264,0.27282453637660486,22432,True
219,Beethoven,Piano_Sonatas_17-1,piece_d9862bfa8cd94b62,Beethoven/Piano_Sonatas/17-1_no_repeat/Rizikov02.mid,Beethoven/Piano_Sonatas/17-1_no_repeat/midi_score.mid,True,57792,True,,,2864,2864,22912,7360,11456,1932,3079,6445,0.16864525139664804,0.26876745810055863,0.5625872905027933,0.5705307262569832,0.5631983240223464,0.5579608938547486,0.5586592178770949,22912,True
220,Beethoven,Piano_Sonatas_17-1,piece_d9862bfa8cd94b62,Beethoven/Piano_Sonatas/17-1_no_repeat/Song01.mid,Beethoven/Piano_Sonatas/17-1_no_repeat/midi_score.mid,True,57949,True,,,2748,2748,21984,5095,10992,4131,2399,4462,0.3758187772925764,0.21824963609898107,0.40593158660844253,0.40756914119359533,0.40211062590975255,0.40502183406113534,0.4090247452692867,21984,True
221,Beethoven,Piano_Sonatas_17-1,piece_d9862bfa8cd94b62,Beethoven/Piano_Sonatas/17-1_no_repeat/TuanS02M.mid,Beethoven/Piano_Sonatas/17-1_no_repeat/midi_score.mid,True,28077,True,,,2831,2831,22648,2717,11324,6560,2485,2279,0.5793006004945249,0.21944542564464853,0.20125397386082655,0.1956905687036383,0.21087954786294597,0.20558106676086188,0.19286471211586012,22648,True
222,Beethoven,Piano_Sonatas_17-1,piece_d9862bfa8cd94b62,Beethoven/Piano_Sonatas/17-1_no_repeat/WangH03M.mid,Beethoven/Piano_Sonatas/17-1_no_repeat/midi_score.mid,True,31896,True,,,2822,2822,22576,3562,11288,4382,4137,2769,0.3881998582565556,0.36649539333805814,0.24530474840538624,0.25761871013465626,0.24202693125442948,0.23387668320340185,0.2476966690290574,22576,True
223,Beethoven,Piano_Sonatas_17-2,piece_ea9d8e5e21894350,Beethoven/Piano_Sonatas/17-2/KaszoS10.mid,Beethoven/Piano_Sonatas/17-2/midi_score.mid,True,86967,True,,,1967,1967,15736,12215,7868,721,2216,4931,0.09163701067615658,0.28164717844433146,0.6267158108795119,0.6359938993390951,0.6131164209456025,0.6370106761565836,0.6207422470767666,15736,True
224,Beethoven,Piano_Sonatas_17-2,piece_ea9d8e5e21894350,Beethoven/Piano_Sonatas/17-2/USHIKI05M.mid,Beethoven/Piano_Sonatas/17-2/midi_score.mid,True,33392,True,,,1692,1692,13536,5891,6768,90,67,6611,0.013297872340425532,0.00989952718676123,0.9768026004728132,0.9775413711583925,0.973404255319149,0.9781323877068558,0.9781323877068558,13536,True
225,Beethoven,Piano_Sonatas_17-3,piece_fb04dc9ead3421a9,Beethoven/Piano_Sonatas/17-3/KaszoS11M.mid,Beethoven/Piano_Sonatas/17-3/midi_score.mid,True,62706,True,,,4222,4222,33776,7337,16888,2802,7623,6463,0.16591662719090478,0.4513855992420654,0.38269777356702983,0.3855992420653719,0.3768356229275225,0.3765987683562293,0.3917574609189957,33776,True
226,Beethoven,Piano_Sonatas_17-3,piece_fb04dc9ead3421a9,Beethoven/Piano_Sonatas/17-3/USHIKI05M.mid,Beethoven/Piano_Sonatas/17-3/midi_score.mid,True,52891,True,,,4315,4315,34520,5944,17260,3125,0,14135,0.18105446118192353,0.0,0.8189455388180765,0.8187717265353418,0.8199304750869062,0.818539976825029,0.818539976825029,34520,True
227,Beethoven,Piano_Sonatas_18-1,piece_5965641b3278d691,Beethoven/Piano_Sonatas/18-1/Avdeeva01.mid,Beethoven/Piano_Sonatas/18-1/midi_score.mid,True,51117,True,,,3243,3243,25944,4798,12972,8571,1026,3375,0.6607308048103607,0.07909343200740056,0.2601757631822387,0.26179463459759483,0.261486278137527,0.2611779216774591,0.25624421831637373,25944,True
228,Beethoven,Piano_Sonatas_18-1,piece_5965641b3278d691,Beethoven/Piano_Sonatas/18-1/ChenGuang03M.mid,Beethoven/Piano_Sonatas/18-1/midi_score.mid,True,36694,True,,,3264,3264,26112,3498,13056,8039,2884,2133,0.6157322303921569,0.22089460784313725,0.16337316176470587,0.16207107843137256,0.16513480392156862,0.1715686274509804,0.15471813725490197,26112,True
229,Beethoven,Piano_Sonatas_18-1,piece_5965641b3278d691,Beethoven/Piano_Sonatas/18-1/KOLESO06M.mid,Beethoven/Piano_Sonatas/18-1/midi_score.mid,True,32600,True,,,3319,3319,26552,2916,13276,9173,612,3491,0.690946068092799,0.04609822235613136,0.2629557095510696,0.2600180777342573,0.2654413980114492,0.2660439891533595,0.26031937330521243,26552,True
230,Beethoven,Piano_Sonatas_18-1,piece_5965641b3278d691,Beethoven/Piano_Sonatas/18-1/LeungR02M.mid,Beethoven/Piano_Sonatas/18-1/midi_score.mid,True,39511,True,,,3260,3260,26080,2818,13040,5817,1066,6157,0.44608895705521473,0.08174846625766871,0.4721625766871166,0.47607361963190187,0.47484662576687114,0.4705521472392638,0.46717791411042947,26080,True
231,Beethoven,Piano_Sonatas_18-1,piece_5965641b3278d691,Beethoven/Piano_Sonatas/18-1/Levitsky01.mid,Beethoven/Piano_Sonatas/18-1/midi_score.mid,True,44432,True,,,3220,3220,25760,4379,12880,2801,1502,8577,0.2174689440993789,0.11661490683229814,0.665916149068323,0.6686335403726708,0.6732919254658385,0.6633540372670808,0.6583850931677019,25760,True
232,Beethoven,Piano_Sonatas_18-1,piece_5965641b3278d691,Beethoven/Piano_Sonatas/18-1/Levitsky05M.mid,Beethoven/Piano_Sonatas/18-1/midi_score.mid,True,30497,True,,,3239,3239,25912,3009,12956,9879,648,2429,0.7625038592158073,0.050015436863229394,0.18748070392096325,0.19079962951528248,0.18771225686940413,0.1889472059277555,0.18246372337141092,25912,True
233,Beethoven,Piano_Sonatas_18-1,piece_5965641b3278d691,Beethoven/Piano_Sonatas/18-1/Smirnov01.mid,Beethoven/Piano_Sonatas/18-1/midi_score.mid,True,52411,True,,,3208,3208,25664,4782,12832,4253,1805,6774,0.3314370324189526,0.1406639650872818,0.5278990024937655,0.5305486284289277,0.5336658354114713,0.523067331670823,0.5243142144638404,25664,True
234,Beethoven,Piano_Sonatas_18-1,piece_5965641b3278d691,Beethoven/Piano_Sonatas/18-1/ZhangH01.mid,Beethoven/Piano_Sonatas/18-1/midi_score.mid,True,41698,True,,,3212,3212,25696,2572,12848,5366,994,6488,0.41765255292652553,0.07736612702366127,0.5049813200498132,0.5183686176836861,0.5037359900373599,0.4987546699875467,0.49906600249066,25696,True
235,Beethoven,Piano_Sonatas_18-1,piece_5965641b3278d691,Beethoven/Piano_Sonatas/18-1/ZhangH05M.mid,Beethoven/Piano_Sonatas/18-1/midi_score.mid,True,38830,True,,,3213,3213,25704,3267,12852,9563,836,2453,0.7440865234982882,0.06504824151882975,0.19086523498288205,0.2001244942421413,0.19794584500466852,0.1823840647370059,0.1830065359477124,25704,True
236,Beethoven,Piano_Sonatas_18-2,piece_c0fbc2c272981adf,Beethoven/Piano_Sonatas/18-2/ChenGuang04.mid,Beethoven/Piano_Sonatas/18-2/midi_score.mid,True,38566,True,,,3023,3023,24184,1736,12092,9528,1271,1293,0.7879589811445584,0.10511081706913662,0.106930201786305,0.11015547469401257,0.11412504134965266,0.10453192193185577,0.09890836916969897,24184,True
237,Beethoven,Piano_Sonatas_18-2,piece_c0fbc2c272981adf,Beethoven/Piano_Sonatas/18-2/Schmitt01.mid,Beethoven/Piano_Sonatas/18-2/midi_score.mid,True,23003,True,,,2222,2222,17776,2620,8888,7131,63,1694,0.8023177317731773,0.007088208820882088,0.1905940594059406,0.19081908190819083,0.19666966696669666,0.1863186318631863,0.18856885688568856,17776,True
238,Beethoven,Piano_Sonatas_18-2,piece_c0fbc2c272981adf,Beethoven/Piano_Sonatas/18-2_no_repeat/KOLESO06.mid,Beethoven/Piano_Sonatas/18-2_no_repeat/midi_score.mid,True,19296,True,,,2220,2220,17760,43,8880,8786,51,43,0.9894144144144145,0.0057432432432432436,0.004842342342342342,0.005405405405405406,0.004054054054054054,0.0045045045045045045,0.005405405405405406,17760,True
239,Beethoven,Piano_Sonatas_18-2,piece_c0fbc2c272981adf,Beethoven/Piano_Sonatas/18-2_no_repeat/Schmitt01.mid,Beethoven/Piano_Sonatas/18-2_no_repeat/midi_score.mid,True,23003,True,,,2222,2222,17776,2620,8888,7131,63,1694,0.8023177317731773,0.007088208820882088,0.1905940594059406,0.19081908190819083,0.19666966696669666,0.1863186318631863,0.18856885688568856,17776,True
240,Beethoven,Piano_Sonatas_18-3,piece_62fdfb7c766ca29a,Beethoven/Piano_Sonatas/18-3/ChenGuang05.mid,Beethoven/Piano_Sonatas/18-3/midi_score.mid,True,33505,True,,,1490,1490,11920,3828,5960,1785,1889,2286,0.29949664429530204,0.3169463087248322,0.38355704697986576,0.42348993288590603,0.363758389261745,0.36308724832214767,0.3838926174496644,11920,True
241,Beethoven,Piano_Sonatas_18-3,piece_62fdfb7c766ca29a,Beethoven/Piano_Sonatas/18-3/KOLESO06.mid,Beethoven/Piano_Sonatas/18-3/midi_score.mid,True,32639,True,,,1273,1273,10184,4940,5092,298,216,4578,0.05852317360565593,0.04241948153967007,0.899057344854674,0.9018067556952082,0.8947368421052632,0.8955223880597015,0.9041633935585232,10184,True
242,Beethoven,Piano_Sonatas_18-4,piece_06a1725142cf8d67,Beethoven/Piano_Sonatas/18-4/ChenGuang06M.mid,Beethoven/Piano_Sonatas/18-4/midi_score.mid,True,32291,True,,,3430,3430,27440,2354,13720,8587,3178,1955,0.6258746355685131,0.2316326530612245,0.1424927113702624,0.14402332361516035,0.14868804664723032,0.14052478134110788,0.13673469387755102,27440,True
243,Beethoven,Piano_Sonatas_18-4,piece_06a1725142cf8d67,Beethoven/Piano_Sonatas/18-4/KOLESO06M.mid,Beethoven/Piano_Sonatas/18-4/midi_score.mid,True,29826,True,,,3457,3457,27656,1941,13828,8692,1598,3538,0.6285796933757594,0.11556262655481632,0.25585768006942433,0.2577379230546717,0.25600231414521263,0.2548452415389066,0.2548452415389066,27656,True
244,Beethoven,Piano_Sonatas_2-1,piece_51d2b7fd3b9c6059,Beethoven/Piano_Sonatas/2-1/Kochetkova01.mid,Beethoven/Piano_Sonatas/2-1/midi_score.mid,True,41882,True,,,3069,3069,24552,2408,12276,9315,141,2820,0.7587976539589443,0.011485826001955034,0.22971652003910067,0.22352557836428805,0.23427826653633105,0.2352557836428804,0.22580645161290322,24552,True
245,Beethoven,Piano_Sonatas_2-1,piece_51d2b7fd3b9c6059,Beethoven/Piano_Sonatas/2-1/OUSSET01.mid,Beethoven/Piano_Sonatas/2-1/midi_score.mid,True,28724,True,,,3062,3062,24496,2168,12248,7164,1183,3901,0.5849118223383409,0.09658719790986284,0.3185009797517962,0.3308295231874592,0.3115610711952972,0.31352057478772044,0.31809274983670804,24496,True
246,Beethoven,Piano_Sonatas_2-1,piece_51d2b7fd3b9c6059,Beethoven/Piano_Sonatas/2-1/Yang02.mid,Beethoven/Piano_Sonatas/2-1/midi_score.mid,True,43829,True,,,3050,3050,24400,4284,12200,4928,1820,5452,0.4039344262295082,0.14918032786885246,0.44688524590163936,0.4481967213114754,0.44754098360655736,0.4459016393442623,0.4459016393442623,24400,True
247,Beethoven,Piano_Sonatas_21-1,piece_24fc2176320cbf55,Beethoven/Piano_Sonatas/21-1/HAGINO02.mid,Beethoven/Piano_Sonatas/21-1/midi_score.mid,True,90079,True,,,8565,8565,68520,8431,34260,15381,4768,14111,0.4489492119089317,0.13917104495037946,0.41187974314068887,0.41646234676007005,0.40945709281961473,0.40887332165791007,0.4127262113251605,68520,True
248,Beethoven,Piano_Sonatas_21-1,piece_24fc2176320cbf55,Beethoven/Piano_Sonatas/21-1/KaiRuiR02M.mid,Beethoven/Piano_Sonatas/21-1/midi_score.mid,True,92107,True,,,8521,8521,68168,9248,34084,4661,5557,23866,0.13675038141063256,0.16303837577749092,0.7002112428118765,0.7056683487853538,0.6974533505457106,0.6980401361342565,0.6996831357821852,68168,True
249,Beethoven,Piano_Sonatas_21-1,piece_24fc2176320cbf55,Beethoven/Piano_Sonatas/21-1/Sekino05M.mid,Beethoven/Piano_Sonatas/21-1/midi_score.mid,True,80737,True,,,6586,6586,52688,10360,26344,3291,3529,19524,0.12492408138475554,0.13395839659884604,0.7411175220163985,0.7406620103249316,0.7408138475554206,0.7423322198603097,0.7406620103249316,52688,True
250,Beethoven,Piano_Sonatas_21-1,piece_24fc2176320cbf55,Beethoven/Piano_Sonatas/21-1/YOO05.mid,Beethoven/Piano_Sonatas/21-1/midi_score.mid,True,81006,True,,,6622,6622,52976,5164,26488,9485,489,16514,0.35808668076109934,0.01846118997281788,0.6234521292660827,0.6245847176079734,0.6209604349139233,0.6235276351555421,0.6247357293868921,52976,True
251,Beethoven,Piano_Sonatas_21-1,piece_24fc2176320cbf55,Beethoven/Piano_Sonatas/21-1_no_repeat/Dulu01.mid,Beethoven/Piano_Sonatas/21-1_no_repeat/midi_score.mid,True,106198,True,,,6608,6608,52864,11655,26432,8579,286,17567,0.32456870460048426,0.010820217917675545,0.6646110774818402,0.6657082324455206,0.6634382566585957,0.6643462469733656,0.6649515738498789,52864,True
252,Beethoven,Piano_Sonatas_21-1,piece_24fc2176320cbf55,Beethoven/Piano_Sonatas/21-1_no_repeat/GonzalezJ06M.mid,Beethoven/Piano_Sonatas/21-1_no_repeat/midi_score.mid,True,57465,True,,,6515,6515,52120,3796,26060,19507,2724,3829,0.748541826554106,0.10452801227935533,0.14693016116653876,0.1516500383729854,0.14504988488104376,0.14535686876438986,0.145663852647736,52120,True
253,Beethoven,Piano_Sonatas_21-1,piece_24fc2176320cbf55,Beethoven/Piano_Sonatas/21-1_no_repeat/KimSY02M.mid,Beethoven/Piano_Sonatas/21-1_no_repeat/midi_score.mid,True,71809,True,,,6604,6604,52832,8196,26416,16815,2072,7529,0.63654603270745,0.07843731072077528,0.28501665657177466,0.288915808600848,0.2827074500302847,0.2840702604482132,0.2843731072077529,52832,True
254,Beethoven,Piano_Sonatas_21-1,piece_24fc2176320cbf55,Beethoven/Piano_Sonatas/21-1_no_repeat/Lariviere01.mid,Beethoven/Piano_Sonatas/21-1_no_repeat/midi_score.mid,True,85109,True,,,6694,6694,53552,6538,26776,13786,4203,8787,0.5148640573648043,0.15696892739766954,0.3281670152375261,0.33492680011951,0.32700926202569464,0.32252763668957274,0.32820436211532716,53552,True
255,Beethoven,Piano_Sonatas_21-1,piece_24fc2176320cbf55,Beethoven/Piano_Sonatas/21-1_no_repeat/LeeN02M.mid,Beethoven/Piano_Sonatas/21-1_no_repeat/midi_score.mid,True,66640,True,,,6615,6615,52920,5858,26460,14249,5702,6509,0.5385109599395314,0.21549508692365835,0.24599395313681027,0.2503401360544218,0.25124716553287985,0.24096749811035525,0.24142101284958428,52920,True
256,Beethoven,Piano_Sonatas_21-1,piece_24fc2176320cbf55,Beethoven/Piano_Sonatas/21-1_no_repeat/MorozovS01.mid,Beethoven/Piano_Sonatas/21-1_no_repeat/midi_score.mid,True,100028,True,,,6640,6640,53120,9590,26560,8159,3257,15144,0.30719126506024097,0.12262801204819278,0.5701807228915663,0.5757530120481927,0.5716867469879519,0.5644578313253013,0.5688253012048192,53120,True
257,Beethoven,Piano_Sonatas_21-1,piece_24fc2176320cbf55,Beethoven/Piano_Sonatas/21-1_no_repeat/RichardsonC02M.mid,Beethoven/Piano_Sonatas/21-1_no_repeat/midi_score.mid,True,80439,True,,,6670,6670,53360,9773,26680,5093,2285,19302,0.19089205397301348,0.08564467766116941,0.7234632683658171,0.7254872563718141,0.724287856071964,0.7238380809595203,0.72023988005997,53360,True
258,Beethoven,Piano_Sonatas_21-1,piece_24fc2176320cbf55,Beethoven/Piano_Sonatas/21-1_no_repeat/SEBAST01.mid,Beethoven/Piano_Sonatas/21-1_no_repeat/midi_score.mid,True,74705,True,,,6590,6590,52720,8430,26360,9576,3001,13783,0.3632776934749621,0.11384673748103187,0.5228755690440061,0.5254931714719272,0.5247344461305008,0.5201820940819424,0.521092564491654,52720,True
259,Beethoven,Piano_Sonatas_21-1,piece_24fc2176320cbf55,Beethoven/Piano_Sonatas/21-1_no_repeat/Seo01.mid,Beethoven/Piano_Sonatas/21-1_no_repeat/midi_score.mid,True,102453,True,,,6659,6659,53272,8303,26636,11572,4635,10429,0.43444961705961854,0.17401261450668268,0.39153776843369875,0.3966060970115633,0.3945036792311158,0.38999849827301397,0.38504279921910195,53272,True
260,Beethoven,Piano_Sonatas_21-1,piece_24fc2176320cbf55,Beethoven/Piano_Sonatas/21-1_no_repeat/Shi02.mid,Beethoven/Piano_Sonatas/21-1_no_repeat/midi_score.mid,True,78975,True,,,6626,6626,53008,5524,26504,18110,2718,5676,0.6832930878357983,0.1025505584062783,0.21415635375792333,0.21204346513733777,0.20962873528523995,0.21823121038333837,0.21672200422577725,53008,True
261,Beethoven,Piano_Sonatas_21-1,piece_24fc2176320cbf55,Beethoven/Piano_Sonatas/21-1_no_repeat/Shychko02M.mid,Beethoven/Piano_Sonatas/21-1_no_repeat/midi_score.mid,True,76026,True,,,6626,6626,53008,6628,26504,2294,7334,16876,0.08655297313613039,0.27671294898883186,0.6367340778750378,0.6396015695744038,0.638394204648355,0.6350739511017205,0.6338665861756716,53008,True
262,Beethoven,Piano_Sonatas_21-1,piece_24fc2176320cbf55,Beethoven/Piano_Sonatas/21-1_no_repeat/Sladek02M.mid,Beethoven/Piano_Sonatas/21-1_no_repeat/midi_score.mid,True,78714,True,,,6591,6591,52728,9856,26364,5786,3797,16781,0.21946593840084963,0.1440221514186011,0.6365119101805492,0.6437566378394781,0.6372325898953118,0.6316188742224245,0.6334395387649826,52728,True
263,Beethoven,Piano_Sonatas_21-1,piece_24fc2176320cbf55,Beethoven/Piano_Sonatas/21-1_no_repeat/Song03M.mid,Beethoven/Piano_Sonatas/21-1_no_repeat/midi_score.mid,True,67864,True,,,6624,6624,52992,6703,26496,1291,4751,20454,0.04872433574879227,0.17931008454106281,0.7719655797101449,0.777475845410628,0.7752113526570048,0.7690217391304348,0.7661533816425121,52992,True
264,Beethoven,Piano_Sonatas_21-1,piece_24fc2176320cbf55,Beethoven/Piano_Sonatas/21-1_no_repeat/SunY02M.mid,Beethoven/Piano_Sonatas/21-1_no_repeat/midi_score.mid,True,60724,True,,,6604,6604,52832,5154,26416,13937,7831,4648,0.5275969109630527,0.29644912174439736,0.17595396729254997,0.1727740763173834,0.18201090248334342,0.1773167777104785,0.17171411265899456,52832,True
265,Beethoven,Piano_Sonatas_21-1,piece_24fc2176320cbf55,Beethoven/Piano_Sonatas/21-1_no_repeat/Sychev01.mid,Beethoven/Piano_Sonatas/21-1_no_repeat/midi_score.mid,True,108596,True,,,6581,6581,52648,9934,26324,8541,237,17546,0.3244567694879198,0.009003191004406625,0.6665400395076736,0.6710226409360279,0.6655523476675277,0.6632730588056527,0.6663121106214861,52648,True
266,Beethoven,Piano_Sonatas_21-1,piece_24fc2176320cbf55,Beethoven/Piano_Sonatas/21-1_no_repeat/Tetzloff01.mid,Beethoven/Piano_Sonatas/21-1_no_repeat/midi_score.mid,True,82443,True,,,6576,6576,52608,6600,26304,11059,6058,9187,0.4204303527980535,0.2303071776155718,0.3492624695863747,0.3581204379562044,0.3515815085158151,0.3424574209245742,0.3448905109489051,52608,True
267,Beethoven,Piano_Sonatas_21-1,piece_24fc2176320cbf55,Beethoven/Piano_Sonatas/21-1_no_repeat/Tetzloff05M.mid,Beethoven/Piano_Sonatas/21-1_no_repeat/midi_score.mid,True,70435,True,,,6536,6536,52288,7554,26144,12612,3501,10031,0.4824051407588739,0.13391217870257038,0.3836826805385557,0.3840269277845777,0.3828029375764994,0.38540391676866587,0.3824969400244798,52288,True
268,Beethoven,Piano_Sonatas_21-1,piece_24fc2176320cbf55,Beethoven/Piano_Sonatas/21-1_no_repeat/ToA02M.mid,Beethoven/Piano_Sonatas/21-1_no_repeat/midi_score.mid,True,72150,True,,,6575,6575,52600,6160,26300,14352,4578,7370,0.545703422053232,0.17406844106463878,0.2802281368821293,0.28760456273764257,0.28091254752851713,0.275893536121673,0.2765019011406844,52600,True
269,Beethoven,Piano_Sonatas_21-1,piece_24fc2176320cbf55,Beethoven/Piano_Sonatas/21-1_no_repeat/TongB03M.mid,Beethoven/Piano_Sonatas/21-1_no_repeat/midi_score.mid,True,80981,True,,,6605,6605,52840,10486,26420,5165,4595,16660,0.19549583648750946,0.1739212717638153,0.6305828917486752,0.637547312641938,0.6302800908402725,0.625435276305829,0.6290688872066617,52840,True
270,Beethoven,Piano_Sonatas_21-1,piece_24fc2176320cbf55,Beethoven/Piano_Sonatas/21-1_no_repeat/WangA02M.mid,Beethoven/Piano_Sonatas/21-1_no_repeat/midi_score.mid,True,57219,True,,,6590,6590,52720,4107,26360,17726,4577,4057,0.6724582701062215,0.17363429438543249,0.15390743550834599,0.15766312594840667,0.1559939301972686,0.1526555386949924,0.14931714719271624,52720,True
271,Beethoven,Piano_Sonatas_21-1,piece_24fc2176320cbf55,Beethoven/Piano_Sonatas/21-1_no_repeat/YeZ02M.mid,Beethoven/Piano_Sonatas/21-1_no_repeat/midi_score.mid,True,57654,True,,,6630,6630,53040,3518,26520,12889,10791,2840,0.4860105580693816,0.4069004524886878,0.10708898944193061,0.10407239819004525,0.11689291101055807,0.10693815987933634,0.10045248868778281,53040,True
272,Beethoven,Piano_Sonatas_21-1,piece_24fc2176320cbf55,Beethoven/Piano_Sonatas/21-1_no_repeat/ZhangW01M.mid,Beethoven/Piano_Sonatas/21-1_no_repeat/midi_score.mid,True,84621,True,,,6625,6625,53000,8827,26500,13908,2267,10325,0.5248301886792452,0.08554716981132075,0.389622641509434,0.393811320754717,0.3870188679245283,0.3888301886792453,0.3888301886792453,53000,True
273,Beethoven,Piano_Sonatas_21-1,piece_24fc2176320cbf55,Beethoven/Piano_Sonatas/21-1_no_repeat/Zuber01.mid,Beethoven/Piano_Sonatas/21-1_no_repeat/midi_score.mid,True,94082,True,,,6652,6652,53216,8933,26608,11516,1091,14001,0.43280216476247746,0.04100270595309681,0.5261951292844257,0.527510523150932,0.5258568851473241,0.5251052315093205,0.5263078773301263,53216,True
274,Beethoven,Piano_Sonatas_21-2,piece_968fc80fffd17e8d,Beethoven/Piano_Sonatas/21-2/KimSY03.mid,Beethoven/Piano_Sonatas/21-2/midi_score.mid,True,29580,True,,,490,490,3920,5587,1960,43,571,1346,0.02193877551020408,0.2913265306122449,0.686734693877551,0.6959183673469388,0.6632653061224489,0.6979591836734694,0.689795918367347,3920,False
275,Beethoven,Piano_Sonatas_21-2,piece_968fc80fffd17e8d,Beethoven/Piano_Sonatas/21-2/Sekino05.mid,Beethoven/Piano_Sonatas/21-2/midi_score.mid,True,20570,True,,,492,492,3936,4025,1968,49,1081,838,0.024898373983739838,0.5492886178861789,0.4258130081300813,0.4105691056910569,0.43902439024390244,0.4369918699186992,0.4166666666666667,3936,False
276,Beethoven,Piano_Sonatas_21-2,piece_968fc80fffd17e8d,Beethoven/Piano_Sonatas/21-2/YOO05M.mid,Beethoven/Piano_Sonatas/21-2/midi_score.mid,True,12958,True,,,494,494,3952,2433,1976,23,138,1815,0.011639676113360324,0.06983805668016195,0.9185222672064778,0.917004048582996,0.9048582995951417,0.9251012145748988,0.9271255060728745,3952,False
277,Beethoven,Piano_Sonatas_21-3,piece_ad20992460d1a99f,Beethoven/Piano_Sonatas/21-3/KimSY04M.mid,Beethoven/Piano_Sonatas/21-3/midi_score.mid,True,81547,True,,,7253,7253,58024,9195,29012,8043,8797,12172,0.2772301116779264,0.3032193575072384,0.41955053081483523,0.42285950641114023,0.42037777471391147,0.415414311319454,0.41955053081483523,58024,True
278,Beethoven,Piano_Sonatas_21-3,piece_ad20992460d1a99f,Beethoven/Piano_Sonatas/21-3/Sekino05M.mid,Beethoven/Piano_Sonatas/21-3/midi_score.mid,True,75145,True,,,7148,7148,57184,7346,28592,1708,14085,12799,0.059736989367655285,0.49262031337437046,0.44764269725797423,0.4493564633463906,0.44795747062115276,0.4464185786233912,0.4468382764409625,57184,True
279,Beethoven,Piano_Sonatas_21-3,piece_ad20992460d1a99f,Beethoven/Piano_Sonatas/21-3/YOO05M.mid,Beethoven/Piano_Sonatas/21-3/midi_score.mid,True,64906,True,,,7311,7311,58488,4091,29244,6697,3750,18797,0.22900424018602106,0.12823143208863358,0.6427643277253454,0.6394474080153194,0.6450553959786622,0.6449186157844344,0.6416358911229654,58488,True
280,Beethoven,Piano_Sonatas_22-1,piece_535480de5ef7d47f,Beethoven/Piano_Sonatas/22-1/IVLEVA01.mid,Beethoven/Piano_Sonatas/22-1/midi_score.mid,True,41067,True,,,2978,2978,23824,5263,11912,4579,1431,5902,0.3844022834116857,0.12013096037609133,0.49546675621222297,0.4983210208193418,0.4939556749496306,0.4976494291470786,0.49194089993284085,23824,True
281,Beethoven,Piano_Sonatas_22-1,piece_535480de5ef7d47f,Beethoven/Piano_Sonatas/22-1/KOLESO04M.mid,Beethoven/Piano_Sonatas/22-1/midi_score.mid,True,29187,True,,,3112,3112,24896,2578,12448,6485,1021,4942,0.5209672236503856,0.08202120822622108,0.39701156812339333,0.3981362467866324,0.40424164524421596,0.39203084832904883,0.3936375321336761,24896,True
282,Beethoven,Piano_Sonatas_22-1,piece_535480de5ef7d47f,Beethoven/Piano_Sonatas/22-1/WongDoe01.mid,Beethoven/Piano_Sonatas/22-1/midi_score.mid,True,48402,True,,,3092,3092,24736,4494,12368,7363,1288,3717,0.5953266494178525,0.10413971539456662,0.30053363518758086,0.29689521345407505,0.29948253557567917,0.304980595084088,0.30077619663648125,24736,True
283,Beethoven,Piano_Sonatas_22-2,piece_1f2b81ea0c5aa202,Beethoven/Piano_Sonatas/22-2/KOLESO04M.mid,Beethoven/Piano_Sonatas/22-2/midi_score.mid,True,20987,True,,,2834,2834,22672,778,11336,9339,677,1320,0.8238355681016232,0.059721242060691605,0.11644318983768526,0.1150317572335921,0.11467889908256881,0.11644318983768526,0.11961891319689485,22672,True
284,Beethoven,Piano_Sonatas_23-1,piece_43644711e20c28f4,Beethoven/Piano_Sonatas/23-1/Cai01.mid,Beethoven/Piano_Sonatas/23-1/midi_score.mid,True,71855,True,,,6249,6249,49992,8296,24996,3536,11355,10105,0.14146263402144343,0.4542726836293807,0.40426468234917584,0.4024643943030885,0.4056649063850216,0.40694511121779486,0.40198431749079855,49992,True
285,Beethoven,Piano_Sonatas_23-1,piece_43644711e20c28f4,Beethoven/Piano_Sonatas/23-1/Duepree01.mid,Beethoven/Piano_Sonatas/23-1/midi_score.mid,True,87814,True,,,6349,6349,50792,8702,25396,5090,8422,11884,0.20042526382107417,0.33162702787840603,0.4679477083005198,0.47377539770042526,0.4629075444951961,0.46448259568435973,0.47062529532209796,50792,True
286,Beethoven,Piano_Sonatas_23-1,piece_43644711e20c28f4,Beethoven/Piano_Sonatas/23-1/Duepree05M.mid,Beethoven/Piano_Sonatas/23-1/midi_score.mid,True,75856,True,,,6361,6361,50888,9806,25444,4322,8152,12970,0.16986322905203585,0.32038987580569095,0.5097468951422732,0.5112403710108474,0.507310171356705,0.508882251218362,0.5115547869831788,50888,True
287,Beethoven,Piano_Sonatas_23-1,piece_43644711e20c28f4,Beethoven/Piano_Sonatas/23-1/Gintov01.mid,Beethoven/Piano_Sonatas/23-1/midi_score.mid,True,83040,True,,,6392,6392,51136,5215,25568,4302,16936,4330,0.16825719649561952,0.6623904881101377,0.1693523153942428,0.1711514392991239,0.17615769712140175,0.16489361702127658,0.16520650813516896,51136,True
288,Beethoven,Piano_Sonatas_23-1,piece_43644711e20c28f4,Beethoven/Piano_Sonatas/23-1/Guo03M.mid,Beethoven/Piano_Sonatas/23-1/midi_score.mid,True,59633,True,,,6365,6365,50920,4837,25460,1317,11757,12386,0.05172820109976434,0.461783189316575,0.48648860958366064,0.48813825608798117,0.4871956009426551,0.48593872741555383,0.4846818538884525,50920,True
289,Beethoven,Piano_Sonatas_23-1,piece_43644711e20c28f4,Beethoven/Piano_Sonatas/23-1/Huangci02.mid,Beethoven/Piano_Sonatas/23-1/midi_score.mid,True,77651,True,,,6381,6381,51048,9829,25524,3039,12310,10175,0.1190644099670898,0.48229117693151546,0.39864441310139476,0.4004074596458235,0.3980567309199185,0.3974298699263438,0.3986835919134932,51048,True
290,Beethoven,Piano_Sonatas_23-1,piece_43644711e20c28f4,Beethoven/Piano_Sonatas/23-1/JIA02.mid,Beethoven/Piano_Sonatas/23-1/midi_score.mid,True,66750,True,,,6236,6236,49888,7033,24944,844,13500,10600,0.033835792174470816,0.5412123155869147,0.4249518922386145,0.4236690186016677,0.42671584348941627,0.42511225144323284,0.4243104554201411,49888,True
291,Beethoven,Piano_Sonatas_23-1,piece_43644711e20c28f4,Beethoven/Piano_Sonatas/23-1/KARYAG01.mid,Beethoven/Piano_Sonatas/23-1/midi_score.mid,True,75195,True,,,6391,6391,51128,8325,25564,4013,8997,12554,0.15697856360506962,0.35194022844625256,0.4910812079486778,0.49867000469410105,0.4900641527147551,0.484118291347207,0.4914723830386481,51128,True
292,Beethoven,Piano_Sonatas_23-1,piece_43644711e20c28f4,Beethoven/Piano_Sonatas/23-1/Ladid01.mid,Beethoven/Piano_Sonatas/23-1/midi_score.mid,True,118810,True,,,6400,6400,51200,13911,25600,3503,4445,17652,0.1368359375,0.1736328125,0.68953125,0.68953125,0.68375,0.6909375,0.69390625,51200,True
293,Beethoven,Piano_Sonatas_23-1,piece_43644711e20c28f4,Beethoven/Piano_Sonatas/23-1/LiuC02M.mid,Beethoven/Piano_Sonatas/23-1/midi_score.mid,True,60183,True,,,6189,6189,49512,5177,24756,3777,16821,4158,0.15256907416383908,0.6794716432380029,0.167959282598158,0.17321053481984167,0.17062530295685893,0.16093068347067377,0.1670706091452577,49512,True
294,Beethoven,Piano_Sonatas_23-1,piece_43644711e20c28f4,Beethoven/Piano_Sonatas/23-1/Mizumoto06M.mid,Beethoven/Piano_Sonatas/23-1/midi_score.mid,True,66272,True,,,5969,5969,47752,7891,23876,3069,12419,8388,0.12853911878036522,0.5201457530574636,0.3513151281621712,0.3511475959122131,0.3531579829117105,0.35064499916233877,0.3503099346624225,47752,True
295,Beethoven,Piano_Sonatas_23-1,piece_43644711e20c28f4,Beethoven/Piano_Sonatas/23-1/Na01.mid,Beethoven/Piano_Sonatas/23-1/midi_score.mid,True,100689,True,,,6496,6496,51968,9272,25984,5253,8960,11771,0.20216286945812809,0.3448275862068966,0.45300954433497537,0.45674261083743845,0.4504310344827586,0.4513546798029557,0.4535098522167488,51968,True
296,Beethoven,Piano_Sonatas_23-1,piece_43644711e20c28f4,Beethoven/Piano_Sonatas/23-1/Teo02M.mid,Beethoven/Piano_Sonatas/23-1/midi_score.mid,True,77895,True,,,6241,6241,49928,8413,24964,7853,9456,7655,0.3145729850985419,0.3787854510495113,0.3066415638519468,0.3084441595898093,0.3063611600705015,0.30395769908668485,0.3078032366607915,49928,True
297,Beethoven,Piano_Sonatas_23-1,piece_43644711e20c28f4,Beethoven/Piano_Sonatas/23-1/Tran01.mid,Beethoven/Piano_Sonatas/23-1/midi_score.mid,True,99069,True,,,6408,6408,51264,8742,25632,4622,10491,10519,0.18032147315855182,0.4092930711610487,0.4103854556803995,0.41385767790262173,0.4083957553058677,0.4068352059925094,0.41245318352059923,51264,True
298,Beethoven,Piano_Sonatas_23-1,piece_43644711e20c28f4,Beethoven/Piano_Sonatas/23-1/Yeletskiy01.mid,Beethoven/Piano_Sonatas/23-1/midi_score.mid,True,96778,True,,,6314,6314,50512,8104,25256,5065,8529,11662,0.2005464048146975,0.3377019322141273,0.46175166297117515,0.46388976876781757,0.4618308520747545,0.45993031358885017,0.4613557174532784,50512,True
299,Beethoven,Piano_Sonatas_23-1,piece_43644711e20c28f4,Beethoven/Piano_Sonatas/23-1/Yi02M.mid,Beethoven/Piano_Sonatas/23-1/midi_score.mid,True,77591,True,,,6304,6304,50432,10272,25216,4342,10598,10276,0.17219225888324874,0.42028870558375636,0.4075190355329949,0.4095812182741117,0.41116751269035534,0.40418781725888325,0.4051395939086294,50432,True
300,Beethoven,Piano_Sonatas_23-1,piece_43644711e20c28f4,Beethoven/Piano_Sonatas/23-1/Yu01.mid,Beethoven/Piano_Sonatas/23-1/midi_score.mid,True,68529,True,,,6347,6347,50776,7661,25388,1663,15631,8094,0.06550338742713092,0.615684575389948,0.31881203718292106,0.32062391681109187,0.3185757050575075,0.31542461005199307,0.32062391681109187,50776,True
301,Beethoven,Piano_Sonatas_24-1,piece_d360d773df363493,Beethoven/Piano_Sonatas/24-1_no_2_repeat/DeTurck06M.mid,Beethoven/Piano_Sonatas/24-1_no_2_repeat/midi_score.mid,True,51988,True,,,2785,2785,22280,6544,11140,1978,549,8613,0.17755834829443448,0.049281867145421904,0.7731597845601437,0.7716337522441652,0.77737881508079,0.7763016157989228,0.7673249551166966,22280,True
302,Beethoven,Piano_Sonatas_24-1,piece_d360d773df363493,Beethoven/Piano_Sonatas/24-1/Lisiecki01.mid,Beethoven/Piano_Sonatas/24-1/midi_score.mid,True,85795,True,,,4231,4231,33848,10316,16924,3022,663,13239,0.17856298747341054,0.03917513590167809,0.7822618766249114,0.7872843299456393,0.7842117702670763,0.780193807610494,0.7773575986764358,33848,True
303,Beethoven,Piano_Sonatas_24-1,piece_d360d773df363493,Beethoven/Piano_Sonatas/24-1/Lisiecki05M.mid,Beethoven/Piano_Sonatas/24-1/midi_score.mid,True,55371,True,,,4217,4217,33736,6063,16868,8984,209,7675,0.5326061180934314,0.012390324875503914,0.45500355703106476,0.4586198719468817,0.45150580981740573,0.45340289305193265,0.45648565330803886,33736,True
304,Beethoven,Piano_Sonatas_24-1,piece_d360d773df363493,Beethoven/Piano_Sonatas/24-1_no_repeat/Lou02M.mid,Beethoven/Piano_Sonatas/24-1_no_repeat/midi_score.mid,True,39184,True,,,2133,2133,17064,3997,8532,2872,2357,3303,0.336615096108767,0.2762541022034693,0.3871308016877637,0.39709329582747305,0.3928738865447726,0.3788091889357712,0.379746835443038,17064,True
305,Beethoven,Piano_Sonatas_24-1,piece_d360d773df363493,Beethoven/Piano_Sonatas/24-1/WangV01.mid,Beethoven/Piano_Sonatas/24-1/midi_score.mid,True,57728,True,,,4255,4255,34040,5636,17020,6482,6022,4516,0.38084606345475913,0.3538190364277321,0.2653349001175088,0.2653349001175088,0.26933019976498235,0.25616921269095183,0.27050528789659223,34040,True
306,Beethoven,Piano_Sonatas_24-1,piece_d360d773df363493,Beethoven/Piano_Sonatas/24-1_no_2_repeat/Cui02.mid,Beethoven/Piano_Sonatas/24-1_no_2_repeat/midi_score.mid,True,49020,True,,,2787,2787,22296,5841,11148,3300,1087,6761,0.2960172228202368,0.09750627915321133,0.6064764980265519,0.6110513096519555,0.5974165769644779,0.6078220308575529,0.609616074632221,22296,True
307,Beethoven,Piano_Sonatas_24-1,piece_d360d773df363493,Beethoven/Piano_Sonatas/24-1_no_2_repeat/Cui06M.mid,Beethoven/Piano_Sonatas/24-1_no_2_repeat/midi_score.mid,True,36129,True,,,2722,2722,21776,5095,10888,4893,1082,4913,0.44939382806759737,0.09937545922116091,0.4512307127112417,0.4529757531227039,0.44599559147685525,0.45077149155033064,0.45518001469507713,21776,True
308,Beethoven,Piano_Sonatas_24-1,piece_d360d773df363493,Beethoven/Piano_Sonatas/24-1_no_2_repeat/MERJAN01.mid,Beethoven/Piano_Sonatas/24-1_no_2_repeat/midi_score.mid,True,41770,True,,,2827,2827,22616,4091,11308,2222,2404,6682,0.19649805447470817,0.21259285461620092,0.5909090909090909,0.5970993986558188,0.5967456667845773,0.5787053413512557,0.5910859568447117,22616,True
309,Beethoven,Piano_Sonatas_24-1,piece_d360d773df363493,Beethoven/Piano_Sonatas/24-1_no_2_repeat/Zusko01.mid,Beethoven/Piano_Sonatas/24-1_no_2_repeat/midi_score.mid,True,41578,True,,,2830,2830,22640,4218,11320,1540,5072,4708,0.13604240282685512,0.4480565371024735,0.4159010600706714,0.42579505300353354,0.4070671378091873,0.41024734982332156,0.4204946996466431,22640,True
310,Beethoven,Piano_Sonatas_24-2,piece_82026b651d70e180,Beethoven/Piano_Sonatas/24-2/Lisiecki05M.mid,Beethoven/Piano_Sonatas/24-2/midi_score.mid,True,22245,True,,,1781,1781,14248,1993,7124,4556,453,2115,0.639528354856822,0.06358787198203257,0.29688377316114545,0.29758562605277933,0.3026389668725435,0.2970241437394722,0.29028635597978664,14248,True
311,Beethoven,Piano_Sonatas_26-1,piece_19c43db9e579a634,Beethoven/Piano_Sonatas/26-1/Ali02.mid,Beethoven/Piano_Sonatas/26-1/midi_score.mid,True,56973,True,,,3282,3282,26256,6229,13128,3152,2017,7959,0.2400975015234613,0.15364107251675807,0.6062614259597806,0.6118220597196831,0.6093845216331505,0.6008531383302864,0.6029859841560025,26256,True
312,Beethoven,Piano_Sonatas_26-1,piece_19c43db9e579a634,Beethoven/Piano_Sonatas/26-1/HuNY02M.mid,Beethoven/Piano_Sonatas/26-1/midi_score.mid,True,39067,True,,,3306,3306,26448,5093,13224,5641,3941,3642,0.4265728977616455,0.29801875378100423,0.2754083484573503,0.2828191167574108,0.2828191167574108,0.2707199032062916,0.265275257108288,26448,True
313,Beethoven,Piano_Sonatas_26-1,piece_19c43db9e579a634,Beethoven/Piano_Sonatas/26-1/MorozovY02.mid,Beethoven/Piano_Sonatas/26-1/midi_score.mid,True,52026,True,,,3280,3280,26240,5999,13120,6345,2157,4618,0.4836128048780488,0.16440548780487804,0.3519817073170732,0.35823170731707316,0.35304878048780486,0.349390243902439,0.3472560975609756,26240,True
314,Beethoven,Piano_Sonatas_26-1,piece_19c43db9e579a634,Beethoven/Piano_Sonatas/26-1/Sham03M.mid,Beethoven/Piano_Sonatas/26-1/midi_score.mid,True,44214,True,,,3317,3317,26536,6562,13268,3342,3294,6632,0.2518842327404281,0.24826650587880614,0.49984926138076574,0.4953271028037383,0.5094965330117576,0.5085921012963521,0.48598130841121495,26536,True
315,Beethoven,Piano_Sonatas_26-1,piece_19c43db9e579a634,Beethoven/Piano_Sonatas/26-1/Zhdanov05M.mid,Beethoven/Piano_Sonatas/26-1/midi_score.mid,True,61275,True,,,3314,3314,26512,8888,13256,1787,1745,9724,0.13480687990343995,0.13163850331925167,0.7335546167773084,0.7365721182860592,0.7338563669281835,0.7350633675316838,0.7287266143633072,26512,True
316,Beethoven,Piano_Sonatas_26-1,piece_19c43db9e579a634,Beethoven/Piano_Sonatas/26-1_no_repeat/Broberg01.mid,Beethoven/Piano_Sonatas/26-1_no_repeat/midi_score.mid,True,44065,True,,,2624,2624,20992,5027,10496,3581,3277,3638,0.34117759146341464,0.3122141768292683,0.3466082317073171,0.35327743902439024,0.3399390243902439,0.3521341463414634,0.3410823170731707,20992,True
317,Beethoven,Piano_Sonatas_26-1,piece_19c43db9e579a634,Beethoven/Piano_Sonatas/26-1/Huang02.mid,Beethoven/Piano_Sonatas/26-1/midi_score.mid,True,83869,True,,,3263,3263,26104,10672,13052,4478,1340,7234,0.34308918173460007,0.1026662580447441,0.5542445602206558,0.5556236592093166,0.5605271222801104,0.5507201961385229,0.5501072632546736,26104,True
318,Beethoven,Piano_Sonatas_26-1,piece_19c43db9e579a634,Beethoven/Piano_Sonatas/26-1/LEE_K05.mid,Beethoven/Piano_Sonatas/26-1/midi_score.mid,True,51941,True,,,3293,3293,26344,5206,13172,2431,4226,6515,0.18455815365927725,0.3208320680230793,0.49460977831764347,0.48891588217430915,0.508958396598846,0.4949893713938658,0.485575463103553,26344,True
319,Beethoven,Piano_Sonatas_26-1,piece_19c43db9e579a634,Beethoven/Piano_Sonatas/26-1_no_repeat/Kim02M.mid,Beethoven/Piano_Sonatas/26-1_no_repeat/midi_score.mid,True,46316,True,,,2646,2646,21168,8358,10584,1973,3391,5220,0.18641345427059713,0.32038926681783825,0.4931972789115646,0.4984882842025699,0.5045351473922902,0.4950869236583522,0.47467876039304613,21168,True
320,Beethoven,Piano_Sonatas_26-1,piece_19c43db9e579a634,Beethoven/Piano_Sonatas/26-1_no_repeat/Tysman01.mid,Beethoven/Piano_Sonatas/26-1_no_repeat/midi_score.mid,True,59905,True,,,2670,2670,21360,9552,10680,1464,1224,7992,0.13707865168539327,0.1146067415730337,0.748314606741573,0.751685393258427,0.750561797752809,0.7471910112359551,0.7438202247191011,21360,True
321,Beethoven,Piano_Sonatas_26-1,piece_19c43db9e579a634,Beethoven/Piano_Sonatas/26-1_no_repeat/Ye02.mid,Beethoven/Piano_Sonatas/26-1_no_repeat/midi_score.mid,True,54529,True,,,2638,2638,21104,6114,10552,3005,2795,4752,0.2847801364670205,0.2648786959818044,0.45034116755117515,0.4609552691432904,0.44806671721000757,0.4469294920394238,0.44541319181197875,21104,True
322,Beethoven,Piano_Sonatas_26-2,piece_958184e8ce563114,Beethoven/Piano_Sonatas/26-2/HONG05M.mid,Beethoven/Piano_Sonatas/26-2/midi_score.mid,True,16188,True,,,861,861,6888,2794,3444,453,980,2011,0.13153310104529617,0.2845528455284553,0.5839140534262486,0.5749128919860628,0.6097560975609756,0.5853658536585366,0.5656213704994193,6888,True
323,Beethoven,Piano_Sonatas_26-2,piece_958184e8ce563114,Beethoven/Piano_Sonatas/26-2/Huang02.mid,Beethoven/Piano_Sonatas/26-2/midi_score.mid,True,37756,True,,,873,873,6984,6538,3492,423,721,2348,0.1211340206185567,0.20647193585337914,0.6723940435280642,0.6620847651775487,0.6678121420389461,0.6827033218785796,0.6769759450171822,6984,True
324,Beethoven,Piano_Sonatas_26-2,piece_958184e8ce563114,Beethoven/Piano_Sonatas/26-2/LEE_K05M.mid,Beethoven/Piano_Sonatas/26-2/midi_score.mid,True,15713,True,,,868,868,6944,2334,3472,43,1778,1651,0.01238479262672811,0.5120967741935484,0.4755184331797235,0.4423963133640553,0.5126728110599078,0.4838709677419355,0.4631336405529954,6944,True
325,Beethoven,Piano_Sonatas_26-2,piece_958184e8ce563114,Beethoven/Piano_Sonatas/26-2/Tysman01.mid,Beethoven/Piano_Sonatas/26-2/midi_score.mid,True,41797,True,,,874,874,6992,6690,3496,141,209,3146,0.04033180778032037,0.059782608695652176,0.8998855835240275,0.9073226544622426,0.9050343249427918,0.8958810068649885,0.8913043478260869,6992,True
326,Beethoven,Piano_Sonatas_26-2,piece_958184e8ce563114,Beethoven/Piano_Sonatas/26-2/Zhdanov05.mid,Beethoven/Piano_Sonatas/26-2/midi_score.mid,True,27240,True,,,864,864,6912,4091,3456,40,1101,2315,0.011574074074074073,0.3185763888888889,0.6698495370370371,0.6620370370370371,0.6898148148148148,0.6747685185185185,0.6527777777777778,6912,True
327,Beethoven,Piano_Sonatas_26-3,piece_23e5f389741cb651,Beethoven/Piano_Sonatas/26-3/HONG05M.mid,Beethoven/Piano_Sonatas/26-3/midi_score.mid,True,36850,True,,,3880,3880,31040,3094,15520,5570,3729,6221,0.3588917525773196,0.24027061855670104,0.4008376288659794,0.4036082474226804,0.4036082474226804,0.39974226804123714,0.39639175257731957,31040,True
328,Beethoven,Piano_Sonatas_26-3,piece_23e5f389741cb651,Beethoven/Piano_Sonatas/26-3/Huang02.mid,Beethoven/Piano_Sonatas/26-3/midi_score.mid,True,64562,True,,,3814,3814,30512,5466,15256,7408,2524,5324,0.4855794441531201,0.16544310435238593,0.348977451494494,0.34766649187205034,0.35369690613529103,0.35002621919244886,0.34452018877818563,30512,True
329,Beethoven,Piano_Sonatas_26-3,piece_23e5f389741cb651,Beethoven/Piano_Sonatas/26-3/LEE_K05.mid,Beethoven/Piano_Sonatas/26-3/midi_score.mid,True,61717,True,,,5299,5299,42392,3862,21196,7142,4482,9572,0.3369503679939611,0.21145499150783167,0.4515946404982072,0.45197207020192487,0.4525382147575014,0.45102849594263067,0.45083978109077183,42392,True
330,Beethoven,Piano_Sonatas_26-3,piece_23e5f389741cb651,Beethoven/Piano_Sonatas/26-3/Tysman01.mid,Beethoven/Piano_Sonatas/26-3/midi_score.mid,True,60432,True,,,3920,3920,31360,6074,15680,3008,1869,10803,0.19183673469387755,0.11919642857142858,0.6889668367346938,0.6908163265306122,0.6892857142857143,0.6872448979591836,0.6885204081632653,31360,True
331,Beethoven,Piano_Sonatas_26-3,piece_23e5f389741cb651,Beethoven/Piano_Sonatas/26-3/Zhdanov05M.mid,Beethoven/Piano_Sonatas/26-3/midi_score.mid,True,68557,True,,,5280,5280,42240,7352,21120,1022,4251,15847,0.04839015151515152,0.20127840909090908,0.7503314393939394,0.75,0.7486742424242424,0.7505681818181819,0.7520833333333333,42240,True
332,Beethoven,Piano_Sonatas_27-1,piece_69862af5096ee3fa,Beethoven/Piano_Sonatas/27-1/Abdelmola01.mid,Beethoven/Piano_Sonatas/27-1/midi_score.mid,True,54978,True,,,2628,2628,21024,7644,10512,2535,1674,6303,0.2411529680365297,0.15924657534246575,0.5996004566210046,0.6111111111111112,0.5875190258751902,0.600076103500761,0.5996955859969558,21024,True
333,Beethoven,Piano_Sonatas_27-1,piece_69862af5096ee3fa,Beethoven/Piano_Sonatas/27-1/Fung01.mid,Beethoven/Piano_Sonatas/27-1/midi_score.mid,True,39509,True,,,2636,2636,21088,5624,10544,2072,4804,3668,0.19650986342943855,0.4556145675265554,0.34787556904400607,0.34522003034901366,0.3611532625189681,0.34559939301972686,0.33952959028831564,21088,True
334,Beethoven,Piano_Sonatas_27-1,piece_69862af5096ee3fa,Beethoven/Piano_Sonatas/27-1/GiacomelliN04M.mid,Beethoven/Piano_Sonatas/27-1/midi_score.mid,True,38051,True,,,2646,2646,21168,5983,10584,2835,2852,4897,0.26785714285714285,0.2694633408919123,0.46267951625094483,0.46485260770975056,0.4546485260770975,0.46636432350718066,0.46485260770975056,21168,True
335,Beethoven,Piano_Sonatas_27-1,piece_69862af5096ee3fa,Beethoven/Piano_Sonatas/27-1/Ko01.mid,Beethoven/Piano_Sonatas/27-1/midi_score.mid,True,38522,True,,,2595,2595,20760,3455,10380,2021,6548,1811,0.1947013487475915,0.6308285163776494,0.17447013487475915,0.17109826589595376,0.18227360308285165,0.17495183044315993,0.16955684007707128,20760,True
336,Beethoven,Piano_Sonatas_27-1,piece_69862af5096ee3fa,Beethoven/Piano_Sonatas/27-1/Ko05M.mid,Beethoven/Piano_Sonatas/27-1/midi_score.mid,True,32482,True,,,2628,2628,21024,3891,10512,3460,4497,2555,0.3291476407914764,0.427796803652968,0.24305555555555555,0.24771689497716895,0.24010654490106545,0.2454337899543379,0.2389649923896499,21024,True
337,Beethoven,Piano_Sonatas_27-1,piece_69862af5096ee3fa,Beethoven/Piano_Sonatas/27-1/MiyashitaM02M.mid,Beethoven/Piano_Sonatas/27-1/midi_score.mid,True,47372,True,,,2625,2625,21000,8515,10500,1339,3386,5775,0.1275238095238095,0.32247619047619047,0.55,0.5577142857142857,0.5459047619047619,0.548952380952381,0.5474285714285714,21000,True
338,Beethoven,Piano_Sonatas_27-1,piece_69862af5096ee3fa,Beethoven/Piano_Sonatas/27-1/Seredenko01.mid,Beethoven/Piano_Sonatas/27-1/midi_score.mid,True,42624,True,,,2635,2635,21080,4600,10540,3118,3873,3549,0.29582542694497155,0.3674573055028463,0.3367172675521822,0.3442125237191651,0.3407969639468691,0.33396584440227706,0.32789373814041745,21080,True
339,Beethoven,Piano_Sonatas_27-2,piece_4c8f494899d6c68a,Beethoven/Piano_Sonatas/27-2/GiacomelliN05M.mid,Beethoven/Piano_Sonatas/27-2/midi_score.mid,True,69003,True,,,3990,3990,31920,12065,15960,2792,153,13015,0.174937343358396,0.009586466165413534,0.8154761904761905,0.8157894736842105,0.8047619047619048,0.8140350877192982,0.8273182957393483,31920,True
340,Beethoven,Piano_Sonatas_28-1,piece_3c8535ee6c610b0c,Beethoven/Piano_Sonatas/28-1/Atzinger01.mid,Beethoven/Piano_Sonatas/28-1/midi_score.mid,True,44897,True,,,1275,1275,10200,6130,5100,1089,347,3664,0.21352941176470588,0.06803921568627451,0.7184313725490196,0.7254901960784313,0.6901960784313725,0.7254901960784313,0.7325490196078431,10200,True
341,Beethoven,Piano_Sonatas_28-1,piece_3c8535ee6c610b0c,Beethoven/Piano_Sonatas/28-1/KimHJ02M.mid,Beethoven/Piano_Sonatas/28-1/midi_score.mid,True,23577,True,,,1285,1285,10280,2714,5140,1107,2756,1277,0.21536964980544748,0.5361867704280155,0.24844357976653697,0.2529182879377432,0.2785992217898833,0.23735408560311283,0.22490272373540857,10280,True
342,Beethoven,Piano_Sonatas_28-1,piece_3c8535ee6c610b0c,Beethoven/Piano_Sonatas/28-1/KyykhynenT06M.mid,Beethoven/Piano_Sonatas/28-1/midi_score.mid,True,24655,True,,,1301,1301,10408,2879,5204,1611,2189,1404,0.3095695618754804,0.4206379707916987,0.2697924673328209,0.28055342044581094,0.27747886241352804,0.2674865488086088,0.2536510376633359,10408,True
343,Beethoven,Piano_Sonatas_28-1,piece_3c8535ee6c610b0c,Beethoven/Piano_Sonatas/28-1/WangY04M.mid,Beethoven/Piano_Sonatas/28-1/midi_score.mid,True,25023,True,,,1295,1295,10360,3147,5180,730,3036,1414,0.14092664092664092,0.5861003861003861,0.27297297297297296,0.29266409266409266,0.2694980694980695,0.2617760617760618,0.26795366795366793,10360,True
344,Beethoven,Piano_Sonatas_28-1,piece_3c8535ee6c610b0c,Beethoven/Piano_Sonatas/28-1/Zhdanov01.mid,Beethoven/Piano_Sonatas/28-1/midi_score.mid,True,40705,True,,,1290,1290,10320,5214,5160,207,2570,2383,0.04011627906976744,0.49806201550387597,0.4618217054263566,0.4744186046511628,0.49147286821705427,0.44651162790697674,0.43488372093023253,10320,True
345,Beethoven,Piano_Sonatas_28-2,piece_790a094e656d4186,Beethoven/Piano_Sonatas/28-2/KimHJ03.mid,Beethoven/Piano_Sonatas/28-2/midi_score.mid,True,54780,True,,,3459,3459,27672,4390,13836,5998,4758,3080,0.433506793871061,0.34388551604509976,0.22260769008383927,0.22578779994217982,0.23041341428158427,0.21624747036715813,0.21798207574443482,27672,True
346,Beethoven,Piano_Sonatas_29-2,piece_ab42b317dcb38fc5,Beethoven/Piano_Sonatas/29-2/ChowK03.mid,Beethoven/Piano_Sonatas/29-2/midi_score.mid,True,27262,True,,,1902,1902,15216,2206,7608,3878,1175,2555,0.5097266035751841,0.15444269190325974,0.3358307045215563,0.33385909568874866,0.32229232386961093,0.3422712933753943,0.3449001051524711,15216,True
347,Beethoven,Piano_Sonatas_29-3,piece_cd420fd745942bd1,Beethoven/Piano_Sonatas/29-3/ChowK04.mid,Beethoven/Piano_Sonatas/29-3/midi_score.mid,True,123266,True,,,5150,5150,41200,16883,20600,414,7646,12540,0.020097087378640778,0.3711650485436893,0.6087378640776699,0.6170873786407767,0.6097087378640776,0.6005825242718447,0.6075728155339806,41200,True
348,Beethoven,Piano_Sonatas_29-4,piece_0390c4f7d9bd5aa5,Beethoven/Piano_Sonatas/29-4/ChowK05M.mid,Beethoven/Piano_Sonatas/29-4/midi_score.mid,True,92615,True,,,8035,8035,64280,10610,32140,17926,4469,9745,0.5577473553204729,0.13904791537025513,0.30320472930927195,0.30416925948973245,0.29769757311761047,0.30354698195395147,0.3074051026757934,64280,True
349,Beethoven,Piano_Sonatas_29-4,piece_0390c4f7d9bd5aa5,Beethoven/Piano_Sonatas/29-4/DANILO01.mid,Beethoven/Piano_Sonatas/29-4/midi_score.mid,True,71419,True,,,8064,8064,64512,5455,32256,12474,7767,12015,0.38671875,0.24079241071428573,0.3724888392857143,0.37810019841269843,0.3756200396825397,0.369171626984127,0.36706349206349204,64512,True
350,Beethoven,Piano_Sonatas_3-1,piece_3829d5339382c9c2,Beethoven/Piano_Sonatas/3-1/Bult-ItoS03M.mid,Beethoven/Piano_Sonatas/3-1/midi_score.mid,True,52081,True,,,4347,4347,34776,6820,17388,7939,2160,7289,0.45657925005751093,0.12422360248447205,0.419197147458017,0.42121002990568207,0.42397055440533704,0.4168391994478951,0.4147688060731539,34776,True
351,Beethoven,Piano_Sonatas_3-1,piece_3829d5339382c9c2,Beethoven/Piano_Sonatas/3-1/CaoJ02M.mid,Beethoven/Piano_Sonatas/3-1/midi_score.mid,True,39585,True,,,4279,4279,34232,3309,17116,11758,3115,2243,0.686959569992989,0.18199345641505024,0.13104697359196074,0.13484458985744333,0.13367609254498714,0.12736620705772378,0.12830100490768873,34232,True
352,Beethoven,Piano_Sonatas_3-1,piece_3829d5339382c9c2,Beethoven/Piano_Sonatas/3-1/Jia02.mid,Beethoven/Piano_Sonatas/3-1/midi_score.mid,True,63064,True,,,4350,4350,34800,5244,17400,7135,5613,4652,0.4100574712643678,0.3225862068965517,0.2673563218390805,0.27402298850574713,0.2735632183908046,0.26597701149425285,0.2558620689655172,34800,True
353,Beethoven,Piano_Sonatas_3-1,piece_3829d5339382c9c2,Beethoven/Piano_Sonatas/3-1/KorchinskayaKogan02.mid,Beethoven/Piano_Sonatas/3-1/midi_score.mid,True,71247,True,,,4307,4307,34456,6944,17228,7305,1949,7974,0.4240190387740887,0.11312978871604365,0.4628511725098677,0.4553053169259345,0.4792198746227072,0.4629672625957743,0.4539122358950546,34456,True
354,Beethoven,Piano_Sonatas_3-1,piece_3829d5339382c9c2,Beethoven/Piano_Sonatas/3-1/LUO01.mid,Beethoven/Piano_Sonatas/3-1/midi_score.mid,True,55173,True,,,4171,4171,33368,7730,16684,696,2043,13945,0.04171661472069048,0.12245264924478542,0.8358307360345241,0.842244066171182,0.8343322944138096,0.8326540397986094,0.8340925437544954,33368,True
355,Beethoven,Piano_Sonatas_3-1,piece_3829d5339382c9c2,Beethoven/Piano_Sonatas/3-1/Lin01.mid,Beethoven/Piano_Sonatas/3-1/midi_score.mid,True,57527,True,,,4359,4359,34872,5057,17436,7790,1398,8248,0.44677678366597845,0.08017894012388162,0.47304427621013995,0.4732736866253728,0.47671484285386556,0.47396191787107134,0.46822665749025005,34872,True
356,Beethoven,Piano_Sonatas_3-1,piece_3829d5339382c9c2,Beethoven/Piano_Sonatas/3-1/Lin05M.mid,Beethoven/Piano_Sonatas/3-1/midi_score.mid,True,42785,True,,,4368,4368,34944,4068,17472,11553,1556,4363,0.6612293956043956,0.08905677655677656,0.24971382783882784,0.25114468864468864,0.25114468864468864,0.24977106227106227,0.2467948717948718,34944,True
357,Beethoven,Piano_Sonatas_3-1,piece_3829d5339382c9c2,Beethoven/Piano_Sonatas/3-1/MiyashitaM03M.mid,Beethoven/Piano_Sonatas/3-1/midi_score.mid,True,58791,True,,,4346,4346,34768,8146,17384,969,4929,11486,0.05574091118269673,0.28353658536585363,0.6607225034514496,0.6612977450529223,0.660377358490566,0.6599171652093879,0.6612977450529223,34768,True
358,Beethoven,Piano_Sonatas_3-1,piece_3829d5339382c9c2,Beethoven/Piano_Sonatas/3-1/ZHOU01.mid,Beethoven/Piano_Sonatas/3-1/midi_score.mid,True,45829,True,,,4362,4362,34896,4759,17448,9868,995,6585,0.5655662540119212,0.05702659330582302,0.37740715268225583,0.3745988078862907,0.3764328289775332,0.379871618523613,0.3787253553415864,34896,True
359,Beethoven,Piano_Sonatas_3-2,piece_221b199a0a4949e9,Beethoven/Piano_Sonatas/3-2/MiyashitaM04M.mid,Beethoven/Piano_Sonatas/3-2/midi_score.mid,True,45758,True,,,1477,1477,11816,9514,5908,7,1934,3967,0.001184834123222749,0.3273527420446852,0.6714624238320921,0.6790792146242384,0.6763710223425863,0.6635071090047393,0.6668923493568043,11816,True
360,Beethoven,Piano_Sonatas_30-1,piece_dffc44d92cd9ab16,Beethoven/Piano_Sonatas/30-1/CHEN02.mid,Beethoven/Piano_Sonatas/30-1/midi_score.mid,True,31669,True,,,1518,1518,12144,3798,6072,204,2079,3789,0.03359683794466403,0.3423913043478261,0.6240118577075099,0.6225296442687747,0.6310935441370223,0.6264822134387352,0.6159420289855072,12144,True
361,Beethoven,Piano_Sonatas_30-1,piece_dffc44d92cd9ab16,Beethoven/Piano_Sonatas/30-1/Hirata01.mid,Beethoven/Piano_Sonatas/30-1/midi_score.mid,True,44749,True,,,1511,1511,12088,6242,6044,247,1900,3897,0.040866975512905364,0.314361350099272,0.6447716743878227,0.6333553937789543,0.6412971542025149,0.6585043017868961,0.6459298477829252,12088,True
362,Beethoven,Piano_Sonatas_30-1,piece_dffc44d92cd9ab16,Beethoven/Piano_Sonatas/30-1/Izzard01.mid,Beethoven/Piano_Sonatas/30-1/midi_score.mid,True,39632,True,,,1509,1509,12072,5408,6036,221,1114,4701,0.03661365142478463,0.18455931080185553,0.7788270377733598,0.7813121272365805,0.777998674618953,0.7786613651424784,0.7773359840954275,12072,True
363,Beethoven,Piano_Sonatas_30-1,piece_dffc44d92cd9ab16,Beethoven/Piano_Sonatas/30-1/Katyukova01.mid,Beethoven/Piano_Sonatas/30-1/midi_score.mid,True,43107,True,,,1510,1510,12080,6030,6040,50,2530,3460,0.008278145695364239,0.41887417218543044,0.5728476821192053,0.571523178807947,0.580794701986755,0.571523178807947,0.5675496688741721,12080,True
364,Beethoven,Piano_Sonatas_30-1,piece_dffc44d92cd9ab16,Beethoven/Piano_Sonatas/30-1/MaslovV02M.mid,Beethoven/Piano_Sonatas/30-1/midi_score.mid,True,28383,True,,,1507,1507,12056,4722,6028,244,2463,3321,0.0404777704047777,0.4085932315859323,0.55092899800929,0.5593895155938952,0.5593895155938952,0.542136695421367,0.5428002654280026,12056,True
365,Beethoven,Piano_Sonatas_30-1,piece_dffc44d92cd9ab16,Beethoven/Piano_Sonatas/30-1/Shelest02.mid,Beethoven/Piano_Sonatas/30-1/midi_score.mid,True,40284,True,,,1512,1512,12096,5066,6048,657,1645,3746,0.10863095238095238,0.27199074074074076,0.6193783068783069,0.6197089947089947,0.6177248677248677,0.623015873015873,0.6170634920634921,12096,True
366,Beethoven,Piano_Sonatas_30-1,piece_dffc44d92cd9ab16,Beethoven/Piano_Sonatas/30-1/TOIVIO01.mid,Beethoven/Piano_Sonatas/30-1/midi_score.mid,True,27704,True,,,1499,1499,11992,3735,5996,270,1491,4235,0.04503002001334223,0.24866577718478985,0.7063042028018679,0.7038025350233489,0.7091394262841895,0.7084723148765844,0.7038025350233489,11992,True
367,Beethoven,Piano_Sonatas_30-1,piece_dffc44d92cd9ab16,Beethoven/Piano_Sonatas/30-1/TanakaM06M.mid,Beethoven/Piano_Sonatas/30-1/midi_score.mid,True,27584,True,,,1504,1504,12032,4473,6016,684,2040,3292,0.11369680851063829,0.3390957446808511,0.5472074468085106,0.5571808510638298,0.5478723404255319,0.5412234042553191,0.5425531914893617,12032,True
368,Beethoven,Piano_Sonatas_31-1,piece_0e8ac1a93ce95432,Beethoven/Piano_Sonatas/31-1/ADIG05M.mid,Beethoven/Piano_Sonatas/31-1/midi_score.mid,True,36776,True,,,2903,2903,23224,4544,11612,1064,2662,7886,0.09162934894936273,0.22924560799173269,0.6791250430589045,0.689286944540131,0.678608336203927,0.6748191526007579,0.6737857388908026,23224,True
369,Beethoven,Piano_Sonatas_31-1,piece_0e8ac1a93ce95432,Beethoven/Piano_Sonatas/31-1/AbdelmoulaJS03M.mid,Beethoven/Piano_Sonatas/31-1/midi_score.mid,True,50994,True,,,2863,2863,22904,8836,11452,917,1968,8567,0.08007334963325183,0.17184771219001047,0.7480789381767377,0.7544533705902899,0.7488648271044359,0.7457212713936431,0.7432762836185819,22904,True
370,Beethoven,Piano_Sonatas_31-1,piece_0e8ac1a93ce95432,Beethoven/Piano_Sonatas/31-1/Ahfat02M.mid,Beethoven/Piano_Sonatas/31-1/midi_score.mid,True,45450,True,,,2846,2846,22768,7804,11384,140,4670,6574,0.012297962052002811,0.41022487702037946,0.5774771609276177,0.5773014757554462,0.5924104005621925,0.573085031623331,0.567111735769501,22768,True
371,Beethoven,Piano_Sonatas_31-1,piece_0e8ac1a93ce95432,Beethoven/Piano_Sonatas/31-1/Ahn01.mid,Beethoven/Piano_Sonatas/31-1/midi_score.mid,True,50132,True,,,2912,2912,23296,6428,11648,1174,5616,4858,0.10078983516483517,0.48214285714285715,0.4170673076923077,0.43921703296703296,0.41552197802197804,0.39697802197802196,0.4165521978021978,23296,True
372,Beethoven,Piano_Sonatas_31-1,piece_0e8ac1a93ce95432,Beethoven/Piano_Sonatas/31-1/BrendleA03M.mid,Beethoven/Piano_Sonatas/31-1/midi_score.mid,True,37126,True,,,2921,2921,23368,4427,11684,1875,5349,4460,0.16047586442998973,0.4578055460458747,0.38171858952413557,0.39164669633687094,0.3919890448476549,0.3738445737761041,0.36939404313591234,23368,True
373,Beethoven,Piano_Sonatas_31-1,piece_0e8ac1a93ce95432,Beethoven/Piano_Sonatas/31-1/Goh02.mid,Beethoven/Piano_Sonatas/31-1/midi_score.mid,True,52456,True,,,2879,2879,23032,6960,11516,288,5845,5383,0.025008683570684264,0.5075547064953109,0.4674366099340049,0.49183744355679054,0.46856547412295935,0.45432441820076414,0.45501910385550537,23032,True
374,Beethoven,Piano_Sonatas_31-1,piece_0e8ac1a93ce95432,Beethoven/Piano_Sonatas/31-1/HUAN_B01.mid,Beethoven/Piano_Sonatas/31-1/midi_score.mid,True,52296,True,,,2923,2923,23384,6268,11692,208,2183,9301,0.017789941840574752,0.18670886075949367,0.7955011973999315,0.7943893260348956,0.7984946972288745,0.7967841258980499,0.7923366404379063,23384,True
375,Beethoven,Piano_Sonatas_31-1,piece_0e8ac1a93ce95432,Beethoven/Piano_Sonatas/31-1/Huang01.mid,Beethoven/Piano_Sonatas/31-1/midi_score.mid,True,74760,True,,,2901,2901,23208,10139,11604,795,1847,8962,0.06851085832471561,0.15916925198207516,0.7723198896932092,0.7786970010341262,0.7724922440537746,0.7697345742847294,0.7683557394002068,23208,True
376,Beethoven,Piano_Sonatas_31-1,piece_0e8ac1a93ce95432,Beethoven/Piano_Sonatas/31-1/HuangSW08M.mid,Beethoven/Piano_Sonatas/31-1/midi_score.mid,True,50790,True,,,2888,2888,23104,7090,11552,2163,4287,5102,0.18724030470914127,0.3711045706371191,0.44165512465373963,0.449792243767313,0.439404432132964,0.43351800554016623,0.4439058171745152,23104,True
377,Beethoven,Piano_Sonatas_31-1,piece_0e8ac1a93ce95432,Beethoven/Piano_Sonatas/31-1/Karpeyev01.mid,Beethoven/Piano_Sonatas/31-1/midi_score.mid,True,78373,True,,,2931,2931,23448,8964,11724,765,4337,6622,0.06525076765609007,0.3699249402934152,0.5648242920504947,0.5789832821562607,0.568747867621972,0.5540771067894916,0.5574889116342545,23448,True
378,Beethoven,Piano_Sonatas_31-1,piece_0e8ac1a93ce95432,Beethoven/Piano_Sonatas/31-1/Kavalerova01.mid,Beethoven/Piano_Sonatas/31-1/midi_score.mid,True,62043,True,,,2849,2849,22792,8033,11396,42,40,11314,0.0036855036855036856,0.00351000351000351,0.9928044928044928,0.994032994032994,0.9936819936819937,0.9915759915759915,0.991926991926992,22792,True
379,Beethoven,Piano_Sonatas_31-1,piece_0e8ac1a93ce95432,Beethoven/Piano_Sonatas/31-1/LeungM03M.mid,Beethoven/Piano_Sonatas/31-1/midi_score.mid,True,42320,True,,,2880,2880,23040,6505,11520,2200,2660,6660,0.1909722222222222,0.2309027777777778,0.578125,0.5944444444444444,0.5809027777777778,0.571875,0.5652777777777778,23040,True
380,Beethoven,Piano_Sonatas_31-1,piece_0e8ac1a93ce95432,Beethoven/Piano_Sonatas/31-1/Mikhailoff04.mid,Beethoven/Piano_Sonatas/31-1/midi_score.mid,True,54575,True,,,2920,2920,23360,6071,11680,81,4647,6952,0.006934931506849315,0.3978595890410959,0.5952054794520548,0.6023972602739726,0.6037671232876712,0.5876712328767123,0.586986301369863,23360,True
381,Beethoven,Piano_Sonatas_31-1,piece_0e8ac1a93ce95432,Beethoven/Piano_Sonatas/31-1/Na06M.mid,Beethoven/Piano_Sonatas/31-1/midi_score.mid,True,47401,True,,,2896,2896,23168,7984,11584,320,1215,10049,0.027624309392265192,0.10488604972375691,0.867489640883978,0.8674033149171271,0.8687845303867403,0.8674033149171271,0.8663674033149171,23168,True
382,Beethoven,Piano_Sonatas_31-1,piece_0e8ac1a93ce95432,Beethoven/Piano_Sonatas/31-1/SINKEV02.mid,Beethoven/Piano_Sonatas/31-1/midi_score.mid,True,49749,True,,,2908,2908,23264,5716,11632,1587,1958,8087,0.13643397524071527,0.16832874828060523,0.6952372764786795,0.7001375515818432,0.6991059147180193,0.6894773039889959,0.6922283356258597,23264,True
383,Beethoven,Piano_Sonatas_31-1,piece_0e8ac1a93ce95432,Beethoven/Piano_Sonatas/31-1/SOLOM04.mid,Beethoven/Piano_Sonatas/31-1/midi_score.mid,True,53268,True,,,2834,2834,22672,6863,11336,140,2337,8859,0.012350035285815103,0.2061573747353564,0.7814925899788285,0.7868736767819337,0.7815808045165843,0.7808750882145378,0.7766407904022583,22672,True
384,Beethoven,Piano_Sonatas_31-1,piece_0e8ac1a93ce95432,Beethoven/Piano_Sonatas/31-1/Stahievitch02.mid,Beethoven/Piano_Sonatas/31-1/midi_score.mid,True,52419,True,,,2912,2912,23296,4983,11648,706,4608,6334,0.060611263736263736,0.3956043956043956,0.5437843406593407,0.5484203296703297,0.5494505494505495,0.540521978021978,0.5367445054945055,23296,True
385,Beethoven,Piano_Sonatas_31-1,piece_0e8ac1a93ce95432,Beethoven/Piano_Sonatas/31-1/Sun01.mid,Beethoven/Piano_Sonatas/31-1/midi_score.mid,True,54147,True,,,2880,2880,23040,6757,11520,554,4892,6074,0.04809027777777778,0.42465277777777777,0.5272569444444445,0.5319444444444444,0.5315972222222223,0.5225694444444444,0.5229166666666667,23040,True
386,Beethoven,Piano_Sonatas_31-1,piece_0e8ac1a93ce95432,Beethoven/Piano_Sonatas/31-1/Tang01.mid,Beethoven/Piano_Sonatas/31-1/midi_score.mid,True,65989,True,,,2941,2941,23528,8389,11764,1229,4033,6502,0.10447126827609657,0.34282556953417204,0.5527031621897314,0.5583134988099286,0.5491329479768786,0.5487929275756546,0.5545732743964638,23528,True
387,Beethoven,Piano_Sonatas_31-1,piece_0e8ac1a93ce95432,Beethoven/Piano_Sonatas/31-1/YOU01.mid,Beethoven/Piano_Sonatas/31-1/midi_score.mid,True,47808,True,,,2917,2917,23336,4720,11668,1591,5068,5009,0.13635584504628043,0.43435035995886184,0.42929379499485776,0.44189235515941033,0.4374357216318135,0.41858073363044224,0.4192663695577648,23336,True
388,Beethoven,Piano_Sonatas_31-1,piece_0e8ac1a93ce95432,Beethoven/Piano_Sonatas/31-1/Zuber04M.mid,Beethoven/Piano_Sonatas/31-1/midi_score.mid,True,58999,True,,,2950,2950,23600,10403,11800,240,157,11403,0.020338983050847456,0.013305084745762712,0.9663559322033898,0.968813559322034,0.9677966101694915,0.9654237288135593,0.9633898305084746,23600,True
389,Beethoven,Piano_Sonatas_31-2,piece_8676e9e974ddb01f,Beethoven/Piano_Sonatas/31-2/ADIG05M.mid,Beethoven/Piano_Sonatas/31-2/midi_score.mid,True,14980,True,,,1364,1364,10912,1477,5456,1393,256,3807,0.25531524926686217,0.0469208211143695,0.6977639296187683,0.6972140762463344,0.7060117302052786,0.6957478005865103,0.6920821114369502,10912,True
390,Beethoven,Piano_Sonatas_31-2,piece_8676e9e974ddb01f,Beethoven/Piano_Sonatas/31-2/AbdelmoulaJS04.mid,Beethoven/Piano_Sonatas/31-2/midi_score.mid,True,23187,True,,,1362,1362,10896,2193,5448,2468,821,2159,0.45301027900146845,0.15069750367107196,0.3962922173274596,0.40381791483113066,0.3935389133627019,0.4023494860499266,0.3854625550660793,10896,True
391,Beethoven,Piano_Sonatas_31-2,piece_8676e9e974ddb01f,Beethoven/Piano_Sonatas/31-2/HuangSW09.mid,Beethoven/Piano_Sonatas/31-2/midi_score.mid,True,18938,True,,,1374,1374,10992,1482,5496,3888,559,1049,0.7074235807860262,0.10171033478893741,0.1908660844250364,0.17612809315866085,0.1943231441048035,0.19941775836972345,0.19359534206695778,10992,True
392,Beethoven,Piano_Sonatas_31-2,piece_8676e9e974ddb01f,Beethoven/Piano_Sonatas/31-2/LeungM04.mid,Beethoven/Piano_Sonatas/31-2/midi_score.mid,True,17208,True,,,1345,1345,10760,1253,5380,4044,329,1007,0.7516728624535316,0.06115241635687732,0.18717472118959108,0.16951672862453532,0.19330855018587362,0.2,0.18587360594795538,10760,True
393,Beethoven,Piano_Sonatas_31-2,piece_8676e9e974ddb01f,Beethoven/Piano_Sonatas/31-2/Na06.mid,Beethoven/Piano_Sonatas/31-2/midi_score.mid,True,18141,True,,,1168,1168,9344,2085,4672,1260,434,2978,0.2696917808219178,0.09289383561643835,0.6374143835616438,0.639554794520548,0.627568493150685,0.6438356164383562,0.6386986301369864,9344,True
394,Beethoven,Piano_Sonatas_31-2,piece_8676e9e974ddb01f,Beethoven/Piano_Sonatas/31-2/Stahievitch02.mid,Beethoven/Piano_Sonatas/31-2/midi_score.mid,True,20434,True,,,1356,1356,10848,1662,5424,1859,888,2677,0.34273598820059,0.16371681415929204,0.493547197640118,0.5081120943952803,0.4970501474926254,0.4786135693215339,0.49041297935103245,10848,True
395,Beethoven,Piano_Sonatas_31-2,piece_8676e9e974ddb01f,Beethoven/Piano_Sonatas/31-2/Zuber04.mid,Beethoven/Piano_Sonatas/31-2/midi_score.mid,True,18926,True,,,1373,1373,10984,1633,5492,3636,187,1669,0.662053896576839,0.03404952658412236,0.3038965768390386,0.303714493809177,0.303714493809177,0.3058994901675164,0.3022578295702841,10984,True
396,Beethoven,Piano_Sonatas_31-3_4,piece_37b8b31fa6061643,Beethoven/Piano_Sonatas/31-3_4/ADIG05M.mid,Beethoven/Piano_Sonatas/31-3_4/midi_score.mid,True,47343,True,,,3843,3843,30744,5770,15372,817,4762,9793,0.053148581837106426,0.309784022898777,0.6370673952641166,0.6643247462919594,0.6500130106687484,0.6133229247983346,0.6206088992974239,30744,True
397,Beethoven,Piano_Sonatas_31-3_4,piece_37b8b31fa6061643,Beethoven/Piano_Sonatas/31-3_4/AbdelmoulaJS05M.mid,Beethoven/Piano_Sonatas/31-3_4/midi_score.mid,True,66461,True,,,3834,3834,30672,11880,15336,1236,4150,9950,0.08059467918622848,0.2706051121544079,0.6488002086593636,0.6640584246218049,0.639019300991132,0.6473656755346896,0.6447574334898278,30672,True
398,Beethoven,Piano_Sonatas_31-3_4,piece_37b8b31fa6061643,Beethoven/Piano_Sonatas/31-3_4/BrendleA05.mid,Beethoven/Piano_Sonatas/31-3_4/midi_score.mid,True,60004,True,,,3802,3802,30416,5868,15208,1776,9762,3670,0.1167806417674908,0.6418990005260389,0.24132035770647028,0.24723829563387692,0.2519726459758022,0.2422409258285113,0.2238295633876907,30416,True
399,Beethoven,Piano_Sonatas_31-3_4,piece_37b8b31fa6061643,Beethoven/Piano_Sonatas/31-3_4/CHOE03.mid,Beethoven/Piano_Sonatas/31-3_4/midi_score.mid,True,59132,True,,,3873,3873,30984,9418,15492,1039,6051,8402,0.06706687322489027,0.39058869093725795,0.5423444358378517,0.5507358636715725,0.5546088303640588,0.5393751613736122,0.5246578879421637,30984,True
400,Beethoven,Piano_Sonatas_31-3_4,piece_37b8b31fa6061643,Beethoven/Piano_Sonatas/31-3_4/Gokcin01.mid,Beethoven/Piano_Sonatas/31-3_4/midi_score.mid,True,80829,True,,,3815,3815,30520,8807,15260,1378,7808,6074,0.09030144167758847,0.5116644823066842,0.3980340760157274,0.41467889908256883,0.39711664482306686,0.39397116644823066,0.3863695937090432,30520,True
401,Beethoven,Piano_Sonatas_31-3_4,piece_37b8b31fa6061643,Beethoven/Piano_Sonatas/31-3_4/HuangSW10M.mid,Beethoven/Piano_Sonatas/31-3_4/midi_score.mid,True,59129,True,,,3630,3630,29040,8222,14520,2049,7492,4979,0.14111570247933886,0.5159779614325068,0.3429063360881543,0.359228650137741,0.3424242424242424,0.33856749311294765,0.33140495867768593,29040,True
402,Beethoven,Piano_Sonatas_31-3_4,piece_37b8b31fa6061643,Beethoven/Piano_Sonatas/31-3_4/LeungM05M.mid,Beethoven/Piano_Sonatas/31-3_4/midi_score.mid,True,57182,True,,,3856,3856,30848,8313,15424,2613,6455,6356,0.16941130705394192,0.4185036307053942,0.4120850622406639,0.4276452282157676,0.40897302904564314,0.408454356846473,0.4032676348547718,30848,True
403,Beethoven,Piano_Sonatas_31-3_4,piece_37b8b31fa6061643,Beethoven/Piano_Sonatas/31-3_4/Na06M.mid,Beethoven/Piano_Sonatas/31-3_4/midi_score.mid,True,62532,True,,,3836,3836,30688,10773,15344,390,3817,11137,0.025417101147028155,0.24876173096976018,0.7258211678832117,0.7273201251303442,0.7260166840458812,0.7257559958289885,0.7241918665276329,30688,True
404,Beethoven,Piano_Sonatas_31-3_4,piece_37b8b31fa6061643,Beethoven/Piano_Sonatas/31-3_4/ParkH01.mid,Beethoven/Piano_Sonatas/31-3_4/midi_score.mid,True,79111,True,,,3830,3830,30640,9954,15320,2365,6646,6309,0.1543733681462141,0.43381201044386425,0.41181462140992164,0.4339425587467363,0.4,0.41279373368146216,0.40052219321148824,30640,True
405,Beethoven,Piano_Sonatas_31-3_4,piece_37b8b31fa6061643,Beethoven/Piano_Sonatas/31-3_4/Stahievitch02.mid,Beethoven/Piano_Sonatas/31-3_4/midi_score.mid,True,65176,True,,,3828,3828,30624,5972,15312,789,7852,6671,0.0515282131661442,0.5128004179728317,0.43567136886102403,0.4485370950888192,0.44723092998955066,0.4278996865203762,0.41901776384535006,30624,True
406,Beethoven,Piano_Sonatas_31-3_4,piece_37b8b31fa6061643,Beethoven/Piano_Sonatas/31-3_4/Zuber04M.mid,Beethoven/Piano_Sonatas/31-3_4/midi_score.mid,True,73493,True,,,3822,3822,30576,13008,15288,597,2777,11914,0.039050235478806906,0.1816457352171638,0.7793040293040293,0.7836211407639979,0.7791732077446363,0.7749869178440607,0.7794348508634223,30576,True
407,Beethoven,Piano_Sonatas_32-1,piece_cde7e5eaa9e2232c,Beethoven/Piano_Sonatas/32-1/DupreeF03M.mid,Beethoven/Piano_Sonatas/32-1/midi_score.mid,True,61394,True,,,5531,5531,44248,5818,22124,13665,4378,4081,0.6176550352558308,0.19788465015367926,0.18446031459048998,0.18640390526125475,0.18785029831856806,0.1829687217501356,0.18061833303200145,44248,True
408,Beethoven,Piano_Sonatas_32-1,piece_cde7e5eaa9e2232c,Beethoven/Piano_Sonatas/32-1/FALIKS01_2004.mid,Beethoven/Piano_Sonatas/32-1/midi_score.mid,True,50525,True,,,4122,4122,32976,3251,16488,4596,7862,4030,0.2787481804949054,0.47683163512857835,0.24442018437651625,0.24575448811256673,0.24915089762251336,0.2438136826783115,0.23896166909267347,32976,True
409,Beethoven,Piano_Sonatas_32-1,piece_cde7e5eaa9e2232c,Beethoven/Piano_Sonatas/32-1/Faliks01.mid,Beethoven/Piano_Sonatas/32-1/midi_score.mid,True,55121,True,,,4114,4114,32912,4272,16456,6954,6481,3021,0.42258142926592124,0.39383811375789984,0.1835804569761789,0.1857073407875547,0.1854642683519689,0.18692270296548372,0.1762275157997083,32912,True
410,Beethoven,Piano_Sonatas_32-1,piece_cde7e5eaa9e2232c,Beethoven/Piano_Sonatas/32-1/HouY04M.mid,Beethoven/Piano_Sonatas/32-1/midi_score.mid,True,79955,True,,,5311,5311,42488,10508,21244,8048,710,12486,0.37883637733006964,0.033421201280361516,0.5877424213895688,0.5880248540764451,0.5865185464131049,0.5884014309922802,0.5880248540764451,42488,True
411,Beethoven,Piano_Sonatas_32-1,piece_cde7e5eaa9e2232c,Beethoven/Piano_Sonatas/32-1/Jussow02.mid,Beethoven/Piano_Sonatas/32-1/midi_score.mid,True,86601,True,,,5477,5477,43816,7415,21908,8726,7307,5875,0.3983019901405879,0.33353113018075586,0.2681668796786562,0.2709512506846814,0.267482198283732,0.27003834215811573,0.2641957275880957,43816,True
412,Beethoven,Piano_Sonatas_32-1,piece_cde7e5eaa9e2232c,Beethoven/Piano_Sonatas/32-1/Jussow06M.mid,Beethoven/Piano_Sonatas/32-1/midi_score.mid,True,51438,True,,,5443,5443,43544,3909,21772,10917,7720,3135,0.5014238471431196,0.3545838691897851,0.14399228366709535,0.14881499173250046,0.14403821422009921,0.14275215873599117,0.14036376997979055,43544,True
413,Beethoven,Piano_Sonatas_32-1,piece_cde7e5eaa9e2232c,Beethoven/Piano_Sonatas/32-1/MORET01.mid,Beethoven/Piano_Sonatas/32-1/midi_score.mid,True,76372,True,,,5790,5790,46320,6482,23160,5335,8318,9507,0.23035405872193437,0.35915371329879103,0.4104922279792746,0.409153713298791,0.41278065630397237,0.41278065630397237,0.4072538860103627,46320,True
414,Beethoven,Piano_Sonatas_32-1,piece_cde7e5eaa9e2232c,Beethoven/Piano_Sonatas/32-1/POTAMO01.mid,Beethoven/Piano_Sonatas/32-1/midi_score.mid,True,54110,True,,,4153,4153,33224,4031,16612,6331,4960,5321,0.38111004093426437,0.298579340235974,0.32031061882976164,0.3243438478208524,0.3228991090777751,0.3202504213821334,0.3137490970382856,33224,True
415,Beethoven,Piano_Sonatas_32-1,piece_cde7e5eaa9e2232c,Beethoven/Piano_Sonatas/32-1/Park01.mid,Beethoven/Piano_Sonatas/32-1/midi_score.mid,True,49828,True,,,4108,4108,32864,6780,16432,5353,4787,6292,0.3257667964946446,0.2913218111002921,0.3829113924050633,0.38802336903602724,0.3829113924050633,0.3814508276533593,0.3792599805258033,32864,True
416,Beethoven,Piano_Sonatas_4-1,piece_1c594c5de477adca,Beethoven/Piano_Sonatas/4-1/BENABD01.mid,Beethoven/Piano_Sonatas/4-1/midi_score.mid,True,47142,True,,,4053,4053,32424,4507,16212,7697,2134,6381,0.47477177399457193,0.1316308906982482,0.3935973353071799,0.39526276831976315,0.39575622995312115,0.3923019985196151,0.3910683444362201,32424,True
417,Beethoven,Piano_Sonatas_4-1,piece_1c594c5de477adca,Beethoven/Piano_Sonatas/4-1/Benabdallah01.mid,Beethoven/Piano_Sonatas/4-1/midi_score.mid,True,61036,True,,,4029,4029,32232,6364,16116,7526,520,8070,0.4669893273765202,0.032266070985356166,0.5007446016381236,0.4964010920824026,0.503102506825515,0.5028543062794738,0.500620501365103,32232,True
418,Beethoven,Piano_Sonatas_4-1,piece_1c594c5de477adca,Beethoven/Piano_Sonatas/4-1/CaiC01.mid,Beethoven/Piano_Sonatas/4-1/midi_score.mid,True,60129,True,,,4031,4031,32248,6388,16124,7490,2066,6568,0.46452493177871496,0.12813197717687919,0.40734309104440586,0.4125527164475316,0.40163731084098236,0.407095013644257,0.4080873232448524,32248,True
419,Beethoven,Piano_Sonatas_4-1,piece_1c594c5de477adca,Beethoven/Piano_Sonatas/4-1/Chon03M.mid,Beethoven/Piano_Sonatas/4-1/midi_score.mid,True,43051,True,,,4011,4011,32088,4707,16044,4875,5698,5471,0.3038519072550486,0.3551483420593368,0.34099975068561456,0.34654699576165543,0.34530042383445525,0.33831962104213414,0.3338319621042134,32088,True
420,Beethoven,Piano_Sonatas_4-1,piece_1c594c5de477adca,Beethoven/Piano_Sonatas/4-1/LeeE02M.mid,Beethoven/Piano_Sonatas/4-1/midi_score.mid,True,42222,True,,,4020,4020,32160,4181,16080,5186,4563,6331,0.3225124378109453,0.28376865671641793,0.3937189054726368,0.39751243781094525,0.39950248756218903,0.3907960199004975,0.3870646766169154,32160,True
421,Beethoven,Piano_Sonatas_4-1,piece_1c594c5de477adca,Beethoven/Piano_Sonatas/4-1/LiA04M.mid,Beethoven/Piano_Sonatas/4-1/midi_score.mid,True,44978,True,,,4000,4000,32000,4453,16000,8054,3364,4582,0.503375,0.21025,0.286375,0.2895,0.28575,0.28475,0.2855,32000,True
422,Beethoven,Piano_Sonatas_4-1,piece_1c594c5de477adca,Beethoven/Piano_Sonatas/4-1/Shamray01.mid,Beethoven/Piano_Sonatas/4-1/midi_score.mid,True,70118,True,,,4050,4050,32400,6266,16200,7344,1120,7736,0.4533333333333333,0.0691358024691358,0.4775308641975309,0.47185185185185186,0.4837037037037037,0.4822222222222222,0.4723456790123457,32400,True
423,Beethoven,Piano_Sonatas_4-1,piece_1c594c5de477adca,Beethoven/Piano_Sonatas/4-1/SirajA02M.mid,Beethoven/Piano_Sonatas/4-1/midi_score.mid,True,46509,True,,,3947,3947,31576,5440,15788,7428,1329,7031,0.47048391183177096,0.08417785659994932,0.44533823156827973,0.45198885229288066,0.4459082847732455,0.44160121611350395,0.44185457309348874,31576,True
424,Beethoven,Piano_Sonatas_4-1,piece_1c594c5de477adca,Beethoven/Piano_Sonatas/4-1/Zhao01.mid,Beethoven/Piano_Sonatas/4-1/midi_score.mid,True,49208,True,,,4009,4009,32072,4788,16036,6747,3830,5459,0.4207408331254677,0.23883761536542777,0.3404215515091045,0.3404839111998004,0.3412322274881517,0.3387378398603143,0.3412322274881517,32072,True
425,Beethoven,Piano_Sonatas_5-1,piece_4ef5269e7fe5549d,Beethoven/Piano_Sonatas/5-1/Colafelice02M.mid,Beethoven/Piano_Sonatas/5-1/midi_score.mid,True,40737,True,,,2111,2111,16888,7039,8444,1353,992,6099,0.16023211747986738,0.11747986736144007,0.7222880151586926,0.7380388441496921,0.724301279014685,0.7110374230222644,0.7157745144481289,16888,True
426,Beethoven,Piano_Sonatas_5-1,piece_4ef5269e7fe5549d,Beethoven/Piano_Sonatas/5-1/SunD02M.mid,Beethoven/Piano_Sonatas/5-1/midi_score.mid,True,28058,True,,,2113,2113,16904,4055,8452,1522,1860,5070,0.1800757217226692,0.22006625650733555,0.5998580217699953,0.608140085186938,0.5963085660198769,0.5901561760530052,0.604827259820161,16904,True
427,Beethoven,Piano_Sonatas_5-1,piece_4ef5269e7fe5549d,Beethoven/Piano_Sonatas/5-1/Wong01.mid,Beethoven/Piano_Sonatas/5-1/midi_score.mid,True,29661,True,,,2114,2114,16912,2906,8456,5058,274,3124,0.598155156102176,0.03240302743614002,0.369441816461684,0.38174077578051085,0.3566698202459792,0.36471144749290446,0.37464522232734154,16912,True
428,Beethoven,Piano_Sonatas_7-1,piece_736e242fbcbeaa28,Beethoven/Piano_Sonatas/7-1/Hebert01M.mid,Beethoven/Piano_Sonatas/7-1/midi_score.mid,True,28137,True,,,3520,3520,28160,1747,14080,10145,2547,1388,0.7205255681818182,0.18089488636363638,0.09857954545454546,0.09517045454545454,0.09857954545454546,0.10056818181818182,0.1,28160,True
429,Beethoven,Piano_Sonatas_7-1,piece_736e242fbcbeaa28,Beethoven/Piano_Sonatas/7-1/KOLESO01.mid,Beethoven/Piano_Sonatas/7-1/midi_score.mid,True,32136,True,,,3526,3526,28208,2565,14104,10457,380,3267,0.7414208735110607,0.02694271128757799,0.23163641520136133,0.23340896199659672,0.23142370958593306,0.23000567214974477,0.23170731707317074,28208,True
430,Beethoven,Piano_Sonatas_7-1,piece_736e242fbcbeaa28,Beethoven/Piano_Sonatas/7-1/Larionova04M.mid,Beethoven/Piano_Sonatas/7-1/midi_score.mid,True,43923,True,,,3482,3482,27856,5008,13928,2792,73,11063,0.20045950603101664,0.005241240666283745,0.7942992533026996,0.7926479035037335,0.7972429638139,0.7946582423894314,0.7926479035037335,27856,True
431,Beethoven,Piano_Sonatas_7-1,piece_736e242fbcbeaa28,Beethoven/Piano_Sonatas/7-1/LeeS02M.mid,Beethoven/Piano_Sonatas/7-1/midi_score.mid,True,37063,True,,,3474,3474,27792,3384,13896,9227,1509,3160,0.6640040299366724,0.10859240069084629,0.2274035693724813,0.22135866436384571,0.231433506044905,0.2351755900978699,0.22164651698330454,27792,True
432,Beethoven,Piano_Sonatas_7-1,piece_736e242fbcbeaa28,Beethoven/Piano_Sonatas/7-1/Lee_E01.mid,Beethoven/Piano_Sonatas/7-1/midi_score.mid,True,39312,True,,,3497,3497,27976,2647,13988,11174,191,2623,0.7988275664855591,0.01365456105233057,0.18751787246211038,0.18901915927938231,0.18930511867314842,0.1875893623105519,0.18415784958535888,27976,True
433,Beethoven,Piano_Sonatas_7-1,piece_736e242fbcbeaa28,Beethoven/Piano_Sonatas/7-1/MATSUM01.mid,Beethoven/Piano_Sonatas/7-1/midi_score.mid,True,27308,True,,,3463,3463,27704,1082,13852,11539,690,1623,0.8330205024545192,0.04981230147271152,0.11716719607276928,0.1146404851285013,0.11839445567427086,0.11868322263933007,0.11695062084897488,27704,True
434,Beethoven,Piano_Sonatas_7-1,piece_736e242fbcbeaa28,Beethoven/Piano_Sonatas/7-1/Wang02M.mid,Beethoven/Piano_Sonatas/7-1/midi_score.mid,True,32268,True,,,3541,3541,28328,2718,14164,9544,2304,2316,0.6738209545326179,0.16266591358373342,0.1635131318836487,0.16520756848347926,0.1635131318836487,0.16379553798362045,0.16153628918384638,28328,True
435,Beethoven,Piano_Sonatas_7-1,piece_736e242fbcbeaa28,Beethoven/Piano_Sonatas/7-1/WangY01M.mid,Beethoven/Piano_Sonatas/7-1/midi_score.mid,True,49476,True,,,3468,3468,27744,6284,13872,5656,1316,6900,0.4077277970011534,0.09486735870818916,0.49740484429065746,0.4994232987312572,0.4991349480968858,0.4925028835063437,0.49855824682814304,27744,True
436,Beethoven,Piano_Sonatas_7-1,piece_736e242fbcbeaa28,Beethoven/Piano_Sonatas/7-1/ZhangE02M.mid,Beethoven/Piano_Sonatas/7-1/midi_score.mid,True,31772,True,,,3545,3545,28360,2523,14180,10686,529,2965,0.7535966149506347,0.03730606488011284,0.20909732016925248,0.21269393511988716,0.2073342736248237,0.2059238363892807,0.21043723554301833,28360,True
437,Beethoven,Piano_Sonatas_7-2,piece_280d3fb90fdc39ac,Beethoven/Piano_Sonatas/7-2/Larionova04.mid,Beethoven/Piano_Sonatas/7-2/midi_score.mid,True,78731,True,,,2077,2077,16616,13940,8308,333,415,7560,0.04008184882041406,0.04995185363505055,0.9099662975445354,0.9104477611940298,0.9118921521425133,0.9070775156475686,0.9104477611940298,16616,True
438,Beethoven,Piano_Sonatas_7-2,piece_280d3fb90fdc39ac,Beethoven/Piano_Sonatas/7-2/LeeS03.mid,Beethoven/Piano_Sonatas/7-2/midi_score.mid,True,55643,True,,,2064,2064,16512,7348,8256,1648,4362,2246,0.1996124031007752,0.528343023255814,0.27204457364341084,0.27277131782945735,0.2926356589147287,0.26598837209302323,0.2567829457364341,16512,True
439,Beethoven,Piano_Sonatas_7-3,piece_e79294c96a9d36df,Beethoven/Piano_Sonatas/7-3/Larionova04.mid,Beethoven/Piano_Sonatas/7-3/midi_score.mid,True,32264,True,,,1478,1478,11824,4178,5912,523,102,5287,0.08846414073071719,0.01725304465493911,0.8942828146143437,0.8944519621109608,0.8958051420838972,0.8924221921515562,0.8944519621109608,11824,True
440,Beethoven,Piano_Sonatas_7-3,piece_e79294c96a9d36df,Beethoven/Piano_Sonatas/7-3/LeeS04.mid,Beethoven/Piano_Sonatas/7-3/midi_score.mid,True,22225,True,,,1480,1480,11840,1900,5920,3612,848,1460,0.6101351351351352,0.14324324324324325,0.24662162162162163,0.2472972972972973,0.2445945945945946,0.24594594594594596,0.24864864864864866,11840,True
441,Beethoven,Piano_Sonatas_7-4,piece_dde9257b6e9ebe2c,Beethoven/Piano_Sonatas/7-4/Larionova04M.mid,Beethoven/Piano_Sonatas/7-4/midi_score.mid,True,30574,True,,,2141,2141,17128,3900,8564,645,0,7919,0.07531527323680523,0.0,0.9246847267631948,0.9257356375525455,0.9234002802428771,0.9248014946286782,0.9248014946286782,17128,True
442,Beethoven,Piano_Sonatas_7-4,piece_dde9257b6e9ebe2c,Beethoven/Piano_Sonatas/7-4/LeeS05M.mid,Beethoven/Piano_Sonatas/7-4/midi_score.mid,True,27572,True,,,2134,2134,17072,3332,8536,5602,783,2151,0.6562792877225867,0.09172914714151828,0.25199156513589505,0.25023430178069356,0.25023430178069356,0.25538894095595127,0.2521087160262418,17072,True
443,Beethoven,Piano_Sonatas_8-1,piece_b45364ab6817194a,Beethoven/Piano_Sonatas/8-1/ChenS01.mid,Beethoven/Piano_Sonatas/8-1/midi_score.mid,True,66818,True,,,4443,4443,35544,8110,17772,4483,2477,10812,0.2522507314877335,0.1393765473778978,0.6083727211343687,0.6092730137294621,0.6097231600270088,0.6072473553905019,0.6072473553905019,35544,True
444,Beethoven,Piano_Sonatas_8-1,piece_b45364ab6817194a,Beethoven/Piano_Sonatas/8-1/Na06M.mid,Beethoven/Piano_Sonatas/8-1/midi_score.mid,True,50586,True,,,4421,4421,35368,4572,17684,10373,2060,5251,0.5865754354218503,0.11648948201764307,0.29693508256050666,0.2992535625424112,0.29653924451481567,0.2994797557113775,0.2924677674734223,35368,True
445,Beethoven,Piano_Sonatas_8-2,piece_866a8bde34d9407c,Beethoven/Piano_Sonatas/8-2/Na06.mid,Beethoven/Piano_Sonatas/8-2/midi_score.mid,True,41890,True,,,1641,1641,13128,6054,6564,1322,437,4805,0.20140158439975625,0.06657525898842169,0.732023156611822,0.7446678854357099,0.7190737355271176,0.7276051188299817,0.7367458866544789,13128,True
446,Beethoven,Piano_Sonatas_8-3,piece_912834d22a6e3605,Beethoven/Piano_Sonatas/8-3/Na06M.mid,Beethoven/Piano_Sonatas/8-3/midi_score.mid,True,29779,True,,,2424,2424,19392,2837,9696,6112,373,3211,0.6303630363036303,0.03846947194719472,0.3311674917491749,0.3325082508250825,0.33292079207920794,0.3287953795379538,0.33044554455445546,19392,True
447,Beethoven,Piano_Sonatas_9-1,piece_ced1455f543263c1,Beethoven/Piano_Sonatas/9-1/Tysman05M.mid,Beethoven/Piano_Sonatas/9-1/midi_score.mid,True,75992,True,,,3406,3406,27248,9993,13624,4416,724,8484,0.3241338813857898,0.05314151497357604,0.6227246036406342,0.6183206106870229,0.6194950088079859,0.6274221961244862,0.6256605989430417,27248,True
448,Beethoven,Piano_Sonatas_9-2,piece_3f4d0dbd2938b448,Beethoven/Piano_Sonatas/9-2_no_trio/Tysman05.mid,Beethoven/Piano_Sonatas/9-2_no_trio/midi_score.mid,True,21275,True,,,548,548,4384,2694,2192,565,69,1558,0.25775547445255476,0.031478102189781025,0.7107664233576643,0.7135036496350365,0.6934306569343066,0.7135036496350365,0.7226277372262774,4384,True
449,Beethoven,Piano_Sonatas_9-3,piece_18921bc81d708d16,Beethoven/Piano_Sonatas/9-3/Tysman05M.mid,Beethoven/Piano_Sonatas/9-3/midi_score.mid,True,23571,True,,,1798,1798,14384,2237,7192,4478,760,1954,0.6226362625139044,0.10567296996662959,0.2716907675194661,0.26362625139043383,0.27419354838709675,0.2775305895439377,0.271412680756396,14384,True
450,Brahms,Six_Pieces_op_118_2,piece_e77d19bd364b0ad7,Brahms/Six_Pieces_op_118/2/Shilyaev03.mid,Brahms/Six_Pieces_op_118/2/midi_score.mid,True,61991,True,,,1667,1667,13336,8979,6668,54,2348,4266,0.008098380323935212,0.352129574085183,0.6397720455908819,0.6550689862027594,0.6364727054589082,0.6334733053389322,0.6340731853629274,13336,True
451,Chopin,Ballades_1,piece_c8d6addc5ea74e2f,Chopin/Ballades/1/Ali01.mid,Chopin/Ballades/1/midi_score.mid,True,68510,True,,,5080,5080,40640,5573,20320,2686,12154,5480,0.13218503937007875,0.5981299212598425,0.26968503937007876,0.272244094488189,0.2677165354330709,0.2673228346456693,0.2714566929133858,40640,True
452,Chopin,Ballades_1,piece_c8d6addc5ea74e2f,Chopin/Ballades/1/BuiJL04M.mid,Chopin/Ballades/1/midi_score.mid,True,62532,True,,,5049,5049,40392,8721,20196,2392,10684,7120,0.11843929490988314,0.5290156466627055,0.35254505842741135,0.35769459298871065,0.35353535353535354,0.3493761140819964,0.34957417310358485,40392,True
453,Chopin,Ballades_1,piece_c8d6addc5ea74e2f,Chopin/Ballades/1/Day04.mid,Chopin/Ballades/1/midi_score.mid,True,81385,True,,,4988,4988,39904,8866,19952,1693,6187,12072,0.08485364875701684,0.31009422614274257,0.6050521251002405,0.6098636728147554,0.6120689655172413,0.5998396150761829,0.5984362469927826,39904,True
454,Chopin,Ballades_1,piece_c8d6addc5ea74e2f,Chopin/Ballades/1/Dossin05.mid,Chopin/Ballades/1/midi_score.mid,True,73923,True,,,5040,5040,40320,5421,20160,742,10615,8803,0.03680555555555556,0.5265376984126984,0.43665674603174603,0.44345238095238093,0.4396825396825397,0.430952380952381,0.43253968253968256,40320,True
455,Chopin,Ballades_1,piece_c8d6addc5ea74e2f,Chopin/Ballades/1/JIA06M.mid,Chopin/Ballades/1/midi_score.mid,True,51044,True,,,5156,5156,41248,5237,20624,3191,11678,5755,0.15472265321955003,0.566233514352211,0.27904383242823894,0.275989138867339,0.28626842513576417,0.2761830876648565,0.27773467804499613,41248,True
456,Chopin,Ballades_1,piece_c8d6addc5ea74e2f,Chopin/Ballades/1/KimSuyeon04M.mid,Chopin/Ballades/1/midi_score.mid,True,60412,True,,,5144,5144,41152,7633,20576,1202,14949,4425,0.05841757387247278,0.7265260497667185,0.2150563763608087,0.22006220839813376,0.21909020217729394,0.21267496111975118,0.208398133748056,41152,True
457,Chopin,Ballades_1,piece_c8d6addc5ea74e2f,Chopin/Ballades/1/LeeKoeun03.mid,Chopin/Ballades/1/midi_score.mid,True,62422,True,,,5050,5050,40400,4453,20200,2176,14257,3767,0.10772277227722772,0.7057920792079208,0.18648514851485148,0.18633663366336634,0.1891089108910891,0.18415841584158416,0.18633663366336634,40400,True
458,Chopin,Ballades_1,piece_c8d6addc5ea74e2f,Chopin/Ballades/1/LeeKoeun06.mid,Chopin/Ballades/1/midi_score.mid,True,55868,True,,,5019,5019,40152,5204,20076,1275,11639,7162,0.06350866706515242,0.5797469615461247,0.35674437138872284,0.35465232117951784,0.3658099222952779,0.3554492926877864,0.35106594939230923,40152,True
459,Chopin,Ballades_1,piece_c8d6addc5ea74e2f,Chopin/Ballades/1/LinTao04.mid,Chopin/Ballades/1/midi_score.mid,True,75963,True,,,5061,5061,40488,5916,20244,491,11944,7809,0.02425409998024106,0.5900019758940921,0.3857439241256669,0.38806559968385695,0.3914246196403873,0.3827306856352499,0.38075479154317327,40488,True
460,Chopin,Ballades_1,piece_c8d6addc5ea74e2f,Chopin/Ballades/1/McNamara02.mid,Chopin/Ballades/1/midi_score.mid,True,79800,True,,,5176,5176,41408,8550,20704,1249,11181,8274,0.060326506955177744,0.54004057187017,0.39963292117465227,0.3997295208655332,0.3993431221020093,0.40127511591962906,0.3981839258114374,41408,True
461,Chopin,Ballades_1,piece_c8d6addc5ea74e2f,Chopin/Ballades/1/Mo07M.mid,Chopin/Ballades/1/midi_score.mid,True,52131,True,,,5046,5046,40368,5064,20184,1809,14674,3701,0.08962544589774078,0.7270114942528736,0.18336305984938564,0.18648434403487912,0.18628616726119698,0.1791518034086405,0.181529924692826,40368,True
462,Chopin,Ballades_1,piece_c8d6addc5ea74e2f,Chopin/Ballades/1/MunA19M.mid,Chopin/Ballades/1/midi_score.mid,True,53686,True,,,5112,5112,40896,4841,20448,1381,14922,4145,0.06753716744913928,0.7297535211267606,0.20270931142410015,0.21009389671361503,0.20715962441314553,0.19737871674491392,0.19620500782472614,40896,True
463,Chopin,Ballades_1,piece_c8d6addc5ea74e2f,Chopin/Ballades/1/Richardson13M.mid,Chopin/Ballades/1/midi_score.mid,True,50230,True,,,5169,5169,41352,4859,20676,2393,14104,4179,0.1157380537821629,0.6821435480750628,0.20211839814277424,0.20545560069645966,0.208164054942929,0.1963629328690269,0.19849100406268136,41352,True
464,Chopin,Ballades_1,piece_c8d6addc5ea74e2f,Chopin/Ballades/1/SINKEV05.mid,Chopin/Ballades/1/midi_score.mid,True,54351,True,,,5161,5161,41288,5421,20644,1704,12288,6652,0.0825421429955435,0.5952334818833559,0.3222243751211006,0.32280565781825227,0.32881224568882,0.31757411354388687,0.3197054834334431,41288,True
465,Chopin,Ballades_1,piece_c8d6addc5ea74e2f,Chopin/Ballades/1/SINKEV11.mid,Chopin/Ballades/1/midi_score.mid,True,56255,True,,,5189,5189,41512,5308,20756,1755,11601,7400,0.08455386394295625,0.5589227211408749,0.35652341491616885,0.35671613027558297,0.3559452688379264,0.3544035459626132,0.35902871458855273,41512,True
466,Chopin,Ballades_1,piece_c8d6addc5ea74e2f,Chopin/Ballades/1/Sladek04M.mid,Chopin/Ballades/1/midi_score.mid,True,58745,True,,,4972,4972,39776,7422,19888,1357,12111,6420,0.06823209975864843,0.6089601769911505,0.32280772325020113,0.32944489139179406,0.32280772325020113,0.32039420756234915,0.3185840707964602,39776,True
467,Chopin,Ballades_1,piece_c8d6addc5ea74e2f,Chopin/Ballades/1/YeSijing01.mid,Chopin/Ballades/1/midi_score.mid,True,77202,True,,,5074,5074,40592,7311,20296,2708,13138,4450,0.1334253054789121,0.6473196689002759,0.21925502562081198,0.2238864800945999,0.22349231375640521,0.2148206543161214,0.2148206543161214,40592,True
468,Chopin,Ballades_1,piece_c8d6addc5ea74e2f,Chopin/Ballades/1/Zhou06M.mid,Chopin/Ballades/1/midi_score.mid,True,59261,True,,,5031,5031,40248,7811,20124,1115,12122,6887,0.055406479825084474,0.6023653349234744,0.34222818525144105,0.34148280659908564,0.34684953289604453,0.3387000596302922,0.3418803418803419,40248,True
469,Chopin,Ballades_2,piece_4af2ab3c0298bb64,Chopin/Ballades/2/Denisova17M.mid,Chopin/Ballades/2/midi_score.mid,True,47340,True,,,4195,4195,33560,5254,16780,992,10486,5302,0.059117997616209776,0.6249106078665078,0.31597139451728246,0.3146603098927294,0.30154946364719903,0.3292014302741359,0.31847437425506553,33560,True
470,Chopin,Ballades_2,piece_4af2ab3c0298bb64,Chopin/Ballades/2/Gasanov04.mid,Chopin/Ballades/2/midi_score.mid,True,75501,True,,,4276,4276,34208,6960,17104,2289,8539,6276,0.13382834424695977,0.4992399438727783,0.3669317118802619,0.382132834424696,0.37722170252572496,0.357577174929841,0.3507951356407858,34208,True
471,Chopin,Ballades_2,piece_4af2ab3c0298bb64,Chopin/Ballades/2/Gasanov08M.mid,Chopin/Ballades/2/midi_score.mid,True,50068,True,,,4348,4348,34784,4203,17392,3900,9158,4334,0.22424103035878565,0.5265639374425023,0.24919503219871206,0.26172953081876726,0.2644894204231831,0.23528058877644895,0.23528058877644895,34784,True
472,Chopin,Ballades_2,piece_4af2ab3c0298bb64,Chopin/Ballades/2/GuoE04.mid,Chopin/Ballades/2/midi_score.mid,True,62626,True,,,4338,4338,34704,9868,17352,552,9053,7747,0.0318118948824343,0.521726602120793,0.44646150299677273,0.45550945136007376,0.4529737206085754,0.4391424619640387,0.43822037805440295,34704,True
473,Chopin,Ballades_2,piece_4af2ab3c0298bb64,Chopin/Ballades/2/Tetzloff06M.mid,Chopin/Ballades/2/midi_score.mid,True,53689,True,,,4055,4055,32440,7504,16220,2122,5826,8272,0.130826140567201,0.3591861898890259,0.5099876695437732,0.5171393341553637,0.4845869297163995,0.5230579531442663,0.5151664611590628,32440,True
474,Chopin,Ballades_3,piece_25107898b32e58ce,Chopin/Ballades/3/Ko11M.mid,Chopin/Ballades/3/midi_score.mid,True,59475,True,,,4570,4570,36560,4801,18280,1383,13237,3660,0.07565645514223195,0.7241247264770241,0.20021881838074398,0.2150984682713348,0.20853391684901532,0.1886214442013129,0.1886214442013129,36560,True
475,Chopin,Ballades_3,piece_25107898b32e58ce,Chopin/Ballades/3/LinPeng06M.mid,Chopin/Ballades/3/midi_score.mid,True,56242,True,,,4577,4577,36616,6736,18308,1215,11039,6054,0.06636443084990168,0.6029604544461438,0.33067511470395455,0.3369019008083898,0.34083460782171726,0.3235743937076688,0.3213895564780424,36616,True
476,Chopin,Ballades_3,piece_25107898b32e58ce,Chopin/Ballades/3/Tan02.mid,Chopin/Ballades/3/midi_score.mid,True,66536,True,,,4397,4397,35176,7152,17588,2073,10072,5443,0.11786445303616101,0.5726631794405276,0.30947236752331136,0.3161246304298385,0.3213554696383898,0.30293381851262224,0.2974755515123948,35176,True
477,Chopin,Ballades_4,piece_fcec8d8d34f57826,Chopin/Ballades/4/ChenC04M.mid,Chopin/Ballades/4/midi_score.mid,True,66060,True,,,6153,6153,49224,6000,24612,3090,16165,5357,0.12554851292052657,0.6567934340971884,0.21765805298228508,0.23191938891597594,0.21940516821062897,0.2135543637250122,0.20575329107752316,49224,True
478,Chopin,Ballades_4,piece_fcec8d8d34f57826,Chopin/Ballades/4/Khmara02.mid,Chopin/Ballades/4/midi_score.mid,True,76957,True,,,6265,6265,50120,4946,25060,844,21245,2971,0.033679169992019156,0.8477653631284916,0.11855546687948923,0.11125299281723863,0.13391859537110934,0.12083000798084596,0.10822027134876297,50120,True
479,Chopin,Ballades_4,piece_fcec8d8d34f57826,Chopin/Ballades/4/Kociuban07M.mid,Chopin/Ballades/4/midi_score.mid,True,94332,True,,,6290,6290,50320,12172,25160,3344,6482,15334,0.13290937996820348,0.25763116057233704,0.6094594594594595,0.6157392686804452,0.5958664546899841,0.611764705882353,0.6144674085850557,50320,True
480,Chopin,Ballades_4,piece_fcec8d8d34f57826,Chopin/Ballades/4/Levitsky18M.mid,Chopin/Ballades/4/midi_score.mid,True,68233,True,,,6015,6015,48120,8633,24060,1447,14526,8087,0.06014131338320865,0.6037406483790524,0.336118038237739,0.342643391521197,0.3333333333333333,0.33482959268495427,0.3336658354114713,48120,True
481,Chopin,Ballades_4,piece_fcec8d8d34f57826,Chopin/Ballades/4/Lim03.mid,Chopin/Ballades/4/midi_score.mid,True,101780,True,,,6239,6239,49912,9943,24956,1701,10012,13243,0.06815996153229684,0.4011860875140247,0.5306539509536785,0.5382272800128226,0.5314954319602501,0.5303734572848213,0.52251963455682,49912,True
482,Chopin,Ballades_4,piece_fcec8d8d34f57826,Chopin/Ballades/4/LuEric04M.mid,Chopin/Ballades/4/midi_score.mid,True,64440,True,,,6247,6247,49976,5908,24988,1040,19563,4385,0.04161997758924284,0.78289578997919,0.17548423243156716,0.17688490475428206,0.18296782455578678,0.17128221546342245,0.17080198495277732,49976,True
483,Chopin,Ballades_4,piece_fcec8d8d34f57826,Chopin/Ballades/4/MiyashitaM04M.mid,Chopin/Ballades/4/midi_score.mid,True,78106,True,,,6019,6019,48152,9797,24076,551,16392,7133,0.022885861438777206,0.68084399401894,0.2962701445422828,0.3037049343744808,0.31400564877886694,0.28426648945007477,0.28310350556570857,48152,True
484,Chopin,Ballades_4,piece_fcec8d8d34f57826,Chopin/Ballades/4/Mizumoto02M.mid,Chopin/Ballades/4/midi_score.mid,True,66023,True,,,6010,6010,48080,7554,24040,2025,15664,6351,0.08423460898502495,0.6515806988352746,0.2641846921797005,0.2680532445923461,0.27520798668885194,0.25740432612312814,0.25607321131447586,48080,True
485,Chopin,Ballades_4,piece_fcec8d8d34f57826,Chopin/Ballades/4/Nikiforov13M.mid,Chopin/Ballades/4/midi_score.mid,True,72119,True,,,5963,5963,47704,9440,23852,1859,13485,8508,0.07793895690088881,0.5653613952708368,0.35669964782827435,0.3650846889149757,0.36441388562803956,0.34881770920677513,0.34848230756330706,47704,True
486,Chopin,Ballades_4,piece_fcec8d8d34f57826,Chopin/Ballades/4/SOLOM05.mid,Chopin/Ballades/4/midi_score.mid,True,67192,True,,,6105,6105,48840,7665,24420,1039,12984,10397,0.042547092547092547,0.5316953316953317,0.4257575757575758,0.4353808353808354,0.4303030303030303,0.41883701883701885,0.41850941850941853,48840,True
487,Chopin,Ballades_4,piece_fcec8d8d34f57826,Chopin/Ballades/4/Yang03.mid,Chopin/Ballades/4/midi_score.mid,True,79462,True,,,6231,6231,49848,10666,24924,721,12068,12135,0.028927940940458995,0.4841919435082651,0.48688011555127586,0.4925373134328358,0.4925373134328358,0.48210560102712247,0.48034023431230943,49848,True
488,Chopin,Ballades_4,piece_fcec8d8d34f57826,Chopin/Ballades/4/ZhangX02.mid,Chopin/Ballades/4/midi_score.mid,True,113486,True,,,6035,6035,48280,8840,24140,1391,17333,5416,0.057622203811101905,0.718019884009942,0.2243579121789561,0.2251864125932063,0.23330571665285832,0.22386081193040597,0.21507870753935376,48280,True
489,Chopin,Barcarolle,piece_f596850122795be3,Chopin/Barcarolle/Kociuban13.mid,Chopin/Barcarolle/midi_score.mid,True,83859,True,,,4776,4776,38208,8946,19104,1209,6019,11876,0.06328517587939698,0.3150649078726968,0.6216499162479062,0.6277219430485762,0.6139028475711893,0.617462311557789,0.6275125628140703,38208,True
490,Chopin,Barcarolle,piece_f596850122795be3,Chopin/Barcarolle/LeeSH05M.mid,Chopin/Barcarolle/midi_score.mid,True,51822,True,,,4700,4700,37600,5408,18800,507,15247,3046,0.026968085106382978,0.8110106382978723,0.16202127659574467,0.15851063829787235,0.1748936170212766,0.16106382978723405,0.15361702127659574,37600,True
491,Chopin,Barcarolle,piece_f596850122795be3,Chopin/Barcarolle/Na03.mid,Chopin/Barcarolle/midi_score.mid,True,58854,True,,,4787,4787,38296,7684,19148,152,10141,8855,0.007938165865886776,0.5296114476707751,0.4624503864633382,0.4662627950699812,0.4700229789011907,0.45874242740756216,0.45477334447461876,38296,True
492,Chopin,Barcarolle,piece_f596850122795be3,Chopin/Barcarolle/Na09M.mid,Chopin/Barcarolle/midi_score.mid,True,59708,True,,,4771,4771,38168,8107,19084,264,7486,11334,0.013833577866275414,0.3922657723747642,0.5939006497589604,0.5952630475791238,0.5984070425487319,0.5940054495912807,0.5879270593167051,38168,True
493,Chopin,Barcarolle,piece_f596850122795be3,Chopin/Barcarolle/Ozel10M.mid,Chopin/Barcarolle/midi_score.mid,True,51136,True,,,4634,4634,37072,5728,18536,1573,12322,4641,0.08486189037548554,0.6647604661199827,0.25037764350453173,0.2544238239102287,0.24816573154941735,0.24859732412602503,0.2503236944324558,37072,True
494,Chopin,Barcarolle,piece_f596850122795be3,Chopin/Barcarolle/Park10M.mid,Chopin/Barcarolle/midi_score.mid,True,53920,True,,,4773,4773,38184,6486,19092,313,11834,6945,0.01639430127802221,0.6198407710035617,0.36376492771841606,0.3741881416300021,0.3691598575319506,0.3582652419861722,0.3534464697255395,38184,True
495,Chopin,Barcarolle,piece_f596850122795be3,Chopin/Barcarolle/Rozanski07M.mid,Chopin/Barcarolle/midi_score.mid,True,79377,True,,,4724,4724,37792,9479,18896,364,11939,6593,0.01926333615580017,0.6318268416596104,0.3489098221845893,0.3505503810330229,0.3552074513124471,0.34758679085520744,0.34229466553767995,37792,True
496,Chopin,Barcarolle,piece_f596850122795be3,Chopin/Barcarolle/Verbaite03.mid,Chopin/Barcarolle/midi_score.mid,True,66769,True,,,4607,4607,36856,6908,18428,2028,10123,6277,0.11004992402865205,0.549327110918168,0.34062296505317996,0.34165400477534186,0.34035163881050573,0.34143694378120254,0.33904927284566966,36856,True
497,Chopin,Barcarolle,piece_f596850122795be3,Chopin/Barcarolle/Wilshire04.mid,Chopin/Barcarolle/midi_score.mid,True,91389,True,,,4771,4771,38168,9927,19084,122,7923,11039,0.0063927897715363655,0.41516453573674283,0.5784426744917208,0.5881366589813456,0.5845734646824565,0.5722070844686649,0.5688534898344163,38168,True
498,Chopin,Berceuse_op_57,piece_de97ef37254a11f8,Chopin/Berceuse_op_57/LeungM07M.mid,Chopin/Berceuse_op_57/midi_score.mid,True,16273,True,,,1703,1703,13624,1148,6812,327,6078,407,0.048003523194362886,0.8922489724016441,0.05974750440399296,0.059307105108631825,0.06165590135055784,0.05637110980622431,0.06165590135055784,13624,True
499,Chopin,Berceuse_op_57,piece_de97ef37254a11f8,Chopin/Berceuse_op_57/MiyashitaM06M.mid,Chopin/Berceuse_op_57/midi_score.mid,True,22292,True,,,1686,1686,13488,2657,6744,0,5231,1513,0.0,0.7756524317912218,0.2243475682087782,0.23487544483985764,0.23309608540925267,0.21767497034400948,0.2117437722419929,13488,True
500,Chopin,Berceuse_op_57,piece_de97ef37254a11f8,Chopin/Berceuse_op_57/Tario07M.mid,Chopin/Berceuse_op_57/midi_score.mid,True,24914,True,,,1728,1728,13824,2694,6912,240,4459,2213,0.034722222222222224,0.6451099537037037,0.32016782407407407,0.33275462962962965,0.3275462962962963,0.3119212962962963,0.30844907407407407,13824,True
501,Chopin,Berceuse_op_57,piece_de97ef37254a11f8,Chopin/Berceuse_op_57/Teo11M.mid,Chopin/Berceuse_op_57/midi_score.mid,True,28387,True,,,1716,1716,13728,3638,6864,31,4304,2529,0.004516317016317016,0.627039627039627,0.36844405594405594,0.38578088578088576,0.3735431235431235,0.36072261072261075,0.3537296037296037,13728,True
502,Chopin,Berceuse_op_57,piece_de97ef37254a11f8,Chopin/Berceuse_op_57/ZhangE09M.mid,Chopin/Berceuse_op_57/midi_score.mid,True,28525,True,,,1691,1691,13528,4581,6764,71,2705,3988,0.010496747486694264,0.39991129509166173,0.589591957421644,0.6085156712004731,0.5884092253104671,0.5771732702542874,0.5842696629213483,13528,True
503,Chopin,Etudes_op_10_1,piece_068f79291b041371,Chopin/Etudes_op_10/1/Avdeeva02.mid,Chopin/Etudes_op_10/1/midi_score.mid,True,16078,True,,,1363,1363,10904,926,5452,264,4397,791,0.04842259721203228,0.8064930300807043,0.14508437270726338,0.1401320616287601,0.15187087307410124,0.1504035216434336,0.13793103448275862,10904,True
504,Chopin,Etudes_op_10_1,piece_068f79291b041371,Chopin/Etudes_op_10/1/ChenW03M.mid,Chopin/Etudes_op_10/1/midi_score.mid,True,11680,True,,,1422,1422,11376,752,5688,349,4709,630,0.06135724331926864,0.8278832630098453,0.11075949367088607,0.10970464135021098,0.1111111111111111,0.10759493670886076,0.11462728551336146,11376,True
505,Chopin,Etudes_op_10_1,piece_068f79291b041371,Chopin/Etudes_op_10/1/HSU02.mid,Chopin/Etudes_op_10/1/midi_score.mid,True,13777,True,,,1522,1522,12176,1095,6088,815,3074,2199,0.13386990801576873,0.5049277266754271,0.36120236530880423,0.3745072273324573,0.36136662286465177,0.3528252299605782,0.35611038107752957,12176,True
506,Chopin,Etudes_op_10_1,piece_068f79291b041371,Chopin/Etudes_op_10/1/ISHIDA04.mid,Chopin/Etudes_op_10/1/midi_score.mid,True,17310,True,,,1408,1408,11264,1399,5632,380,1617,3635,0.06747159090909091,0.287109375,0.6454190340909091,0.6498579545454546,0.6470170454545454,0.6448863636363636,0.6399147727272727,11264,True
507,Chopin,Etudes_op_10_1,piece_068f79291b041371,Chopin/Etudes_op_10/1/Jussow03.mid,Chopin/Etudes_op_10/1/midi_score.mid,True,15333,True,,,1406,1406,11248,707,5624,411,4673,540,0.0730796586059744,0.8309032716927454,0.09601706970128022,0.09886201991465149,0.08819345661450925,0.09743954480796586,0.09957325746799431,11248,True
508,Chopin,Etudes_op_10_1,piece_068f79291b041371,Chopin/Etudes_op_10/1/KaiRuiR03M.mid,Chopin/Etudes_op_10/1/midi_score.mid,True,11113,True,,,1361,1361,10888,671,5444,216,4688,540,0.03967670830271859,0.861131520940485,0.09919177075679647,0.09257898603967671,0.09772226304188097,0.1080088170462895,0.09845701689933872,10888,True
509,Chopin,Etudes_op_10_1,piece_068f79291b041371,Chopin/Etudes_op_10/1/LeeHanchien02.mid,Chopin/Etudes_op_10/1/midi_score.mid,True,15393,True,,,1365,1365,10920,910,5460,188,4473,799,0.034432234432234435,0.8192307692307692,0.14633699633699634,0.14945054945054945,0.14505494505494507,0.14212454212454212,0.14871794871794872,10920,True
510,Chopin,Etudes_op_10_1,piece_068f79291b041371,Chopin/Etudes_op_10/1/LiYZ02M.mid,Chopin/Etudes_op_10/1/midi_score.mid,True,12116,True,,,1369,1369,10952,978,5476,187,4487,802,0.03414901387874361,0.8193937180423667,0.1464572680788897,0.14828341855368882,0.14609203798392986,0.14390065741417093,0.14755295836376917,10952,True
511,Chopin,Etudes_op_10_1,piece_068f79291b041371,Chopin/Etudes_op_10/1/LuM02M.mid,Chopin/Etudes_op_10/1/midi_score.mid,True,17322,True,,,1392,1392,11136,2179,5568,513,2574,2481,0.09213362068965517,0.46228448275862066,0.44558189655172414,0.4525862068965517,0.4540229885057471,0.4353448275862069,0.44037356321839083,11136,True
512,Chopin,Etudes_op_10_1,piece_068f79291b041371,Chopin/Etudes_op_10/1/Mikhailoff05.mid,Chopin/Etudes_op_10/1/midi_score.mid,True,18996,True,,,1402,1402,11216,1303,5608,1,3553,2054,0.0001783166904422254,0.6335592011412268,0.36626248216833096,0.3673323823109843,0.36590584878744653,0.3680456490727532,0.3637660485021398,11216,True
513,Chopin,Etudes_op_10_1,piece_068f79291b041371,Chopin/Etudes_op_10/1/MorozovS02.mid,Chopin/Etudes_op_10/1/midi_score.mid,True,14308,True,,,1388,1388,11104,686,5552,326,4596,630,0.058717579250720464,0.8278097982708934,0.11347262247838617,0.11023054755043228,0.11815561959654179,0.11959654178674352,0.10590778097982709,11104,True
514,Chopin,Etudes_op_10_1,piece_068f79291b041371,Chopin/Etudes_op_10/1/MunA07M.mid,Chopin/Etudes_op_10/1/midi_score.mid,True,11490,True,,,1460,1460,11680,498,5840,601,4749,490,0.10291095890410959,0.8131849315068493,0.0839041095890411,0.08424657534246575,0.08835616438356164,0.08013698630136987,0.08287671232876713,11680,True
515,Chopin,Etudes_op_10_1,piece_068f79291b041371,Chopin/Etudes_op_10/1/NAKAJI02.mid,Chopin/Etudes_op_10/1/midi_score.mid,True,14875,True,,,1379,1379,11032,853,5516,343,3929,1244,0.06218274111675127,0.712291515591008,0.22552574329224076,0.22987672226250908,0.22480058013052936,0.22117476432197244,0.22625090645395213,11032,True
516,Chopin,Etudes_op_10_1,piece_068f79291b041371,Chopin/Etudes_op_10/1/Park02.mid,Chopin/Etudes_op_10/1/midi_score.mid,True,14845,True,,,1364,1364,10912,867,5456,837,3915,704,0.1534090909090909,0.7175586510263929,0.12903225806451613,0.13343108504398826,0.1378299120234604,0.13049853372434017,0.11436950146627566,10912,True
517,Chopin,Etudes_op_10_1,piece_068f79291b041371,Chopin/Etudes_op_10/1/Savitski03.mid,Chopin/Etudes_op_10/1/midi_score.mid,True,12754,True,,,1458,1458,11664,734,5832,145,5083,604,0.024862825788751715,0.8715706447187929,0.10356652949245541,0.10768175582990398,0.10493827160493827,0.10150891632373114,0.10013717421124829,11664,True
518,Chopin,Etudes_op_10_1,piece_068f79291b041371,Chopin/Etudes_op_10/1/Shelest02.mid,Chopin/Etudes_op_10/1/midi_score.mid,True,11390,True,,,1430,1430,11440,686,5720,110,5008,602,0.019230769230769232,0.8755244755244755,0.10524475524475524,0.1,0.106993006993007,0.11118881118881119,0.1027972027972028,11440,True
519,Chopin,Etudes_op_10_1,piece_068f79291b041371,Chopin/Etudes_op_10/1/Stahievitch03.mid,Chopin/Etudes_op_10/1/midi_score.mid,True,17065,True,,,1430,1430,11440,1224,5720,580,3937,1203,0.10139860139860139,0.6882867132867133,0.2103146853146853,0.2055944055944056,0.2076923076923077,0.2125874125874126,0.2153846153846154,11440,True
520,Chopin,Etudes_op_10_1,piece_068f79291b041371,Chopin/Etudes_op_10/1/SunY03M.mid,Chopin/Etudes_op_10/1/midi_score.mid,True,11672,True,,,1386,1386,11088,849,5544,393,4622,529,0.07088744588744589,0.8336940836940837,0.09541847041847042,0.0873015873015873,0.09956709956709957,0.10101010101010101,0.09379509379509379,11088,True
521,Chopin,Etudes_op_10_1,piece_068f79291b041371,Chopin/Etudes_op_10/1/Terenkova02.mid,Chopin/Etudes_op_10/1/midi_score.mid,True,22935,True,,,1409,1409,11272,2647,5636,371,1463,3802,0.06582682753726046,0.25958126330731013,0.6745919091554294,0.6770759403832506,0.673527324343506,0.6728176011355571,0.6749467707594038,11272,True
522,Chopin,Etudes_op_10_1,piece_068f79291b041371,Chopin/Etudes_op_10/1/Tysman02.mid,Chopin/Etudes_op_10/1/midi_score.mid,True,17231,True,,,1383,1383,11064,1349,5532,280,3973,1279,0.05061460592913955,0.7181851048445409,0.2312002892263196,0.22125813449023862,0.23282718727404195,0.24005784526391902,0.2306579898770788,11064,True
523,Chopin,Etudes_op_10_1,piece_068f79291b041371,Chopin/Etudes_op_10/1/Verbaite02.mid,Chopin/Etudes_op_10/1/midi_score.mid,True,18019,True,,,1427,1427,11416,1419,5708,466,3881,1361,0.08163980378416258,0.6799229152067274,0.23843728100911002,0.24036440084092503,0.23686054660126138,0.23545900490539592,0.24106517168885774,11416,True
524,Chopin,Etudes_op_10_1,piece_068f79291b041371,Chopin/Etudes_op_10/1/YeF03M.mid,Chopin/Etudes_op_10/1/midi_score.mid,True,11714,True,,,1410,1410,11280,591,5640,342,4926,372,0.06063829787234042,0.8734042553191489,0.06595744680851064,0.07021276595744681,0.059574468085106386,0.06382978723404255,0.07021276595744681,11280,True
525,Chopin,Etudes_op_10_1,piece_068f79291b041371,Chopin/Etudes_op_10/1/YuP02M.mid,Chopin/Etudes_op_10/1/midi_score.mid,True,11389,True,,,1379,1379,11032,736,5516,510,4491,515,0.09245830311820159,0.8141769398114576,0.09336475707034082,0.09137055837563451,0.09499637418419145,0.09499637418419145,0.09209572153734591,11032,True
526,Chopin,Etudes_op_10_1,piece_068f79291b041371,Chopin/Etudes_op_10/1/Zhdanov02.mid,Chopin/Etudes_op_10/1/midi_score.mid,True,17824,True,,,1385,1385,11080,1025,5540,224,4328,988,0.04043321299638989,0.7812274368231047,0.17833935018050542,0.17833935018050542,0.18628158844765344,0.17617328519855596,0.17256317689530687,11080,True
527,Chopin,Etudes_op_10_1,piece_068f79291b041371,Chopin/Etudes_op_10/1/Zukiewicz02.mid,Chopin/Etudes_op_10/1/midi_score.mid,True,14595,True,,,1421,1421,11368,602,5684,741,4366,577,0.13036593947923997,0.7681210415200563,0.10151301900070372,0.09500351864883885,0.1055594651653765,0.10767065446868403,0.09781843771991555,11368,True
528,Chopin,Etudes_op_10_10,piece_a9b29a246d86538b,Chopin/Etudes_op_10/10/Na_2009_02.mid,Chopin/Etudes_op_10/10/midi_score.mid,True,35282,True,,,2251,2251,18008,3266,9004,295,2391,6318,0.03276321634828965,0.26554864504664594,0.7016881386050644,0.7054642381163927,0.7005775211017325,0.6996890270990671,0.7010217681030653,18008,True
529,Chopin,Etudes_op_10_10,piece_a9b29a246d86538b,Chopin/Etudes_op_10/10/WangH02M.mid,Chopin/Etudes_op_10/10/midi_score.mid,True,21038,True,,,2232,2232,17856,1498,8928,524,6614,1790,0.05869175627240143,0.7408154121863799,0.20049283154121864,0.19310035842293907,0.1975806451612903,0.20474910394265233,0.20654121863799282,17856,True
530,Chopin,Etudes_op_10_10,piece_a9b29a246d86538b,Chopin/Etudes_op_10/10/Wilshire02.mid,Chopin/Etudes_op_10/10/midi_score.mid,True,37758,True,,,2264,2264,18112,3230,9056,8,4074,4974,0.0008833922261484099,0.4498674911660777,0.5492491166077739,0.566696113074205,0.5450530035335689,0.5362190812720848,0.5490282685512368,18112,True
531,Chopin,Etudes_op_10_10,piece_a9b29a246d86538b,Chopin/Etudes_op_10/10/Yanagitani02.mid,Chopin/Etudes_op_10/10/midi_score.mid,True,28242,True,,,2243,2243,17944,1429,8972,378,7061,1533,0.04213107445385644,0.7870040124832813,0.17086491306286225,0.17253678109674542,0.17387427552385198,0.17387427552385198,0.16317432010699956,17944,True
532,Chopin,Etudes_op_10_12,piece_ace29a807044d7fa,Chopin/Etudes_op_10/12/Bult-ItoS04M.mid,Chopin/Etudes_op_10/12/midi_score.mid,True,23186,True,,,2111,2111,16888,2629,8444,614,3643,4187,0.07271435338702037,0.4314306016106111,0.49585504500236854,0.49976314542870676,0.49407863571766936,0.48744670772145904,0.502131691141639,16888,True
533,Chopin,Etudes_op_10_12,piece_ace29a807044d7fa,Chopin/Etudes_op_10/12/Floril02.mid,Chopin/Etudes_op_10/12/midi_score.mid,True,39740,True,,,2182,2182,17456,2950,8728,1830,2640,4258,0.20967002749770852,0.30247479376718606,0.4878551787351054,0.48716773602199814,0.4784601283226398,0.4894592117323556,0.4963336388634281,17456,True
534,Chopin,Etudes_op_10_12,piece_ace29a807044d7fa,Chopin/Etudes_op_10/12/Gintov02.mid,Chopin/Etudes_op_10/12/midi_score.mid,True,28098,True,,,2143,2143,17144,1564,8572,732,5895,1945,0.08539430704619692,0.6877041530564629,0.2269015398973402,0.23705086327578162,0.2281847876808213,0.22071861875874943,0.2216518898740084,17144,True
535,Chopin,Etudes_op_10_12,piece_ace29a807044d7fa,Chopin/Etudes_op_10/12/Hirata02.mid,Chopin/Etudes_op_10/12/midi_score.mid,True,34719,True,,,2121,2121,16968,2817,8484,481,3752,4251,0.0566949552098067,0.44224422442244227,0.501060820367751,0.49834983498349833,0.5035360678925035,0.5007072135785007,0.5016501650165016,16968,True
536,Chopin,Etudes_op_10_12,piece_ace29a807044d7fa,Chopin/Etudes_op_10/12/HuNY03M.mid,Chopin/Etudes_op_10/12/midi_score.mid,True,21523,True,,,2124,2124,16992,2166,8496,1721,4553,2222,0.2025659133709981,0.5358992467043314,0.2615348399246704,0.2664783427495292,0.2589453860640301,0.2589453860640301,0.2617702448210923,16992,True
537,Chopin,Etudes_op_10_12,piece_ace29a807044d7fa,Chopin/Etudes_op_10/12/KimBenjamin04.mid,Chopin/Etudes_op_10/12/midi_score.mid,True,21200,True,,,2158,2158,17264,1795,8632,1099,4049,3484,0.12731696014828545,0.46906858202038926,0.4036144578313253,0.4031510658016682,0.40268767377201115,0.4036144578313253,0.40500463392029656,17264,True
538,Chopin,Etudes_op_10_12,piece_ace29a807044d7fa,Chopin/Etudes_op_10/12/LuoJ08M.mid,Chopin/Etudes_op_10/12/midi_score.mid,True,23282,True,,,2124,2124,16992,2615,8496,133,4400,3963,0.01565442561205273,0.5178907721280602,0.466454802259887,0.4665725047080979,0.4637476459510358,0.4708097928436911,0.4646892655367232,16992,True
539,Chopin,Etudes_op_10_12,piece_ace29a807044d7fa,Chopin/Etudes_op_10/12/Mordvinov04.mid,Chopin/Etudes_op_10/12/midi_score.mid,True,26361,True,,,2141,2141,17128,3182,8564,473,2541,5550,0.05523120037365717,0.2967071461933676,0.6480616534329753,0.6487622606258757,0.6464269033162073,0.6473610462400747,0.6496964035497431,17128,True
540,Chopin,Etudes_op_10_12,piece_ace29a807044d7fa,Chopin/Etudes_op_10/12/Na_2006_02.mid,Chopin/Etudes_op_10/12/midi_score.mid,True,23296,True,,,2125,2125,17000,2425,8500,478,4061,3961,0.05623529411764706,0.4777647058823529,0.466,0.46541176470588236,0.4672941176470588,0.4663529411764706,0.46494117647058825,17000,True
541,Chopin,Etudes_op_10_12,piece_ace29a807044d7fa,Chopin/Etudes_op_10/12/Staupe02.mid,Chopin/Etudes_op_10/12/midi_score.mid,True,24283,True,,,2136,2136,17088,1466,8544,839,6066,1639,0.09819756554307116,0.7099719101123596,0.1918305243445693,0.20177902621722846,0.19335205992509363,0.1802434456928839,0.19194756554307116,17088,True
542,Chopin,Etudes_op_10_12,piece_ace29a807044d7fa,Chopin/Etudes_op_10/12/WuuE06M.mid,Chopin/Etudes_op_10/12/midi_score.mid,True,21111,True,,,2089,2089,16712,2081,8356,1396,3989,2971,0.16706558161799903,0.4773815222594543,0.35555289612254665,0.3585447582575395,0.35423647678314985,0.35327908089995214,0.35615126854954526,16712,True
543,Chopin,Etudes_op_10_12,piece_ace29a807044d7fa,Chopin/Etudes_op_10/12/Yarden04.mid,Chopin/Etudes_op_10/12/midi_score.mid,True,29432,True,,,2102,2102,16816,2252,8408,350,5202,2856,0.041627021883920076,0.6186964795432921,0.3396764985727878,0.3396764985727878,0.33824928639391055,0.3368220742150333,0.3439581351094196,16816,True
544,Chopin,Etudes_op_10_12,piece_ace29a807044d7fa,Chopin/Etudes_op_10/12/ZhangYunling02M.mid,Chopin/Etudes_op_10/12/midi_score.mid,True,21236,True,,,2134,2134,17072,2056,8536,1056,4634,2846,0.12371134020618557,0.5428772258669166,0.33341143392689787,0.33973758200562326,0.33505154639175255,0.32989690721649484,0.3289597000937207,17072,True
545,Chopin,Etudes_op_10_2,piece_b2856972d11a96a8,Chopin/Etudes_op_10/2/Hebert03M.mid,Chopin/Etudes_op_10/2/midi_score.mid,True,11245,True,,,1391,1391,11128,650,5564,3623,1046,895,0.6511502516175414,0.18799424874191228,0.16085549964054638,0.16031631919482386,0.16462976276060387,0.16175413371675054,0.15672178289000718,11128,True
546,Chopin,Etudes_op_10_2,piece_b2856972d11a96a8,Chopin/Etudes_op_10/2/JeonH02M.mid,Chopin/Etudes_op_10/2/midi_score.mid,True,11585,True,,,1375,1375,11000,805,5500,3621,901,978,0.6583636363636364,0.1638181818181818,0.17781818181818182,0.18254545454545454,0.1789090909090909,0.1730909090909091,0.17672727272727273,11000,True
547,Chopin,Etudes_op_10_2,piece_b2856972d11a96a8,Chopin/Etudes_op_10/2/JiaXin01.mid,Chopin/Etudes_op_10/2/midi_score.mid,True,17480,True,,,1436,1436,11488,948,5744,2161,1903,1680,0.3762186629526462,0.33130222841225626,0.2924791086350975,0.2889972144846797,0.2924791086350975,0.2924791086350975,0.29596100278551535,11488,True
548,Chopin,Etudes_op_10_2,piece_b2856972d11a96a8,Chopin/Etudes_op_10/2/KaiRuiR06.mid,Chopin/Etudes_op_10/2/midi_score.mid,True,14832,True,,,1422,1422,11376,563,5688,2979,25,2684,0.5237341772151899,0.004395218002812939,0.47187060478199716,0.47187060478199716,0.469760900140647,0.47257383966244726,0.4732770745428973,11376,True
549,Chopin,Etudes_op_10_2,piece_b2856972d11a96a8,Chopin/Etudes_op_10/2/Kavalerova02.mid,Chopin/Etudes_op_10/2/midi_score.mid,True,19907,True,,,1366,1366,10928,1707,5464,241,0,5223,0.04410688140556369,0.0,0.9558931185944363,0.9553440702781845,0.9560761346998536,0.9560761346998536,0.9560761346998536,10928,True
550,Chopin,Etudes_op_10_2,piece_b2856972d11a96a8,Chopin/Etudes_op_10/2/MERJAN02.mid,Chopin/Etudes_op_10/2/midi_score.mid,True,18797,True,,,1474,1474,11792,1519,5896,2278,105,3513,0.38636363636363635,0.01780868385345997,0.5958276797829036,0.601763907734057,0.6024423337856174,0.5915875169606513,0.587516960651289,11792,True
551,Chopin,Etudes_op_10_2,piece_b2856972d11a96a8,Chopin/Etudes_op_10/2/ParkJ02.mid,Chopin/Etudes_op_10/2/midi_score.mid,True,14895,True,,,1367,1367,10936,623,5468,4230,30,1208,0.7735918068763716,0.005486466715435259,0.22092172640819313,0.22238478419897587,0.21872713972201902,0.22092172640819313,0.22165325530358448,10936,True
552,Chopin,Etudes_op_10_2,piece_b2856972d11a96a8,Chopin/Etudes_op_10/2/Shi01.mid,Chopin/Etudes_op_10/2/midi_score.mid,True,15809,True,,,1373,1373,10984,712,5492,4098,347,1047,0.7461762563729061,0.06318281136198106,0.1906409322651129,0.18062636562272397,0.19519300801165332,0.19592134013109977,0.1908230152949745,10984,True
553,Chopin,Etudes_op_10_2,piece_b2856972d11a96a8,Chopin/Etudes_op_10/2/Shi02.mid,Chopin/Etudes_op_10/2/midi_score.mid,True,16942,True,,,1360,1360,10880,1024,5440,2910,139,2391,0.5349264705882353,0.025551470588235294,0.4395220588235294,0.44191176470588234,0.4404411764705882,0.4375,0.43823529411764706,10880,True
554,Chopin,Etudes_op_10_2,piece_b2856972d11a96a8,Chopin/Etudes_op_10/2/TOIVIO02.mid,Chopin/Etudes_op_10/2/midi_score.mid,True,17053,True,,,1410,1410,11280,1281,5640,1916,0,3724,0.3397163120567376,0.0,0.6602836879432624,0.6574468085106383,0.6638297872340425,0.6631205673758865,0.6567375886524822,11280,True
555,Chopin,Etudes_op_10_2,piece_b2856972d11a96a8,Chopin/Etudes_op_10/2/YeSijing03.mid,Chopin/Etudes_op_10/2/midi_score.mid,True,16744,True,,,1322,1322,10576,947,5288,3454,105,1729,0.653177004538578,0.01985627836611195,0.3269667170953101,0.3245083207261725,0.3358547655068079,0.3245083207261725,0.32299546142208774,10576,True
556,Chopin,Etudes_op_10_3,piece_de184aa79737ab7d,Chopin/Etudes_op_10/3/SunMeiting08.mid,Chopin/Etudes_op_10/3/midi_score.mid,True,30512,True,,,1931,1931,15448,2526,7724,467,5000,2257,0.06046090108751942,0.647332988089073,0.2922061108234076,0.29570170895908854,0.2998446400828586,0.29000517866390474,0.28327291558777834,15448,True
557,Chopin,Etudes_op_10_4,piece_fc84d549771ebd24,Chopin/Etudes_op_10/4/ADIG02.mid,Chopin/Etudes_op_10/4/midi_score.mid,True,21389,True,,,2272,2272,18176,1448,9088,3877,1836,3375,0.42660651408450706,0.20202464788732394,0.371368838028169,0.3657570422535211,0.3732394366197183,0.375,0.3714788732394366,18176,True
558,Chopin,Etudes_op_10_4,piece_fc84d549771ebd24,Chopin/Etudes_op_10/4/Arciglione04.mid,Chopin/Etudes_op_10/4/midi_score.mid,True,20674,True,,,2264,2264,18112,1637,9056,3635,2838,2583,0.40139134275618377,0.3133833922261484,0.2852252650176678,0.28533568904593637,0.2760600706713781,0.2884275618374558,0.2910777385159011,18112,True
559,Chopin,Etudes_op_10_4,piece_fc84d549771ebd24,Chopin/Etudes_op_10/4/BLINOV03.mid,Chopin/Etudes_op_10/4/midi_score.mid,True,17998,True,,,2284,2284,18272,994,9136,5886,1807,1443,0.6442644483362522,0.19778896672504379,0.15794658493870403,0.15367775831873906,0.16112084063047286,0.16199649737302976,0.15499124343257442,18272,True
560,Chopin,Etudes_op_10_4,piece_fc84d549771ebd24,Chopin/Etudes_op_10/4/Day02.mid,Chopin/Etudes_op_10/4/midi_score.mid,True,22268,True,,,2204,2204,17632,2129,8816,4431,15,4370,0.5026088929219601,0.0017014519056261343,0.4956896551724138,0.49500907441016334,0.5004537205081669,0.49500907441016334,0.4922867513611615,17632,True
561,Chopin,Etudes_op_10_4,piece_fc84d549771ebd24,Chopin/Etudes_op_10/4/Duepree02.mid,Chopin/Etudes_op_10/4/midi_score.mid,True,25619,True,,,2231,2231,17848,1726,8924,5793,673,2458,0.6491483639623488,0.07541461228148812,0.27543702375616314,0.2675930076199014,0.27476467951591216,0.2828328103989243,0.2765575974899148,17848,True
562,Chopin,Etudes_op_10_4,piece_fc84d549771ebd24,Chopin/Etudes_op_10/4/Duepree06M.mid,Chopin/Etudes_op_10/4/midi_score.mid,True,21538,True,,,2239,2239,17912,1941,8956,5045,596,3315,0.5633095131755248,0.06654756587762393,0.37014292094685125,0.366681554265297,0.3760607414024118,0.3693613220187584,0.3684680661009379,17912,True
563,Chopin,Etudes_op_10_4,piece_fc84d549771ebd24,Chopin/Etudes_op_10/4/Dulu02.mid,Chopin/Etudes_op_10/4/midi_score.mid,True,28874,True,,,2245,2245,17960,2515,8980,4080,527,4373,0.45434298440979953,0.05868596881959911,0.4869710467706013,0.48195991091314033,0.48552338530066813,0.4908685968819599,0.48953229398663695,17960,True
564,Chopin,Etudes_op_10_4,piece_fc84d549771ebd24,Chopin/Etudes_op_10/4/EVSTIO02.mid,Chopin/Etudes_op_10/4/midi_score.mid,True,22256,True,,,2212,2212,17696,1760,8848,3343,1007,4498,0.3778254972875226,0.11381103074141048,0.5083634719710669,0.5117540687160941,0.5072332730560579,0.5063291139240507,0.5081374321880651,17696,True
565,Chopin,Etudes_op_10_4,piece_fc84d549771ebd24,Chopin/Etudes_op_10/4/Fung02.mid,Chopin/Etudes_op_10/4/midi_score.mid,True,25739,True,,,2239,2239,17912,1775,8956,2978,2652,3326,0.33251451540866456,0.296114336757481,0.3713711478338544,0.37248771773113,0.36623492630638677,0.37025457793657884,0.376507369361322,17912,True
566,Chopin,Etudes_op_10_4,piece_fc84d549771ebd24,Chopin/Etudes_op_10/4/GORDEL02.mid,Chopin/Etudes_op_10/4/midi_score.mid,True,25062,True,,,2244,2244,17952,2165,8976,2351,2161,4464,0.2619206773618538,0.24075311942959002,0.49732620320855614,0.4968805704099822,0.4964349376114082,0.4968805704099822,0.49910873440285203,17952,True
567,Chopin,Etudes_op_10_4,piece_fc84d549771ebd24,Chopin/Etudes_op_10/4/JiaRan_2009_02.mid,Chopin/Etudes_op_10/4/midi_score.mid,True,23959,True,,,2228,2228,17824,1345,8912,4645,1912,2355,0.5212073608617595,0.21454219030520646,0.2642504488330341,0.2643626570915619,0.2594254937163375,0.26481149012567323,0.26840215439856374,17824,True
568,Chopin,Etudes_op_10_4,piece_fc84d549771ebd24,Chopin/Etudes_op_10/4/Katyukova02.mid,Chopin/Etudes_op_10/4/midi_score.mid,True,28932,True,,,2225,2225,17800,2291,8900,3394,1668,3838,0.38134831460674157,0.18741573033707865,0.4312359550561798,0.4310112359550562,0.4247191011235955,0.430561797752809,0.43865168539325844,17800,True
569,Chopin,Etudes_op_10_4,piece_fc84d549771ebd24,Chopin/Etudes_op_10/4/Knoll03M.mid,Chopin/Etudes_op_10/4/midi_score.mid,True,19733,True,,,2254,2254,18032,1388,9016,4804,2208,2004,0.5328305235137534,0.24489795918367346,0.2222715173025732,0.2178349600709849,0.21739130434782608,0.22626441881100265,0.22759538598047915,18032,True
570,Chopin,Etudes_op_10_4,piece_fc84d549771ebd24,Chopin/Etudes_op_10/4/Kurz03M.mid,Chopin/Etudes_op_10/4/midi_score.mid,True,20471,True,,,2367,2367,18936,1429,9468,3276,2564,3628,0.34600760456273766,0.27080692860160543,0.38318546683565696,0.38360794254330377,0.3865652724968314,0.385297845373891,0.3772708069286016,18936,True
571,Chopin,Etudes_op_10_4,piece_fc84d549771ebd24,Chopin/Etudes_op_10/4/LeeSH03M.mid,Chopin/Etudes_op_10/4/midi_score.mid,True,18085,True,,,2230,2230,17840,917,8920,5081,2791,1048,0.5696188340807175,0.31289237668161435,0.11748878923766816,0.12017937219730941,0.1179372197309417,0.11704035874439461,0.1147982062780269,17840,True
572,Chopin,Etudes_op_10_4,piece_fc84d549771ebd24,Chopin/Etudes_op_10/4/MATSUM02.mid,Chopin/Etudes_op_10/4/midi_score.mid,True,25692,True,,,2244,2244,17952,1772,8976,2060,2011,4905,0.22950089126559714,0.22404188948306594,0.546457219251337,0.553475935828877,0.5467914438502673,0.5401069518716578,0.5454545454545454,17952,True
573,Chopin,Etudes_op_10_4,piece_fc84d549771ebd24,Chopin/Etudes_op_10/4/Richardson_2013_03M.mid,Chopin/Etudes_op_10/4/midi_score.mid,True,21133,True,,,2306,2306,18448,1668,9224,4535,1944,2745,0.491652211621856,0.21075455333911536,0.2975932350390286,0.3070251517779705,0.29314830875975717,0.29011274934952297,0.30008673026886384,18448,True
574,Chopin,Etudes_op_10_4,piece_fc84d549771ebd24,Chopin/Etudes_op_10/4/Sladek03M.mid,Chopin/Etudes_op_10/4/midi_score.mid,True,24330,True,,,2271,2271,18168,2544,9084,2597,1645,4842,0.28588727432848965,0.1810876265962131,0.5330250990752973,0.5341259357111404,0.5332452664024658,0.5288419198590929,0.5358872743284897,18168,True
575,Chopin,Etudes_op_10_4,piece_fc84d549771ebd24,Chopin/Etudes_op_10/4/Yi03M.mid,Chopin/Etudes_op_10/4/midi_score.mid,True,20300,True,,,2235,2235,17880,1608,8940,4524,1920,2496,0.5060402684563758,0.21476510067114093,0.2791946308724832,0.28053691275167786,0.28187919463087246,0.27472035794183447,0.2796420581655481,17880,True
576,Chopin,Etudes_op_10_4,piece_fc84d549771ebd24,Chopin/Etudes_op_10/4/ZhangE03M.mid,Chopin/Etudes_op_10/4/midi_score.mid,True,20725,True,,,2183,2183,17464,1762,8732,5106,587,3039,0.5847457627118644,0.06722400366468163,0.348030233623454,0.34860284012826387,0.34539624370132843,0.34585432890517637,0.3522675217590472,17464,True
577,Chopin,Etudes_op_10_4,piece_fc84d549771ebd24,Chopin/Etudes_op_10/4/ZhaoA03M.mid,Chopin/Etudes_op_10/4/midi_score.mid,True,19403,True,,,2283,2283,18264,1323,9132,5073,2282,1777,0.5555190538764783,0.2498904949627683,0.1945904511607534,0.1962330267192291,0.19667104686815592,0.19448094612352168,0.19097678493210687,18264,True
578,Chopin,Etudes_op_10_4,piece_fc84d549771ebd24,Chopin/Etudes_op_10/4/Zuber02.mid,Chopin/Etudes_op_10/4/midi_score.mid,True,26860,True,,,2222,2222,17776,1768,8888,3322,1941,3625,0.37376237623762376,0.2183843384338434,0.4078532853285329,0.40594059405940597,0.41134113411341133,0.4095409540954095,0.40459045904590457,17776,True
579,Chopin,Etudes_op_10_5,piece_7f0cb4c5a04add5b,Chopin/Etudes_op_10/5/Bach02.mid,Chopin/Etudes_op_10/5/midi_score.mid,True,17951,True,,,1661,1661,13288,996,6644,1014,4044,1586,0.15261890427453342,0.6086694762191451,0.2387116195063215,0.2341962673088501,0.2354003612281758,0.2408187838651415,0.24443106562311862,13288,True
580,Chopin,Etudes_op_10_5,piece_7f0cb4c5a04add5b,Chopin/Etudes_op_10/5/Feiner_2006_02.mid,Chopin/Etudes_op_10/5/midi_score.mid,True,22189,True,,,1620,1620,12960,3049,6480,637,1049,4794,0.09830246913580247,0.1618827160493827,0.7398148148148148,0.7407407407407407,0.7395061728395061,0.7388888888888889,0.7401234567901235,12960,True
581,Chopin,Etudes_op_10_5,piece_7f0cb4c5a04add5b,Chopin/Etudes_op_10/5/KimEunhae04.mid,Chopin/Etudes_op_10/5/midi_score.mid,True,18568,True,,,1622,1622,12976,992,6488,2074,3063,1351,0.31966707768187425,0.4721023427866831,0.20823057953144267,0.19728729963008632,0.21146732429099876,0.2157829839704069,0.20838471023427868,12976,True
582,Chopin,Etudes_op_10_5,piece_7f0cb4c5a04add5b,Chopin/Etudes_op_10/5/Koshoeva02.mid,Chopin/Etudes_op_10/5/midi_score.mid,True,29216,True,,,1618,1618,12944,2900,6472,1263,572,4637,0.19514833127317677,0.08838071693448703,0.7164709517923362,0.7132262051915945,0.7181705809641533,0.7187886279357231,0.715698393077874,12944,True
583,Chopin,Etudes_op_10_5,piece_7f0cb4c5a04add5b,Chopin/Etudes_op_10/5/LIAO03.mid,Chopin/Etudes_op_10/5/midi_score.mid,True,19911,True,,,1618,1618,12944,1634,6472,1251,982,4239,0.19329419035846723,0.15173053152039556,0.6549752781211372,0.6551297898640297,0.65389369592089,0.6551297898640297,0.6557478368355995,12944,True
584,Chopin,Etudes_op_10_5,piece_7f0cb4c5a04add5b,Chopin/Etudes_op_10/5/LiA03M.mid,Chopin/Etudes_op_10/5/midi_score.mid,True,16017,True,,,1618,1618,12944,1279,6472,1823,2836,1813,0.28167490729295425,0.43819530284301605,0.28012978986402964,0.28182941903584674,0.2843016069221261,0.28059332509270707,0.2737948084054388,12944,True
585,Chopin,Etudes_op_10_5,piece_7f0cb4c5a04add5b,Chopin/Etudes_op_10/5/LiC02M.mid,Chopin/Etudes_op_10/5/midi_score.mid,True,14439,True,,,1607,1607,12856,1117,6428,1205,3670,1553,0.1874611076540137,0.5709396390790292,0.24159925326695705,0.24268823895457373,0.23771001866832608,0.23833229620410704,0.2476664592408214,12856,True
586,Chopin,Etudes_op_10_5,piece_7f0cb4c5a04add5b,Chopin/Etudes_op_10/5/Rozanski03.mid,Chopin/Etudes_op_10/5/midi_score.mid,True,30518,True,,,1620,1620,12960,2527,6480,321,2707,3452,0.04953703703703704,0.4177469135802469,0.532716049382716,0.5308641975308642,0.5320987654320988,0.5302469135802469,0.5376543209876543,12960,True
587,Chopin,Etudes_op_10_5,piece_7f0cb4c5a04add5b,Chopin/Etudes_op_10/5/Tario02.mid,Chopin/Etudes_op_10/5/midi_score.mid,True,18921,True,,,1671,1671,13368,1046,6684,1790,3618,1276,0.267803710353082,0.5412926391382405,0.19090365050867744,0.1879114302812687,0.18372232196289648,0.19748653500897667,0.19449431478156792,13368,True
588,Chopin,Etudes_op_10_5,piece_7f0cb4c5a04add5b,Chopin/Etudes_op_10/5/USHIKI03.mid,Chopin/Etudes_op_10/5/midi_score.mid,True,14694,True,,,1552,1552,12416,1011,6208,1682,1198,3328,0.2709407216494845,0.19297680412371135,0.5360824742268041,0.5399484536082474,0.5354381443298969,0.5322164948453608,0.5367268041237113,12416,True
589,Chopin,Etudes_op_10_5,piece_7f0cb4c5a04add5b,Chopin/Etudes_op_10/5/ZhangW03M.mid,Chopin/Etudes_op_10/5/midi_score.mid,True,16701,True,,,1650,1650,13200,1630,6600,1712,2220,2668,0.2593939393939394,0.33636363636363636,0.40424242424242424,0.40484848484848485,0.403030303030303,0.40484848484848485,0.40424242424242424,13200,True
590,Chopin,Etudes_op_10_7,piece_cd99f699968911f9,Chopin/Etudes_op_10/7/ChenL02.mid,Chopin/Etudes_op_10/7/midi_score.mid,True,22713,True,,,1717,1717,13736,2015,6868,1954,1179,3735,0.284507862550961,0.17166569598136283,0.5438264414676762,0.539895165987187,0.5451368666278392,0.5451368666278392,0.5451368666278392,13736,True
591,Chopin,Etudes_op_10_7,piece_cd99f699968911f9,Chopin/Etudes_op_10/7/Namirovsky02.mid,Chopin/Etudes_op_10/7/midi_score.mid,True,22477,True,,,1765,1765,14120,2462,7060,1141,635,5284,0.16161473087818698,0.08994334277620397,0.748441926345609,0.743342776203966,0.743342776203966,0.7529745042492918,0.7541076487252124,14120,True
592,Chopin,Etudes_op_10_7,piece_cd99f699968911f9,Chopin/Etudes_op_10/7/SINKEV03.mid,Chopin/Etudes_op_10/7/midi_score.mid,True,19347,True,,,1790,1790,14320,906,7160,3364,478,3318,0.46983240223463685,0.06675977653631285,0.4634078212290503,0.46145251396648046,0.46033519553072627,0.46368715083798884,0.4681564245810056,14320,True
593,Chopin,Etudes_op_10_8,piece_aba0b193a74b4588,Chopin/Etudes_op_10/8/BENABD02.mid,Chopin/Etudes_op_10/8/midi_score.mid,True,24725,True,,,2345,2345,18760,1957,9380,2525,2688,4167,0.26918976545842216,0.2865671641791045,0.44424307036247335,0.44690831556503197,0.44136460554371004,0.44136460554371004,0.4473347547974414,18760,True
594,Chopin,Etudes_op_10_8,piece_aba0b193a74b4588,Chopin/Etudes_op_10/8/Benabdallah02.mid,Chopin/Etudes_op_10/8/midi_score.mid,True,38993,True,,,2336,2336,18688,3377,9344,2396,743,6205,0.2564212328767123,0.07951626712328767,0.6640625,0.6665239726027398,0.6678082191780822,0.6605308219178082,0.6613869863013698,18688,True
595,Chopin,Etudes_op_10_8,piece_aba0b193a74b4588,Chopin/Etudes_op_10/8/CHOE01.mid,Chopin/Etudes_op_10/8/midi_score.mid,True,24208,True,,,2356,2356,18848,2150,9424,2217,3557,3650,0.2352504244482173,0.3774405772495755,0.3873089983022071,0.3845500848896435,0.3866723259762309,0.38879456706281834,0.3892190152801358,18848,True
596,Chopin,Etudes_op_10_8,piece_aba0b193a74b4588,Chopin/Etudes_op_10/8/ChenJie03.mid,Chopin/Etudes_op_10/8/midi_score.mid,True,29202,True,,,2321,2321,18568,2134,9284,1063,3895,4326,0.11449806118052563,0.41953899181387333,0.46596294700560104,0.46833261525204656,0.4635932787591555,0.46876346402412755,0.4631624299870745,18568,True
597,Chopin,Etudes_op_10_8,piece_aba0b193a74b4588,Chopin/Etudes_op_10/8/FONG02.mid,Chopin/Etudes_op_10/8/midi_score.mid,True,24708,True,,,2333,2333,18664,1923,9332,1153,213,7966,0.1235533647663952,0.022824689241320188,0.8536219459922846,0.853836262323189,0.8529789969995714,0.8551221603086155,0.8525503643377625,18664,True
598,Chopin,Etudes_op_10_8,piece_aba0b193a74b4588,Chopin/Etudes_op_10/8/Georgieva03.mid,Chopin/Etudes_op_10/8/midi_score.mid,True,38895,True,,,2354,2354,18832,4000,9416,473,1646,7297,0.05023364485981308,0.1748088360237893,0.7749575191163977,0.7735768903993203,0.776125743415463,0.7765505522514868,0.7735768903993203,18832,True
599,Chopin,Etudes_op_10_8,piece_aba0b193a74b4588,Chopin/Etudes_op_10/8/IVLEVA02.mid,Chopin/Etudes_op_10/8/midi_score.mid,True,31709,True,,,2316,2316,18528,2526,9264,1080,2487,5697,0.11658031088082901,0.26845854922279794,0.614961139896373,0.6109671848013817,0.6144214162348878,0.6183074265975821,0.6161485319516408,18528,True
600,Chopin,Etudes_op_10_8,piece_aba0b193a74b4588,Chopin/Etudes_op_10/8/Kwok02.mid,Chopin/Etudes_op_10/8/midi_score.mid,True,31255,True,,,2331,2331,18648,2941,9324,1339,3258,4727,0.1436078936078936,0.34942084942084944,0.506971256971257,0.510939510939511,0.51008151008151,0.5070785070785071,0.4997854997854998,18648,True
601,Chopin,Etudes_op_10_8,piece_aba0b193a74b4588,Chopin/Etudes_op_10/8/KyykhynenT09M.mid,Chopin/Etudes_op_10/8/midi_score.mid,True,20051,True,,,2351,2351,18808,975,9404,5571,2939,894,0.5924074861760953,0.31252658443215653,0.0950659293917482,0.09442790301999149,0.09400255210548703,0.09527860484900043,0.09655465759251382,18808,True
602,Chopin,Etudes_op_10_8,piece_aba0b193a74b4588,Chopin/Etudes_op_10/8/LeeEunjin02.mid,Chopin/Etudes_op_10/8/midi_score.mid,True,32088,True,,,2333,2333,18664,3226,9332,2088,2473,4771,0.22374624946420918,0.26500214316330906,0.5112516073724818,0.513930561508787,0.5122160308615517,0.506215173596228,0.5126446635233605,18664,True
603,Chopin,Etudes_op_10_8,piece_aba0b193a74b4588,Chopin/Etudes_op_10/8/LeeHwakyu02.mid,Chopin/Etudes_op_10/8/midi_score.mid,True,26449,True,,,2319,2319,18552,2766,9276,1145,2000,6131,0.1234368262181975,0.21561017680034497,0.6609529969814575,0.6584734799482536,0.6614920224234584,0.6623544631306598,0.6614920224234584,18552,True
604,Chopin,Etudes_op_10_8,piece_aba0b193a74b4588,Chopin/Etudes_op_10/8/LeeJisun02.mid,Chopin/Etudes_op_10/8/midi_score.mid,True,28111,True,,,2307,2307,18456,2161,9228,1705,4284,3239,0.18476376246207196,0.46423927178153446,0.3509969657563936,0.34503684438664933,0.35283918508886,0.3558734286952753,0.3502384048547898,18456,True
605,Chopin,Etudes_op_10_8,piece_aba0b193a74b4588,Chopin/Etudes_op_10/8/LiuLangning02.mid,Chopin/Etudes_op_10/8/midi_score.mid,True,26197,True,,,2325,2325,18600,1775,9300,1403,5069,2828,0.15086021505376343,0.5450537634408602,0.30408602150537634,0.30451612903225805,0.3058064516129032,0.3088172043010753,0.2972043010752688,18600,True
606,Chopin,Etudes_op_10_8,piece_aba0b193a74b4588,Chopin/Etudes_op_10/8/Lou03M.mid,Chopin/Etudes_op_10/8/midi_score.mid,True,28588,True,,,2327,2327,18616,3018,9308,2435,2299,4574,0.26160292221744735,0.2469918349806618,0.49140524280189085,0.4933390631714654,0.4941985388912763,0.487322733132789,0.4907606360120327,18616,True
607,Chopin,Etudes_op_10_8,piece_aba0b193a74b4588,Chopin/Etudes_op_10/8/LuEric03M.mid,Chopin/Etudes_op_10/8/midi_score.mid,True,24217,True,,,2330,2330,18640,1925,9320,3109,2892,3319,0.3335836909871245,0.31030042918454936,0.35611587982832615,0.35665236051502147,0.3579399141630901,0.35278969957081546,0.35708154506437767,18640,True
608,Chopin,Etudes_op_10_8,piece_aba0b193a74b4588,Chopin/Etudes_op_10/8/Masycheva02.mid,Chopin/Etudes_op_10/8/midi_score.mid,True,31531,True,,,2356,2356,18848,2968,9424,1109,2910,5405,0.11767826825127334,0.30878607809847197,0.5735356536502547,0.5721561969439728,0.5747028862478778,0.5755517826825127,0.5717317487266553,18848,True
609,Chopin,Etudes_op_10_8,piece_aba0b193a74b4588,Chopin/Etudes_op_10/8/MiyashitaM05M.mid,Chopin/Etudes_op_10/8/midi_score.mid,True,27387,True,,,2339,2339,18712,2694,9356,163,4974,4219,0.017421975203078238,0.5316374519025224,0.4509405728943993,0.45361265498076103,0.4476271911073108,0.4523300555793074,0.45019238991021804,18712,True
610,Chopin,Etudes_op_10_8,piece_aba0b193a74b4588,Chopin/Etudes_op_10/8/ParkH02.mid,Chopin/Etudes_op_10/8/midi_score.mid,True,32465,True,,,2365,2365,18920,3112,9460,2771,2495,4194,0.29291754756871036,0.26374207188160675,0.4433403805496829,0.4427061310782241,0.440169133192389,0.4435517970401691,0.44693446088794925,18920,True
611,Chopin,Etudes_op_10_8,piece_aba0b193a74b4588,Chopin/Etudes_op_10/8/Rizikov03M.mid,Chopin/Etudes_op_10/8/midi_score.mid,True,26409,True,,,2331,2331,18648,2836,9324,459,5245,3620,0.04922779922779923,0.5625268125268126,0.38824538824538823,0.3921063921063921,0.39510939510939513,0.3830973830973831,0.38266838266838266,18648,True
612,Chopin,Etudes_op_10_8,piece_aba0b193a74b4588,Chopin/Etudes_op_10/8/SCHU03.mid,Chopin/Etudes_op_10/8/midi_score.mid,True,24733,True,,,2311,2311,18488,2205,9244,2335,1223,5686,0.2525962786672436,0.13230203375162267,0.6151016875811337,0.6166161834703592,0.6135871916919082,0.6187797490263955,0.6114236261358719,18488,True
613,Chopin,Etudes_op_10_8,piece_aba0b193a74b4588,Chopin/Etudes_op_10/8/Sekino03.mid,Chopin/Etudes_op_10/8/midi_score.mid,True,34360,True,,,2320,2320,18560,3733,9280,953,2772,5555,0.10269396551724137,0.2987068965517241,0.5985991379310345,0.6038793103448276,0.5982758620689655,0.5926724137931034,0.5995689655172414,18560,True
614,Chopin,Etudes_op_10_8,piece_aba0b193a74b4588,Chopin/Etudes_op_10/8/Shilyaev02.mid,Chopin/Etudes_op_10/8/midi_score.mid,True,38164,True,,,2351,2351,18808,3717,9404,1423,1642,6339,0.15131858783496385,0.17460655040408338,0.6740748617609528,0.67333049766057,0.6750319013185878,0.6746065504040833,0.67333049766057,18808,True
615,Chopin,Etudes_op_10_8,piece_aba0b193a74b4588,Chopin/Etudes_op_10/8/Soukhovetski02.mid,Chopin/Etudes_op_10/8/midi_score.mid,True,40275,True,,,2321,2321,18568,3045,9284,1860,1190,6234,0.2003446790176648,0.12817750969409736,0.6714778112882378,0.6729857819905213,0.6747091770788454,0.6695389918138733,0.6686772942697113,18568,True
616,Chopin,Etudes_op_10_8,piece_aba0b193a74b4588,Chopin/Etudes_op_10/8/Tak02.mid,Chopin/Etudes_op_10/8/midi_score.mid,True,36184,True,,,2352,2352,18816,3643,9408,2867,301,6240,0.3047406462585034,0.031994047619047616,0.6632653061224489,0.6598639455782312,0.6602891156462585,0.6696428571428571,0.6632653061224489,18816,True
617,Chopin,Etudes_op_10_8,piece_aba0b193a74b4588,Chopin/Etudes_op_10/8/Tetzloff02.mid,Chopin/Etudes_op_10/8/midi_score.mid,True,28965,True,,,2264,2264,18112,2390,9056,1504,3771,3781,0.16607773851590105,0.41640901060070673,0.41751325088339225,0.4174028268551237,0.42314487632508835,0.41563604240282687,0.41386925795053003,18112,True
618,Chopin,Etudes_op_10_8,piece_aba0b193a74b4588,Chopin/Etudes_op_10/8/Tetzloff07M.mid,Chopin/Etudes_op_10/8/midi_score.mid,True,25046,True,,,2239,2239,17912,2705,8956,2411,1733,4812,0.2692050022331398,0.1935015631978562,0.537293434569004,0.5395265743635551,0.5386333184457347,0.5355069227333631,0.5355069227333631,17912,True
619,Chopin,Etudes_op_10_8,piece_aba0b193a74b4588,Chopin/Etudes_op_10/8/YOU02.mid,Chopin/Etudes_op_10/8/midi_score.mid,True,27578,True,,,2346,2346,18768,1794,9384,1886,4494,3004,0.20098039215686275,0.4789002557544757,0.32011935208866155,0.3205456095481671,0.32310315430520037,0.31798806479113384,0.3188405797101449,18768,True
620,Chopin,Etudes_op_10_8,piece_aba0b193a74b4588,Chopin/Etudes_op_10/8/Zhou03M.mid,Chopin/Etudes_op_10/8/midi_score.mid,True,21078,True,,,2316,2316,18528,1697,9264,2144,4116,3004,0.231433506044905,0.44430051813471505,0.32426597582037997,0.3238341968911917,0.3285837651122625,0.3238341968911917,0.32081174438687393,18528,True
621,Chopin,Etudes_op_25_1,piece_63932379faac9770,Chopin/Etudes_op_25/1/Erice03.mid,Chopin/Etudes_op_25/1/midi_score.mid,True,29217,True,,,2222,2222,17776,2118,8888,46,4642,4200,0.0051755175517551755,0.5222772277227723,0.47254725472547254,0.4734473447344735,0.4711971197119712,0.472997299729973,0.47254725472547254,17776,True
622,Chopin,Etudes_op_25_1,piece_63932379faac9770,Chopin/Etudes_op_25/1/LeeN03M.mid,Chopin/Etudes_op_25/1/midi_score.mid,True,22282,True,,,2066,2066,16528,1026,8264,26,7322,916,0.0031461761858664087,0.8860116166505324,0.11084220716360116,0.11035818005808325,0.11616650532429816,0.10987415295256535,0.10696999031945789,16528,True
623,Chopin,Etudes_op_25_1,piece_63932379faac9770,Chopin/Etudes_op_25/1/TongB02M.mid,Chopin/Etudes_op_25/1/midi_score.mid,True,14722,True,,,1937,1937,15496,829,7748,36,7287,425,0.004646360351058337,0.9405007743933919,0.05485286525554982,0.053691275167785234,0.054723799690242644,0.05885389778007228,0.05214248838409912,15496,True
624,Chopin,Etudes_op_25_1,piece_63932379faac9770,Chopin/Etudes_op_25/1/TuanS04M.mid,Chopin/Etudes_op_25/1/midi_score.mid,True,20418,True,,,1978,1978,15824,933,7912,112,7113,687,0.014155712841253791,0.8990141557128413,0.08683013144590496,0.08998988877654196,0.0884732052578362,0.08088978766430738,0.08796764408493428,15824,True
625,Chopin,Etudes_op_25_1,piece_63932379faac9770,Chopin/Etudes_op_25/1/Wong03M.mid,Chopin/Etudes_op_25/1/midi_score.mid,True,16276,True,,,2110,2110,16880,873,8440,312,7561,567,0.03696682464454976,0.8958530805687204,0.06718009478672986,0.06635071090047394,0.06492890995260664,0.06492890995260664,0.07251184834123223,16880,True
626,Chopin,Etudes_op_25_10,piece_16ea4e3a793bb1d0,Chopin/Etudes_op_25/10/Ahn02.mid,Chopin/Etudes_op_25/10/midi_score.mid,True,41556,True,,,3638,3638,29104,2705,14552,1068,10506,2978,0.07339197361187466,0.7219626168224299,0.20464540956569544,0.21302913688840022,0.20835623969213854,0.20120945574491478,0.1959868059373282,29104,True
627,Chopin,Etudes_op_25_10,piece_16ea4e3a793bb1d0,Chopin/Etudes_op_25/10/DANILO02.mid,Chopin/Etudes_op_25/10/midi_score.mid,True,34273,True,,,3653,3653,29224,2998,14612,81,10701,3830,0.00554338899534629,0.7323432794963044,0.2621133315083493,0.26279770052012047,0.269093895428415,0.26663016698603886,0.2499315630988229,29224,True
628,Chopin,Etudes_op_25_10,piece_16ea4e3a793bb1d0,Chopin/Etudes_op_25/10/Goh01.mid,Chopin/Etudes_op_25/10/midi_score.mid,True,43051,True,,,3657,3657,29256,2925,14628,226,10057,4345,0.01544982225868198,0.6875170905113481,0.2970330872299699,0.31856713152857535,0.3007929997265518,0.2800109379272628,0.2887612797374898,29256,True
629,Chopin,Etudes_op_25_10,piece_16ea4e3a793bb1d0,Chopin/Etudes_op_25/10/Guo02M.mid,Chopin/Etudes_op_25/10/midi_score.mid,True,40357,True,,,3615,3615,28920,4812,14460,389,8131,5940,0.02690179806362379,0.5623098201936376,0.4107883817427386,0.40553250345781466,0.4154910096818811,0.41438450899031815,0.4077455048409405,28920,True
630,Chopin,Etudes_op_25_10,piece_16ea4e3a793bb1d0,Chopin/Etudes_op_25/10/KorchinskayaKogan03.mid,Chopin/Etudes_op_25/10/midi_score.mid,True,37775,True,,,3648,3648,29184,3619,14592,638,10226,3728,0.043722587719298246,0.7007949561403509,0.25548245614035087,0.2538377192982456,0.2593201754385965,0.25219298245614036,0.2565789473684211,29184,True
631,Chopin,Etudes_op_25_10,piece_16ea4e3a793bb1d0,Chopin/Etudes_op_25/10/McNamara03.mid,Chopin/Etudes_op_25/10/midi_score.mid,True,49405,True,,,3701,3701,29608,4128,14804,342,8931,5531,0.023101864360983517,0.6032828965144555,0.3736152391245609,0.37395298567954605,0.37557416914347475,0.3742231829235342,0.37071061875168876,29608,True
632,Chopin,Etudes_op_25_10,piece_16ea4e3a793bb1d0,Chopin/Etudes_op_25/10/Ozel05M.mid,Chopin/Etudes_op_25/10/midi_score.mid,True,32118,True,,,3527,3527,28216,2843,14108,1189,10797,2122,0.0842784235894528,0.7653104621491352,0.15041111426141196,0.1477176070314715,0.14204706549475474,0.1641621774879501,0.1477176070314715,28216,True
633,Chopin,Etudes_op_25_10,piece_16ea4e3a793bb1d0,Chopin/Etudes_op_25/10/Shelest01.mid,Chopin/Etudes_op_25/10/midi_score.mid,True,56538,True,,,3738,3738,29904,4211,14952,1178,8912,4862,0.07878544676297486,0.5960406634563938,0.32517388978063133,0.32397003745318353,0.31995719636169073,0.330390583199572,0.3263777421080792,29904,True
634,Chopin,Etudes_op_25_10,piece_16ea4e3a793bb1d0,Chopin/Etudes_op_25/10/Shybayeva01.mid,Chopin/Etudes_op_25/10/midi_score.mid,True,46001,True,,,3544,3544,28352,5151,14176,82,8206,5888,0.0057844243792325055,0.5788656884875847,0.4153498871331828,0.42183972911963885,0.4164785553047404,0.41224604966139955,0.4108352144469526,28352,True
635,Chopin,Etudes_op_25_10,piece_16ea4e3a793bb1d0,Chopin/Etudes_op_25/10/WangA03M.mid,Chopin/Etudes_op_25/10/midi_score.mid,True,35031,True,,,3386,3386,27088,3698,13544,1686,8469,3389,0.12448316597755464,0.6252953337271117,0.25022150029533374,0.2466036621382162,0.2525103366804489,0.2563496751329002,0.24542232722976964,27088,True
636,Chopin,Etudes_op_25_10,piece_16ea4e3a793bb1d0,Chopin/Etudes_op_25/10/Zagalskaia03.mid,Chopin/Etudes_op_25/10/midi_score.mid,True,56604,True,,,3512,3512,28096,5250,14048,73,6456,7519,0.005196469248291572,0.45956719817767655,0.5352363325740319,0.5373006833712984,0.5384396355353075,0.5361617312072893,0.5290432801822323,28096,True
637,Chopin,Etudes_op_25_10,piece_16ea4e3a793bb1d0,Chopin/Etudes_op_25/10/Zhao02.mid,Chopin/Etudes_op_25/10/midi_score.mid,True,50948,True,,,3535,3535,28280,4457,14140,1052,8832,4256,0.0743988684582744,0.6246110325318246,0.300990099009901,0.3094766619519095,0.30495049504950494,0.29816124469589816,0.2913719943422914,28280,True
638,Chopin,Etudes_op_25_11,piece_6dd1849d1c453f5f,Chopin/Etudes_op_25/11/ChenS02.mid,Chopin/Etudes_op_25/11/midi_score.mid,True,30944,True,,,3218,3218,25744,2645,12872,1329,7521,4022,0.10324735860783095,0.584291485394655,0.312461155997514,0.31696706028589183,0.3113735239279055,0.3098197638284649,0.3116842759477937,25744,True
639,Chopin,Etudes_op_25_11,piece_6dd1849d1c453f5f,Chopin/Etudes_op_25/11/Gorucan02.mid,Chopin/Etudes_op_25/11/midi_score.mid,True,47119,True,,,3272,3272,26176,3527,13088,1726,5995,5367,0.13187652811735942,0.4580531784841076,0.410070293398533,0.41687041564792177,0.4058679706601467,0.4058679706601467,0.4116748166259169,26176,True
640,Chopin,Etudes_op_25_11,piece_6dd1849d1c453f5f,Chopin/Etudes_op_25/11/Guzman04.mid,Chopin/Etudes_op_25/11/midi_score.mid,True,47404,True,,,3529,3529,28232,3458,14116,559,7107,6450,0.03960045338622839,0.5034712383111363,0.4569283083026353,0.45933692264097475,0.45848682346273734,0.4525361292150751,0.457353357891754,28232,True
641,Chopin,Etudes_op_25_11,piece_6dd1849d1c453f5f,Chopin/Etudes_op_25/11/HouMiao_2009_02.mid,Chopin/Etudes_op_25/11/midi_score.mid,True,49347,True,,,3248,3248,25984,5209,12992,2597,3716,6679,0.19989224137931033,0.2860221674876847,0.5140855911330049,0.5129310344827587,0.5104679802955665,0.5150862068965517,0.5178571428571429,25984,True
642,Chopin,Etudes_op_25_11,piece_6dd1849d1c453f5f,Chopin/Etudes_op_25/11/Huang02.mid,Chopin/Etudes_op_25/11/midi_score.mid,True,45033,True,,,3336,3336,26688,3895,13344,2018,5470,5856,0.15122901678657075,0.4099220623501199,0.43884892086330934,0.4370503597122302,0.43914868105515587,0.43884892086330934,0.44034772182254195,26688,True
643,Chopin,Etudes_op_25_11,piece_6dd1849d1c453f5f,Chopin/Etudes_op_25/11/KOLESO02.mid,Chopin/Etudes_op_25/11/midi_score.mid,True,40278,True,,,3303,3303,26424,3114,13212,542,8324,4346,0.04102331214047835,0.6300333030578262,0.32894338480169544,0.3309112927641538,0.3315168029064487,0.32879200726612173,0.3245534362700575,26424,True
644,Chopin,Etudes_op_25_11,piece_6dd1849d1c453f5f,Chopin/Etudes_op_25/11/KimSuyeon03M.mid,Chopin/Etudes_op_25/11/midi_score.mid,True,27806,True,,,3255,3255,26040,2048,13020,690,10310,2020,0.052995391705069124,0.7918586789554531,0.15514592933947774,0.1597542242703533,0.15668202764976957,0.15207373271889402,0.15207373271889402,26040,True
645,Chopin,Etudes_op_25_11,piece_6dd1849d1c453f5f,Chopin/Etudes_op_25/11/Kochetkova02.mid,Chopin/Etudes_op_25/11/midi_score.mid,True,48881,True,,,3255,3255,26040,4861,13020,1833,3343,7844,0.14078341013824885,0.2567588325652842,0.602457757296467,0.6012288786482335,0.6049155145929339,0.6043010752688172,0.5993855606758832,26040,True
646,Chopin,Etudes_op_25_11,piece_6dd1849d1c453f5f,Chopin/Etudes_op_25/11/Kociuban02.mid,Chopin/Etudes_op_25/11/midi_score.mid,True,40823,True,,,3319,3319,26552,3176,13276,2388,4843,6045,0.17987345586019884,0.36479361253389575,0.4553329316059054,0.4588731545646279,0.45103946971979514,0.4543537210003013,0.4570653811388973,26552,True
647,Chopin,Etudes_op_25_11,piece_6dd1849d1c453f5f,Chopin/Etudes_op_25/11/KyykhynenT10M.mid,Chopin/Etudes_op_25/11/midi_score.mid,True,27982,True,,,3364,3364,26912,1504,13456,2259,9997,1200,0.16788049940546967,0.7429399524375743,0.089179548156956,0.09453032104637336,0.08412604042806184,0.08561236623067776,0.09244946492271106,26912,True
648,Chopin,Etudes_op_25_11,piece_6dd1849d1c453f5f,Chopin/Etudes_op_25/11/LeeKoeun02.mid,Chopin/Etudes_op_25/11/midi_score.mid,True,33123,True,,,3193,3193,25544,1595,12772,1018,9888,1866,0.07970560601315377,0.7741935483870968,0.14610084559974945,0.14531788286877545,0.14625743814594425,0.14375195740682745,0.14907610397745066,25544,True
649,Chopin,Etudes_op_25_11,piece_6dd1849d1c453f5f,Chopin/Etudes_op_25/11/Lisiecki07M.mid,Chopin/Etudes_op_25/11/midi_score.mid,True,42450,True,,,3296,3296,26368,3904,13184,1564,2859,8761,0.11862864077669903,0.21685376213592233,0.6645175970873787,0.6623179611650486,0.6611043689320388,0.6671723300970874,0.6674757281553398,26368,True
650,Chopin,Etudes_op_25_11,piece_6dd1849d1c453f5f,Chopin/Etudes_op_25/11/MiyashitaM03M.mid,Chopin/Etudes_op_25/11/midi_score.mid,True,33230,True,,,3214,3214,25712,3431,12856,921,8281,3654,0.07163970130678282,0.6441350342252644,0.2842252644679527,0.28375855631611696,0.2828251400124456,0.2874922215308027,0.2828251400124456,25712,True
651,Chopin,Etudes_op_25_11,piece_6dd1849d1c453f5f,Chopin/Etudes_op_25/11/Richardson_2013_08M.mid,Chopin/Etudes_op_25/11/midi_score.mid,True,27541,True,,,3259,3259,26072,1901,13036,1413,9281,2342,0.10839214482970236,0.7119515188708193,0.17965633629947836,0.1776618594660939,0.18656029456888615,0.18011660018410555,0.17428659097882787,26072,True
652,Chopin,Etudes_op_25_11,piece_6dd1849d1c453f5f,Chopin/Etudes_op_25/11/Richardson_2015_03M.mid,Chopin/Etudes_op_25/11/midi_score.mid,True,34140,True,,,3241,3241,25928,3519,12964,893,5499,6572,0.06888306078370873,0.42417463745757483,0.5069423017587165,0.5053995680345572,0.5069423017587165,0.5066337550138846,0.5087935822277075,25928,True
653,Chopin,Etudes_op_25_11,piece_6dd1849d1c453f5f,Chopin/Etudes_op_25/11/Seo02.mid,Chopin/Etudes_op_25/11/midi_score.mid,True,42954,True,,,3306,3306,26448,2289,13224,1307,9351,2566,0.09883545069570478,0.7071234119782214,0.1940411373260738,0.19419237749546278,0.19328493647912887,0.19419237749546278,0.19449485783424078,26448,True
654,Chopin,Etudes_op_25_11,piece_6dd1849d1c453f5f,Chopin/Etudes_op_25/11/Sham02M.mid,Chopin/Etudes_op_25/11/midi_score.mid,True,30403,True,,,3366,3366,26928,2520,13464,1502,8954,3008,0.11155674390968509,0.6650326797385621,0.22341057635175282,0.22192513368983957,0.22786690433749257,0.22103386809269163,0.22281639928698752,26928,True
655,Chopin,Etudes_op_25_11,piece_6dd1849d1c453f5f,Chopin/Etudes_op_25/11/Shychko03M.mid,Chopin/Etudes_op_25/11/midi_score.mid,True,27740,True,,,3347,3347,26776,1468,13388,965,10243,2180,0.07207947415596057,0.7650881386316104,0.16283238721242904,0.16492381236928594,0.1625336121900209,0.1625336121900209,0.1613385121003884,26776,True
656,Chopin,Etudes_op_25_11,piece_6dd1849d1c453f5f,Chopin/Etudes_op_25/11/Song02M.mid,Chopin/Etudes_op_25/11/midi_score.mid,True,29278,True,,,3216,3216,25728,2309,12864,2576,7365,2923,0.20024875621890548,0.5725279850746269,0.22722325870646767,0.22014925373134328,0.2263681592039801,0.22978855721393035,0.2325870646766169,25728,True
657,Chopin,Etudes_op_25_11,piece_6dd1849d1c453f5f,Chopin/Etudes_op_25/11/SunJay03.mid,Chopin/Etudes_op_25/11/midi_score.mid,True,32802,True,,,3212,3212,25696,3162,12848,130,6799,5919,0.010118306351183064,0.5291874221668742,0.4606942714819427,0.46295143212951434,0.46326276463262767,0.4601494396014944,0.4564134495641345,25696,True
658,Chopin,Etudes_op_25_11,piece_6dd1849d1c453f5f,Chopin/Etudes_op_25/11/Tan03.mid,Chopin/Etudes_op_25/11/midi_score.mid,True,38941,True,,,3330,3330,26640,2706,13320,2471,7500,3349,0.1855105105105105,0.5630630630630631,0.25142642642642643,0.25795795795795795,0.24714714714714714,0.24804804804804806,0.25255255255255254,26640,True
659,Chopin,Etudes_op_25_11,piece_6dd1849d1c453f5f,Chopin/Etudes_op_25/11/Tang03.mid,Chopin/Etudes_op_25/11/midi_score.mid,True,37309,True,,,3218,3218,25744,2112,12872,1206,9421,2245,0.09369173399627098,0.7318986948415165,0.17440957116221256,0.17246737103791174,0.17339962709757614,0.17868241143567434,0.173088875077688,25744,True
660,Chopin,Etudes_op_25_11,piece_6dd1849d1c453f5f,Chopin/Etudes_op_25/11/WangA02M.mid,Chopin/Etudes_op_25/11/midi_score.mid,True,26685,True,,,3233,3233,25864,1716,12932,719,9850,2363,0.05559851531085679,0.7616764614908753,0.18272502319826786,0.1862047633776678,0.17909062789978347,0.18001855861429014,0.18558614290133005,25864,True
661,Chopin,Etudes_op_25_11,piece_6dd1849d1c453f5f,Chopin/Etudes_op_25/11/WangV02.mid,Chopin/Etudes_op_25/11/midi_score.mid,True,35577,True,,,3312,3312,26496,1949,13248,1754,9161,2333,0.1323973429951691,0.6915006038647343,0.1761020531400966,0.17451690821256038,0.17904589371980675,0.17844202898550723,0.17240338164251207,26496,True
662,Chopin,Etudes_op_25_12,piece_db97fbaed2036f5b,Chopin/Etudes_op_25/12/Atzinger03.mid,Chopin/Etudes_op_25/12/midi_score.mid,True,30255,True,,,2589,2589,20712,1358,10356,855,7485,2016,0.08256083429895712,0.7227694090382387,0.19466975666280417,0.1993047508690614,0.1989185013518733,0.19080726149092314,0.18964851293935883,20712,True
663,Chopin,Etudes_op_25_12,piece_db97fbaed2036f5b,Chopin/Etudes_op_25/12/BorickC04M.mid,Chopin/Etudes_op_25/12/midi_score.mid,True,18887,True,,,2594,2594,20752,870,10376,123,9647,606,0.011854279105628373,0.9297417116422514,0.058404009252120276,0.0558982266769468,0.06245181187355436,0.052428681572860444,0.06283731688511951,20752,True
664,Chopin,Etudes_op_25_12,piece_db97fbaed2036f5b,Chopin/Etudes_op_25/12/Golubeva02.mid,Chopin/Etudes_op_25/12/midi_score.mid,True,37202,True,,,2756,2756,22048,1000,11024,162,9784,1078,0.01469521044992743,0.8875181422351234,0.0977866473149492,0.10994194484760522,0.09833091436865021,0.08309143686502177,0.0997822931785196,22048,True
665,Chopin,Etudes_op_25_12,piece_db97fbaed2036f5b,Chopin/Etudes_op_25/12/HouKimberly03M.mid,Chopin/Etudes_op_25/12/midi_score.mid,True,20020,True,,,2792,2792,22336,745,11168,228,10282,658,0.02041547277936963,0.9206661891117478,0.05891833810888252,0.059097421203438395,0.06375358166189111,0.05623209169054441,0.05659025787965616,22336,True
666,Chopin,Etudes_op_25_12,piece_db97fbaed2036f5b,Chopin/Etudes_op_25/12/KWON03.mid,Chopin/Etudes_op_25/12/midi_score.mid,True,19424,True,,,2640,2640,21120,842,10560,380,7157,3023,0.03598484848484849,0.6777462121212121,0.2862689393939394,0.30265151515151517,0.28295454545454546,0.2753787878787879,0.2840909090909091,21120,True
667,Chopin,Etudes_op_25_12,piece_db97fbaed2036f5b,Chopin/Etudes_op_25/12/Kunz03.mid,Chopin/Etudes_op_25/12/midi_score.mid,True,28065,True,,,2808,2808,22464,775,11232,88,10348,796,0.007834757834757835,0.9212962962962963,0.07086894586894586,0.06766381766381767,0.07122507122507123,0.07407407407407407,0.07051282051282051,22464,True
668,Chopin,Etudes_op_25_12,piece_db97fbaed2036f5b,Chopin/Etudes_op_25/12/LuA04M.mid,Chopin/Etudes_op_25/12/midi_score.mid,True,18774,True,,,2683,2683,21464,638,10732,339,9848,545,0.03158777487886694,0.9176295191949311,0.050782705926202015,0.05516213194185613,0.04621692135669027,0.04360790160268356,0.05814386880357809,21464,True
669,Chopin,Etudes_op_25_12,piece_db97fbaed2036f5b,Chopin/Etudes_op_25/12/Meek01.mid,Chopin/Etudes_op_25/12/midi_score.mid,True,28376,True,,,2672,2672,21376,1197,10688,259,9224,1205,0.024232784431137723,0.8630239520958084,0.1127432634730539,0.11489520958083832,0.10104790419161677,0.11152694610778444,0.12350299401197605,21376,True
670,Chopin,Etudes_op_25_12,piece_db97fbaed2036f5b,Chopin/Etudes_op_25/12/Yang03.mid,Chopin/Etudes_op_25/12/midi_score.mid,True,25529,True,,,2628,2628,21024,742,10512,243,9607,662,0.023116438356164382,0.9139079147640792,0.06297564687975647,0.05974124809741248,0.05289193302891933,0.06430745814307458,0.07496194824961948,21024,True
671,Chopin,Etudes_op_25_2,piece_a4cf5c5ad78b7ead,Chopin/Etudes_op_25/2/Karpeyev02.mid,Chopin/Etudes_op_25/2/midi_score.mid,True,21179,True,,,1210,1210,9680,2092,4840,1045,121,3674,0.2159090909090909,0.025,0.759090909090909,0.759504132231405,0.759504132231405,0.7586776859504132,0.7586776859504132,9680,True
672,Chopin,Etudes_op_25_4,piece_48b9fa8b8ab49da8,Chopin/Etudes_op_25/4/Taverna02.mid,Chopin/Etudes_op_25/4/midi_score.mid,True,28895,True,,,1476,1476,11808,1794,5904,3873,259,1772,0.6559959349593496,0.04386856368563686,0.30013550135501355,0.2967479674796748,0.2994579945799458,0.30149051490514905,0.30284552845528456,11808,True
673,Chopin,Etudes_op_25_4,piece_48b9fa8b8ab49da8,Chopin/Etudes_op_25/4/UENO02.mid,Chopin/Etudes_op_25/4/midi_score.mid,True,14382,True,,,1443,1443,11544,1175,5772,2618,541,2613,0.45356895356895355,0.09372834372834372,0.4527027027027027,0.45114345114345117,0.45322245322245325,0.455994455994456,0.45045045045045046,11544,True
674,Chopin,Etudes_op_25_5,piece_9b778f6568d8420b,Chopin/Etudes_op_25/5/Levitsky10M.mid,Chopin/Etudes_op_25/5/midi_score.mid,True,22804,True,,,2169,2169,17352,2535,8676,1423,4952,2301,0.1640156754264638,0.5707699400645458,0.2652143845089903,0.26556016597510373,0.2757030889810973,0.2637159981558322,0.25587828492392806,17352,True
675,Chopin,Etudes_op_25_5,piece_9b778f6568d8420b,Chopin/Etudes_op_25/5/OUSSET02.mid,Chopin/Etudes_op_25/5/midi_score.mid,True,24572,True,,,2188,2188,17504,2654,8752,230,4385,4137,0.026279707495429617,0.5010283363802559,0.4726919561243144,0.4840036563071298,0.4739488117001828,0.4648080438756856,0.4680073126142596,17504,True
676,Chopin,Etudes_op_25_8,piece_04919a4df9fdb995,Chopin/Etudes_op_25/8/DeTurck02.mid,Chopin/Etudes_op_25/8/midi_score.mid,True,19857,True,,,1516,1516,12128,2081,6064,144,413,5507,0.023746701846965697,0.06810686015831134,0.9081464379947229,0.9069920844327177,0.912269129287599,0.908311345646438,0.9050131926121372,12128,True
677,Chopin,Etudes_op_25_8,piece_04919a4df9fdb995,Chopin/Etudes_op_25/8/MORET03.mid,Chopin/Etudes_op_25/8/midi_score.mid,True,19837,True,,,1588,1588,12704,1527,6352,144,2074,4134,0.022670025188916875,0.32651133501259444,0.6508186397984886,0.6605793450881612,0.6454659949622166,0.6442065491183879,0.6530226700251889,12704,True
678,Chopin,Etudes_op_25_8,piece_04919a4df9fdb995,Chopin/Etudes_op_25/8/SOLOM03.mid,Chopin/Etudes_op_25/8/midi_score.mid,True,12713,True,,,1471,1471,11768,861,5884,88,513,5283,0.01495581237253569,0.0871855880353501,0.8978585995921142,0.8980285520054385,0.8946295037389531,0.9014276002719238,0.8973487423521413,11768,True
679,Chopin,Etudes_op_25_8,piece_04919a4df9fdb995,Chopin/Etudes_op_25/8/Toscano02.mid,Chopin/Etudes_op_25/8/midi_score.mid,True,18096,True,,,1455,1455,11640,1368,5820,200,867,4753,0.03436426116838488,0.14896907216494845,0.8166666666666667,0.8144329896907216,0.8206185567010309,0.8151202749140893,0.8164948453608247,11640,True
680,Chopin,Polonaises_53,piece_e62c7562d4d09361,Chopin/Polonaises/53/Chon08M.mid,Chopin/Polonaises/53/midi_score.mid,True,59477,True,,,6277,6277,50216,5139,25108,5244,11335,8529,0.20885773458658594,0.4514497371355743,0.33969252827783974,0.34984865381551694,0.34124581806595505,0.3332802294089533,0.3343954118209336,50216,True
681,Chopin,Polonaises_53,piece_e62c7562d4d09361,Chopin/Polonaises/53/YeF11M.mid,Chopin/Polonaises/53/midi_score.mid,True,50010,True,,,6146,6146,49168,3129,24584,4707,17276,2601,0.19146599414253174,0.7027334851936219,0.1058005206638464,0.10608525870484868,0.11145460462089164,0.10331923202082656,0.10234298730881874,49168,True
682,Chopin,Scherzos_20,piece_38556957a9b59af4,Chopin/Scherzos/20/Kurz04M.mid,Chopin/Scherzos/20/midi_score.mid,True,54068,True,,,5087,5087,40696,5870,20348,2389,10241,7718,0.1174071161784942,0.503292706899941,0.37930017692156476,0.38372321604088855,0.3868684883035188,0.3774326715156281,0.3691763318262237,40696,True
683,Chopin,Scherzos_20,piece_38556957a9b59af4,Chopin/Scherzos/20/Wong03.mid,Chopin/Scherzos/20/midi_score.mid,True,76699,True,,,5163,5163,41304,8266,20652,5114,6731,8807,0.24762734844082898,0.3259248498934728,0.42644780166569823,0.4363742010459035,0.42940151074956423,0.42107301956227,0.4189424753050552,41304,True
684,Chopin,Scherzos_20,piece_38556957a9b59af4,Chopin/Scherzos/20/Wong04M.mid,Chopin/Scherzos/20/midi_score.mid,True,46676,True,,,4957,4957,39656,4220,19828,5472,11399,2957,0.27597337099051844,0.5748940891668348,0.14913253984264677,0.15089772039540045,0.1523098648376034,0.14787169659067984,0.14545087754690336,39656,True
685,Chopin,Scherzos_20,piece_38556957a9b59af4,Chopin/Scherzos/20/ZhangYunling04M.mid,Chopin/Scherzos/20/midi_score.mid,True,49917,True,,,4826,4826,38608,5364,19304,3084,11604,4616,0.1597596353087443,0.6011189390799834,0.23912142561127228,0.24243680066307502,0.24554496477414006,0.2389142146705346,0.2295897223373394,38608,True
686,Chopin,Scherzos_31,piece_ada4dd601e854800,Chopin/Scherzos/31/ChenW04M.mid,Chopin/Scherzos/31/midi_score.mid,True,60502,True,,,6128,6128,49024,6130,24512,2336,17284,4892,0.09530026109660575,0.7051240208877284,0.1995757180156658,0.20234986945169714,0.2012075718015666,0.19859660574412533,0.19614882506527415,49024,True
687,Chopin,Scherzos_31,piece_ada4dd601e854800,Chopin/Scherzos/31/Dossin06.mid,Chopin/Scherzos/31/midi_score.mid,True,83551,True,,,5989,5989,47912,5999,23956,1583,13706,8667,0.06607947904491568,0.5721322424444816,0.36178827851060275,0.3693437969610953,0.36516947737518785,0.35515111036900987,0.35748872933711806,47912,True
688,Chopin,Scherzos_31,piece_ada4dd601e854800,Chopin/Scherzos/31/HuNY08M.mid,Chopin/Scherzos/31/midi_score.mid,True,58747,True,,,6012,6012,48096,5498,24048,3950,15649,4449,0.16425482368596142,0.6507401862940785,0.18500499001996007,0.19145043246839655,0.18729208250166335,0.18147039254823685,0.17980705256154358,48096,True
689,Chopin,Scherzos_31,piece_ada4dd601e854800,Chopin/Scherzos/31/Jussow04.mid,Chopin/Scherzos/31/midi_score.mid,True,97604,True,,,5998,5998,47984,8042,23992,4084,11661,8247,0.17022340780260087,0.48603701233744584,0.3437395798599533,0.349783261087029,0.34278092697565854,0.3387795931977326,0.34361453817939314,47984,True
690,Chopin,Scherzos_31,piece_ada4dd601e854800,Chopin/Scherzos/31/Jussow11M.mid,Chopin/Scherzos/31/midi_score.mid,True,58230,True,,,5864,5864,46912,4755,23456,5676,13217,4563,0.2419849931787176,0.5634805593451568,0.1945344474761255,0.20310368349249658,0.19133697135061392,0.18980218281036834,0.19389495225102318,46912,True
691,Chopin,Scherzos_31,piece_ada4dd601e854800,Chopin/Scherzos/31/LeeN04M.mid,Chopin/Scherzos/31/midi_score.mid,True,63527,True,,,5896,5896,47168,6122,23584,2542,15538,5504,0.10778493894165536,0.658836499321574,0.23337856173677068,0.24101085481682497,0.24101085481682497,0.22523744911804613,0.2262550881953867,47168,True
692,Chopin,Scherzos_31,piece_ada4dd601e854800,Chopin/Scherzos/31/LinTami06M.mid,Chopin/Scherzos/31/midi_score.mid,True,68642,True,,,5916,5916,47328,8274,23664,4690,6042,12932,0.19819134550371872,0.2553245436105477,0.5464841108857336,0.5471602434077079,0.5436105476673428,0.5454699121027722,0.5496957403651116,47328,True
693,Chopin,Scherzos_31,piece_ada4dd601e854800,Chopin/Scherzos/31/LuoJ12M.mid,Chopin/Scherzos/31/midi_score.mid,True,69460,True,,,5905,5905,47240,8721,23620,1641,13727,8252,0.06947502116850127,0.581160033869602,0.3493649449618967,0.358848433530906,0.3486875529212532,0.34106689246401356,0.3488569009314141,47240,True
694,Chopin,Scherzos_31,piece_ada4dd601e854800,Chopin/Scherzos/31/SunD04M.mid,Chopin/Scherzos/31/midi_score.mid,True,61851,True,,,6111,6111,48888,6578,24444,2299,16144,6001,0.09405171003109147,0.660448371788578,0.24549991818033054,0.25167730322369497,0.24267713958435608,0.24104074619538537,0.2466044837178858,48888,True
695,Chopin,Scherzos_31,piece_ada4dd601e854800,Chopin/Scherzos/31/TongB04M.mid,Chopin/Scherzos/31/midi_score.mid,True,61266,True,,,5864,5864,46912,6932,23456,2747,15456,5253,0.11711289222373807,0.6589358799454298,0.22395122783083218,0.2291950886766712,0.22783083219645292,0.21981582537517053,0.2189631650750341,46912,True
696,Chopin,Scherzos_31,piece_ada4dd601e854800,Chopin/Scherzos/31/TuanS05M.mid,Chopin/Scherzos/31/midi_score.mid,True,58404,True,,,5821,5821,46568,5775,23284,3648,15336,4300,0.15667411097749528,0.6586497165435492,0.1846761724789555,0.1877684246693008,0.1886273836110634,0.17849166809826492,0.1838172135371929,46568,True
697,Chopin,Scherzos_31,piece_ada4dd601e854800,Chopin/Scherzos/31/ZhangW04M.mid,Chopin/Scherzos/31/midi_score.mid,True,81050,True,,,5982,5982,47856,10412,23928,4314,9543,10071,0.18029087261785356,0.39882146439317956,0.4208876629889669,0.4227683049147442,0.4219324640588432,0.4199264460046807,0.4189234369775995,47856,True
698,Chopin,Scherzos_39,piece_b759f9cfac798748,Chopin/Scherzos/39/Arciglione13M.mid,Chopin/Scherzos/39/midi_score.mid,True,52636,True,,,5126,5126,41008,4821,20504,4803,10205,5496,0.2342469761997659,0.49770776433866565,0.2680452594615685,0.27467811158798283,0.26941084666406556,0.2625829106515802,0.2655091689426453,41008,True
699,Chopin,Scherzos_39,piece_b759f9cfac798748,Chopin/Scherzos/39/Bult-ItoS05M.mid,Chopin/Scherzos/39/midi_score.mid,True,54112,True,,,5248,5248,41984,5861,20992,3782,10454,6756,0.18016387195121952,0.49799923780487804,0.32183689024390244,0.3248856707317073,0.3315548780487805,0.31440548780487804,0.3165015243902439,41984,True
700,Chopin,Sonata_2_1st,piece_418b959c7292dd8d,Chopin/Sonata_2/1st_no_repeat/Giltburg02.mid,Chopin/Sonata_2/1st_no_repeat/midi_score.mid,True,51645,True,,,4171,4171,33368,3001,16684,1815,11102,3767,0.10878686166386957,0.665427954926876,0.22578518340925438,0.22728362502996882,0.2342363941500839,0.2265643730520259,0.21505634140493887,33368,True
701,Chopin,Sonata_2_1st,piece_418b959c7292dd8d,Chopin/Sonata_2/1st_no_repeat/Jia03.mid,Chopin/Sonata_2/1st_no_repeat/midi_score.mid,True,52300,True,,,4176,4176,33408,3472,16704,1496,11312,3896,0.08955938697318008,0.6772030651340997,0.2332375478927203,0.23922413793103448,0.23874521072796934,0.22653256704980843,0.22844827586206898,33408,True
702,Chopin,Sonata_2_1st,piece_418b959c7292dd8d,Chopin/Sonata_2/1st_no_repeat/Knoll10.mid,Chopin/Sonata_2/1st_no_repeat/midi_score.mid,True,48784,True,,,4005,4005,32040,3535,16020,1820,10682,3518,0.1136079900124844,0.6667915106117354,0.21960049937578027,0.22671660424469414,0.22621722846441947,0.21198501872659176,0.21348314606741572,32040,True
703,Chopin,Sonata_2_1st,piece_418b959c7292dd8d,Chopin/Sonata_2/1st_no_repeat/MATSUM03.mid,Chopin/Sonata_2/1st_no_repeat/midi_score.mid,True,45314,True,,,3988,3988,31904,2746,15952,535,9548,5869,0.033538114343029085,0.5985456369107321,0.36791624874623874,0.373370110330993,0.376629889669007,0.3640922768304915,0.3575727181544634,31904,True
704,Chopin,Sonata_2_2nd,piece_6bb9e41b84a76933,Chopin/Sonata_2/2nd/KaszoS14.mid,Chopin/Sonata_2/2nd/midi_score.mid,True,77735,True,,,4574,4574,36592,7512,18296,4797,7066,6433,0.2621884564932226,0.38620463489287277,0.3516069086139047,0.3664188893747267,0.3683865325754263,0.3340620900743332,0.3375601224311325,36592,True
705,Chopin,Sonata_2_2nd,piece_6bb9e41b84a76933,Chopin/Sonata_2/2nd_no_repeat/Giltburg02.mid,Chopin/Sonata_2/2nd_no_repeat/midi_score.mid,True,55547,True,,,4178,4178,33424,3969,16712,2519,8770,5423,0.15073001436093825,0.5247726184777406,0.3244973671613212,0.32910483484921016,0.33748204882719,0.31665868836764,0.31474389660124463,33424,True
706,Chopin,Sonata_2_2nd,piece_6bb9e41b84a76933,Chopin/Sonata_2/2nd_no_repeat/Knoll10.mid,Chopin/Sonata_2/2nd_no_repeat/midi_score.mid,True,57501,True,,,4110,4110,32880,4940,16440,3815,7967,4658,0.23205596107055962,0.4846107055961071,0.2833333333333333,0.2829683698296837,0.2980535279805353,0.28686131386861313,0.2654501216545012,32880,True
707,Chopin,Sonata_2_3rd,piece_6b2b049adeae4e09,Chopin/Sonata_2/3rd/Giltburg02.mid,Chopin/Sonata_2/3rd/midi_score.mid,True,41106,True,,,2139,2139,17112,4012,8556,49,5431,3076,0.005726975222066387,0.6347592332865826,0.3595137914913511,0.34969611968209446,0.375409069658719,0.364656381486676,0.3482935951379149,17112,True
708,Chopin,Sonata_2_3rd,piece_6b2b049adeae4e09,Chopin/Sonata_2/3rd/KaszoS15.mid,Chopin/Sonata_2/3rd/midi_score.mid,True,54601,True,,,2290,2290,18320,6419,9160,143,5856,3161,0.015611353711790394,0.6393013100436681,0.34508733624454146,0.3589519650655022,0.36899563318777295,0.32751091703056767,0.32489082969432315,18320,True
709,Chopin,Sonata_2_3rd,piece_6b2b049adeae4e09,Chopin/Sonata_2/3rd_no_repeat/Knoll10.mid,Chopin/Sonata_2/3rd_no_repeat/midi_score.mid,True,35909,True,,,1975,1975,15800,4008,7900,292,7158,450,0.0369620253164557,0.9060759493670886,0.056962025316455694,0.04151898734177215,0.05822784810126582,0.07443037974683545,0.053670886075949366,15800,True
710,Chopin,Sonata_2_4th,piece_878a4a7ec2a55b31,Chopin/Sonata_2/4th/Giltburg02.mid,Chopin/Sonata_2/4th/midi_score.mid,True,23539,True,,,1737,1737,13896,1960,6948,31,1292,5625,0.004461715601611974,0.18595279217040875,0.8095854922279793,0.8088658606793322,0.8077144502014968,0.8111686816350029,0.8105929763960852,13896,True
711,Chopin,Sonata_2_4th,piece_878a4a7ec2a55b31,Chopin/Sonata_2/4th/KaszoS16M.mid,Chopin/Sonata_2/4th/midi_score.mid,True,21019,True,,,1691,1691,13528,2043,6764,576,3067,3121,0.08515671200473093,0.45342992312241276,0.4614133648728563,0.462448255470136,0.4618568894145476,0.46599645180366644,0.4553518628030751,13528,True
712,Chopin,Sonata_2_4th,piece_878a4a7ec2a55b31,Chopin/Sonata_2/4th/Knoll10.mid,Chopin/Sonata_2/4th/midi_score.mid,True,26013,True,,,1736,1736,13888,2281,6944,712,140,6092,0.10253456221198157,0.020161290322580645,0.8773041474654378,0.8790322580645161,0.8761520737327189,0.8761520737327189,0.8778801843317973,13888,True
713,Chopin,Sonata_3_2nd,piece_7e40ed04a0616010,Chopin/Sonata_3/2nd/GarritsonL09.mid,Chopin/Sonata_3/2nd/midi_score.mid,True,24131,True,,,1400,1400,11200,2172,5600,2609,1562,1429,0.46589285714285716,0.2789285714285714,0.2551785714285714,0.26357142857142857,0.25642857142857145,0.25785714285714284,0.24285714285714285,11200,True
714,Chopin,Sonata_3_2nd,piece_7e40ed04a0616010,Chopin/Sonata_3/2nd/HONG08.mid,Chopin/Sonata_3/2nd/midi_score.mid,True,21198,True,,,1398,1398,11184,2152,5592,1693,1105,2794,0.30275393419170243,0.19760371959942774,0.4996423462088698,0.5007153075822603,0.5071530758226037,0.49856938483547925,0.49213161659513593,11184,True
715,Chopin,Sonata_3_2nd,piece_7e40ed04a0616010,Chopin/Sonata_3/2nd/HuangSW04.mid,Chopin/Sonata_3/2nd/midi_score.mid,True,26396,True,,,1413,1413,11304,2969,5652,1691,1543,2418,0.2991861288039632,0.2730007077140835,0.4278131634819533,0.4338287331917905,0.42392073602264685,0.4317055909412597,0.42179759377211606,11304,True
716,Chopin,Sonata_3_2nd,piece_7e40ed04a0616010,Chopin/Sonata_3/2nd/Huangci06.mid,Chopin/Sonata_3/2nd/midi_score.mid,True,19427,True,,,1411,1411,11288,2548,5644,1831,1663,2150,0.3244153082919915,0.2946491849751949,0.3809355067328136,0.3841247342310418,0.37632884479092843,0.37916371367824236,0.3841247342310418,11288,True
717,Chopin,Sonata_3_2nd,piece_7e40ed04a0616010,Chopin/Sonata_3/2nd/KimSJ08.mid,Chopin/Sonata_3/2nd/midi_score.mid,True,29721,True,,,1436,1436,11488,3404,5744,1300,1786,2658,0.22632311977715877,0.310933147632312,0.46274373259052926,0.483983286908078,0.48746518105849584,0.44846796657381616,0.431058495821727,11488,True
718,Chopin,Sonata_3_2nd,piece_7e40ed04a0616010,Chopin/Sonata_3/2nd/KimSY21.mid,Chopin/Sonata_3/2nd/midi_score.mid,True,29262,True,,,1425,1425,11400,3913,5700,2588,285,2827,0.45403508771929824,0.05,0.4959649122807018,0.4968421052631579,0.4849122807017544,0.49964912280701756,0.5024561403508772,11400,True
719,Chopin,Sonata_3_2nd,piece_7e40ed04a0616010,Chopin/Sonata_3/2nd/SCHU09.mid,Chopin/Sonata_3/2nd/midi_score.mid,True,20591,True,,,1389,1389,11112,2120,5556,1252,350,3954,0.22534197264218864,0.06299496040316775,0.7116630669546437,0.712742980561555,0.7077033837293016,0.7134629229661628,0.712742980561555,11112,True
720,Chopin,Sonata_3_2nd,piece_7e40ed04a0616010,Chopin/Sonata_3/2nd/Shybayeva07.mid,Chopin/Sonata_3/2nd/midi_score.mid,True,32352,True,,,1404,1404,11232,4425,5616,603,1736,3277,0.10737179487179487,0.3091168091168091,0.583511396011396,0.5776353276353277,0.5890313390313391,0.5847578347578347,0.5826210826210826,11232,True
721,Chopin,Sonata_3_2nd,piece_7e40ed04a0616010,Chopin/Sonata_3/2nd/mikahailoff01.mid,Chopin/Sonata_3/2nd/midi_score.mid,True,24775,True,,,1401,1401,11208,2626,5604,258,1363,3983,0.046038543897216275,0.24321912919343328,0.7107423269093505,0.7137758743754461,0.7130620985010707,0.708779443254818,0.7073518915060671,11208,True
722,Chopin,Sonata_3_3rd,piece_05168fe50aa136e3,Chopin/Sonata_3/3rd/GarritsonL10.mid,Chopin/Sonata_3/3rd/midi_score.mid,True,41633,True,,,1847,1847,14776,5419,7388,176,5903,1309,0.023822414726583648,0.7989983757444504,0.1771792095289659,0.17271250676773145,0.20194910665944776,0.17162966973470492,0.16242555495397942,14776,True
723,Chopin,Sonata_3_3rd,piece_05168fe50aa136e3,Chopin/Sonata_3/3rd/HONG08.mid,Chopin/Sonata_3/3rd/midi_score.mid,True,40336,True,,,1854,1854,14832,5316,7416,127,3717,3572,0.017125134843581444,0.5012135922330098,0.4816612729234088,0.48651564185544766,0.5102481121898598,0.46871628910463864,0.46116504854368934,14832,True
724,Chopin,Sonata_3_3rd,piece_05168fe50aa136e3,Chopin/Sonata_3/3rd/HuangSW05.mid,Chopin/Sonata_3/3rd/midi_score.mid,True,48192,True,,,1876,1876,15008,5823,7504,584,4755,2165,0.07782515991471216,0.6336620469083155,0.28851279317697226,0.30597014925373134,0.2953091684434968,0.27611940298507465,0.27665245202558636,15008,True
725,Chopin,Sonata_3_3rd,piece_05168fe50aa136e3,Chopin/Sonata_3/3rd/Huangci06.mid,Chopin/Sonata_3/3rd/midi_score.mid,True,48584,True,,,1881,1881,15048,7152,7524,367,4024,3133,0.0487772461456672,0.5348219032429559,0.41640085061137694,0.41679957469431156,0.4380648591174907,0.4019138755980861,0.40882509303561937,15048,True
726,Chopin,Sonata_3_3rd,piece_05168fe50aa136e3,Chopin/Sonata_3/3rd/KimSJ09.mid,Chopin/Sonata_3/3rd/midi_score.mid,True,70674,True,,,1862,1862,14896,10709,7448,182,3372,3894,0.02443609022556391,0.4527389903329753,0.5228249194414608,0.5300751879699248,0.5354457572502686,0.5107411385606875,0.5150375939849624,14896,True
727,Chopin,Sonata_3_3rd,piece_05168fe50aa136e3,Chopin/Sonata_3/3rd/KimSY22.mid,Chopin/Sonata_3/3rd/midi_score.mid,True,79986,True,,,1874,1874,14992,14545,7496,104,1452,5940,0.013874066168623266,0.1937033084311633,0.7924226254002135,0.7998932764140875,0.7892209178228389,0.791889007470651,0.7886872998932765,14992,True
728,Chopin,Sonata_3_3rd,piece_05168fe50aa136e3,Chopin/Sonata_3/3rd/SCHU09.mid,Chopin/Sonata_3/3rd/midi_score.mid,True,43582,True,,,1857,1857,14856,5759,7428,36,2113,5279,0.004846526655896607,0.28446418955304253,0.7106892837910609,0.7016693591814755,0.7199784598815293,0.7140549273021002,0.7070543887991384,14856,True
729,Chopin,Sonata_3_3rd,piece_05168fe50aa136e3,Chopin/Sonata_3/3rd/Shybayeva07.mid,Chopin/Sonata_3/3rd/midi_score.mid,True,62049,True,,,1869,1869,14952,9363,7476,51,3537,3888,0.006821829855537721,0.4731139646869984,0.5200642054574639,0.5259497057249867,0.5430711610486891,0.5050829320492242,0.5061530230069556,14952,True
730,Chopin,Sonata_3_3rd,piece_05168fe50aa136e3,Chopin/Sonata_3/3rd/mikahailoff01.mid,Chopin/Sonata_3/3rd/midi_score.mid,True,49680,True,,,1838,1838,14704,5833,7352,16,4302,3034,0.002176278563656148,0.5851468988030468,0.4126768226332971,0.4178454842219804,0.43362350380848746,0.3988030467899891,0.40043525571273125,14704,True
731,Chopin,Sonata_3_4th,piece_d2291d1959e4f2ae,Chopin/Sonata_3/4th/GarritsonL11M.mid,Chopin/Sonata_3/4th/midi_score.mid,True,45520,True,,,4797,4797,38376,3326,19188,4835,10309,4044,0.2519804044194288,0.5372628726287263,0.21075672295184492,0.21138211382113822,0.21138211382113822,0.20950594121325827,0.21075672295184492,38376,True
732,Chopin,Sonata_3_4th,piece_d2291d1959e4f2ae,Chopin/Sonata_3/4th/HONG08.mid,Chopin/Sonata_3/4th/midi_score.mid,True,57449,True,,,4855,4855,38840,4117,19420,2080,10364,6976,0.10710607621009269,0.5336766220391349,0.3592173017507724,0.3631307929969104,0.36560247167868176,0.35633367662203913,0.3518022657054583,38840,True
733,Chopin,Sonata_3_4th,piece_d2291d1959e4f2ae,Chopin/Sonata_3/4th/HuangSW06M.mid,Chopin/Sonata_3/4th/midi_score.mid,True,44219,True,,,5053,5053,40424,3202,20212,5029,11607,3576,0.24881258658222838,0.5742628141698001,0.1769245992479715,0.1777162081931526,0.17633089253908568,0.17593508806649516,0.1777162081931526,40424,True
734,Chopin,Sonata_3_4th,piece_d2291d1959e4f2ae,Chopin/Sonata_3/4th/Huangci06.mid,Chopin/Sonata_3/4th/midi_score.mid,True,55109,True,,,4973,4973,39784,3478,19892,3414,12375,4103,0.17162678463704,0.6221093907098331,0.2062638246531269,0.2081238688920169,0.20852604061934446,0.2041021516187412,0.20430323748240498,39784,True
735,Chopin,Sonata_3_4th,piece_d2291d1959e4f2ae,Chopin/Sonata_3/4th/KimSJ10M.mid,Chopin/Sonata_3/4th/midi_score.mid,True,48912,True,,,4870,4870,38960,4203,19480,2822,11532,5126,0.1448665297741273,0.5919917864476386,0.2631416837782341,0.27720739219712526,0.27125256673511294,0.24928131416837782,0.2548254620123203,38960,True
736,Chopin,Sonata_3_4th,piece_d2291d1959e4f2ae,Chopin/Sonata_3/4th/KimSY23M.mid,Chopin/Sonata_3/4th/midi_score.mid,True,53202,True,,,4841,4841,38728,6129,19364,2876,10189,6299,0.14852303243131584,0.526182606899401,0.3252943606692832,0.32782482958066517,0.32968394959719066,0.32018178062383806,0.323486882875439,38728,True
737,Chopin,Sonata_3_4th,piece_d2291d1959e4f2ae,Chopin/Sonata_3/4th/SCHU09.mid,Chopin/Sonata_3/4th/midi_score.mid,True,62266,True,,,4844,4844,38752,5390,19376,811,6271,12294,0.04185590421139554,0.3236478117258464,0.634496284062758,0.6354252683732452,0.6370767960363336,0.6345995045417011,0.6308835672997523,38752,True
738,Chopin,Sonata_3_4th,piece_d2291d1959e4f2ae,Chopin/Sonata_3/4th/Shybayeva07.mid,Chopin/Sonata_3/4th/midi_score.mid,True,62878,True,,,4917,4917,39336,5343,19668,1195,11953,6520,0.06075859263778727,0.6077384584095994,0.3315029489526134,0.34350213544844416,0.3298759406141957,0.319910514541387,0.3327232052064267,39336,True
739,Chopin,Sonata_3_4th,piece_d2291d1959e4f2ae,Chopin/Sonata_3/4th/mikahailoff01.mid,Chopin/Sonata_3/4th/midi_score.mid,True,68797,True,,,4821,4821,38568,5343,19284,347,9517,9420,0.01799419207633271,0.493517942335615,0.4884878655880523,0.49263638249325864,0.4891101431238332,0.4845467745281062,0.48765816220701097,38568,True
740,Debussy,Images_Book_1_1_Reflets_dans_lEau,piece_f5b9d4ebcb64d92f,Debussy/Images_Book_1/1_Reflets_dans_lEau/Kleisen11M.mid,Debussy/Images_Book_1/1_Reflets_dans_lEau/midi_score.mid,True,26808,True,,,2019,2019,16152,3450,8076,229,1609,6238,0.028355621594848935,0.19923229321446262,0.7724120851906885,0.7731550272412085,0.7686973749380882,0.770678553739475,0.7771173848439822,16152,True
741,Debussy,Images_Book_1_1_Reflets_dans_lEau,piece_f5b9d4ebcb64d92f,Debussy/Images_Book_1/1_Reflets_dans_lEau/ParkJH13M.mid,Debussy/Images_Book_1/1_Reflets_dans_lEau/midi_score.mid,True,19703,True,,,2013,2013,16104,1606,8052,226,6774,1052,0.0280675608544461,0.8412816691505216,0.13065076999503228,0.1366120218579235,0.13313462493790362,0.12767014406358668,0.12518628912071536,16104,True
742,Debussy,Pour_le_Piano_1,piece_8c3eba14fccb1cd9,Debussy/Pour_le_Piano/1/MunA12M.mid,Debussy/Pour_le_Piano/1/midi_score.mid,True,31900,True,,,3203,3203,25624,2812,12812,217,9271,3324,0.016937246331564158,0.7236184826724945,0.2594442709959413,0.2653762098033094,0.26162972213549796,0.25663440524508274,0.25413674679987514,25624,True
743,Glinka,The_Lark,piece_f2581f8261a97194,Glinka/The_Lark/Denisova10M.mid,Glinka/The_Lark/midi_score.mid,True,28500,True,,,2330,2330,18640,2978,9320,178,7975,1167,0.01909871244635193,0.85568669527897,0.1252145922746781,0.12317596566523605,0.1240343347639485,0.12875536480686695,0.12489270386266095,18640,True
744,Glinka,The_Lark,piece_f2581f8261a97194,Glinka/The_Lark/Kleisen07M.mid,Glinka/The_Lark/midi_score.mid,True,33404,True,,,2207,2207,17656,4295,8828,190,961,7677,0.021522428636157682,0.10885817852288174,0.8696193928409606,0.8708654281830539,0.8649750792931581,0.8726778432260988,0.8699592206615315,17656,True
745,Haydn,Keyboard_Sonatas_31-1,piece_32756c4c937eea64,Haydn/Keyboard_Sonatas/31-1/Masycheva01.mid,Haydn/Keyboard_Sonatas/31-1/midi_score.mid,True,30301,True,,,1615,1615,12920,4139,6460,2866,49,3545,0.4436532507739938,0.007585139318885449,0.5487616099071208,0.5492260061919505,0.5554179566563467,0.5492260061919505,0.5411764705882353,12920,True
746,Haydn,Keyboard_Sonatas_31-1,piece_32756c4c937eea64,Haydn/Keyboard_Sonatas/31-1/SCHU02.mid,Haydn/Keyboard_Sonatas/31-1/midi_score.mid,True,18385,True,,,1622,1622,12976,538,6488,6084,1,403,0.937731196054254,0.00015413070283600493,0.062114673242909986,0.06350184956843404,0.06103575832305795,0.06103575832305795,0.06288532675709001,12976,True
747,Haydn,Keyboard_Sonatas_31-1,piece_32756c4c937eea64,Haydn/Keyboard_Sonatas/31-1/Song05M.mid,Haydn/Keyboard_Sonatas/31-1/midi_score.mid,True,21705,True,,,1609,1609,12872,2077,6436,4390,0,2046,0.6821006836544438,0.0,0.31789931634555624,0.31696706028589183,0.31821006836544435,0.31696706028589183,0.3194530764449969,12872,True
748,Haydn,Keyboard_Sonatas_31-1,piece_32756c4c937eea64,Haydn/Keyboard_Sonatas/31-1/Zagalskaia02.mid,Haydn/Keyboard_Sonatas/31-1/midi_score.mid,True,39597,True,,,1613,1613,12904,4670,6452,1822,23,4607,0.282393056416615,0.00356478611283323,0.7140421574705518,0.7117172969621822,0.7148171109733416,0.7135771853688778,0.7160570365778053,12904,True
749,Haydn,Keyboard_Sonatas_32-1,piece_e7ad71b998a8d477,Haydn/Keyboard_Sonatas/32-1/Pavlovic02.mid,Haydn/Keyboard_Sonatas/32-1/midi_score.mid,True,38860,True,,,2105,2105,16840,5969,8420,2263,1065,5092,0.2687648456057007,0.12648456057007126,0.604750593824228,0.6057007125890737,0.5819477434679335,0.6014251781472684,0.6299287410926366,16840,True
750,Haydn,Keyboard_Sonatas_32-1,piece_e7ad71b998a8d477,Haydn/Keyboard_Sonatas/32-1/SUDBIN01.mid,Haydn/Keyboard_Sonatas/32-1/midi_score.mid,True,36880,True,,,2129,2129,17032,5891,8516,719,341,7456,0.08442930953499296,0.0400422733677783,0.8755284170972287,0.8656646312822922,0.886801315171442,0.8764678252700798,0.873179896665101,17032,True
751,Haydn,Keyboard_Sonatas_32-1,piece_e7ad71b998a8d477,Haydn/Keyboard_Sonatas/32-1_no_repeat/Goldberg01.mid,Haydn/Keyboard_Sonatas/32-1_no_repeat/midi_score.mid,True,30857,True,,,1531,1531,12248,4473,6124,1709,1119,3296,0.27906596995427824,0.18272370999346832,0.5382103200522534,0.5388634879163945,0.5388634879163945,0.5414761593729589,0.5336381450032658,12248,True
752,Haydn,Keyboard_Sonatas_32-1,piece_e7ad71b998a8d477,Haydn/Keyboard_Sonatas/32-1_no_repeat/Guzman01.mid,Haydn/Keyboard_Sonatas/32-1_no_repeat/midi_score.mid,True,26870,True,,,1500,1500,12000,2244,6000,2968,83,2949,0.49466666666666664,0.013833333333333333,0.4915,0.494,0.49066666666666664,0.49,0.49133333333333334,12000,True
753,Haydn,Keyboard_Sonatas_32-1,piece_e7ad71b998a8d477,Haydn/Keyboard_Sonatas/32-1_no_repeat/MCVEY01.mid,Haydn/Keyboard_Sonatas/32-1_no_repeat/midi_score.mid,True,26894,True,,,1506,1506,12048,2436,6024,3682,35,2307,0.6112217795484728,0.005810092961487384,0.38296812749003983,0.38313413014608233,0.38114209827357237,0.3844621513944223,0.38313413014608233,12048,True
754,Haydn,Keyboard_Sonatas_39-1,piece_6f89053e95f709e1,Haydn/Keyboard_Sonatas/39-1/Yarden02.mid,Haydn/Keyboard_Sonatas/39-1/midi_score.mid,True,34893,True,,,2038,2038,16304,3393,8152,4294,489,3369,0.5267419038272817,0.05998527968596663,0.41327281648675174,0.40922473012757604,0.43032384690873404,0.4141315014720314,0.3994111874386654,16304,True
755,Haydn,Keyboard_Sonatas_39-1,piece_6f89053e95f709e1,Haydn/Keyboard_Sonatas/39-1/Yarden07M.mid,Haydn/Keyboard_Sonatas/39-1/midi_score.mid,True,24992,True,,,2009,2009,16072,3254,8036,4542,369,3125,0.5652065704330512,0.04591836734693878,0.38887506222000995,0.38178198108511696,0.397212543554007,0.3932304629168741,0.3832752613240418,16072,True
756,Haydn,Keyboard_Sonatas_39-2,piece_e38184a2e9753bdc,Haydn/Keyboard_Sonatas/39-2/Yarden07.mid,Haydn/Keyboard_Sonatas/39-2/midi_score.mid,True,54869,True,,,2391,2391,19128,8270,9564,1025,1214,7325,0.10717273107486408,0.12693433709744878,0.7658929318276871,0.7699707235466332,0.7649519029694688,0.7616060225846926,0.767043078209954,19128,True
757,Haydn,Keyboard_Sonatas_39-3,piece_fb1c7b11dfc2b4d4,Haydn/Keyboard_Sonatas/39-3/Yarden07M.mid,Haydn/Keyboard_Sonatas/39-3/midi_score.mid,True,33952,True,,,3163,3163,25304,3605,12652,7684,612,4356,0.6073348087258932,0.04837179892507114,0.3442933923490357,0.3382864369269681,0.35061650331963323,0.348719570028454,0.3395510591210876,25304,True
758,Haydn,Keyboard_Sonatas_46-1,piece_0a888a7d5fbd06e6,Haydn/Keyboard_Sonatas/46-1/Bach01.mid,Haydn/Keyboard_Sonatas/46-1/midi_score.mid,True,36420,True,,,2716,2716,21728,3185,10864,6599,51,4214,0.6074189985272459,0.00469440353460972,0.38788659793814434,0.3854933726067747,0.39212076583210603,0.3913843888070692,0.38254786450662737,21728,True
759,Haydn,Keyboard_Sonatas_46-1,piece_0a888a7d5fbd06e6,Haydn/Keyboard_Sonatas/46-1/GORDEL01.mid,Haydn/Keyboard_Sonatas/46-1/midi_score.mid,True,41712,True,,,2703,2703,21624,3844,10812,5490,218,5104,0.5077691453940066,0.020162782093969663,0.47206807251202365,0.4765075841657418,0.4728079911209767,0.46762856085830556,0.47132815390307065,21624,True
760,Haydn,Keyboard_Sonatas_46-1,piece_0a888a7d5fbd06e6,Haydn/Keyboard_Sonatas/46-1/Shilyaev01.mid,Haydn/Keyboard_Sonatas/46-1/midi_score.mid,True,60362,True,,,2741,2741,21928,5467,10964,5091,2,5871,0.4643378329076979,0.00018241517694272163,0.5354797519153593,0.5403137541043415,0.539948923750456,0.5319226559649762,0.5297336738416636,21928,True
761,Haydn,Keyboard_Sonatas_46-1,piece_0a888a7d5fbd06e6,Haydn/Keyboard_Sonatas/46-1/WongWY02M.mid,Haydn/Keyboard_Sonatas/46-1/midi_score.mid,True,41241,True,,,2725,2725,21800,5933,10900,3153,329,7418,0.28926605504587155,0.03018348623853211,0.6805504587155964,0.6844036697247706,0.6825688073394496,0.676697247706422,0.6785321100917431,21800,True
762,Haydn,Keyboard_Sonatas_46-1,piece_0a888a7d5fbd06e6,Haydn/Keyboard_Sonatas/46-1/YuP03M.mid,Haydn/Keyboard_Sonatas/46-1/midi_score.mid,True,27027,True,,,2706,2706,21648,2715,10824,8215,880,1729,0.7589615668883961,0.08130081300813008,0.15973762010347375,0.15151515151515152,0.16777531411677754,0.1655580192165558,0.1541019955654102,21648,True
763,Haydn,Keyboard_Sonatas_48-1,piece_c3f7d0c320d0f2e9,Haydn/Keyboard_Sonatas/48-1/GarritsonL02M.mid,Haydn/Keyboard_Sonatas/48-1/midi_score.mid,True,41079,True,,,1991,1991,15928,6720,7964,3466,2127,2371,0.4352084379708689,0.26707684580612756,0.2977147162230035,0.2933199397287795,0.30135610246107486,0.30135610246107486,0.29482672024108486,15928,True
764,Haydn,Keyboard_Sonatas_48-1,piece_c3f7d0c320d0f2e9,Haydn/Keyboard_Sonatas/48-1/PrjevalskayaM02M.mid,Haydn/Keyboard_Sonatas/48-1/midi_score.mid,True,33131,True,,,1987,1987,15896,3957,7948,5277,811,1860,0.6639406139909411,0.10203824861600402,0.23402113739305486,0.23100150981378964,0.2486160040261701,0.2315047810770005,0.22496225465525918,15896,True
765,Haydn,Keyboard_Sonatas_48-2,piece_77a2fb41f6a7f50a,Haydn/Keyboard_Sonatas/48-2/GarritsonL03M.mid,Haydn/Keyboard_Sonatas/48-2/midi_score.mid,True,27371,True,,,2824,2824,22592,1569,11296,9290,933,1073,0.822415014164306,0.08259560906515581,0.09498937677053824,0.08604815864022664,0.09773371104815864,0.10021246458923513,0.09596317280453258,22592,True
766,Haydn,Keyboard_Sonatas_48-2,piece_77a2fb41f6a7f50a,Haydn/Keyboard_Sonatas/48-2/PrjevalskayaM03M.mid,Haydn/Keyboard_Sonatas/48-2/midi_score.mid,True,24337,True,,,2822,2822,22576,585,11288,10527,384,377,0.9325832742735648,0.03401842664776754,0.03339829907866761,0.03260099220411056,0.0336640680368533,0.031537916371367825,0.03579021970233877,22576,True
767,Haydn,Keyboard_Sonatas_49-1,piece_d3c94aa1c5cc47f6,Haydn/Keyboard_Sonatas/49-1/Hou01.mid,Haydn/Keyboard_Sonatas/49-1/midi_score.mid,True,43523,True,,,2652,2652,21216,3682,10608,7812,30,2766,0.7364253393665159,0.002828054298642534,0.26074660633484165,0.25565610859728505,0.2631975867269985,0.26282051282051283,0.26131221719457015,21216,True
768,Haydn,Keyboard_Sonatas_49-1,piece_d3c94aa1c5cc47f6,Haydn/Keyboard_Sonatas/49-1/LEE_K01.mid,Haydn/Keyboard_Sonatas/49-1/midi_score.mid,True,36172,True,,,2635,2635,21080,2832,10540,6234,2017,2289,0.5914611005692599,0.19136622390891841,0.21717267552182162,0.21821631878557876,0.21973434535104364,0.21555977229601517,0.21518026565464896,21080,True
769,Haydn,Keyboard_Sonatas_49-1,piece_d3c94aa1c5cc47f6,Haydn/Keyboard_Sonatas/49-1/Soukhovetski01.mid,Haydn/Keyboard_Sonatas/49-1/midi_score.mid,True,52243,True,,,2642,2642,21136,3093,10568,8280,227,2061,0.7834973504920515,0.02147993943981832,0.1950227100681302,0.19492808478425436,0.19227857683573052,0.19871309613928842,0.19417108251324755,21136,True
770,Haydn,Keyboard_Sonatas_50-1,piece_9d347f5f08c34ed5,Haydn/Keyboard_Sonatas/50-1_no_repeat/Day01.mid,Haydn/Keyboard_Sonatas/50-1_no_repeat/midi_score.mid,True,36051,True,,,3480,3480,27840,1732,13920,11901,0,2019,0.8549568965517241,0.0,0.14504310344827587,0.14310344827586208,0.14683908045977012,0.14626436781609195,0.14396551724137932,27840,True
771,Haydn,Keyboard_Sonatas_50-1,piece_9d347f5f08c34ed5,Haydn/Keyboard_Sonatas/50-1_no_repeat/EVSTIO01.mid,Haydn/Keyboard_Sonatas/50-1_no_repeat/midi_score.mid,True,36006,True,,,3497,3497,27976,2985,13988,8730,157,5101,0.624106376894481,0.011223906205318844,0.36466971690020017,0.36259651129539605,0.3688876179582499,0.3637403488704604,0.3634543894766943,27976,True
772,Haydn,Keyboard_Sonatas_50-1,piece_9d347f5f08c34ed5,Haydn/Keyboard_Sonatas/50-1_no_repeat/GalantM02M.mid,Haydn/Keyboard_Sonatas/50-1_no_repeat/midi_score.mid,True,26808,True,,,3486,3486,27888,1432,13944,12307,312,1325,0.8826018359150889,0.022375215146299483,0.09502294893861159,0.09437751004016064,0.09437751004016064,0.09552495697074011,0.09581181870338497,27888,True
773,Haydn,Keyboard_Sonatas_50-1,piece_9d347f5f08c34ed5,Haydn/Keyboard_Sonatas/50-1_no_repeat/Georgieva01.mid,Haydn/Keyboard_Sonatas/50-1_no_repeat/midi_score.mid,True,66044,True,,,3554,3554,28432,6514,14216,4631,860,8725,0.32575970737197524,0.06049521665728756,0.6137450759707372,0.6133933595948228,0.6159257175014069,0.6131119864940912,0.612549240292628,28432,True
774,Haydn,Keyboard_Sonatas_50-1,piece_9d347f5f08c34ed5,Haydn/Keyboard_Sonatas/50-1_no_repeat/Gorucan01.mid,Haydn/Keyboard_Sonatas/50-1_no_repeat/midi_score.mid,True,48720,True,,,3497,3497,27976,2778,13988,10924,1,3063,0.7809551043751787,7.148984844152131e-05,0.21897340577637975,0.21446954532456391,0.2221904489562482,0.22161853016871605,0.21761509865599085,27976,True
775,Haydn,Keyboard_Sonatas_50-1,piece_9d347f5f08c34ed5,Haydn/Keyboard_Sonatas/50-1_no_repeat/HSU01.mid,Haydn/Keyboard_Sonatas/50-1_no_repeat/midi_score.mid,True,37238,True,,,3525,3525,28200,1970,14100,10824,462,2814,0.7676595744680851,0.03276595744680851,0.19957446808510637,0.20170212765957446,0.20056737588652482,0.19886524822695034,0.1971631205673759,28200,True
776,Haydn,Keyboard_Sonatas_50-1,piece_9d347f5f08c34ed5,Haydn/Keyboard_Sonatas/50-1_no_repeat/HUAN_J01.mid,Haydn/Keyboard_Sonatas/50-1_no_repeat/midi_score.mid,True,42144,True,,,3532,3532,28256,2893,14128,9025,713,4390,0.6388023782559457,0.050467157417893545,0.3107304643261608,0.3114382785956965,0.3103057757644394,0.31058890147225365,0.31058890147225365,28256,True
777,Haydn,Keyboard_Sonatas_50-1,piece_9d347f5f08c34ed5,Haydn/Keyboard_Sonatas/50-1_no_repeat/HamSY02M.mid,Haydn/Keyboard_Sonatas/50-1_no_repeat/midi_score.mid,True,26331,True,,,3484,3484,27872,1220,13936,11885,1295,756,0.8528272101033295,0.0929247990815155,0.054247990815154995,0.05281285878300804,0.05367393800229621,0.05539609644087256,0.05510907003444317,27872,True
778,Haydn,Keyboard_Sonatas_50-1,piece_9d347f5f08c34ed5,Haydn/Keyboard_Sonatas/50-1_no_repeat/Huang01.mid,Haydn/Keyboard_Sonatas/50-1_no_repeat/midi_score.mid,True,48916,True,,,3492,3492,27936,3037,13968,7354,827,5787,0.5264891179839634,0.05920675830469645,0.41430412371134023,0.41695303550973656,0.413516609392898,0.4126575028636884,0.41408934707903783,27936,True
779,Haydn,Keyboard_Sonatas_50-1,piece_9d347f5f08c34ed5,Haydn/Keyboard_Sonatas/50-1_no_repeat/Huang05M.mid,Haydn/Keyboard_Sonatas/50-1_no_repeat/midi_score.mid,True,39055,True,,,3516,3516,28128,2642,14064,10397,155,3512,0.7392633674630261,0.011021046643913538,0.24971558589306028,0.25,0.2511376564277588,0.2494311717861206,0.24829351535836178,28128,True
780,Haydn,Keyboard_Sonatas_50-1,piece_9d347f5f08c34ed5,Haydn/Keyboard_Sonatas/50-1_no_repeat/JeonH03M.mid,Haydn/Keyboard_Sonatas/50-1_no_repeat/midi_score.mid,True,29145,True,,,3499,3499,27992,2054,13996,10781,1864,1351,0.7702915118605316,0.1331809088310946,0.09652757930837381,0.09688482423549585,0.09917119176907688,0.0963132323521006,0.09374106887682195,27992,True
781,Haydn,Keyboard_Sonatas_50-1,piece_9d347f5f08c34ed5,Haydn/Keyboard_Sonatas/50-1_no_repeat/KARYAG06M.mid,Haydn/Keyboard_Sonatas/50-1_no_repeat/midi_score.mid,True,40481,True,,,3510,3510,28080,3928,14040,4102,96,9842,0.29216524216524214,0.006837606837606838,0.700997150997151,0.6997150997150997,0.701994301994302,0.7034188034188035,0.6988603988603989,28080,True
782,Haydn,Keyboard_Sonatas_50-1,piece_9d347f5f08c34ed5,Haydn/Keyboard_Sonatas/50-1_no_repeat/Kim01.mid,Haydn/Keyboard_Sonatas/50-1_no_repeat/midi_score.mid,True,63192,True,,,3512,3512,28096,7201,14048,7118,14,6916,0.5066913439635535,0.0009965831435079728,0.4923120728929385,0.4934510250569476,0.49373576309794986,0.4934510250569476,0.4886104783599089,28096,True
783,Haydn,Keyboard_Sonatas_50-1,piece_9d347f5f08c34ed5,Haydn/Keyboard_Sonatas/50-1_no_repeat/Shi07M.mid,Haydn/Keyboard_Sonatas/50-1_no_repeat/midi_score.mid,True,23604,True,,,3496,3496,27968,463,13984,13174,476,334,0.9420766590389016,0.034038901601830665,0.023884439359267734,0.02488558352402746,0.02231121281464531,0.02402745995423341,0.02431350114416476,27968,True
784,Haydn,Keyboard_Sonatas_50-1,piece_9d347f5f08c34ed5,Haydn/Keyboard_Sonatas/50-1_no_repeat/Tak01.mid,Haydn/Keyboard_Sonatas/50-1_no_repeat/midi_score.mid,True,48774,True,,,3495,3495,27960,3755,13980,10117,0,3863,0.7236766809728183,0.0,0.2763233190271817,0.27410586552217453,0.2783977110157368,0.27639484978540774,0.27639484978540774,27960,True
785,Haydn,Keyboard_Sonatas_50-1,piece_9d347f5f08c34ed5,Haydn/Keyboard_Sonatas/50-1_no_repeat/Toscano03.mid,Haydn/Keyboard_Sonatas/50-1_no_repeat/midi_score.mid,True,36919,True,,,3490,3490,27920,1928,13960,11746,16,2198,0.841404011461318,0.001146131805157593,0.15744985673352435,0.15558739255014326,0.15902578796561603,0.16017191977077364,0.15501432664756448,27920,True
786,Haydn,Keyboard_Sonatas_50-1,piece_9d347f5f08c34ed5,Haydn/Keyboard_Sonatas/50-1_no_repeat/Verbaite01.mid,Haydn/Keyboard_Sonatas/50-1_no_repeat/midi_score.mid,True,35310,True,,,3491,3491,27928,1542,13964,12165,26,1773,0.8711687195645946,0.0018619306788885707,0.12696934975651675,0.12231452305929533,0.1274706387854483,0.12861644228014896,0.12947579490117445,27928,True
787,Haydn,Keyboard_Sonatas_50-1,piece_9d347f5f08c34ed5,Haydn/Keyboard_Sonatas/50-1_no_repeat/YoungS02M.mid,Haydn/Keyboard_Sonatas/50-1_no_repeat/midi_score.mid,True,33285,True,,,3494,3494,27952,3178,13976,9876,1185,2915,0.7066399542072124,0.08478820835718374,0.2085718374356039,0.21379507727532915,0.21036061820263308,0.203491700057241,0.20663995420721237,27952,True
788,Haydn,Keyboard_Sonatas_6-1,piece_0ae5f42bb12ff89b,Haydn/Keyboard_Sonatas/6-1/ChenC01.mid,Haydn/Keyboard_Sonatas/6-1/midi_score.mid,True,29107,True,,,2342,2342,18736,1387,9368,5276,2584,1508,0.5631938514090521,0.27583262169086253,0.1609735269000854,0.1703672075149445,0.16011955593509822,0.15542271562766866,0.15798462852263023,18736,True
789,Liszt,Annees_de_pelerinage_2_1_Gondoliera,piece_aa07d5eadee978ca,Liszt/Annees_de_pelerinage_2/1_Gondoliera/LeungM08M.mid,Liszt/Annees_de_pelerinage_2/1_Gondoliera/midi_score.mid,True,30289,True,,,2732,2732,21856,3221,10928,363,7083,3482,0.033217423133235724,0.6481515373352855,0.31863103953147875,0.3232064421669107,0.32503660322108346,0.3140556368960469,0.3122254758418741,21856,True
790,Liszt,Annees_de_pelerinage_2_1_Gondoliera,piece_aa07d5eadee978ca,Liszt/Annees_de_pelerinage_2/1_Gondoliera/LeungM12M.mid,Liszt/Annees_de_pelerinage_2/1_Gondoliera/midi_score.mid,True,25070,True,,,2794,2794,22352,1701,11176,272,9772,1132,0.024337866857551897,0.8743736578382247,0.10128847530422333,0.10272011453113815,0.1070150322118826,0.09663564781675017,0.09878310665712241,22352,True
791,Liszt,Ballade_2,piece_19a5dd467d969636,Liszt/Ballade_2/Broberg03.mid,Liszt/Ballade_2/midi_score.mid,True,90418,True,,,6943,6943,55544,7226,27772,3756,19485,4531,0.13524413077920208,0.7016059340342792,0.1631499351865188,0.1700993806711796,0.16505833213308369,0.1581448941379807,0.1592971338038312,55544,True
792,Liszt,Ballade_2,piece_19a5dd467d969636,Liszt/Ballade_2/GarritsonL04M.mid,Liszt/Ballade_2/midi_score.mid,True,72324,True,,,7320,7320,58560,6593,29280,2200,23746,3334,0.07513661202185792,0.8109972677595628,0.11386612021857924,0.10942622950819672,0.12103825136612022,0.11379781420765027,0.11120218579234972,58560,True
793,Liszt,Ballade_2,piece_19a5dd467d969636,Liszt/Ballade_2/Jin07M.mid,Liszt/Ballade_2/midi_score.mid,True,66521,True,,,7245,7245,57960,5722,28980,1950,23600,3430,0.06728778467908902,0.8143547273982057,0.11835748792270531,0.11621808143547274,0.126432022084196,0.1178743961352657,0.11290545203588682,57960,True
794,Liszt,Ballade_2,piece_19a5dd467d969636,Liszt/Ballade_2/KIM_J04.mid,Liszt/Ballade_2/midi_score.mid,True,65220,True,,,7025,7025,56200,5821,28100,1206,21373,5521,0.04291814946619217,0.7606049822064057,0.19647686832740213,0.19800711743772242,0.20327402135231318,0.19373665480427046,0.1908896797153025,56200,True
795,Liszt,Ballade_2,piece_19a5dd467d969636,Liszt/Ballade_2/Min06M.mid,Liszt/Ballade_2/midi_score.mid,True,63204,True,,,7034,7034,56272,5290,28136,2082,22829,3225,0.07399772533409156,0.8113804378731874,0.11462183679272107,0.1127381290872903,0.11984646005117998,0.11444412851862383,0.11145862951379017,56272,True
796,Liszt,Ballade_2,piece_19a5dd467d969636,Liszt/Ballade_2/Sham05.mid,Liszt/Ballade_2/midi_score.mid,True,102836,True,,,7270,7270,58160,10447,29080,3204,19746,6130,0.11017881705639615,0.6790233837689134,0.21079779917469052,0.20646492434663,0.2217331499312242,0.21292984869325998,0.20206327372764787,58160,True
797,Liszt,Concert_Etude_S145_1,piece_68904a8340df9962,Liszt/Concert_Etude_S145/1/FEINER03.mid,Liszt/Concert_Etude_S145/1/midi_score.mid,True,38552,True,,,3340,3340,26720,4404,13360,78,6327,6955,0.005838323353293413,0.4735778443113772,0.5205838323353293,0.5293413173652695,0.5236526946107785,0.5173652694610779,0.5119760479041916,26720,True
798,Liszt,Concert_Etude_S145_1,piece_68904a8340df9962,Liszt/Concert_Etude_S145/1/Kleisen03.mid,Liszt/Concert_Etude_S145/1/midi_score.mid,True,49316,True,,,3263,3263,26104,5250,13052,550,2443,10059,0.042139135764633774,0.18717437940545512,0.7706864848299111,0.7710695678823168,0.7695372356726938,0.7692307692307693,0.7729083665338645,26104,True
799,Liszt,Concert_Etude_S145_1,piece_68904a8340df9962,Liszt/Concert_Etude_S145/1/Kleisen06M.mid,Liszt/Concert_Etude_S145/1/midi_score.mid,True,46028,True,,,3297,3297,26376,6211,13188,276,1030,11882,0.020928116469517744,0.0781013042159539,0.9009705793145284,0.9014255383682135,0.9011222323324234,0.899909008189263,0.9014255383682135,26376,True
800,Liszt,Concert_Etude_S145_1,piece_68904a8340df9962,Liszt/Concert_Etude_S145/1/Lai02.mid,Liszt/Concert_Etude_S145/1/midi_score.mid,True,46576,True,,,3426,3426,27408,4334,13704,164,6431,7109,0.011967308814944542,0.4692790426152948,0.5187536485697607,0.518096906012843,0.5192644483362522,0.5189725627553999,0.5186806771745476,27408,True
801,Liszt,Concert_Etude_S145_1,piece_68904a8340df9962,Liszt/Concert_Etude_S145/1/Woo02.mid,Liszt/Concert_Etude_S145/1/midi_score.mid,True,46849,True,,,3382,3382,27056,4382,13528,51,8267,5210,0.003769958604376109,0.6111028976936724,0.3851271437019515,0.38645771732702544,0.38823181549379066,0.38290952099349496,0.38290952099349496,27056,True
802,Liszt,Concert_Etude_S145_1,piece_68904a8340df9962,Liszt/Concert_Etude_S145/1/Woo06M.mid,Liszt/Concert_Etude_S145/1/midi_score.mid,True,42443,True,,,3369,3369,26952,5433,13476,950,3678,8848,0.07049569605224103,0.27292965271593944,0.6565746512318196,0.663698426832888,0.655387355298308,0.651528643514396,0.655684179281686,26952,True
803,Liszt,Concert_Etude_S145_2,piece_901ec1910fe9fa9e,Liszt/Concert_Etude_S145/2/Lo02.mid,Liszt/Concert_Etude_S145/2/midi_score.mid,True,33204,True,,,3074,3074,24592,1840,12296,4793,4495,3008,0.3898015614834092,0.36556603773584906,0.2446324007807417,0.2446324007807417,0.24658425504229017,0.24398178269355889,0.24333116460637605,24592,True
804,Liszt,Concert_Etude_S145_2,piece_901ec1910fe9fa9e,Liszt/Concert_Etude_S145/2/Lu03M.mid,Liszt/Concert_Etude_S145/2/midi_score.mid,True,27801,True,,,3126,3126,25008,2141,12504,2651,5698,4155,0.21201215611004479,0.4556941778630838,0.3322936660268714,0.336212412028151,0.33493282149712095,0.32981445937300063,0.32821497120921306,25008,True
805,Liszt,Concert_Etude_S145_2,piece_901ec1910fe9fa9e,Liszt/Concert_Etude_S145/2/Tario06M.mid,Liszt/Concert_Etude_S145/2/midi_score.mid,True,35856,True,,,3097,3097,24776,3428,12388,3084,4050,5254,0.2489505973522764,0.32692928640619956,0.42412011624152407,0.4252502421698418,0.42266709719082984,0.42492734904746526,0.4236357765579593,24776,True
806,Liszt,Concert_Etude_S145_2,piece_901ec1910fe9fa9e,Liszt/Concert_Etude_S145/2/ZhangX03.mid,Liszt/Concert_Etude_S145/2/midi_score.mid,True,38057,True,,,2905,2905,23240,1926,11620,3431,4899,3290,0.2952667814113597,0.42160068846815835,0.28313253012048195,0.28502581755593803,0.28502581755593803,0.2812392426850258,0.2812392426850258,23240,True
807,Liszt,Gran_Etudes_de_Paganini_2_La_campanella,piece_2e05d56669b6e388,Liszt/Gran_Etudes_de_Paganini/2_La_campanella/Albright04.mid,Liszt/Gran_Etudes_de_Paganini/2_La_campanella/midi_score.mid,True,57534,True,,,4133,4133,33064,4519,16532,5208,4427,6897,0.3150254052746189,0.2677836922332446,0.4171909024921365,0.4159206387611904,0.4190660537140092,0.41834018872489714,0.41543672876844906,33064,True
808,Liszt,Gran_Etudes_de_Paganini_2_La_campanella,piece_2e05d56669b6e388,Liszt/Gran_Etudes_de_Paganini/2_La_campanella/Ali03.mid,Liszt/Gran_Etudes_de_Paganini/2_La_campanella/midi_score.mid,True,48144,True,,,4103,4103,32824,2734,16412,4550,7799,4063,0.2772361686570802,0.47520107238605896,0.24756275895686083,0.24762368998293932,0.24689251766999756,0.2473799658786254,0.24835486229588105,32824,True
809,Liszt,Gran_Etudes_de_Paganini_2_La_campanella,piece_2e05d56669b6e388,Liszt/Gran_Etudes_de_Paganini/2_La_campanella/Bogdanovitch02.mid,Liszt/Gran_Etudes_de_Paganini/2_La_campanella/midi_score.mid,True,43918,True,,,4109,4109,32872,3098,16436,5130,7042,4264,0.3121197371623266,0.4284497444633731,0.2594305183743003,0.2569968362131906,0.26308104161596496,0.26016062302263326,0.2574835726454125,32872,True
810,Liszt,Gran_Etudes_de_Paganini_2_La_campanella,piece_2e05d56669b6e388,Liszt/Gran_Etudes_de_Paganini/2_La_campanella/BuiJL03M.mid,Liszt/Gran_Etudes_de_Paganini/2_La_campanella/midi_score.mid,True,38270,True,,,4085,4085,32680,3252,16340,4495,7110,4735,0.2750917992656059,0.43512851897184823,0.2897796817625459,0.29179926560587516,0.29082007343941246,0.28665850673194615,0.2898408812729498,32680,True
811,Liszt,Gran_Etudes_de_Paganini_2_La_campanella,piece_2e05d56669b6e388,Liszt/Gran_Etudes_de_Paganini/2_La_campanella/FALIKS02_2004.mid,Liszt/Gran_Etudes_de_Paganini/2_La_campanella/midi_score.mid,True,35022,True,,,4115,4115,32920,1742,16460,4734,9288,2438,0.2876063183475091,0.5642770352369381,0.14811664641555286,0.15455650060753343,0.14896719319562576,0.14240583232077764,0.14653705953827462,32920,True
812,Liszt,Gran_Etudes_de_Paganini_2_La_campanella,piece_2e05d56669b6e388,Liszt/Gran_Etudes_de_Paganini/2_La_campanella/Faliks02.mid,Liszt/Gran_Etudes_de_Paganini/2_La_campanella/midi_score.mid,True,45355,True,,,4054,4054,32432,2495,16216,4975,8662,2579,0.30679575727676367,0.534163788850518,0.1590404538727183,0.16206216082881106,0.16230883078441047,0.15786877158362111,0.15392205229403058,32432,True
813,Liszt,Gran_Etudes_de_Paganini_2_La_campanella,piece_2e05d56669b6e388,Liszt/Gran_Etudes_de_Paganini/2_La_campanella/Faliks03.mid,Liszt/Gran_Etudes_de_Paganini/2_La_campanella/midi_score.mid,True,48467,True,,,4091,4091,32728,2726,16364,5546,7932,2886,0.33891469078464925,0.48472256172085065,0.17636274749450012,0.18088486922512834,0.17550721095086777,0.17257394280127109,0.17648496700073332,32728,True
814,Liszt,Gran_Etudes_de_Paganini_2_La_campanella,piece_2e05d56669b6e388,Liszt/Gran_Etudes_de_Paganini/2_La_campanella/Gasanov02.mid,Liszt/Gran_Etudes_de_Paganini/2_La_campanella/midi_score.mid,True,55907,True,,,4167,4167,33336,3195,16668,5674,6653,4341,0.3404127669786417,0.3991480681545476,0.2604391648668107,0.25797936165106794,0.2622990160787137,0.26469882409407247,0.25677945764338855,33336,True
815,Liszt,Gran_Etudes_de_Paganini_2_La_campanella,piece_2e05d56669b6e388,Liszt/Gran_Etudes_de_Paganini/2_La_campanella/HUAN_J03.mid,Liszt/Gran_Etudes_de_Paganini/2_La_campanella/midi_score.mid,True,39165,True,,,4249,4249,33992,2811,16996,1149,10517,5330,0.06760414215109438,0.6187926570957872,0.31360320075311837,0.3132501765121205,0.3137208755001177,0.31207342904212754,0.31536832195810777,33992,True
816,Liszt,Gran_Etudes_de_Paganini_2_La_campanella,piece_2e05d56669b6e388,Liszt/Gran_Etudes_de_Paganini/2_La_campanella/Hao03.mid,Liszt/Gran_Etudes_de_Paganini/2_La_campanella/midi_score.mid,True,41889,True,,,4088,4088,32704,3161,16352,1298,9569,5485,0.07937866927592956,0.5851883561643836,0.3354329745596869,0.336839530332681,0.3419765166340509,0.3324363992172211,0.3304794520547945,32704,True
817,Liszt,Gran_Etudes_de_Paganini_2_La_campanella,piece_2e05d56669b6e388,Liszt/Gran_Etudes_de_Paganini/2_La_campanella/KanM06.mid,Liszt/Gran_Etudes_de_Paganini/2_La_campanella/midi_score.mid,True,65276,True,,,4042,4042,32336,5825,16168,1086,7534,7548,0.06716971796140525,0.4659821870361207,0.46684809500247404,0.4661058881741712,0.46660069272637306,0.46709549727857497,0.4675903018307768,32336,True
818,Liszt,Gran_Etudes_de_Paganini_2_La_campanella,piece_2e05d56669b6e388,Liszt/Gran_Etudes_de_Paganini/2_La_campanella/Kolessova07.mid,Liszt/Gran_Etudes_de_Paganini/2_La_campanella/midi_score.mid,True,43967,True,,,4307,4307,34456,1882,17228,4613,8265,4350,0.2677617831437195,0.4797422800092872,0.2524959368469933,0.2537729277919666,0.2560947295100998,0.2528442071047133,0.2472718829811934,34456,True
819,Liszt,Gran_Etudes_de_Paganini_2_La_campanella,piece_2e05d56669b6e388,Liszt/Gran_Etudes_de_Paganini/2_La_campanella/LeungR04M.mid,Liszt/Gran_Etudes_de_Paganini/2_La_campanella/midi_score.mid,True,44102,True,,,4154,4154,33232,3232,16616,5228,7349,4039,0.3146364949446317,0.4422845450168512,0.2430789600385171,0.24723158401540685,0.24193548387096775,0.24121328839672604,0.24193548387096775,33232,True
820,Liszt,Gran_Etudes_de_Paganini_2_La_campanella,piece_2e05d56669b6e388,Liszt/Gran_Etudes_de_Paganini/2_La_campanella/Levitsky02.mid,Liszt/Gran_Etudes_de_Paganini/2_La_campanella/midi_score.mid,True,55735,True,,,4263,4263,34104,4626,17052,1173,6025,9854,0.06878958479943702,0.35333098756744075,0.5778794276331222,0.5805770584095707,0.5770584095707249,0.5779967159277504,0.5758855266244429,34104,True
821,Liszt,Gran_Etudes_de_Paganini_2_La_campanella,piece_2e05d56669b6e388,Liszt/Gran_Etudes_de_Paganini/2_La_campanella/Levitsky06M.mid,Liszt/Gran_Etudes_de_Paganini/2_La_campanella/midi_score.mid,True,37375,True,,,4249,4249,33992,2872,16996,6607,5628,4761,0.3887385267121676,0.3311367380560132,0.28012473523181924,0.2788891503883267,0.28171334431630973,0.2819486938103083,0.2779477524123323,33992,True
822,Liszt,Gran_Etudes_de_Paganini_2_La_campanella,piece_2e05d56669b6e388,Liszt/Gran_Etudes_de_Paganini/2_La_campanella/Lin02.mid,Liszt/Gran_Etudes_de_Paganini/2_La_campanella/midi_score.mid,True,52569,True,,,4167,4167,33336,4171,16668,1861,6851,7956,0.11165106791456683,0.41102711783057355,0.4773218142548596,0.48020158387329015,0.4782817374610031,0.4754019678425726,0.4754019678425726,33336,True
823,Liszt,Gran_Etudes_de_Paganini_2_La_campanella,piece_2e05d56669b6e388,Liszt/Gran_Etudes_de_Paganini/2_La_campanella/Lin07M.mid,Liszt/Gran_Etudes_de_Paganini/2_La_campanella/midi_score.mid,True,41211,True,,,4133,4133,33064,3884,16532,3792,5440,7300,0.22937333655939995,0.32905879506411806,0.441567868376482,0.44060004839099925,0.4398741834018873,0.4420517783692233,0.44374546334381804,33064,True
824,Liszt,Gran_Etudes_de_Paganini_2_La_campanella,piece_2e05d56669b6e388,Liszt/Gran_Etudes_de_Paganini/2_La_campanella/LiuC05M.mid,Liszt/Gran_Etudes_de_Paganini/2_La_campanella/midi_score.mid,True,34796,True,,,4011,4011,32088,2137,16044,3972,9156,2916,0.2475691847419596,0.5706806282722513,0.18175018698578907,0.19321864871603092,0.18424333084018948,0.17152829718274745,0.17801047120418848,32088,True
825,Liszt,Gran_Etudes_de_Paganini_2_La_campanella,piece_2e05d56669b6e388,Liszt/Gran_Etudes_de_Paganini/2_La_campanella/LiuY03M.mid,Liszt/Gran_Etudes_de_Paganini/2_La_campanella/midi_score.mid,True,33676,True,,,4187,4187,33496,2028,16748,3628,10745,2375,0.21662288034392166,0.6415691425841892,0.1418079770718892,0.14616670647241461,0.13852400286601385,0.13852400286601385,0.1440171960831144,33496,True
826,Liszt,Gran_Etudes_de_Paganini_2_La_campanella,piece_2e05d56669b6e388,Liszt/Gran_Etudes_de_Paganini/2_La_campanella/MunA08M.mid,Liszt/Gran_Etudes_de_Paganini/2_La_campanella/midi_score.mid,True,38888,True,,,4328,4328,34624,2492,17312,4376,9062,3874,0.25277264325323473,0.5234519408502772,0.22377541589648797,0.2262014787430684,0.22134935304990758,0.2231977818853974,0.22435304990757857,34624,True
827,Liszt,Gran_Etudes_de_Paganini_2_La_campanella,piece_2e05d56669b6e388,Liszt/Gran_Etudes_de_Paganini/2_La_campanella/SEBAST02.mid,Liszt/Gran_Etudes_de_Paganini/2_La_campanella/midi_score.mid,True,35642,True,,,4016,4016,32128,2562,16064,3582,7291,5191,0.22298306772908366,0.45387201195219123,0.3231449203187251,0.3259462151394422,0.32345617529880477,0.3207171314741036,0.3224601593625498,32128,True
828,Liszt,Gran_Etudes_de_Paganini_2_La_campanella,piece_2e05d56669b6e388,Liszt/Gran_Etudes_de_Paganini/2_La_campanella/Seredenko02.mid,Liszt/Gran_Etudes_de_Paganini/2_La_campanella/midi_score.mid,True,49252,True,,,4232,4232,33856,3470,16928,4054,8111,4763,0.23948487712665406,0.4791469754253308,0.28136814744801514,0.2795368620037807,0.28331758034026466,0.28119092627599246,0.2814272211720227,33856,True
829,Liszt,Gran_Etudes_de_Paganini_2_La_campanella,piece_2e05d56669b6e388,Liszt/Gran_Etudes_de_Paganini/2_La_campanella/Sychev03.mid,Liszt/Gran_Etudes_de_Paganini/2_La_campanella/midi_score.mid,True,63285,True,,,4121,4121,32968,4618,16484,3912,3010,9562,0.23732103858286824,0.18260131036156274,0.5800776510555691,0.580441640378549,0.5789856830866295,0.5811696190245086,0.5797136617325892,32968,True
830,Liszt,Gran_Etudes_de_Paganini_2_La_campanella,piece_2e05d56669b6e388,Liszt/Gran_Etudes_de_Paganini/2_La_campanella/TET03.mid,Liszt/Gran_Etudes_de_Paganini/2_La_campanella/midi_score.mid,True,43397,True,,,4203,4203,33624,3571,16812,1542,8291,6979,0.09172019985724482,0.49315964787056865,0.4151201522721865,0.41779681180109446,0.41422793242921724,0.4118486795146324,0.41660718534380203,33624,True
831,Liszt,Gran_Etudes_de_Paganini_2_La_campanella,piece_2e05d56669b6e388,Liszt/Gran_Etudes_de_Paganini/2_La_campanella/VuV06M.mid,Liszt/Gran_Etudes_de_Paganini/2_La_campanella/midi_score.mid,True,36454,True,,,4139,4139,33112,2568,16556,3731,9359,3466,0.2253563662720464,0.5652935491664653,0.2093500845614883,0.21696061850688572,0.20681323991302247,0.2046388016429089,0.20898767818313602,33112,True
832,Liszt,Gran_Etudes_de_Paganini_2_La_campanella,piece_2e05d56669b6e388,Liszt/Gran_Etudes_de_Paganini/2_La_campanella/Yang05M.mid,Liszt/Gran_Etudes_de_Paganini/2_La_campanella/midi_score.mid,True,35335,True,,,4097,4097,32776,1672,16388,4224,10394,1770,0.2577495728581889,0.6342445691969734,0.10800585794483769,0.11130095191603612,0.10886014156700025,0.10519892604344643,0.10666341225286795,32776,True
833,Liszt,Gran_Etudes_de_Paganini_2_La_campanella,piece_2e05d56669b6e388,Liszt/Gran_Etudes_de_Paganini/2_La_campanella/Yoon02.mid,Liszt/Gran_Etudes_de_Paganini/2_La_campanella/midi_score.mid,True,40921,True,,,4118,4118,32944,1735,16472,3537,11308,1627,0.21472802331228752,0.6864983001457018,0.09877367654201069,0.09956289460903352,0.09397765905779505,0.10053423992229238,0.1010199125789218,32944,True
834,Liszt,Gran_Etudes_de_Paganini_2_La_campanella,piece_2e05d56669b6e388,Liszt/Gran_Etudes_de_Paganini/2_La_campanella/ZhangH02.mid,Liszt/Gran_Etudes_de_Paganini/2_La_campanella/midi_score.mid,True,51333,True,,,4355,4355,34840,1833,17420,3144,11325,2951,0.18048220436280138,0.6501148105625718,0.16940298507462687,0.17543053960964408,0.16785304247990815,0.16647531572904709,0.16785304247990815,34840,True
835,Liszt,Gran_Etudes_de_Paganini_2_La_campanella,piece_2e05d56669b6e388,Liszt/Gran_Etudes_de_Paganini/2_La_campanella/ZhangH07M.mid,Liszt/Gran_Etudes_de_Paganini/2_La_campanella/midi_score.mid,True,39319,True,,,4533,4533,36264,1780,18132,3935,11737,2460,0.2170196337966027,0.6473086256342379,0.1356717405691595,0.14030443414956983,0.13765718067504965,0.1317008603573792,0.13302448709463932,36264,True
836,Liszt,Gran_Etudes_de_Paganini_6_Theme_and_Variations,piece_4b31472ad4376d9e,Liszt/Gran_Etudes_de_Paganini/6_Theme_and_Variations_repeat/KanM09M.mid,Liszt/Gran_Etudes_de_Paganini/6_Theme_and_Variations_repeat/midi_score.mid,True,60886,True,,,4743,4743,37944,6736,18972,3377,6835,8760,0.17799915665190807,0.36026776301918617,0.46173308032890575,0.4608897322369808,0.4644739616276618,0.46025722116803713,0.46131140628294326,37944,True
837,Liszt,Gran_Etudes_de_Paganini_6_Theme_and_Variations,piece_4b31472ad4376d9e,Liszt/Gran_Etudes_de_Paganini/6_Theme_and_Variations/Krasnitsky03.mid,Liszt/Gran_Etudes_de_Paganini/6_Theme_and_Variations/midi_score.mid,True,41117,True,,,4895,4895,39160,2365,19580,9532,7109,2939,0.48682328907048006,0.36307456588355463,0.15010214504596528,0.14872318692543413,0.1540347293156282,0.1491317671092952,0.14851889683350358,39160,True
838,Liszt,Gran_Etudes_de_Paganini_6_Theme_and_Variations,piece_4b31472ad4376d9e,Liszt/Gran_Etudes_de_Paganini/6_Theme_and_Variations/WangA01.mid,Liszt/Gran_Etudes_de_Paganini/6_Theme_and_Variations/midi_score.mid,True,54708,True,,,4965,4965,39720,3354,19860,4486,6282,9092,0.2258811681772407,0.3163141993957704,0.45780463242698893,0.46324269889224573,0.4557905337361531,0.45417925478348437,0.4580060422960725,39720,True
839,Liszt,Gran_Etudes_de_Paganini_6_Theme_and_Variations,piece_4b31472ad4376d9e,Liszt/Gran_Etudes_de_Paganini/6_Theme_and_Variations/WangA07M.mid,Liszt/Gran_Etudes_de_Paganini/6_Theme_and_Variations/midi_score.mid,True,46184,True,,,4914,4914,39312,4051,19656,6469,3728,9459,0.3291107041107041,0.18966218966218967,0.48122710622710624,0.4827024827024827,0.4810744810744811,0.4810744810744811,0.48005698005698005,39312,True
840,Liszt,Gran_Etudes_de_Paganini_6_Theme_and_Variations,piece_4b31472ad4376d9e,Liszt/Gran_Etudes_de_Paganini/6_Theme_and_Variations_repeat/Yu04.mid,Liszt/Gran_Etudes_de_Paganini/6_Theme_and_Variations_repeat/midi_score.mid,True,43306,True,,,4909,4909,39272,3280,19636,6174,8372,5090,0.3144224893053575,0.4263597474027297,0.2592177632919128,0.26522713383581176,0.2583010796496231,0.2564677123650438,0.25687512731717255,39272,True
841,Liszt,Hungarian_Rhapsodies_6,piece_a395ea44edec1f51,Liszt/Hungarian_Rhapsodies/6/KaiRuiR04.mid,Liszt/Hungarian_Rhapsodies/6/midi_score.mid,True,51068,True,,,5247,5247,41976,4428,20988,7227,7411,6350,0.3443396226415094,0.35310653706880124,0.30255384028968935,0.30646083476272157,0.30283971793405756,0.3005526967791119,0.3003621116828664,41976,True
842,Liszt,Hungarian_Rhapsodies_6,piece_a395ea44edec1f51,Liszt/Hungarian_Rhapsodies/6/LiA09M.mid,Liszt/Hungarian_Rhapsodies/6/midi_score.mid,True,54399,True,,,5337,5337,42696,4795,21348,6204,10302,4842,0.2906127037661608,0.48257448004496906,0.22681281618887014,0.2317781525201424,0.22934232715008432,0.22390856286303168,0.2222222222222222,42696,True
843,Liszt,Hungarian_Rhapsodies_6,piece_a395ea44edec1f51,Liszt/Hungarian_Rhapsodies/6/Ye04.mid,Liszt/Hungarian_Rhapsodies/6/midi_score.mid,True,59673,True,,,4965,4965,39720,3266,19860,7201,8811,3848,0.36258811681772407,0.44365558912386704,0.19375629405840886,0.20161127895266867,0.1935548841893253,0.18992950654582075,0.18992950654582075,39720,True
844,Liszt,Mephisto_Waltz,piece_7195bbce81550519,Liszt/Mephisto_Waltz/Avdeeva03.mid,Liszt/Mephisto_Waltz/midi_score.mid,True,95362,True,,,9643,9643,77144,8329,38572,8783,17890,11899,0.22770403401431089,0.46380794358602095,0.30848802239966816,0.31152131079539563,0.31089909779114383,0.306439904594006,0.3050917764181271,77144,True
845,Liszt,Mephisto_Waltz,piece_7195bbce81550519,Liszt/Mephisto_Waltz/Avdeeva07M.mid,Liszt/Mephisto_Waltz/midi_score.mid,True,86868,True,,,9728,9728,77824,6838,38912,9911,19599,9402,0.25470291940789475,0.503674958881579,0.24162212171052633,0.24557976973684212,0.24383223684210525,0.23972039473684212,0.2373560855263158,77824,True
846,Liszt,Mephisto_Waltz,piece_7195bbce81550519,Liszt/Mephisto_Waltz/ChenGuang24M.mid,Liszt/Mephisto_Waltz/midi_score.mid,True,90585,True,,,9992,9992,79936,5365,39968,9542,25847,4579,0.23874099279423538,0.6466923538831065,0.11456665332265813,0.11409127301841474,0.11509207365892714,0.113791032826261,0.11529223378702963,79936,True
847,Liszt,Mephisto_Waltz,piece_7195bbce81550519,Liszt/Mephisto_Waltz/ChernovA04M.mid,Liszt/Mephisto_Waltz/midi_score.mid,True,86687,True,,,10366,10366,82928,4381,41464,20168,17984,3312,0.4863978390893305,0.43372564152035503,0.0798765193903145,0.07968358093768088,0.08113061933243296,0.08064827320084893,0.07804360409029519,82928,True
848,Liszt,Mephisto_Waltz,piece_7195bbce81550519,Liszt/Mephisto_Waltz/DANILO03.mid,Liszt/Mephisto_Waltz/midi_score.mid,True,80818,True,,,10098,10098,80784,4549,40392,10786,20323,9283,0.2670330758566053,0.5031441869677163,0.22982273717567836,0.234006734006734,0.23172905525846701,0.22648049118637353,0.22707466825113884,80784,True
849,Liszt,Mephisto_Waltz,piece_7195bbce81550519,Liszt/Mephisto_Waltz/DANILO06.mid,Liszt/Mephisto_Waltz/midi_score.mid,True,91694,True,,,10104,10104,80832,4675,40416,9709,15229,15478,0.24022664291369755,0.3768062153602534,0.38296714172604907,0.38568883610451304,0.3843032462391132,0.3817300079176564,0.3801464766429137,80832,True
850,Liszt,Mephisto_Waltz,piece_7195bbce81550519,Liszt/Mephisto_Waltz/Duepree10.mid,Liszt/Mephisto_Waltz/midi_score.mid,True,117480,True,,,10284,10284,82272,8140,41136,11717,13055,16364,0.28483566705562036,0.31736192143134967,0.39780241151303,0.3995527032283158,0.3958576429404901,0.39683002722676003,0.39896927265655385,82272,True
851,Liszt,Mephisto_Waltz,piece_7195bbce81550519,Liszt/Mephisto_Waltz/Giltburg03.mid,Liszt/Mephisto_Waltz/midi_score.mid,True,109547,True,,,10038,10038,80304,5044,40152,10298,20664,9190,0.2564753935046822,0.5146443514644351,0.22888025503088263,0.2309224945208209,0.23022514445108588,0.22783422992628014,0.22653915122534368,80304,True
852,Liszt,Mephisto_Waltz,piece_7195bbce81550519,Liszt/Mephisto_Waltz/HSU04.mid,Liszt/Mephisto_Waltz/midi_score.mid,True,87632,True,,,10088,10088,80704,5606,40352,12060,19594,8698,0.2988699444885012,0.4855769230769231,0.21555313243457574,0.21927042030134813,0.2158009516256939,0.21649484536082475,0.21064631245043616,80704,True
853,Liszt,Mephisto_Waltz,piece_7195bbce81550519,Liszt/Mephisto_Waltz/JIA03.mid,Liszt/Mephisto_Waltz/midi_score.mid,True,88572,True,,,9882,9882,79056,6694,39528,4306,21584,13638,0.10893543817041085,0.5460433110706335,0.3450212507589557,0.3498279700465493,0.3491196114146934,0.34153005464480873,0.3396073669297713,79056,True
854,Liszt,Mephisto_Waltz,piece_7195bbce81550519,Liszt/Mephisto_Waltz/JIA08.mid,Liszt/Mephisto_Waltz/midi_score.mid,True,107405,True,,,10003,10003,80024,5654,40012,10694,17615,11703,0.2672698190542837,0.4402429271218634,0.2924872538238528,0.2962111366590023,0.29201239628111564,0.2910126961911427,0.29071278616415075,80024,True
855,Liszt,Mephisto_Waltz,piece_7195bbce81550519,Liszt/Mephisto_Waltz/Pavlovic03.mid,Liszt/Mephisto_Waltz/midi_score.mid,True,95703,True,,,10108,10108,80864,6400,40432,8779,22693,8960,0.21712999604273842,0.5612633557578156,0.22160664819944598,0.2184408389394539,0.22427779976256432,0.22229916897506924,0.22140878512069648,80864,True
856,Liszt,Mephisto_Waltz,piece_7195bbce81550519,Liszt/Mephisto_Waltz/Tysman07M.mid,Liszt/Mephisto_Waltz/midi_score.mid,True,114790,True,,,10351,10351,82808,8998,41404,8383,17033,15988,0.20246836054487488,0.411385373393875,0.38614626606125013,0.3862428750845329,0.3877886194570573,0.38662931117766397,0.3839242585257463,82808,True
857,Liszt,Mephisto_Waltz,piece_7195bbce81550519,Liszt/Mephisto_Waltz/WangV03.mid,Liszt/Mephisto_Waltz/midi_score.mid,True,103084,True,,,10134,10134,81072,4430,40536,14168,21733,4635,0.34951647917900136,0.5361407144266824,0.11434280639431617,0.11821590684823367,0.11565028616538385,0.10894020130254589,0.11456483126110124,81072,True
858,Liszt,Sonata,piece_6f5b1b229fc9002d,Liszt/Sonata/Dulu07M.mid,Liszt/Sonata/midi_score.mid,True,222373,True,,,16072,16072,128576,31133,64288,12464,19920,31904,0.19387755102040816,0.3098556495769039,0.4962667994026879,0.5016799402687905,0.502177700348432,0.4930313588850174,0.4881781981085117,128576,True
859,Liszt,Sonata,piece_6f5b1b229fc9002d,Liszt/Sonata/Dvorkine03.mid,Liszt/Sonata/midi_score.mid,True,234890,True,,,16506,16506,132048,16367,66024,10005,34708,21311,0.15153580516175935,0.5256876287410639,0.3227765660971768,0.32612383375742154,0.32763843450866353,0.32012601478250335,0.31721798134011875,132048,True
860,Liszt,Sonata,piece_6f5b1b229fc9002d,Liszt/Sonata/Gasanov06M.mid,Liszt/Sonata/midi_score.mid,True,167181,True,,,17016,17016,136128,12396,68064,18453,38221,11390,0.27111248236953456,0.5615450164551011,0.16734250117536437,0.17460037611659615,0.17177950164551012,0.16167136812411848,0.16131875881523272,136128,True
861,Liszt,Sonata,piece_6f5b1b229fc9002d,Liszt/Sonata/GiacomelliN11M.mid,Liszt/Sonata/midi_score.mid,True,190210,True,,,17080,17080,136640,23133,68320,11259,32169,24892,0.1647980093676815,0.47085772833723655,0.364344262295082,0.3673887587822014,0.36463700234192037,0.3612997658079625,0.36405152224824355,136640,True
862,Liszt,Sonata,piece_6f5b1b229fc9002d,Liszt/Sonata/Huang01.mid,Liszt/Sonata/midi_score.mid,True,226910,True,,,15978,15978,127824,15015,63912,13843,30174,19895,0.2165946927024659,0.47211791212917764,0.3112873951683565,0.31336838152459634,0.31462010264113155,0.30917511578420326,0.3079859807234948,127824,True
863,Liszt,Sonata,piece_6f5b1b229fc9002d,Liszt/Sonata/Yeletskiy05M.mid,Liszt/Sonata/midi_score.mid,True,164688,True,,,16298,16298,130384,14648,65192,13918,39264,12010,0.21349245306172537,0.602282488648914,0.18422505828936067,0.1903914590747331,0.18689409743526814,0.1809424469260032,0.1786722297214382,130384,True
864,Liszt,Sonata,piece_6f5b1b229fc9002d,Liszt/Sonata/Zuber07M.mid,Liszt/Sonata/midi_score.mid,True,211770,True,,,16348,16348,130784,29890,65392,9845,25680,29867,0.15055358453633472,0.39270858820650845,0.45673782725715684,0.45754832395400047,0.4597504281869342,0.4568754587717152,0.4527770981159775,130784,True
865,Liszt,Transcendental_Etudes_1,piece_0738b6a632255949,Liszt/Transcendental_Etudes/1/Huang13M.mid,Liszt/Transcendental_Etudes/1/midi_score.mid,True,8072,True,,,636,636,5088,1090,2544,877,113,1554,0.34473270440251574,0.04441823899371069,0.6108490566037735,0.6257861635220126,0.6022012578616353,0.60062893081761,0.6147798742138365,5088,True
866,Liszt,Transcendental_Etudes_1,piece_0738b6a632255949,Liszt/Transcendental_Etudes/1/LuoJ05M.mid,Liszt/Transcendental_Etudes/1/midi_score.mid,True,5920,True,,,629,629,5032,517,2516,183,1139,1194,0.07273449920508744,0.4527027027027027,0.47456279809220986,0.4785373608903021,0.4626391096979332,0.465818759936407,0.4912559618441971,5032,True
867,Liszt,Transcendental_Etudes_10,piece_6d7bceed83883039,Liszt/Transcendental_Etudes/10/CaoJ03M.mid,Liszt/Transcendental_Etudes/10/midi_score.mid,True,34875,True,,,4095,4095,32760,2395,16380,4707,9441,2232,0.28736263736263734,0.5763736263736263,0.13626373626373625,0.14236874236874236,0.1330891330891331,0.13162393162393163,0.13797313797313798,32760,True
868,Liszt,Transcendental_Etudes_10,piece_6d7bceed83883039,Liszt/Transcendental_Etudes/10/Goldberg02.mid,Liszt/Transcendental_Etudes/10/midi_score.mid,True,38220,True,,,4454,4454,35632,2677,17816,2016,12127,3673,0.11315671306690615,0.6806802873821284,0.20616299955096543,0.20857656039515043,0.20610687022900764,0.20902559497081274,0.20094297260889088,35632,True
869,Liszt,Transcendental_Etudes_10,piece_6d7bceed83883039,Liszt/Transcendental_Etudes/10/HAGINO03.mid,Liszt/Transcendental_Etudes/10/midi_score.mid,True,35904,True,,,4252,4252,34016,2358,17008,2844,10795,3369,0.1672154280338664,0.6347013170272813,0.19808325493885232,0.19990592662276577,0.19684854186265288,0.19920037629350892,0.19637817497648166,34016,True
870,Liszt,Transcendental_Etudes_10,piece_6d7bceed83883039,Liszt/Transcendental_Etudes/10/Huang17M.mid,Liszt/Transcendental_Etudes/10/midi_score.mid,True,50733,True,,,4057,4057,32456,5868,16228,4804,2706,8718,0.2960315504067045,0.1667488291841262,0.5372196204091694,0.5390682770520089,0.5331525757949224,0.5361104264234656,0.5405472023662805,32456,True
871,Liszt,Transcendental_Etudes_10,piece_6d7bceed83883039,Liszt/Transcendental_Etudes/10/Hwang03.mid,Liszt/Transcendental_Etudes/10/midi_score.mid,True,36595,True,,,4096,4096,32768,2917,16384,3328,8833,4223,0.203125,0.53912353515625,0.25775146484375,0.26123046875,0.25927734375,0.255126953125,0.25537109375,32768,True
872,Liszt,Transcendental_Etudes_10,piece_6d7bceed83883039,Liszt/Transcendental_Etudes/10/Kim02.mid,Liszt/Transcendental_Etudes/10/midi_score.mid,True,44715,True,,,4142,4142,33136,3686,16568,1845,9378,5345,0.11135924674070498,0.566030902945437,0.322609850313858,0.32665379043940124,0.3225494929985514,0.31844519555770157,0.3227909222597779,33136,True
873,Liszt,Transcendental_Etudes_10,piece_6d7bceed83883039,Liszt/Transcendental_Etudes/10/Ladid02.mid,Liszt/Transcendental_Etudes/10/midi_score.mid,True,62906,True,,,4311,4311,34488,5238,17244,2941,5102,9201,0.17055207608443518,0.29587102760380424,0.5335768963117606,0.5379262352122477,0.530735328230109,0.5316631871955463,0.5339828346091394,34488,True
874,Liszt,Transcendental_Etudes_10,piece_6d7bceed83883039,Liszt/Transcendental_Etudes/10/LeungM06M.mid,Liszt/Transcendental_Etudes/10/midi_score.mid,True,34846,True,,,4169,4169,33352,2256,16676,4172,9469,3035,0.2501798992564164,0.5678220196689854,0.18199808107459822,0.1839769728951787,0.17486207723674743,0.18541616694650995,0.1837371072199568,33352,True
875,Liszt,Transcendental_Etudes_10,piece_6d7bceed83883039,Liszt/Transcendental_Etudes/10/MCVEY02.mid,Liszt/Transcendental_Etudes/10/midi_score.mid,True,45025,True,,,4426,4426,35408,3729,17704,3370,6227,8107,0.1903524627202892,0.35172842295526435,0.45791911432444643,0.4591052869408043,0.45503840939900586,0.45752372345232717,0.4600090375056484,35408,True
876,Liszt,Transcendental_Etudes_10,piece_6d7bceed83883039,Liszt/Transcendental_Etudes/10/MorozovY03.mid,Liszt/Transcendental_Etudes/10/midi_score.mid,True,35388,True,,,4220,4220,33760,2364,16880,4224,10056,2600,0.2502369668246445,0.5957345971563981,0.15402843601895735,0.15639810426540285,0.15473933649289098,0.15189573459715638,0.15308056872037915,33760,True
877,Liszt,Transcendental_Etudes_10,piece_6d7bceed83883039,Liszt/Transcendental_Etudes/10/Qin03.mid,Liszt/Transcendental_Etudes/10/midi_score.mid,True,43511,True,,,4047,4047,32376,2138,16188,3245,10826,2117,0.2004571287373363,0.6687669878922659,0.13077588337039783,0.1334321719792439,0.1309612058314801,0.12923152952804545,0.12947862614282185,32376,True
878,Liszt,Transcendental_Etudes_10,piece_6d7bceed83883039,Liszt/Transcendental_Etudes/10/SUDBIN02.mid,Liszt/Transcendental_Etudes/10/midi_score.mid,True,38046,True,,,4299,4299,34392,2340,17196,1681,11177,4338,0.09775529192835543,0.6499767387764597,0.2522679692951849,0.2591300302395906,0.25168643870667595,0.24703419399860432,0.2512212142358688,34392,True
879,Liszt,Transcendental_Etudes_10,piece_6d7bceed83883039,Liszt/Transcendental_Etudes/10/Shamray02.mid,Liszt/Transcendental_Etudes/10/midi_score.mid,True,44439,True,,,4181,4181,33448,4053,16724,2668,7995,6061,0.15953121262855777,0.478055489117436,0.3624132982540062,0.363310212867735,0.36283185840707965,0.3599617316431476,0.36354939009806264,33448,True
880,Liszt,Transcendental_Etudes_10,piece_6d7bceed83883039,Liszt/Transcendental_Etudes/10/Tran02.mid,Liszt/Transcendental_Etudes/10/midi_score.mid,True,55948,True,,,4435,4435,35480,3862,17740,1279,10614,5847,0.07209695603156709,0.5983089064261555,0.32959413754227734,0.33889515219842165,0.3273957158962796,0.3237880496054115,0.3282976324689966,35480,True
881,Liszt,Transcendental_Etudes_10,piece_6d7bceed83883039,Liszt/Transcendental_Etudes/10/Uiasiuk03.mid,Liszt/Transcendental_Etudes/10/midi_score.mid,True,57546,True,,,4188,4188,33504,3011,16752,1200,11280,4272,0.07163323782234957,0.673352435530086,0.25501432664756446,0.25501432664756446,0.25787965616045844,0.2574021012416428,0.24976122254059216,33504,True
882,Liszt,Transcendental_Etudes_10,piece_6d7bceed83883039,Liszt/Transcendental_Etudes/10/Yeletskiy03.mid,Liszt/Transcendental_Etudes/10/midi_score.mid,True,54246,True,,,4142,4142,33136,3118,16568,2512,8663,5393,0.15161757605021728,0.5228754225012071,0.3255070014485756,0.3264123611781748,0.3244809270883631,0.3271366489618542,0.3239980685659102,33136,True
883,Liszt,Transcendental_Etudes_11,piece_f0b6d59267411d73,Liszt/Transcendental_Etudes/11/Huang18M.mid,Liszt/Transcendental_Etudes/11/midi_score.mid,True,87920,True,,,5113,5113,40904,9183,20452,1735,6670,12047,0.08483277919029923,0.3261294738900841,0.5890377469196166,0.5920203403090162,0.5849794641110894,0.5881087424212791,0.5910424408370819,40904,True
884,Liszt,Transcendental_Etudes_3,piece_189d246a37162f12,Liszt/Transcendental_Etudes/3/Huang14M.mid,Liszt/Transcendental_Etudes/3/midi_score.mid,True,41252,True,,,1911,1911,15288,6897,7644,1149,516,5979,0.15031397174254318,0.06750392464678179,0.7821821036106751,0.7676609105180534,0.7734170591313448,0.7980115122972266,0.7896389324960753,15288,True
885,Liszt,Transcendental_Etudes_4,piece_2925eb83999f5579,Liszt/Transcendental_Etudes/4/Cai03.mid,Liszt/Transcendental_Etudes/4/midi_score.mid,True,57331,True,,,7092,7092,56736,3459,28368,3288,20519,4561,0.11590524534686972,0.723315002820079,0.16077975183305132,0.1644106034968979,0.16003948110547095,0.15891144952058658,0.15975747320924985,56736,True
886,Liszt,Transcendental_Etudes_4,piece_2925eb83999f5579,Liszt/Transcendental_Etudes/4/ChenC02.mid,Liszt/Transcendental_Etudes/4/midi_score.mid,True,61850,True,,,7313,7313,58504,3471,29252,4976,20585,3691,0.1701080268015862,0.7037125666621086,0.12617940653630522,0.1260768494461917,0.13182004649254753,0.1208806235471079,0.12594010665937372,58504,True
887,Liszt,Transcendental_Etudes_4,piece_2925eb83999f5579,Liszt/Transcendental_Etudes/4/Falzone02.mid,Liszt/Transcendental_Etudes/4/midi_score.mid,True,90259,True,,,7311,7311,58488,7227,29244,3442,14022,11780,0.11769935713308713,0.47948297086581865,0.40281767200109425,0.40336479277800574,0.40610039666256326,0.4011763096703597,0.40062918889344823,58488,True
888,Liszt,Transcendental_Etudes_4,piece_2925eb83999f5579,Liszt/Transcendental_Etudes/4/GuoE03M.mid,Liszt/Transcendental_Etudes/4/midi_score.mid,True,62159,True,,,7307,7307,58456,4443,29228,3715,19674,5839,0.12710414670863557,0.6731216641576571,0.1997741891337074,0.20747228684822772,0.20350348980429725,0.19173395374298619,0.19638702613931847,58456,True
889,Liszt,Transcendental_Etudes_4,piece_2925eb83999f5579,Liszt/Transcendental_Etudes/4/Huang15M.mid,Liszt/Transcendental_Etudes/4/midi_score.mid,True,81338,True,,,7158,7158,57264,9145,28632,6412,5937,16283,0.22394523609946912,0.20735540653813914,0.5686993573623917,0.5673372450405141,0.5694328024587874,0.5704107292539815,0.5676166526962839,57264,True
890,Liszt,Transcendental_Etudes_4,piece_2925eb83999f5579,Liszt/Transcendental_Etudes/4/LUO02.mid,Liszt/Transcendental_Etudes/4/midi_score.mid,True,61828,True,,,6704,6704,53632,5403,26816,473,14140,12203,0.017638723150357995,0.5272971360381862,0.45506414081145585,0.45718973747016706,0.4562947494033413,0.4551014319809069,0.45167064439140814,53632,True
891,Liszt,Transcendental_Etudes_4,piece_2925eb83999f5579,Liszt/Transcendental_Etudes/4/LeeE04M.mid,Liszt/Transcendental_Etudes/4/midi_score.mid,True,55901,True,,,6933,6933,55464,3374,27732,4337,19340,4055,0.15638973027549402,0.6973892975623828,0.14622097216212318,0.149286023366508,0.15404586758978797,0.1426510889946632,0.13890090869753355,55464,True
892,Liszt,Transcendental_Etudes_4,piece_2925eb83999f5579,Liszt/Transcendental_Etudes/4/LiuC04M.mid,Liszt/Transcendental_Etudes/4/midi_score.mid,True,51689,True,,,6604,6604,52832,2617,26416,3979,18849,3588,0.15062840702604482,0.7135448213204119,0.13582677165354332,0.1412780133252574,0.14218655360387644,0.12825560266505148,0.1315869170199879,52832,True
893,Liszt,Transcendental_Etudes_4,piece_2925eb83999f5579,Liszt/Transcendental_Etudes/4/Schmitt02.mid,Liszt/Transcendental_Etudes/4/midi_score.mid,True,67481,True,,,7509,7509,60072,5317,30036,4054,21509,4473,0.1349713676921028,0.7161073378612332,0.148921294446664,0.15394859501931016,0.14715674523904648,0.14342788653615662,0.15115195099214276,60072,True
894,Liszt,Transcendental_Etudes_4,piece_2925eb83999f5579,Liszt/Transcendental_Etudes/4/Schneider03.mid,Liszt/Transcendental_Etudes/4/midi_score.mid,True,70265,True,,,7699,7699,61592,5590,30796,3282,19574,7940,0.10657228211456034,0.6356020262371737,0.257825691648266,0.2625016235874789,0.2621119625925445,0.2531497597090531,0.25353942070398755,61592,True
895,Liszt,Transcendental_Etudes_4,piece_2925eb83999f5579,Liszt/Transcendental_Etudes/4/Travinskyy03.mid,Liszt/Transcendental_Etudes/4/midi_score.mid,True,86846,True,,,7164,7164,57312,3903,28656,7309,15944,5403,0.2550600223338917,0.556393076493579,0.1885469011725293,0.19179229480737017,0.19235064209938582,0.18579006141820212,0.18425460636515914,57312,True
896,Liszt,Transcendental_Etudes_5,piece_c9a643a9a73da422,Liszt/Transcendental_Etudes/5/Gryaznov02.mid,Liszt/Transcendental_Etudes/5/midi_score.mid,True,61006,True,,,4414,4414,35312,4348,17656,7452,965,9239,0.42206615314907114,0.054655641141821476,0.5232782057091074,0.5231082917988219,0.5231082917988219,0.5231082917988219,0.5237879474399637,35312,True
897,Liszt,Transcendental_Etudes_5,piece_c9a643a9a73da422,Liszt/Transcendental_Etudes/5/HUAN_B03.mid,Liszt/Transcendental_Etudes/5/midi_score.mid,True,37292,True,,,4290,4290,34320,2421,17160,7907,2233,7020,0.4607808857808858,0.13012820512820514,0.4090909090909091,0.41002331002331005,0.41002331002331005,0.40792540792540793,0.4083916083916084,34320,True
898,Liszt,Transcendental_Etudes_5,piece_c9a643a9a73da422,Liszt/Transcendental_Etudes/5/Huang16M.mid,Liszt/Transcendental_Etudes/5/midi_score.mid,True,45471,True,,,4243,4243,33944,2637,16972,12558,284,4130,0.7399245816639171,0.016733443318406788,0.24334197501767618,0.2411029931652133,0.2425170869667688,0.2462880037709168,0.2434598161678058,33944,True
899,Liszt,Transcendental_Etudes_5,piece_c9a643a9a73da422,Liszt/Transcendental_Etudes/5/Huangci01.mid,Liszt/Transcendental_Etudes/5/midi_score.mid,True,43966,True,,,4308,4308,34464,3723,17232,8217,2251,6764,0.47684540389972147,0.13062906220984216,0.3925255338904364,0.39531104921077065,0.3918291550603528,0.38974001857010215,0.39322191272052,34464,True
900,Liszt,Transcendental_Etudes_5,piece_c9a643a9a73da422,Liszt/Transcendental_Etudes/5/KIM_W02.mid,Liszt/Transcendental_Etudes/5/midi_score.mid,True,36948,True,,,4454,4454,35632,1872,17816,7717,6362,3737,0.4331499775482712,0.3570947462954647,0.20975527615626402,0.21216883700044903,0.20902559497081274,0.2088010776829816,0.20902559497081274,35632,True
901,Liszt,Transcendental_Etudes_5,piece_c9a643a9a73da422,Liszt/Transcendental_Etudes/5/LiuY06M.mid,Liszt/Transcendental_Etudes/5/midi_score.mid,True,40188,True,,,4304,4304,34432,2824,17216,6280,6861,4075,0.36477695167286245,0.3985246282527881,0.23669842007434944,0.23861524163568773,0.24117100371747213,0.23698884758364314,0.2300185873605948,34432,True
902,Liszt,Transcendental_Etudes_5,piece_c9a643a9a73da422,Liszt/Transcendental_Etudes/5/Min03M.mid,Liszt/Transcendental_Etudes/5/midi_score.mid,True,32792,True,,,4215,4215,33720,1687,16860,9017,5235,2608,0.5348161328588374,0.3104982206405694,0.15468564650059313,0.15848161328588375,0.15444839857651246,0.15255041518386714,0.15326215895610915,33720,True
903,Liszt,Transcendental_Etudes_5,piece_c9a643a9a73da422,Liszt/Transcendental_Etudes/5/Park03M.mid,Liszt/Transcendental_Etudes/5/midi_score.mid,True,39723,True,,,4274,4274,34192,3370,17096,7332,4092,5672,0.428872250818905,0.23935423490875057,0.3317735142723444,0.33341132428638276,0.3317735142723444,0.3324754328497894,0.329433785680861,34192,True
904,Liszt,Transcendental_Etudes_5,piece_c9a643a9a73da422,Liszt/Transcendental_Etudes/5/Sun09.mid,Liszt/Transcendental_Etudes/5/midi_score.mid,True,47482,True,,,4466,4466,35728,2166,17864,8926,5248,3690,0.4996641289744738,0.29377519032691446,0.20656068069861172,0.20801612180922527,0.20935960591133004,0.20219435736677116,0.20667263770712047,35728,True
905,Liszt,Transcendental_Etudes_5,piece_c9a643a9a73da422,Liszt/Transcendental_Etudes/5/Wang06M.mid,Liszt/Transcendental_Etudes/5/midi_score.mid,True,39469,True,,,4395,4395,35160,2897,17580,8487,4609,4484,0.4827645051194539,0.26217292377701934,0.25506257110352676,0.259613196814562,0.25802047781569964,0.25278725824800913,0.24982935153583619,35160,True
906,Liszt,Transcendental_Etudes_5,piece_c9a643a9a73da422,Liszt/Transcendental_Etudes/5/WangY02M.mid,Liszt/Transcendental_Etudes/5/midi_score.mid,True,46862,True,,,3972,3972,31776,3937,15888,4280,4994,6614,0.26938569989929506,0.31432527693857,0.41628902316213495,0.4164149043303122,0.4209466263846928,0.4131419939577039,0.41465256797583083,31776,True
907,Liszt,Transcendental_Etudes_9,piece_13d3f9ac4db9286c,Liszt/Transcendental_Etudes/9/ADIG07.mid,Liszt/Transcendental_Etudes/9/midi_score.mid,True,64071,True,,,5144,5144,41152,4736,20576,185,12928,7463,0.008991057542768273,0.6283048211508554,0.36270412130637636,0.3718895800933126,0.36702954898911355,0.3567262830482115,0.3551710730948678,41152,True
908,Liszt,Transcendental_Etudes_9,piece_13d3f9ac4db9286c,Liszt/Transcendental_Etudes/9/WongDoe02_2006.mid,Liszt/Transcendental_Etudes/9/midi_score.mid,True,71312,True,,,4983,4983,39864,5023,19932,1162,14465,4305,0.058298213927353,0.7257174392935982,0.21598434677904876,0.2231587397150311,0.2175396347581778,0.21131848284166166,0.2119205298013245,39864,True
909,Liszt,Transcendental_Etudes_9,piece_13d3f9ac4db9286c,Liszt/Transcendental_Etudes/9/WongDoe02_2009.mid,Liszt/Transcendental_Etudes/9/midi_score.mid,True,71948,True,,,5012,5012,40096,4453,20048,1631,15199,3218,0.08135474860335196,0.7581304868316041,0.1605147645650439,0.16580207501995212,0.162609736632083,0.15682362330407024,0.15682362330407024,40096,True
910,Mozart,Fantasie_475,piece_693aaa60ca84533b,Mozart/Fantasie_475/Huangci05M.mid,Mozart/Fantasie_475/midi_score.mid,True,69471,True,,,3975,3975,31800,11926,15900,3311,6351,6238,0.20823899371069182,0.39943396226415095,0.3923270440251572,0.3914465408805031,0.3952201257861635,0.3949685534591195,0.38767295597484275,31800,True
911,Mozart,Piano_Sonatas_11-3,piece_91f0446a7b86a51b,Mozart/Piano_Sonatas/11-3/Stahievitch02.mid,Mozart/Piano_Sonatas/11-3/midi_score.mid,True,25013,True,,,2821,2821,22568,1840,11284,8213,193,2878,0.727844735909252,0.017103863878057426,0.2550514002126905,0.2598369372562921,0.25239276852180076,0.2531017369727047,0.25487415809996455,22568,True
912,Mozart,Piano_Sonatas_12-1,piece_2323f9c5df0db023,Mozart/Piano_Sonatas/12-1/ADIG01.mid,Mozart/Piano_Sonatas/12-1/midi_score.mid,True,31976,True,,,2511,2511,20088,2240,10044,6620,1001,2423,0.659099960175229,0.09966148944643569,0.24123855037833533,0.25726802070888094,0.23934687375547592,0.23058542413381122,0.23775388291517324,20088,True
913,Mozart,Piano_Sonatas_12-1,piece_2323f9c5df0db023,Mozart/Piano_Sonatas/12-1/MunA03M.mid,Mozart/Piano_Sonatas/12-1/midi_score.mid,True,35675,True,,,2506,2506,20048,4473,10024,4767,402,4855,0.4755586592178771,0.04010375099760575,0.4843375897845172,0.48922585794094176,0.4932162809257781,0.4808459696727853,0.47406225059856344,20048,True
914,Mozart,Piano_Sonatas_12-1,piece_2323f9c5df0db023,Mozart/Piano_Sonatas/12-1/TET01.mid,Mozart/Piano_Sonatas/12-1/midi_score.mid,True,44909,True,,,2506,2506,20048,5020,10024,3065,934,6025,0.3057661612130886,0.09317637669592976,0.6010574620909817,0.5969672785315243,0.6001596169193935,0.602952913008779,0.6041500399042299,20048,True
915,Mozart,Piano_Sonatas_12-1,piece_2323f9c5df0db023,Mozart/Piano_Sonatas/12-1/WuuE02M.mid,Mozart/Piano_Sonatas/12-1/midi_score.mid,True,25634,True,,,2501,2501,20008,2658,10004,6945,1168,1891,0.6942223110755698,0.11675329868052779,0.18902439024390244,0.19272291083566573,0.19032387045181928,0.1915233906437425,0.18152738904438226,20008,True
916,Mozart,Piano_Sonatas_12-2,piece_ff805dac200f8928,Mozart/Piano_Sonatas/12-2/MunA04.mid,Mozart/Piano_Sonatas/12-2/midi_score.mid,True,36682,True,,,1386,1386,11088,4815,5544,1432,702,3410,0.2582972582972583,0.1266233766233766,0.6150793650793651,0.6334776334776335,0.6168831168831169,0.6096681096681097,0.6002886002886003,11088,True
917,Mozart,Piano_Sonatas_12-2,piece_ff805dac200f8928,Mozart/Piano_Sonatas/12-2/WuuE03.mid,Mozart/Piano_Sonatas/12-2/midi_score.mid,True,41397,True,,,1377,1377,11016,7060,5508,847,661,4000,0.1537763253449528,0.12000726216412491,0.7262164124909223,0.7480029048656499,0.710239651416122,0.7189542483660131,0.7276688453159041,11016,True
918,Mozart,Piano_Sonatas_12-3,piece_62bdfb3d64febf13,Mozart/Piano_Sonatas/12-3/BLINOV01.mid,Mozart/Piano_Sonatas/12-3/midi_score.mid,True,31451,True,,,2957,2957,23656,1581,11828,8165,765,2898,0.6903111261413595,0.06467703753804531,0.2450118363205952,0.24551910720324654,0.24551910720324654,0.24856273249915456,0.24044639837673318,23656,True
919,Mozart,Piano_Sonatas_12-3,piece_62bdfb3d64febf13,Mozart/Piano_Sonatas/12-3/MunA05M.mid,Mozart/Piano_Sonatas/12-3/midi_score.mid,True,38569,True,,,2955,2955,23640,4037,11820,6516,216,5088,0.5512690355329949,0.018274111675126905,0.4304568527918782,0.4307952622673435,0.4287648054145516,0.42978003384094754,0.43248730964467,23640,True
920,Mozart,Piano_Sonatas_12-3,piece_62bdfb3d64febf13,Mozart/Piano_Sonatas/12-3/WuuE04M.mid,Mozart/Piano_Sonatas/12-3/midi_score.mid,True,30937,True,,,2941,2941,23528,3470,11764,7546,1687,2531,0.6414484869092145,0.14340360421625298,0.21514790887453247,0.22237334240054404,0.2138728323699422,0.2063923835430126,0.21795307718463108,23528,True
921,Mozart,Piano_Sonatas_8-1,piece_9c183e067769a0ae,Mozart/Piano_Sonatas/8-1/Bogdanovitch01.mid,Mozart/Piano_Sonatas/8-1/midi_score.mid,True,48432,True,,,3280,3280,26240,4033,13120,7303,1209,4608,0.5566310975609756,0.09214939024390244,0.35121951219512193,0.3490853658536585,0.35304878048780486,0.35121951219512193,0.3515243902439024,26240,True
922,Mozart,Piano_Sonatas_8-1,piece_9c183e067769a0ae,Mozart/Piano_Sonatas/8-1/Jia01.mid,Mozart/Piano_Sonatas/8-1/midi_score.mid,True,39291,True,,,3314,3314,26512,2814,13256,6359,3610,3287,0.47970730235365117,0.27232951116475557,0.24796318648159324,0.2528666264333132,0.24411587205793603,0.24713337356668677,0.24773687386843693,26512,True
923,Mozart,Piano_Sonatas_8-1,piece_9c183e067769a0ae,Mozart/Piano_Sonatas/8-1/LEE_J03.mid,Mozart/Piano_Sonatas/8-1/midi_score.mid,True,30878,True,,,3295,3295,26360,590,13180,12198,34,948,0.9254931714719271,0.0025796661608497723,0.07192716236722306,0.07192716236722306,0.07223065250379362,0.07192716236722306,0.07162367223065251,26360,True
924,Mozart,Piano_Sonatas_8-1,piece_9c183e067769a0ae,Mozart/Piano_Sonatas/8-1/Lo01.mid,Mozart/Piano_Sonatas/8-1/midi_score.mid,True,48822,True,,,3306,3306,26448,5249,13224,4515,2278,6431,0.3414246823956443,0.1722625529340593,0.48631276467029644,0.4839685420447671,0.48729582577132485,0.48729582577132485,0.4866908650937689,26448,True
925,Mozart,Piano_Sonatas_8-1,piece_9c183e067769a0ae,Mozart/Piano_Sonatas/8-1/Rozanski02.mid,Mozart/Piano_Sonatas/8-1/midi_score.mid,True,65600,True,,,3328,3328,26624,6754,13312,4764,358,8190,0.35787259615384615,0.026893028846153848,0.615234375,0.6165865384615384,0.6138822115384616,0.6114783653846154,0.6189903846153846,26624,True
926,Prokofiev,Toccata,piece_f4f57a06ccdf1eb7,Prokofiev/Toccata/Colafelice11.mid,Prokofiev/Toccata/midi_score.mid,True,60984,True,,,4570,4570,36560,4928,18280,4707,3448,10125,0.2574945295404814,0.1886214442013129,0.5538840262582057,0.5566739606126915,0.5520787746170678,0.5520787746170678,0.5547045951859956,36560,True
927,Prokofiev,Toccata,piece_f4f57a06ccdf1eb7,Prokofiev/Toccata/Dossin07.mid,Prokofiev/Toccata/midi_score.mid,True,56805,True,,,5204,5204,41632,2381,20816,6329,2479,12008,0.3040449654112221,0.11909108378170638,0.5768639508070715,0.5759031514219831,0.5782090699461953,0.578401229823213,0.5749423520368947,41632,True
928,Prokofiev,Toccata,piece_f4f57a06ccdf1eb7,Prokofiev/Toccata/Fab13.mid,Prokofiev/Toccata/midi_score.mid,True,48971,True,,,4723,4723,37784,2404,18892,8427,880,9585,0.44606182511115816,0.04658056320135507,0.5073576116874867,0.5077281388947703,0.5075164090620369,0.5068812195638366,0.5073046792293034,37784,True
929,Prokofiev,Toccata,piece_f4f57a06ccdf1eb7,Prokofiev/Toccata/Guo04.mid,Prokofiev/Toccata/midi_score.mid,True,50561,True,,,5030,5030,40240,2025,20120,4548,3481,12091,0.22604373757455268,0.17301192842942345,0.6009443339960239,0.6037773359840954,0.6023856858846919,0.6003976143141153,0.5972166998011929,40240,True
930,Prokofiev,Toccata,piece_f4f57a06ccdf1eb7,Prokofiev/Toccata/Kociuban16.mid,Prokofiev/Toccata/midi_score.mid,True,52774,True,,,4843,4843,38744,1915,19372,13974,508,4890,0.7213504026429899,0.02622341523848854,0.2524261821185216,0.2490192029733636,0.25603964484823455,0.25603964484823455,0.24860623580425356,38744,True
931,Prokofiev,Toccata,piece_f4f57a06ccdf1eb7,Prokofiev/Toccata/Lin06.mid,Prokofiev/Toccata/midi_score.mid,True,57825,True,,,4677,4677,37416,4009,18708,4933,3982,9793,0.26368398546076544,0.21285011759675004,0.5234658969424845,0.5204190720547359,0.5249091297840496,0.5261920034209964,0.5223433825101561,37416,True
932,Prokofiev,Toccata,piece_f4f57a06ccdf1eb7,Prokofiev/Toccata/Song04.mid,Prokofiev/Toccata/midi_score.mid,True,51908,True,,,4731,4731,37848,3087,18924,2783,2528,13613,0.14706193193827943,0.1335869794969351,0.7193510885647855,0.7214119636440499,0.7218347072500528,0.7178186429930248,0.7163390403720143,37848,True
933,Prokofiev,Toccata,piece_f4f57a06ccdf1eb7,Prokofiev/Toccata/Teo05.mid,Prokofiev/Toccata/midi_score.mid,True,50318,True,,,4453,4453,35624,2651,17812,8156,5272,4384,0.4578935549068044,0.2959802380417696,0.24612620705142602,0.24927015495171795,0.24455423310128005,0.24410509768695263,0.2465753424657534,35624,True
934,Rachmaninoff,Preludes_op_23_4,piece_79451a8df754f12a,Rachmaninoff/Preludes_op_23/4/ChenGuang12M.mid,Rachmaninoff/Preludes_op_23/4/midi_score.mid,True,25261,True,,,1355,1355,10840,1621,5420,278,4626,516,0.05129151291512915,0.8535055350553505,0.0952029520295203,0.1003690036900369,0.1003690036900369,0.08782287822878229,0.09225092250922509,10840,True
935,Rachmaninoff,Preludes_op_23_4,piece_79451a8df754f12a,Rachmaninoff/Preludes_op_23/4/MorozovS09.mid,Rachmaninoff/Preludes_op_23/4/midi_score.mid,True,22698,True,,,1345,1345,10760,1629,5380,13,4327,1040,0.0024163568773234202,0.804275092936803,0.19330855018587362,0.19553903345724907,0.21635687732342007,0.18661710037174722,0.17472118959107807,10760,True
936,Rachmaninoff,Preludes_op_23_4,piece_79451a8df754f12a,Rachmaninoff/Preludes_op_23/4/WuuE07M.mid,Rachmaninoff/Preludes_op_23/4/midi_score.mid,True,14569,True,,,1344,1344,10752,1558,5376,73,4545,758,0.013578869047619048,0.8454241071428571,0.1409970238095238,0.14136904761904762,0.16071428571428573,0.1331845238095238,0.12872023809523808,10752,True
937,Rachmaninoff,Preludes_op_23_6,piece_2d487d6470e58ef3,Rachmaninoff/Preludes_op_23/6/Nikiforov14M.mid,Rachmaninoff/Preludes_op_23/6/midi_score.mid,True,18373,True,,,1248,1248,9984,2941,4992,318,1906,2768,0.06370192307692307,0.3818108974358974,0.5544871794871795,0.5689102564102564,0.5464743589743589,0.5520833333333334,0.5504807692307693,9984,True
938,Rachmaninoff,Preludes_op_32_10,piece_1a89b80df9a4090a,Rachmaninoff/Preludes_op_32/10/FONG08.mid,Rachmaninoff/Preludes_op_32/10/midi_score.mid,True,22348,True,,,2346,2346,18768,1933,9384,10,4025,5349,0.0010656436487638534,0.42892156862745096,0.5700127877237852,0.572463768115942,0.5720375106564365,0.5694799658994032,0.566069906223359,18768,True
939,Rachmaninoff,Preludes_op_32_10,piece_1a89b80df9a4090a,Rachmaninoff/Preludes_op_32/10/Floril03.mid,Rachmaninoff/Preludes_op_32/10/midi_score.mid,True,52219,True,,,2688,2688,21504,4586,10752,985,5587,4180,0.0916108630952381,0.5196242559523809,0.38876488095238093,0.39285714285714285,0.3869047619047619,0.390625,0.38467261904761907,21504,True
940,Rachmaninoff,Preludes_op_32_5,piece_3adc7a7f4bfa2a9b,Rachmaninoff/Preludes_op_32/5/KorchinskayaKogan03.mid,Rachmaninoff/Preludes_op_32/5/midi_score.mid,True,22793,True,,,1463,1463,11704,1404,5852,10,3289,2553,0.0017088174982911825,0.5620300751879699,0.4362611073137389,0.43267259056732743,0.4374572795625427,0.4395078605604921,0.4354066985645933,11704,True
941,Rachmaninoff,Preludes_op_32_5,piece_3adc7a7f4bfa2a9b,Rachmaninoff/Preludes_op_32/5/Namirovsky06M.mid,Rachmaninoff/Preludes_op_32/5/midi_score.mid,True,21030,True,,,1430,1430,11440,2681,5720,0,2036,3684,0.0,0.3559440559440559,0.644055944055944,0.6468531468531469,0.6468531468531469,0.641958041958042,0.6405594405594406,11440,True
942,Ravel,Gaspard_de_la_Nuit_1_Ondine,piece_d1f013376dcbe4de,Ravel/Gaspard_de_la_Nuit/1_Ondine/Albright01.mid,Ravel/Gaspard_de_la_Nuit/1_Ondine/midi_score.mid,True,65865,True,,,4422,4422,35376,5403,17688,305,8102,9281,0.01724332881049299,0.45805065581184984,0.5247060153776572,0.5291723202170964,0.5237449118046132,0.5214834916327453,0.5244233378561737,35376,True
943,Ravel,Gaspard_de_la_Nuit_1_Ondine,piece_d1f013376dcbe4de,Ravel/Gaspard_de_la_Nuit/1_Ondine/GarritsonL05.mid,Ravel/Gaspard_de_la_Nuit/1_Ondine/midi_score.mid,True,46074,True,,,4323,4323,34584,1374,17292,163,15880,1249,0.009426324311820495,0.9183437427712237,0.07222993291695581,0.0698588942863752,0.07170946102243812,0.07286606523247745,0.0744853111265325,34584,True
944,Ravel,Gaspard_de_la_Nuit_1_Ondine,piece_d1f013376dcbe4de,Ravel/Gaspard_de_la_Nuit/1_Ondine/KharselM09.mid,Ravel/Gaspard_de_la_Nuit/1_Ondine/midi_score.mid,True,51016,True,,,4716,4716,37728,1193,18864,331,17589,944,0.017546649703138253,0.9324109414758269,0.05004240882103478,0.052374893977947416,0.04749787955894826,0.04919423240033927,0.051102629346904155,37728,True
945,Ravel,Gaspard_de_la_Nuit_1_Ondine,piece_d1f013376dcbe4de,Ravel/Gaspard_de_la_Nuit/1_Ondine/KotysV11.mid,Ravel/Gaspard_de_la_Nuit/1_Ondine/midi_score.mid,True,65300,True,,,4514,4514,36112,3731,18056,223,8037,9796,0.012350465219317678,0.4451151971643775,0.5425343376163049,0.5425343376163049,0.5425343376163049,0.5436420026583961,0.5414266725742135,36112,True
946,Ravel,Gaspard_de_la_Nuit_1_Ondine,piece_d1f013376dcbe4de,Ravel/Gaspard_de_la_Nuit/1_Ondine/Ladid03.mid,Ravel/Gaspard_de_la_Nuit/1_Ondine/midi_score.mid,True,66222,True,,,4573,4573,36584,6126,18292,152,3285,14855,0.008309643560026241,0.17958670457030396,0.8121036518696698,0.8147824185436257,0.8121583205773015,0.8106275967636125,0.8108462715941395,36584,True
947,Ravel,Gaspard_de_la_Nuit_1_Ondine,piece_d1f013376dcbe4de,Ravel/Gaspard_de_la_Nuit/1_Ondine/LiYZ08.mid,Ravel/Gaspard_de_la_Nuit/1_Ondine/midi_score.mid,True,53952,True,,,4637,4637,37096,2942,18548,1,14004,4543,5.391416864351952e-05,0.7550140176838473,0.24493206814750917,0.24563295233987492,0.2467112357127453,0.24326072891956005,0.24412335561785636,37096,True
948,Ravel,Gaspard_de_la_Nuit_1_Ondine,piece_d1f013376dcbe4de,Ravel/Gaspard_de_la_Nuit/1_Ondine/WangY09.mid,Ravel/Gaspard_de_la_Nuit/1_Ondine/midi_score.mid,True,50887,True,,,4464,4464,35712,2367,17856,184,15780,1892,0.010304659498207885,0.883736559139785,0.10595878136200716,0.10416666666666667,0.10707885304659498,0.10595878136200716,0.10663082437275985,35712,True
949,Ravel,Miroirs_3_Une_Barque,piece_ceed820a7eb5af6c,Ravel/Miroirs/3_Une_Barque/DupreeF20.mid,Ravel/Miroirs/3_Une_Barque/midi_score.mid,True,53163,True,,,5116,5116,40928,1223,20464,390,19166,908,0.019057857701329162,0.9365715402658327,0.04437060203283816,0.04554339327599687,0.0437842064112588,0.044566067240031274,0.043588741204065674,40928,True
950,Ravel,Miroirs_3_Une_Barque,piece_ceed820a7eb5af6c,Ravel/Miroirs/3_Une_Barque/KimHJ08.mid,Ravel/Miroirs/3_Une_Barque/midi_score.mid,True,56653,True,,,4831,4831,38648,1533,19324,280,17945,1099,0.014489753674187538,0.9286379631546263,0.05687228317118609,0.05816601117780998,0.05816601117780998,0.05588904988615193,0.05526806044297247,38648,True
951,Ravel,Miroirs_3_Une_Barque,piece_ceed820a7eb5af6c,Ravel/Miroirs/3_Une_Barque/ShevchenkoO07.mid,Ravel/Miroirs/3_Une_Barque/midi_score.mid,True,55657,True,,,4644,4644,37152,2695,18576,338,16170,2068,0.018195521102497846,0.8704780361757106,0.11132644272179155,0.11498708010335917,0.11175710594315245,0.11024978466838932,0.10831180017226529,37152,True
952,Ravel,Miroirs_4_Alborada_del_gracioso,piece_a955ad89ca51ceea,Ravel/Miroirs/4_Alborada_del_gracioso/CHOE02.mid,Ravel/Miroirs/4_Alborada_del_gracioso/midi_score.mid,True,41455,True,,,4211,4211,33688,3280,16844,4312,8246,4286,0.2559962004274519,0.48955117549275706,0.254452624079791,0.25575872714319636,0.25884587983851814,0.25100926145808594,0.2521966278793636,33688,True
953,Ravel,Miroirs_4_Alborada_del_gracioso,piece_a955ad89ca51ceea,Ravel/Miroirs/4_Alborada_del_gracioso/Chan02.mid,Ravel/Miroirs/4_Alborada_del_gracioso/midi_score.mid,True,48055,True,,,4125,4125,33000,1947,16500,2693,10296,3511,0.16321212121212123,0.624,0.21278787878787878,0.21648484848484847,0.21721212121212122,0.21042424242424243,0.20703030303030304,33000,True
954,Ravel,Miroirs_4_Alborada_del_gracioso,piece_a955ad89ca51ceea,Ravel/Miroirs/4_Alborada_del_gracioso/DupreeF21.mid,Ravel/Miroirs/4_Alborada_del_gracioso/midi_score.mid,True,53926,True,,,4361,4361,34888,2273,17444,6202,8965,2277,0.35553772070626005,0.5139302912176107,0.13053198807612934,0.13024535656959413,0.13391423985324466,0.12978674615913782,0.1281816097225407,34888,True
955,Ravel,Miroirs_4_Alborada_del_gracioso,piece_a955ad89ca51ceea,Ravel/Miroirs/4_Alborada_del_gracioso/HUAN_J07.mid,Ravel/Miroirs/4_Alborada_del_gracioso/midi_score.mid,True,43503,True,,,4282,4282,34256,3912,17128,4804,3936,8388,0.28047641289117237,0.2297991592713685,0.4897244278374591,0.491359177954227,0.4936945352638954,0.4883232134516581,0.48552078468005605,34256,True
956,Ravel,Miroirs_4_Alborada_del_gracioso,piece_a955ad89ca51ceea,Ravel/Miroirs/4_Alborada_del_gracioso/KimHJ09.mid,Ravel/Miroirs/4_Alborada_del_gracioso/midi_score.mid,True,52324,True,,,4099,4099,32792,2265,16396,6066,8433,1897,0.3699682849475482,0.5143327640888021,0.11569895096364967,0.11636984630397658,0.1232007806782142,0.11344230300073188,0.10978287387167601,32792,True
957,Ravel,Miroirs_4_Alborada_del_gracioso,piece_a955ad89ca51ceea,Ravel/Miroirs/4_Alborada_del_gracioso/LeeN11.mid,Ravel/Miroirs/4_Alborada_del_gracioso/midi_score.mid,True,48307,True,,,3878,3878,31024,2957,15512,7092,5865,2555,0.4571944301186178,0.3780943785456421,0.16471119133574008,0.1707065497679216,0.167354306343476,0.15832903558535327,0.1624548736462094,31024,True
958,Ravel,Miroirs_4_Alborada_del_gracioso,piece_a955ad89ca51ceea,Ravel/Miroirs/4_Alborada_del_gracioso/Shamray04.mid,Ravel/Miroirs/4_Alborada_del_gracioso/midi_score.mid,True,52426,True,,,4266,4266,34128,4486,17064,5183,7038,4843,0.3037388654477262,0.41244725738396626,0.2838138771683075,0.28574777308954524,0.28316924519456166,0.2819971870604782,0.2843413033286451,34128,True
959,Ravel,Miroirs_4_Alborada_del_gracioso,piece_a955ad89ca51ceea,Ravel/Miroirs/4_Alborada_del_gracioso/Shamray08.mid,Ravel/Miroirs/4_Alborada_del_gracioso/midi_score.mid,True,50945,True,,,4239,4239,33912,5336,16956,4173,8032,4751,0.24610757254069357,0.4736966265628686,0.28019580089643786,0.2800188723755603,0.28686010851615945,0.27530077848549184,0.2786034442085398,33912,True
960,Ravel,Miroirs_4_Alborada_del_gracioso,piece_a955ad89ca51ceea,Ravel/Miroirs/4_Alborada_del_gracioso/ShevchenkoO08.mid,Ravel/Miroirs/4_Alborada_del_gracioso/midi_score.mid,True,52725,True,,,4069,4069,32552,2907,16276,6558,7480,2238,0.4029245514868518,0.4595723765052839,0.13750307200786435,0.13738019169329074,0.13934627672646843,0.13516834603096584,0.13811747358073237,32552,True
961,Ravel,Miroirs_4_Alborada_del_gracioso,piece_a955ad89ca51ceea,Ravel/Miroirs/4_Alborada_del_gracioso/Zhdanov09.mid,Ravel/Miroirs/4_Alborada_del_gracioso/midi_score.mid,True,61134,True,,,4196,4196,33568,4371,16784,2515,5924,8345,0.14984509056244041,0.35295519542421355,0.49719971401334606,0.4997616777883699,0.49952335557673977,0.49571020019065776,0.4938036224976168,33568,True
962,Ravel,Pavane,piece_de3f82957f1b3532,Ravel/Pavane/ChenS03.mid,Ravel/Pavane/midi_score.mid,True,45158,True,,,1789,1789,14312,5236,7156,67,613,6476,0.00936277249860257,0.08566238121855785,0.9049748462828395,0.9055338177752935,0.907769703745109,0.9060927892677474,0.9005030743432085,14312,True
963,Ravel,Pavane,piece_de3f82957f1b3532,Ravel/Pavane/Zhdanov08.mid,Ravel/Pavane/midi_score.mid,True,42819,True,,,1766,1766,14128,5227,7064,21,4364,2679,0.00297281993204983,0.6177802944507361,0.37924688561721404,0.37768969422423554,0.4031710079275198,0.3708946772366931,0.3652321630804077,14128,True
964,Schubert,Impromptu_op.90_D.899_1,piece_2430af0e4556b7f2,Schubert/Impromptu_op.90_D.899/1/Duepree08M.mid,Schubert/Impromptu_op.90_D.899/1/midi_score.mid,True,79558,True,,,4968,4968,39744,12739,19872,3042,1132,15698,0.15307971014492755,0.0569645732689211,0.7899557165861514,0.7956924315619968,0.7820048309178744,0.7884460547504025,0.7936795491143317,39744,True
965,Schubert,Impromptu_op.90_D.899_1,piece_2430af0e4556b7f2,Schubert/Impromptu_op.90_D.899/1/Jin05M.mid,Schubert/Impromptu_op.90_D.899/1/midi_score.mid,True,51672,True,,,4917,4917,39336,5683,19668,4369,11487,3812,0.2221374822045963,0.5840451494813911,0.1938173683140126,0.18974984746796827,0.20540980272523895,0.19503762456782592,0.1850721984950173,39336,True
966,Schubert,Impromptu_op.90_D.899_1,piece_2430af0e4556b7f2,Schubert/Impromptu_op.90_D.899/1/Sun03.mid,Schubert/Impromptu_op.90_D.899/1/midi_score.mid,True,95993,True,,,4967,4967,39736,12286,19868,465,6378,13025,0.023404469498691363,0.32101872357559896,0.6555768069257096,0.6657942419971814,0.6631769679887256,0.650493255486209,0.6428427622307228,39736,True
967,Schubert,Impromptu_op.90_D.899_1,piece_2430af0e4556b7f2,Schubert/Impromptu_op.90_D.899/1/Teo06M.mid,Schubert/Impromptu_op.90_D.899/1/midi_score.mid,True,85114,True,,,4850,4850,38800,12820,19400,1412,7697,10291,0.07278350515463917,0.39675257731958763,0.5304639175257732,0.5470103092783505,0.5311340206185567,0.5222680412371135,0.5214432989690722,38800,True
968,Schubert,Impromptu_op.90_D.899_2,piece_bd8e83041b17355e,Schubert/Impromptu_op.90_D.899/2/Denisova11M.mid,Schubert/Impromptu_op.90_D.899/2/midi_score.mid,True,38231,True,,,3151,3151,25208,4363,12604,2039,2373,8192,0.1617740399873056,0.18827356394795303,0.6499523960647413,0.6455093621072675,0.6461440812440495,0.657251666137734,0.6509044747699143,25208,True
969,Schubert,Impromptu_op.90_D.899_2,piece_bd8e83041b17355e,Schubert/Impromptu_op.90_D.899/2/Dossin03.mid,Schubert/Impromptu_op.90_D.899/2/midi_score.mid,True,46057,True,,,3178,3178,25424,3826,12712,596,1864,10252,0.04688483322844556,0.14663310258023915,0.8064820641913153,0.8124606670862178,0.8099433606041535,0.7992448080553808,0.8042794210195091,25424,True
970,Schubert,Impromptu_op.90_D.899_2,piece_bd8e83041b17355e,Schubert/Impromptu_op.90_D.899/2/FaB06M.mid,Schubert/Impromptu_op.90_D.899/2/midi_score.mid,True,48804,True,,,3145,3145,25160,5606,12580,1281,12,11287,0.10182829888712241,0.0009538950715421304,0.8972178060413355,0.8976152623211446,0.89697933227345,0.8972972972972973,0.89697933227345,25160,True
971,Schubert,Impromptu_op.90_D.899_2,piece_bd8e83041b17355e,Schubert/Impromptu_op.90_D.899/2/HuNY06M.mid,Schubert/Impromptu_op.90_D.899/2/midi_score.mid,True,36424,True,,,3151,3151,25208,4266,12604,2066,6626,3912,0.16391621707394477,0.52570612503967,0.31037765788638527,0.317359568390987,0.31069501745477623,0.3072040622024754,0.3062519834973024,25208,True
972,Schubert,Impromptu_op.90_D.899_2,piece_bd8e83041b17355e,Schubert/Impromptu_op.90_D.899/2/KaiRuiR05M.mid,Schubert/Impromptu_op.90_D.899/2/midi_score.mid,True,42312,True,,,3153,3153,25224,5640,12612,1598,3881,7133,0.1267047256581034,0.3077228036790358,0.5655724706628608,0.5613701236917221,0.5683476054551221,0.5692990802410403,0.5632730732635585,25224,True
973,Schubert,Impromptu_op.90_D.899_2,piece_bd8e83041b17355e,Schubert/Impromptu_op.90_D.899/2/Levitsky09M.mid,Schubert/Impromptu_op.90_D.899/2/midi_score.mid,True,34932,True,,,3116,3116,24928,4159,12464,4385,3022,5057,0.3518132220795892,0.24245827984595636,0.40572849807445444,0.40596919127086006,0.41142490372272145,0.4072528883183569,0.39826700898587936,24928,True
974,Schubert,Impromptu_op.90_D.899_2,piece_bd8e83041b17355e,Schubert/Impromptu_op.90_D.899/2/Nikiforov09M.mid,Schubert/Impromptu_op.90_D.899/2/midi_score.mid,True,40891,True,,,3122,3122,24976,5657,12488,1917,2807,7764,0.1535073670723895,0.22477578475336324,0.6217168481742473,0.6204356181934657,0.6249199231262011,0.6191543882126842,0.622357463164638,24976,True
975,Schubert,Impromptu_op.90_D.899_3,piece_ac9e8f67567352c5,Schubert/Impromptu_op.90_D.899/3/Hou06M.mid,Schubert/Impromptu_op.90_D.899/3/midi_score.mid,True,40330,True,,,2587,2587,20696,6488,10348,353,4273,5722,0.03411287205257055,0.41293003478933127,0.5529570931580982,0.5469655972168534,0.5554696559721686,0.561654425976034,0.5477386934673367,20696,True
976,Schubert,Impromptu_op.90_D.899_3,piece_ac9e8f67567352c5,Schubert/Impromptu_op.90_D.899/3/JeonH06M.mid,Schubert/Impromptu_op.90_D.899/3/midi_score.mid,True,29871,True,,,2570,2570,20560,4003,10280,106,8315,1859,0.010311284046692607,0.808852140077821,0.18083657587548638,0.1715953307392996,0.18093385214007782,0.18988326848249026,0.18093385214007782,20560,True
977,Schubert,Impromptu_op.90_D.899_3,piece_ac9e8f67567352c5,Schubert/Impromptu_op.90_D.899/3/Ko08M.mid,Schubert/Impromptu_op.90_D.899/3/midi_score.mid,True,32663,True,,,2551,2551,20408,4118,10204,642,7626,1936,0.06291650333202665,0.7473539788318306,0.1897295178361427,0.17992943943551548,0.19168953351626813,0.1963935711485692,0.19090552724421794,20408,True
978,Schubert,Impromptu_op.90_D.899_3,piece_ac9e8f67567352c5,Schubert/Impromptu_op.90_D.899/3/Kociuban10M.mid,Schubert/Impromptu_op.90_D.899/3/midi_score.mid,True,56368,True,,,2607,2607,20856,8641,10428,597,139,9692,0.05724971231300345,0.013329497506712697,0.9294207901802839,0.9305715381664749,0.935174530111239,0.9298043728423475,0.922132719601074,20856,True
979,Schubert,Impromptu_op.90_D.899_3,piece_ac9e8f67567352c5,Schubert/Impromptu_op.90_D.899/3/LEE_K04M.mid,Schubert/Impromptu_op.90_D.899/3/midi_score.mid,True,31811,True,,,2574,2574,20592,3385,10296,73,3455,6768,0.00709013209013209,0.33556721056721056,0.6573426573426573,0.6573426573426573,0.6585081585081585,0.6561771561771562,0.6573426573426573,20592,True
980,Schubert,Impromptu_op.90_D.899_3,piece_ac9e8f67567352c5,Schubert/Impromptu_op.90_D.899/3/LeeSH08M.mid,Schubert/Impromptu_op.90_D.899/3/midi_score.mid,True,32029,True,,,2568,2568,20544,4183,10272,250,7680,2342,0.024338006230529594,0.7476635514018691,0.22799844236760125,0.21845794392523366,0.2223520249221184,0.23325545171339565,0.23792834890965733,20544,True
981,Schubert,Impromptu_op.90_D.899_3,piece_ac9e8f67567352c5,Schubert/Impromptu_op.90_D.899/3/Mizumoto07M.mid,Schubert/Impromptu_op.90_D.899/3/midi_score.mid,True,37360,True,,,2517,2517,20136,6048,10068,179,4886,5003,0.017779102105681368,0.48529996027016287,0.49692093762415573,0.49821215733015495,0.5057608263806118,0.4950337703615415,0.48867699642431467,20136,True
982,Schubert,Impromptu_op.90_D.899_3,piece_ac9e8f67567352c5,Schubert/Impromptu_op.90_D.899/3/Sham06.mid,Schubert/Impromptu_op.90_D.899/3/midi_score.mid,True,39295,True,,,2557,2557,20456,4189,10228,140,7047,3041,0.01368791552600704,0.688991005084083,0.29732107938991004,0.2937035588580368,0.29565897536175206,0.3026984747751271,0.2972233085647243,20456,True
983,Schubert,Impromptu_op.90_D.899_3,piece_ac9e8f67567352c5,Schubert/Impromptu_op.90_D.899/3/Woo10M.mid,Schubert/Impromptu_op.90_D.899/3/midi_score.mid,True,42380,True,,,2531,2531,20248,7031,10124,650,935,8539,0.06420387198735678,0.0923548004741209,0.8434413275385223,0.8557882259976294,0.8522323192414065,0.8297115764519952,0.8360331884630581,20248,True
984,Schubert,Impromptu_op.90_D.899_3,piece_ac9e8f67567352c5,Schubert/Impromptu_op.90_D.899/3/WuuE10M.mid,Schubert/Impromptu_op.90_D.899/3/midi_score.mid,True,33714,True,,,2564,2564,20512,4964,10256,134,7261,2861,0.013065522620904836,0.7079758190327613,0.2789586583463339,0.2839313572542902,0.2878315132605304,0.27301092043681746,0.2710608424336973,20512,True
985,Schubert,Impromptu_op.90_D.899_3,piece_ac9e8f67567352c5,Schubert/Impromptu_op.90_D.899/3/ZhangW07M.mid,Schubert/Impromptu_op.90_D.899/3/midi_score.mid,True,52389,True,,,2578,2578,20624,8522,10312,352,1460,8500,0.03413498836307215,0.14158262218774242,0.8242823894491854,0.8231186966640807,0.8289371605896043,0.8227307990690458,0.8223429014740109,20624,True
986,Schubert,Impromptu_op.90_D.899_3,piece_ac9e8f67567352c5,Schubert/Impromptu_op.90_D.899/3/ZhaoK10M.mid,Schubert/Impromptu_op.90_D.899/3/midi_score.mid,True,40866,True,,,2576,2576,20608,4442,10304,11,6499,3794,0.0010675465838509317,0.6307259316770186,0.36820652173913043,0.36684782608695654,0.3703416149068323,0.36607142857142855,0.3695652173913043,20608,True
987,Schubert,Impromptu_op.90_D.899_4,piece_ddcdadeb240f1dd6,Schubert/Impromptu_op.90_D.899/4/Dossin04.mid,Schubert/Impromptu_op.90_D.899/4/midi_score.mid,True,72399,True,,,5434,5434,43472,4896,21736,545,12676,8515,0.02507361059992639,0.58317997791682,0.39174641148325356,0.4065145380934855,0.3991534781008465,0.38075082811924915,0.3805668016194332,43472,True
988,Schubert,Impromptu_op.90_D.899_4,piece_ddcdadeb240f1dd6,Schubert/Impromptu_op.90_D.899/4_no_repeat/Huang10M.mid,Schubert/Impromptu_op.90_D.899/4_no_repeat/midi_score.mid,True,66975,True,,,4282,4282,34256,8695,17128,4390,163,12575,0.2563054647361046,0.009516581036898645,0.7341779542269967,0.734936945352639,0.7269967304997664,0.734936945352639,0.7398411957029426,34256,True
989,Schubert,Impromptu_op.90_D.899_4,piece_ddcdadeb240f1dd6,Schubert/Impromptu_op.90_D.899/4_no_repeat/Lin11M.mid,Schubert/Impromptu_op.90_D.899/4_no_repeat/midi_score.mid,True,48714,True,,,4239,4239,33912,5707,16956,2267,3283,11406,0.13369898560981364,0.19361877801368246,0.6726822363765039,0.6742156168907761,0.6659589525831564,0.6728001887237556,0.6777541873083275,33912,True
990,Schubert,Impromptu_op.90_D.899_4,piece_ddcdadeb240f1dd6,Schubert/Impromptu_op.90_D.899/4_no_repeat/LuoJ09M.mid,Schubert/Impromptu_op.90_D.899/4_no_repeat/midi_score.mid,True,56320,True,,,4310,4310,34480,7885,17240,100,7962,9178,0.00580046403712297,0.4618329466357309,0.5323665893271462,0.5422273781902552,0.5380510440835267,0.5232018561484919,0.5259860788863109,34480,True
991,Schubert,Impromptu_op.90_D.899_4,piece_ddcdadeb240f1dd6,Schubert/Impromptu_op.90_D.899/4_no_repeat/WongWY08M.mid,Schubert/Impromptu_op.90_D.899/4_no_repeat/midi_score.mid,True,55919,True,,,4425,4425,35400,6477,17700,302,10852,6546,0.017062146892655367,0.6131073446327684,0.36983050847457627,0.37242937853107344,0.37107344632768363,0.3706214689265537,0.36519774011299433,35400,True
992,Schubert,Impromptu_op142_1,piece_d88a34d8862446d1,Schubert/Impromptu_op142/1/Kleisen02.mid,Schubert/Impromptu_op142/1/midi_score.mid,True,107994,True,,,5932,5932,47456,12769,23728,2676,763,20289,0.11277815239379636,0.03215610249494268,0.855065745111261,0.8572151045178692,0.8545178691840863,0.8530006743088334,0.8555293324342549,47456,True
993,Schubert,Impromptu_op142_1,piece_d88a34d8862446d1,Schubert/Impromptu_op142/1/Kleisen10M.mid,Schubert/Impromptu_op142/1/midi_score.mid,True,83382,True,,,5935,5935,47480,10652,23740,3182,25,20533,0.13403538331929232,0.0010530749789385003,0.8649115417017692,0.8638584667228306,0.8630160067396798,0.8662173546756529,0.8665543386689132,47480,True
994,Schubert,Impromptu_op142_1,piece_d88a34d8862446d1,Schubert/Impromptu_op142/1/Lisiecki10M.mid,Schubert/Impromptu_op142/1/midi_score.mid,True,105370,True,,,6499,6499,51992,12488,25996,9252,183,16561,0.35590090783197414,0.007039544545314664,0.6370595476227112,0.6380981689490691,0.6313278965994769,0.6385597784274504,0.6402523465148484,51992,True
995,Schubert,Impromptu_op142_1,piece_d88a34d8862446d1,Schubert/Impromptu_op142/1/Ozaki07M.mid,Schubert/Impromptu_op142/1/midi_score.mid,True,78925,True,,,5978,5978,47824,11408,23912,4269,8501,11142,0.17852960856473737,0.3555118768819003,0.46595851455336235,0.4652057544329207,0.47323519571763134,0.46620943459350955,0.45918367346938777,47824,True
996,Schubert,Impromptu_op142_3,piece_80d363237f97f827,Schubert/Impromptu_op142/3/Cui04.mid,Schubert/Impromptu_op142/3/midi_score.mid,True,111443,True,,,6140,6140,49120,14292,24560,3287,2703,18570,0.1338355048859935,0.11005700325732899,0.7561074918566775,0.7472312703583062,0.7535830618892508,0.7609120521172639,0.7627035830618892,49120,True
997,Schubert,Impromptu_op142_3,piece_80d363237f97f827,Schubert/Impromptu_op142/3/Lin05.mid,Schubert/Impromptu_op142/3/midi_score.mid,True,120166,True,,,6377,6377,51016,13449,25508,2667,10311,12530,0.10455543358946214,0.40422612513721184,0.49121844127332603,0.4949035596675553,0.5005488474204172,0.48957189901207465,0.47984945899325704,51016,True
998,Schubert,Impromptu_op142_3,piece_80d363237f97f827,Schubert/Impromptu_op142/3/Richardson07M.mid,Schubert/Impromptu_op142/3/midi_score.mid,True,70068,True,,,6115,6115,48920,8708,24460,3060,13133,8267,0.12510220768601799,0.5369174161896975,0.33798037612428455,0.3385118560915781,0.3453802125919869,0.33524121013900243,0.3327882256745707,48920,True
999,Schubert,Impromptu_op142_3,piece_80d363237f97f827,Schubert/Impromptu_op142/3/RichardsonC06M.mid,Schubert/Impromptu_op142/3/midi_score.mid,True,81943,True,,,6297,6297,50376,11503,25188,161,11562,13465,0.006391932666349055,0.4590281086231539,0.534579958710497,0.5375575670954422,0.5421629347308242,0.5332698110211211,0.5253295219946006,50376,True
1000,Schubert,Impromptu_op142_3,piece_80d363237f97f827,Schubert/Impromptu_op142/3/SunY08M.mid,Schubert/Impromptu_op142/3/midi_score.mid,True,53100,True,,,5389,5389,43112,5094,21556,4672,13646,3238,0.21673779922063463,0.6330488031174615,0.1502133976619039,0.15327519020226388,0.15141955835962145,0.15457413249211358,0.14158470959361663,43112,True
1001,Schubert,Impromptu_op142_3,piece_80d363237f97f827,Schubert/Impromptu_op142/3/Tuncali02.mid,Schubert/Impromptu_op142/3/midi_score.mid,True,114763,True,,,6312,6312,50496,14946,25248,2359,3664,19225,0.0934331432192649,0.14512040557667935,0.7614464512040557,0.7634664131812421,0.7549112801013942,0.7639416983523447,0.7634664131812421,50496,True
1002,Schubert,Impromptu_op142_3,piece_80d363237f97f827,Schubert/Impromptu_op142/3/WangH06M.mid,Schubert/Impromptu_op142/3/midi_score.mid,True,70200,True,,,6304,6304,50432,6824,25216,2922,17784,4510,0.11587880710659898,0.7052664974619289,0.1788546954314721,0.1870241116751269,0.18638959390862944,0.16894035532994925,0.17306472081218274,50432,True
1003,Schubert,Impromptu_op142_3,piece_80d363237f97f827,Schubert/Impromptu_op142/3/YoungS06M.mid,Schubert/Impromptu_op142/3/midi_score.mid,True,83300,True,,,6351,6351,50808,11927,25404,403,13074,11927,0.0158636435207054,0.5146433632498819,0.4694929932294127,0.47866477720044087,0.48086915446386397,0.46165958116831995,0.456778460085026,50808,True
1004,Schubert,Moment_Musical_no_1,piece_55e9a7a3fa4b411e,Schubert/Moment_Musical_no_1/MunA10M.mid,Schubert/Moment_Musical_no_1/midi_score.mid,True,43467,True,,,2634,2634,21072,6659,10536,1041,2641,6854,0.09880410022779043,0.25066438876233865,0.6505315110098709,0.6678056188306758,0.6594533029612756,0.6431283219438116,0.6317388003037205,21072,True
1005,Schubert,Moment_musical_no_3,piece_ec17f7ce49a2e05c,Schubert/Moment_musical_no_3/Tetzloff09M.mid,Schubert/Moment_musical_no_3/midi_score.mid,True,13243,True,,,1034,1034,8272,1801,4136,2016,0,2120,0.4874274661508704,0.0,0.5125725338491296,0.49709864603481624,0.5019342359767892,0.5299806576402321,0.5212765957446809,8272,True
1006,Schubert,Piano_Sonatas_664-1,piece_759b324c1cceac54,Schubert/Piano_Sonatas/664-1/BuiJL06M.mid,Schubert/Piano_Sonatas/664-1/midi_score.mid,True,44322,True,,,2363,2363,18904,8164,9452,316,1617,7519,0.03343207786711807,0.1710749047820567,0.7954930173508252,0.7964451967837495,0.7994075327972916,0.7926364790520525,0.7934828607702074,18904,True
1007,Schubert,Piano_Sonatas_664-1,piece_759b324c1cceac54,Schubert/Piano_Sonatas/664-1/KabuliL10M.mid,Schubert/Piano_Sonatas/664-1/midi_score.mid,True,51189,True,,,2412,2412,19296,9732,9648,399,1299,7950,0.041355721393034825,0.13463930348258707,0.8240049751243781,0.8275290215588723,0.8213101160862355,0.8233830845771144,0.8237976782752903,19296,True
1008,Schubert,Piano_Sonatas_664-1,piece_759b324c1cceac54,Schubert/Piano_Sonatas/664-1/Lin07.mid,Schubert/Piano_Sonatas/664-1/midi_score.mid,True,46907,True,,,2418,2418,19344,5033,9672,51,3807,5814,0.005272952853598015,0.3936104218362283,0.6011166253101737,0.618693134822167,0.6124896608767576,0.5893300248138957,0.5839536807278742,19344,True
1009,Schubert,Piano_Sonatas_664-1,piece_759b324c1cceac54,Schubert/Piano_Sonatas/664-1/Mo10M.mid,Schubert/Piano_Sonatas/664-1/midi_score.mid,True,34227,True,,,2372,2372,18976,4941,9488,702,5442,3344,0.07398819561551434,0.573566610455312,0.3524451939291737,0.3553962900505902,0.35497470489038785,0.3545531197301855,0.3448566610455312,18976,True
1010,Schubert,Piano_Sonatas_664-2,piece_a64ffdb2b34d34d1,Schubert/Piano_Sonatas/664-2/KabuliL11.mid,Schubert/Piano_Sonatas/664-2/midi_score.mid,True,38701,True,,,1321,1321,10568,6015,5284,58,1628,3598,0.01097653292959879,0.3080999242997729,0.6809235427706283,0.6896290688872067,0.6752460257380772,0.6790310370931113,0.6797880393641181,10568,True
1011,Schubert,Piano_Sonatas_664-2,piece_a64ffdb2b34d34d1,Schubert/Piano_Sonatas/664-2/Lin07.mid,Schubert/Piano_Sonatas/664-2/midi_score.mid,True,29209,True,,,1378,1378,11024,2768,5512,9,4422,1081,0.001632801161103048,0.8022496371552975,0.19611756168359942,0.20101596516690856,0.22859216255442671,0.18359941944847605,0.17126269956458637,11024,True
1012,Schubert,Piano_Sonatas_664-3,piece_9ec0fa278889ef5a,Schubert/Piano_Sonatas/664-3/KabuliL12M.mid,Schubert/Piano_Sonatas/664-3/midi_score.mid,True,48677,True,,,3364,3364,26912,7164,13456,4557,883,8016,0.33865933412604043,0.06562128418549346,0.5957193816884662,0.5924494649227111,0.5885850178359097,0.6019619500594531,0.5998810939357907,26912,True
1013,Schubert,Piano_Sonatas_664-3,piece_9ec0fa278889ef5a,Schubert/Piano_Sonatas/664-3/Lin07.mid,Schubert/Piano_Sonatas/664-3/midi_score.mid,True,65034,True,,,3541,3541,28328,6854,14164,186,1621,12357,0.013131883648686811,0.1144450720135555,0.8724230443377577,0.8729172550127082,0.8740468794125953,0.870940412312906,0.8717876306128213,28328,True
1014,Schubert,Piano_Sonatas_894-2,piece_4c994f0ce76df283,Schubert/Piano_Sonatas/894-2/KimSY16.mid,Schubert/Piano_Sonatas/894-2/midi_score.mid,True,90965,True,,,3280,3280,26240,15150,13120,1798,2048,9274,0.13704268292682928,0.15609756097560976,0.706859756097561,0.7006097560975609,0.7088414634146342,0.7100609756097561,0.7079268292682926,26240,True
1015,Schubert,Piano_Sonatas_894-2,piece_4c994f0ce76df283,Schubert/Piano_Sonatas/894-2/LEE_K08.mid,Schubert/Piano_Sonatas/894-2/midi_score.mid,True,55198,True,,,3325,3325,26600,5700,13300,1352,3347,8601,0.10165413533834586,0.25165413533834585,0.6466917293233083,0.6547368421052632,0.6547368421052632,0.638796992481203,0.6384962406015038,26600,True
1016,Schubert,Piano_Sonatas_894-2,piece_4c994f0ce76df283,Schubert/Piano_Sonatas/894-2/Yeletskiy08M.mid,Schubert/Piano_Sonatas/894-2/midi_score.mid,True,62468,True,,,3288,3288,26304,8640,13152,3159,3138,6855,0.24019160583941607,0.2385948905109489,0.521213503649635,0.5191605839416058,0.5215936739659367,0.5225060827250608,0.5215936739659367,26304,True
1017,Schubert,Piano_Sonatas_894-2,piece_4c994f0ce76df283,Schubert/Piano_Sonatas/894-2_no_repeat/BianF14.mid,Schubert/Piano_Sonatas/894-2_no_repeat/midi_score.mid,True,72890,True,,,3010,3010,24080,11276,12040,743,4102,7195,0.0617109634551495,0.34069767441860466,0.5975913621262459,0.5993355481727575,0.5983388704318937,0.59734219269103,0.5953488372093023,24080,True
1018,Schubert,Piano_Sonatas_894-2,piece_4c994f0ce76df283,Schubert/Piano_Sonatas/894-2_no_repeat/CHEN11M.mid,Schubert/Piano_Sonatas/894-2_no_repeat/midi_score.mid,True,56858,True,,,3030,3030,24240,8966,12120,674,2062,9384,0.05561056105610561,0.17013201320132013,0.7742574257425743,0.7825082508250825,0.7752475247524753,0.7673267326732673,0.7719471947194719,24240,True
1019,Schubert,Piano_Sonatas_894-2,piece_4c994f0ce76df283,Schubert/Piano_Sonatas/894-2_no_repeat/Chan01.mid,Schubert/Piano_Sonatas/894-2_no_repeat/midi_score.mid,True,67733,True,,,3057,3057,24456,6040,12228,799,4848,6581,0.06534183840366373,0.39646712463199213,0.5381910369643441,0.5469414458619561,0.5420346745175009,0.5338567222767419,0.5299313052011776,24456,True
1020,Schubert,Piano_Sonatas_894-2,piece_4c994f0ce76df283,Schubert/Piano_Sonatas/894-2_no_repeat/HouY09.mid,Schubert/Piano_Sonatas/894-2_no_repeat/midi_score.mid,True,84230,True,,,2926,2926,23408,10877,11704,694,1468,9542,0.059295967190704034,0.1254272043745728,0.8152768284347232,0.8171565276828435,0.815105946684894,0.8144224196855776,0.8144224196855776,23408,True
1021,Schubert,Piano_Sonatas_894-2,piece_4c994f0ce76df283,Schubert/Piano_Sonatas/894-2_no_repeat/Lee10M.mid,Schubert/Piano_Sonatas/894-2_no_repeat/midi_score.mid,True,71567,True,,,3067,3067,24536,11408,12268,1919,575,9774,0.15642321486794913,0.04686990544506032,0.7967068796869905,0.784805999347897,0.7926312357352462,0.8017606781871536,0.8076296054776655,24536,True
1022,Schubert,Piano_Sonatas_894-2,piece_4c994f0ce76df283,Schubert/Piano_Sonatas/894-2_no_repeat/SINKEV12M.mid,Schubert/Piano_Sonatas/894-2_no_repeat/midi_score.mid,True,46199,True,,,3109,3109,24872,6322,12436,2425,3791,6220,0.1949983917658411,0.30484078481826954,0.5001608234158893,0.5020907044065616,0.510453522032808,0.4940495336120939,0.4940495336120939,24872,True
1023,Schubert,Wanderer_fantasie,piece_588e1c417b8c480b,Schubert/Wanderer_fantasie/Kolessova02.mid,Schubert/Wanderer_fantasie/midi_score.mid,True,279669,True,,,15979,15979,127832,15825,63916,8972,26533,28411,0.14037173790600163,0.41512297390324804,0.44450528819075036,0.44533450153326243,0.448213279929908,0.4442706051692847,0.4402027661305463,127832,True
1024,Schubert,Wanderer_fantasie,piece_588e1c417b8c480b,Schubert/Wanderer_fantasie/Larionova05M.mid,Schubert/Wanderer_fantasie/midi_score.mid,True,216962,True,,,15733,15733,125864,30504,62932,4181,4779,53972,0.06643678891501939,0.07593910887942541,0.8576241022055552,0.8574969808682388,0.8590224369160363,0.8577512235428717,0.8562257674950741,125864,True
1025,Schubert,Wanderer_fantasie,piece_588e1c417b8c480b,Schubert/Wanderer_fantasie/SunY10M.mid,Schubert/Wanderer_fantasie/midi_score.mid,True,146363,True,,,15840,15840,126720,12673,63360,18318,33286,11756,0.2891098484848485,0.5253472222222222,0.1855429292929293,0.19356060606060607,0.19463383838383838,0.1816287878787879,0.17234848484848486,126720,True
1026,Schumann,Arabeske,piece_daefdda4e1923cc6,Schumann/Arabeske/Min09M.mid,Schumann/Arabeske/midi_score.mid,True,31355,True,,,2582,2582,20656,3832,10328,518,7727,2083,0.05015491866769946,0.748160340821069,0.2016847405112316,0.19713400464756003,0.20255615801704105,0.21301316808675447,0.19403563129357088,20656,True
1027,Schumann,Arabeske,piece_daefdda4e1923cc6,Schumann/Arabeske/ParkS15M.mid,Schumann/Arabeske/midi_score.mid,True,37206,True,,,2545,2545,20360,3900,10180,387,8627,1166,0.03801571709233792,0.8474459724950885,0.11453831041257367,0.10609037328094302,0.11394891944990176,0.1280943025540275,0.1100196463654224,20360,True
1028,Schumann,Kreisleriana_1,piece_307fd9e4ab88aeef,Schumann/Kreisleriana/1/ParkJH04M.mid,Schumann/Kreisleriana/1/midi_score.mid,True,19472,True,,,1834,1834,14672,2112,7336,2063,4001,1272,0.28121592148309704,0.545392584514722,0.173391494002181,0.17066521264994547,0.16793893129770993,0.17502726281352235,0.17993456924754633,14672,True
1029,Schumann,Kreisleriana_1,piece_307fd9e4ab88aeef,Schumann/Kreisleriana/1/Yarden09M.mid,Schumann/Kreisleriana/1/midi_score.mid,True,26473,True,,,1829,1829,14632,3912,7316,760,2874,3682,0.1038819026790596,0.39283761618370694,0.5032804811372334,0.5079278294149808,0.5013668671405139,0.505194095133953,0.4986331328594861,14632,True
1030,Schumann,Kreisleriana_1,piece_307fd9e4ab88aeef,Schumann/Kreisleriana/1_no_first_repeat/JohannsonP02M.mid,Schumann/Kreisleriana/1_no_first_repeat/midi_score.mid,True,17037,True,,,1423,1423,11384,1937,5692,990,3387,1315,0.17392832044975404,0.5950456781447646,0.23102600140548138,0.22839072382290934,0.2206605762473647,0.23893183415319746,0.23612087139845397,11384,True
1031,Schumann,Kreisleriana_2,piece_6532d54e15410c3e,Schumann/Kreisleriana/2/JohannsonP03.mid,Schumann/Kreisleriana/2/midi_score.mid,True,51707,True,,,2784,2784,22272,4156,11136,2126,6254,2756,0.1909123563218391,0.5616020114942529,0.24748563218390804,0.26113505747126436,0.2636494252873563,0.23347701149425287,0.23168103448275862,22272,True
1032,Schumann,Kreisleriana_2,piece_6532d54e15410c3e,Schumann/Kreisleriana/2/ParkJH05.mid,Schumann/Kreisleriana/2/midi_score.mid,True,48465,True,,,3461,3461,27688,4719,13844,2266,9059,2519,0.16368101704709623,0.6543629008956949,0.1819560820572089,0.19791967639410574,0.20456515457960128,0.16324761629586826,0.16209188095926033,27688,True
1033,Schumann,Kreisleriana_2,piece_6532d54e15410c3e,Schumann/Kreisleriana/2/Yarden09.mid,Schumann/Kreisleriana/2/midi_score.mid,True,62618,True,,,3384,3384,27072,8040,13536,1538,7719,4279,0.11362293144208038,0.5702570921985816,0.3161199763593381,0.3280141843971631,0.33687943262411346,0.30851063829787234,0.2910756501182033,27072,True
1034,Schumann,Kreisleriana_3,piece_dd17dea9bfabf583,Schumann/Kreisleriana/3/JohannsonP04.mid,Schumann/Kreisleriana/3/midi_score.mid,True,25040,True,,,1718,1718,13744,1407,6872,2912,3084,876,0.42374854481955765,0.4487776484284051,0.12747380675203726,0.13154831199068684,0.12863795110593715,0.12223515715948778,0.12747380675203726,13744,True
1035,Schumann,Kreisleriana_3,piece_dd17dea9bfabf583,Schumann/Kreisleriana/3/ParkJH06.mid,Schumann/Kreisleriana/3/midi_score.mid,True,24531,True,,,1981,1981,15848,1813,7924,2095,4900,929,0.2643866733972741,0.6183745583038869,0.11723876829883897,0.11862695608278648,0.12468450277637556,0.11004543160020192,0.11559818273599193,15848,True
1036,Schumann,Kreisleriana_3,piece_dd17dea9bfabf583,Schumann/Kreisleriana/3/Yarden09.mid,Schumann/Kreisleriana/3/midi_score.mid,True,20851,True,,,1675,1675,13400,2773,6700,2274,2749,1677,0.33940298507462685,0.4102985074626866,0.25029850746268656,0.24417910447761193,0.25492537313432834,0.2573134328358209,0.24477611940298508,13400,True
1037,Schumann,Kreisleriana_4,piece_be9ba8b638643b1e,Schumann/Kreisleriana/4/ParkJH07.mid,Schumann/Kreisleriana/4/midi_score.mid,True,16098,True,,,674,674,5392,2182,2696,286,1672,738,0.10608308605341246,0.6201780415430267,0.2737388724035608,0.32344213649851633,0.29080118694362017,0.2314540059347181,0.24925816023738873,5392,True
1038,Schumann,Kreisleriana_4,piece_be9ba8b638643b1e,Schumann/Kreisleriana/4/Yarden09.mid,Schumann/Kreisleriana/4/midi_score.mid,True,22239,True,,,656,656,5248,3996,2624,40,1364,1220,0.01524390243902439,0.5198170731707317,0.4649390243902439,0.4527439024390244,0.4954268292682927,0.4725609756097561,0.43902439024390244,5248,True
1039,Schumann,Kreisleriana_5,piece_d4010c754f10f96e,Schumann/Kreisleriana/5/JohannsonP06.mid,Schumann/Kreisleriana/5/midi_score.mid,True,28929,True,,,1806,1806,14448,2165,7224,3558,2087,1579,0.4925249169435216,0.28889811738648946,0.21857696566998894,0.21926910299003322,0.22148394241417496,0.21816168327796234,0.21539313399778517,14448,True
1040,Schumann,Kreisleriana_5,piece_d4010c754f10f96e,Schumann/Kreisleriana/5/ParkJH08.mid,Schumann/Kreisleriana/5/midi_score.mid,True,22312,True,,,1832,1832,14656,1496,7328,3139,3021,1168,0.4283569868995633,0.41225436681222705,0.15938864628820962,0.18013100436681223,0.16375545851528384,0.14519650655021835,0.14847161572052403,14656,True
1041,Schumann,Kreisleriana_5,piece_d4010c754f10f96e,Schumann/Kreisleriana/5/Yarden09.mid,Schumann/Kreisleriana/5/midi_score.mid,True,23066,True,,,1760,1760,14080,3111,7040,2463,1722,2855,0.34985795454545454,0.24460227272727272,0.4055397727272727,0.4068181818181818,0.41704545454545455,0.40397727272727274,0.39431818181818185,14080,True
1042,Schumann,Kreisleriana_6,piece_3056e93b3e51b646,Schumann/Kreisleriana/6/JohannsonP07.mid,Schumann/Kreisleriana/6/midi_score.mid,True,23662,True,,,701,701,5608,2924,2804,153,1781,870,0.05456490727532097,0.6351640513552068,0.3102710413694722,0.34807417974322397,0.3152639087018545,0.2867332382310984,0.29101283880171186,5608,True
1043,Schumann,Kreisleriana_6,piece_3056e93b3e51b646,Schumann/Kreisleriana/6/ParkJH09.mid,Schumann/Kreisleriana/6/midi_score.mid,True,14886,True,,,712,712,5696,1823,2848,155,2190,503,0.05442415730337079,0.7689606741573034,0.17661516853932585,0.199438202247191,0.19662921348314608,0.16151685393258428,0.14887640449438203,5696,True
1044,Schumann,Kreisleriana_6,piece_3056e93b3e51b646,Schumann/Kreisleriana/6/Yarden09.mid,Schumann/Kreisleriana/6/midi_score.mid,True,21731,True,,,711,711,5688,3752,2844,145,1755,944,0.0509845288326301,0.6170886075949367,0.3319268635724332,0.31926863572433195,0.36146272855133615,0.3431786216596343,0.3037974683544304,5688,True
1045,Schumann,Kreisleriana_7,piece_42b2f7c0e4593454,Schumann/Kreisleriana/7/JohannsonP08.mid,Schumann/Kreisleriana/7/midi_score.mid,True,19031,True,,,1531,1531,12248,1130,6124,3004,2255,865,0.49052906596995427,0.36822338340953625,0.14124755062050948,0.13912475506205094,0.1456564337034618,0.14239059438275636,0.1378184193337688,12248,True
1046,Schumann,Kreisleriana_7,piece_42b2f7c0e4593454,Schumann/Kreisleriana/7/ParkJH10.mid,Schumann/Kreisleriana/7/midi_score.mid,True,17184,True,,,1502,1502,12016,1033,6008,2302,3000,706,0.38315579227696406,0.4993342210386152,0.11750998668442077,0.12516644474034622,0.11984021304926765,0.11651131824234354,0.1085219707057257,12016,True
1047,Schumann,Kreisleriana_7,piece_42b2f7c0e4593454,Schumann/Kreisleriana/7/Yarden09.mid,Schumann/Kreisleriana/7/midi_score.mid,True,18761,True,,,1489,1489,11912,2517,5956,2199,1754,2003,0.36920752182672933,0.2944929482874412,0.3362995298858294,0.32840832773673606,0.3458697112155809,0.33579583613163194,0.3351242444593687,11912,True
1048,Schumann,Toccata,piece_f258ce853ffce4b3,Schumann/Toccata/BENABD04.mid,Schumann/Toccata/midi_score.mid,True,62074,True,,,6328,6328,50624,4871,25312,6744,5194,13374,0.2664348925410872,0.2051991150442478,0.528365992414665,0.5290771175726928,0.5244943109987358,0.5276548672566371,0.5322376738305942,50624,True
1049,Schumann,Toccata,piece_f258ce853ffce4b3,Schumann/Toccata/BENABD10.mid,Schumann/Toccata/midi_score.mid,True,66737,True,,,6410,6410,51280,5387,25640,7139,4918,13583,0.27843213728549143,0.19180967238689547,0.5297581903276131,0.5269890795631825,0.5241809672386896,0.5324492979719189,0.5354134165366614,51280,True
1050,Schumann,Toccata,piece_f258ce853ffce4b3,Schumann/Toccata/Dulu03.mid,Schumann/Toccata/midi_score.mid,True,85163,True,,,6232,6232,49856,8542,24928,5476,1374,18078,0.21967265725288831,0.055118741976893454,0.7252086007702182,0.7236842105263158,0.7252888318356868,0.7262516046213093,0.725609756097561,49856,True
1051,Schumann,Toccata,piece_f258ce853ffce4b3,Schumann/Toccata/DupreeF13M.mid,Schumann/Toccata/midi_score.mid,True,60076,True,,,6173,6173,49384,4608,24692,11138,7248,6306,0.45107727199092823,0.29353636805443056,0.2553863599546412,0.25562935363680545,0.2543333873319294,0.256115341001134,0.25546735784869595,49384,True
1052,Schumann,Toccata_repeat,piece_8c249e906846d26b,Schumann/Toccata_repeat/WangY07M.mid,Schumann/Toccata_repeat/midi_score.mid,True,102510,True,,,8266,8266,66128,9089,33064,5842,12587,14635,0.17668763609968546,0.3806859424147109,0.44262642148560366,0.4393902734091459,0.441930800871038,0.442293733365594,0.4468908782966368,66128,True
1053,Schumann,Toccata_repeat,piece_8c249e906846d26b,Schumann/Toccata_repeat/Zhdanov06.mid,Schumann/Toccata_repeat/midi_score.mid,True,120663,True,,,8043,8043,64344,10567,32172,4271,2228,25673,0.13275519084918563,0.06925276638070371,0.7979920427701107,0.7980852915578764,0.7972149695387293,0.7984582867089395,0.7982096232748974,64344,True
1054,Scriabin,Etudes_op_8_11,piece_555ff6cd3a13efb9,Scriabin/Etudes_op_8/11/Shi03.mid,Scriabin/Etudes_op_8/11/midi_score.mid,True,25837,True,,,1346,1346,10768,2961,5384,22,2630,2732,0.004086181277860327,0.48848439821693906,0.5074294205052006,0.5066864784546805,0.5193164933135216,0.5081723625557206,0.49554234769687966,10768,True
1055,Scriabin,Etudes_op_8_11,piece_555ff6cd3a13efb9,Scriabin/Etudes_op_8/11/Shi08M.mid,Scriabin/Etudes_op_8/11/midi_score.mid,True,19545,True,,,1324,1324,10592,2598,5296,113,3677,1506,0.021336858006042295,0.694297583081571,0.2843655589123867,0.2802114803625378,0.30891238670694865,0.2764350453172205,0.2719033232628399,10592,True
1056,Scriabin,Etudes_op_8_11,piece_555ff6cd3a13efb9,Scriabin/Etudes_op_8/11/YeF09.mid,Scriabin/Etudes_op_8/11/midi_score.mid,True,17285,True,,,1388,1388,11104,1211,5552,197,5171,184,0.03548270893371758,0.9313760806916427,0.03314121037463977,0.012968299711815562,0.043227665706051875,0.045389048991354465,0.030979827089337175,11104,True
1057,Scriabin,Sonatas_5,piece_5f9d89320d25ed39,Scriabin/Sonatas/5/ChernovA06M.mid,Scriabin/Sonatas/5/midi_score.mid,True,64955,True,,,7656,7656,61248,3221,30624,10686,17525,2413,0.3489420062695925,0.5722635841170324,0.07879440961337512,0.08045977011494253,0.08045977011494253,0.07667189132706374,0.07758620689655173,61248,True
1058,Scriabin,Sonatas_5,piece_5f9d89320d25ed39,Scriabin/Sonatas/5/FALIKS06.mid,Scriabin/Sonatas/5/midi_score.mid,True,69033,True,,,7573,7573,60584,3222,30292,1072,19560,9660,0.03538888155288525,0.64571504027466,0.3188960781724548,0.3173115013865047,0.32338571239931335,0.31916017430344645,0.3157269246005546,60584,True
1059,Scriabin,Sonatas_5,piece_5f9d89320d25ed39,Scriabin/Sonatas/5/FaB05M.mid,Scriabin/Sonatas/5/midi_score.mid,True,100664,True,,,7629,7629,61032,14145,30516,737,9552,20227,0.024151264910211037,0.31301612268973655,0.6628326124000524,0.6647004849914799,0.664045091099751,0.6614235155328352,0.6611613579761436,61032,True
1060,Scriabin,Sonatas_5,piece_5f9d89320d25ed39,Scriabin/Sonatas/5/GarritsonL06M.mid,Scriabin/Sonatas/5/midi_score.mid,True,69210,True,,,8071,8071,64568,3491,32284,7019,21601,3664,0.21741419898401684,0.6690930491884525,0.11349275182753067,0.11522735720480734,0.11745756411844877,0.11113864452979805,0.11014744145706852,64568,True
1061,Scriabin,Sonatas_5,piece_5f9d89320d25ed39,Scriabin/Sonatas/5/Ko07M.mid,Scriabin/Sonatas/5/midi_score.mid,True,68264,True,,,7891,7891,63128,4184,31564,7311,19684,4569,0.23162463566087949,0.623621847674566,0.14475351666455455,0.14903054112279812,0.14193384868837916,0.14408820174882778,0.14396147509821317,63128,True
1062,Scriabin,Sonatas_5,piece_5f9d89320d25ed39,Scriabin/Sonatas/5/Na03.mid,Scriabin/Sonatas/5/midi_score.mid,True,114954,True,,,8088,8088,64704,8901,32352,6820,17712,7820,0.2108061325420376,0.5474777448071216,0.24171612265084075,0.24406528189910978,0.24678536102868448,0.23899604352126608,0.23701780415430268,64704,True
1063,Scriabin,Sonatas_5,piece_5f9d89320d25ed39,Scriabin/Sonatas/5/Na07M.mid,Scriabin/Sonatas/5/midi_score.mid,True,78152,True,,,7910,7910,63280,6349,31640,9047,18043,4550,0.2859355246523388,0.5702591656131479,0.14380530973451328,0.14627054361567635,0.1433628318584071,0.1424778761061947,0.14310998735777497,63280,True
1064,Scriabin,Sonatas_5,piece_5f9d89320d25ed39,Scriabin/Sonatas/5/TET02.mid,Scriabin/Sonatas/5/midi_score.mid,True,75555,True,,,7892,7892,63136,4904,31568,1848,20043,9677,0.058540293968575775,0.6349151039026862,0.30654460212873796,0.31322858590978203,0.30727318803852,0.30321844906234163,0.30245818550430814,63136,True
1065,Scriabin,Sonatas_5,piece_5f9d89320d25ed39,Scriabin/Sonatas/5/Yeletskiy02.mid,Scriabin/Sonatas/5/midi_score.mid,True,108628,True,,,7631,7631,61048,5322,30524,6438,15723,8363,0.2109160005241777,0.5151028698728869,0.2739811296029354,0.27270344646835276,0.2765037347660857,0.27545537937360765,0.27126195780369544,61048,True
1066,Scriabin,Sonatas_5,piece_5f9d89320d25ed39,Scriabin/Sonatas/5/Yeletskiy07M.mid,Scriabin/Sonatas/5/midi_score.mid,True,61440,True,,,7548,7548,60384,2310,30192,9320,18690,2182,0.3086910439851616,0.6190381558028617,0.07227080021197668,0.07419183889772125,0.07260201377848437,0.07313195548489666,0.06915739268680444,60384,True
