file,candidate_source,representation,time_sec,cc64_value,tick,relative_path,composer,title,folder
C:\Users\eagle\MARG_research\third_party\PianistTransformer\data\midis\asap-dataset-master\Bach\Fugue\bwv_846\Shi05M.mid,asap_metadata_performance,raw_normalized,0.16,50,160,Bach/Fugue/bwv_846/Shi05M.mid,Bach,Fugue_bwv_846,Bach/Fugue/bwv_846
C:\Users\eagle\MARG_research\third_party\PianistTransformer\data\midis\asap-dataset-master\Bach\Fugue\bwv_846\Shi05M.mid,asap_metadata_performance,raw_normalized,0.27,49,270,Bach/Fugue/bwv_846/Shi05M.mid,Bach,Fugue_bwv_846,Bach/Fugue/bwv_846
C:\Users\eagle\MARG_research\third_party\PianistTransformer\data\midis\asap-dataset-master\Bach\Fugue\bwv_846\Shi05M.mid,asap_metadata_performance,raw_normalized,0.388,49,388,Bach/Fugue/bwv_846/Shi05M.mid,Bach,Fugue_bwv_846,Bach/Fugue/bwv_846
C:\Users\eagle\MARG_research\third_party\PianistTransformer\data\midis\asap-dataset-master\Bach\Fugue\bwv_846\Shi05M.mid,asap_metadata_performance,raw_normalized,0.447,48,447,Bach/Fugue/bwv_846/Shi05M.mid,Bach,Fugue_bwv_846,Bach/Fugue/bwv_846
C:\Users\eagle\MARG_research\third_party\PianistTransformer\data\midis\asap-dataset-master\Bach\Fugue\bwv_846\Shi05M.mid,asap_metadata_performance,raw_normalized,0.704,48,704,Bach/Fugue/bwv_846/Shi05M.mid,Bach,Fugue_bwv_846,Bach/Fugue/bwv_846
C:\Users\eagle\MARG_research\third_party\PianistTransformer\data\midis\asap-dataset-master\Bach\Fugue\bwv_846\Shi05M.mid,asap_metadata_performance,raw_normalized,0.742,47,742,Bach/Fugue/bwv_846/Shi05M.mid,Bach,Fugue_bwv_846,Bach/Fugue/bwv_846
C:\Users\eagle\MARG_research\third_party\PianistTransformer\data\midis\asap-dataset-master\Bach\Fugue\bwv_846\Shi05M.mid,asap_metadata_performance,raw_normalized,0.842,47,842,Bach/Fugue/bwv_846/Shi05M.mid,Bach,Fugue_bwv_846,Bach/Fugue/bwv_846
C:\Users\eagle\MARG_research\third_party\PianistTransformer\data\midis\asap-dataset-master\Bach\Fugue\bwv_846\Shi05M.mid,asap_metadata_performance,raw_normalized,0.901,46,901,Bach/Fugue/bwv_846/Shi05M.mid,Bach,Fugue_bwv_846,Bach/Fugue/bwv_846
C:\Users\eagle\MARG_research\third_party\PianistTransformer\data\midis\asap-dataset-master\Bach\Fugue\bwv_846\Shi05M.mid,asap_metadata_performance,raw_normalized,0.962,46,962,Bach/Fugue/bwv_846/Shi05M.mid,Bach,Fugue_bwv_846,Bach/Fugue/bwv_846
C:\Users\eagle\MARG_research\third_party\PianistTransformer\data\midis\asap-dataset-master\Bach\Fugue\bwv_846\Shi05M.mid,asap_metadata_performance,raw_normalized,0.98,45,980,Bach/Fugue/bwv_846/Shi05M.mid,Bach,Fugue_bwv_846,Bach/Fugue/bwv_846
C:\Users\eagle\MARG_research\third_party\PianistTransformer\data\midis\asap-dataset-master\Bach\Fugue\bwv_846\Shi05M.mid,asap_metadata_performance,raw_normalized,1.021,45,1021,Bach/Fugue/bwv_846/Shi05M.mid,Bach,Fugue_bwv_846,Bach/Fugue/bwv_846
C:\Users\eagle\MARG_research\third_party\PianistTransformer\data\midis\asap-dataset-master\Bach\Fugue\bwv_846\Shi05M.mid,asap_metadata_performance,raw_normalized,1.06,44,1060,Bach/Fugue/bwv_846/Shi05M.mid,Bach,Fugue_bwv_846,Bach/Fugue/bwv_846
C:\Users\eagle\MARG_research\third_party\PianistTransformer\data\midis\asap-dataset-master\Bach\Fugue\bwv_846\Shi05M.mid,asap_metadata_performance,raw_normalized,1.121,44,1121,Bach/Fugue/bwv_846/Shi05M.mid,Bach,Fugue_bwv_846,Bach/Fugue/bwv_846
C:\Users\eagle\MARG_research\third_party\PianistTransformer\data\midis\asap-dataset-master\Bach\Fugue\bwv_846\Shi05M.mid,asap_metadata_performance,raw_normalized,1.201,43,1201,Bach/Fugue/bwv_846/Shi05M.mid,Bach,Fugue_bwv_846,Bach/Fugue/bwv_846
C:\Users\eagle\MARG_research\third_party\PianistTransformer\data\midis\asap-dataset-master\Bach\Fugue\bwv_846\Shi05M.mid,asap_metadata_performance,raw_normalized,1.467,43,1467,Bach/Fugue/bwv_846/Shi05M.mid,Bach,Fugue_bwv_846,Bach/Fugue/bwv_846
C:\Users\eagle\MARG_research\third_party\PianistTransformer\data\midis\asap-dataset-master\Bach\Fugue\bwv_846\Shi05M.mid,asap_metadata_performance,raw_normalized,1.724,42,1724,Bach/Fugue/bwv_846/Shi05M.mid,Bach,Fugue_bwv_846,Bach/Fugue/bwv_846
C:\Users\eagle\MARG_research\third_party\PianistTransformer\data\midis\asap-dataset-master\Bach\Fugue\bwv_846\Shi05M.mid,asap_metadata_performance,raw_normalized,1.863,42,1863,Bach/Fugue/bwv_846/Shi05M.mid,Bach,Fugue_bwv_846,Bach/Fugue/bwv_846
C:\Users\eagle\MARG_research\third_party\PianistTransformer\data\midis\asap-dataset-master\Bach\Fugue\bwv_846\Shi05M.mid,asap_metadata_performance,raw_normalized,1.98,41,1980,Bach/Fugue/bwv_846/Shi05M.mid,Bach,Fugue_bwv_846,Bach/Fugue/bwv_846
C:\Users\eagle\MARG_research\third_party\PianistTransformer\data\midis\asap-dataset-master\Bach\Fugue\bwv_846\Shi05M.mid,asap_metadata_performance,raw_normalized,2.408,41,2408,Bach/Fugue/bwv_846/Shi05M.mid,Bach,Fugue_bwv_846,Bach/Fugue/bwv_846
C:\Users\eagle\MARG_research\third_party\PianistTransformer\data\midis\asap-dataset-master\Bach\Fugue\bwv_846\Shi05M.mid,asap_metadata_performance,raw_normalized,2.587,40,2587,Bach/Fugue/bwv_846/Shi05M.mid,Bach,Fugue_bwv_846,Bach/Fugue/bwv_846
C:\Users\eagle\MARG_research\third_party\PianistTransformer\data\midis\asap-dataset-master\Bach\Fugue\bwv_846\Shi05M.mid,asap_metadata_performance,raw_normalized,2.922,40,2922,Bach/Fugue/bwv_846/Shi05M.mid,Bach,Fugue_bwv_846,Bach/Fugue/bwv_846
C:\Users\eagle\MARG_research\third_party\PianistTransformer\data\midis\asap-dataset-master\Bach\Fugue\bwv_846\Shi05M.mid,asap_metadata_performance,raw_normalized,3.902,39,3902,Bach/Fugue/bwv_846/Shi05M.mid,Bach,Fugue_bwv_846,Bach/Fugue/bwv_846
C:\Users\eagle\MARG_research\third_party\PianistTransformer\data\midis\asap-dataset-master\Bach\Fugue\bwv_846\Shi05M.mid,asap_metadata_performance,raw_normalized,3.941,39,3941,Bach/Fugue/bwv_846/Shi05M.mid,Bach,Fugue_bwv_846,Bach/Fugue/bwv_846
C:\Users\eagle\MARG_research\third_party\PianistTransformer\data\midis\asap-dataset-master\Bach\Fugue\bwv_846\Shi05M.mid,asap_metadata_performance,raw_normalized,4.0,38,4000,Bach/Fugue/bwv_846/Shi05M.mid,Bach,Fugue_bwv_846,Bach/Fugue/bwv_846
C:\Users\eagle\MARG_research\third_party\PianistTransformer\data\midis\asap-dataset-master\Bach\Fugue\bwv_846\Shi05M.mid,asap_metadata_performance,raw_normalized,4.06,38,4060,Bach/Fugue/bwv_846/Shi05M.mid,Bach,Fugue_bwv_846,Bach/Fugue/bwv_846
C:\Users\eagle\MARG_research\third_party\PianistTransformer\data\midis\asap-dataset-master\Bach\Fugue\bwv_846\Shi05M.mid,asap_metadata_performance,raw_normalized,4.178,37,4178,Bach/Fugue/bwv_846/Shi05M.mid,Bach,Fugue_bwv_846,Bach/Fugue/bwv_846
C:\Users\eagle\MARG_research\third_party\PianistTransformer\data\midis\asap-dataset-master\Bach\Fugue\bwv_846\Shi05M.mid,asap_metadata_performance,raw_normalized,4.247,37,4247,Bach/Fugue/bwv_846/Shi05M.mid,Bach,Fugue_bwv_846,Bach/Fugue/bwv_846
C:\Users\eagle\MARG_research\third_party\PianistTransformer\data\midis\asap-dataset-master\Bach\Fugue\bwv_846\Shi05M.mid,asap_metadata_performance,raw_normalized,4.267,36,4267,Bach/Fugue/bwv_846/Shi05M.mid,Bach,Fugue_bwv_846,Bach/Fugue/bwv_846
C:\Users\eagle\MARG_research\third_party\PianistTransformer\data\midis\asap-dataset-master\Bach\Fugue\bwv_846\Shi05M.mid,asap_metadata_performance,raw_normalized,4.286,36,4286,Bach/Fugue/bwv_846/Shi05M.mid,Bach,Fugue_bwv_846,Bach/Fugue/bwv_846
C:\Users\eagle\MARG_research\third_party\PianistTransformer\data\midis\asap-dataset-master\Bach\Fugue\bwv_846\Shi05M.mid,asap_metadata_performance,raw_normalized,4.327,35,4327,Bach/Fugue/bwv_846/Shi05M.mid,Bach,Fugue_bwv_846,Bach/Fugue/bwv_846
C:\Users\eagle\MARG_research\third_party\PianistTransformer\data\midis\asap-dataset-master\Bach\Fugue\bwv_846\Shi05M.mid,asap_metadata_performance,raw_normalized,4.368,35,4368,Bach/Fugue/bwv_846/Shi05M.mid,Bach,Fugue_bwv_846,Bach/Fugue/bwv_846
C:\Users\eagle\MARG_research\third_party\PianistTransformer\data\midis\asap-dataset-master\Bach\Fugue\bwv_846\Shi05M.mid,asap_metadata_performance,raw_normalized,4.387,34,4387,Bach/Fugue/bwv_846/Shi05M.mid,Bach,Fugue_bwv_846,Bach/Fugue/bwv_846
C:\Users\eagle\MARG_research\third_party\PianistTransformer\data\midis\asap-dataset-master\Bach\Fugue\bwv_846\Shi05M.mid,asap_metadata_performance,raw_normalized,4.427,34,4427,Bach/Fugue/bwv_846/Shi05M.mid,Bach,Fugue_bwv_846,Bach/Fugue/bwv_846
C:\Users\eagle\MARG_research\third_party\PianistTransformer\data\midis\asap-dataset-master\Bach\Fugue\bwv_846\Shi05M.mid,asap_metadata_performance,raw_normalized,4.486,33,4486,Bach/Fugue/bwv_846/Shi05M.mid,Bach,Fugue_bwv_846,Bach/Fugue/bwv_846
C:\Users\eagle\MARG_research\third_party\PianistTransformer\data\midis\asap-dataset-master\Bach\Fugue\bwv_846\Shi05M.mid,asap_metadata_performance,raw_normalized,4.507,33,4507,Bach/Fugue/bwv_846/Shi05M.mid,Bach,Fugue_bwv_846,Bach/Fugue/bwv_846
C:\Users\eagle\MARG_research\third_party\PianistTransformer\data\midis\asap-dataset-master\Bach\Fugue\bwv_846\Shi05M.mid,asap_metadata_performance,raw_normalized,4.546,32,4546,Bach/Fugue/bwv_846/Shi05M.mid,Bach,Fugue_bwv_846,Bach/Fugue/bwv_846
C:\Users\eagle\MARG_research\third_party\PianistTransformer\data\midis\asap-dataset-master\Bach\Fugue\bwv_846\Shi05M.mid,asap_metadata_performance,raw_normalized,4.585,32,4585,Bach/Fugue/bwv_846/Shi05M.mid,Bach,Fugue_bwv_846,Bach/Fugue/bwv_846
C:\Users\eagle\MARG_research\third_party\PianistTransformer\data\midis\asap-dataset-master\Bach\Fugue\bwv_846\Shi05M.mid,asap_metadata_performance,raw_normalized,4.665,0,4665,Bach/Fugue/bwv_846/Shi05M.mid,Bach,Fugue_bwv_846,Bach/Fugue/bwv_846
C:\Users\eagle\MARG_research\third_party\PianistTransformer\data\midis\asap-dataset-master\Bach\Fugue\bwv_846\Shi05M.mid,asap_metadata_performance,raw_normalized,14.762,46,14762,Bach/Fugue/bwv_846/Shi05M.mid,Bach,Fugue_bwv_846,Bach/Fugue/bwv_846
C:\Users\eagle\MARG_research\third_party\PianistTransformer\data\midis\asap-dataset-master\Bach\Fugue\bwv_846\Shi05M.mid,asap_metadata_performance,raw_normalized,14.783,60,14783,Bach/Fugue/bwv_846/Shi05M.mid,Bach,Fugue_bwv_846,Bach/Fugue/bwv_846
C:\Users\eagle\MARG_research\third_party\PianistTransformer\data\midis\asap-dataset-master\Bach\Fugue\bwv_846\Shi05M.mid,asap_metadata_performance,raw_normalized,14.802,65,14802,Bach/Fugue/bwv_846/Shi05M.mid,Bach,Fugue_bwv_846,Bach/Fugue/bwv_846
C:\Users\eagle\MARG_research\third_party\PianistTransformer\data\midis\asap-dataset-master\Bach\Fugue\bwv_846\Shi05M.mid,asap_metadata_performance,raw_normalized,14.823,71,14823,Bach/Fugue/bwv_846/Shi05M.mid,Bach,Fugue_bwv_846,Bach/Fugue/bwv_846
C:\Users\eagle\MARG_research\third_party\PianistTransformer\data\midis\asap-dataset-master\Bach\Fugue\bwv_846\Shi05M.mid,asap_metadata_performance,raw_normalized,14.841,80,14841,Bach/Fugue/bwv_846/Shi05M.mid,Bach,Fugue_bwv_846,Bach/Fugue/bwv_846
C:\Users\eagle\MARG_research\third_party\PianistTransformer\data\midis\asap-dataset-master\Bach\Fugue\bwv_846\Shi05M.mid,asap_metadata_performance,raw_normalized,14.861,93,14861,Bach/Fugue/bwv_846/Shi05M.mid,Bach,Fugue_bwv_846,Bach/Fugue/bwv_846
C:\Users\eagle\MARG_research\third_party\PianistTransformer\data\midis\asap-dataset-master\Bach\Fugue\bwv_846\Shi05M.mid,asap_metadata_performance,raw_normalized,14.882,109,14882,Bach/Fugue/bwv_846/Shi05M.mid,Bach,Fugue_bwv_846,Bach/Fugue/bwv_846
C:\Users\eagle\MARG_research\third_party\PianistTransformer\data\midis\asap-dataset-master\Bach\Fugue\bwv_846\Shi05M.mid,asap_metadata_performance,raw_normalized,14.901,127,14901,Bach/Fugue/bwv_846/Shi05M.mid,Bach,Fugue_bwv_846,Bach/Fugue/bwv_846
C:\Users\eagle\MARG_research\third_party\PianistTransformer\data\midis\asap-dataset-master\Bach\Fugue\bwv_846\Shi05M.mid,asap_metadata_performance,raw_normalized,15.328,111,15328,Bach/Fugue/bwv_846/Shi05M.mid,Bach,Fugue_bwv_846,Bach/Fugue/bwv_846
C:\Users\eagle\MARG_research\third_party\PianistTransformer\data\midis\asap-dataset-master\Bach\Fugue\bwv_846\Shi05M.mid,asap_metadata_performance,raw_normalized,15.349,88,15349,Bach/Fugue/bwv_846/Shi05M.mid,Bach,Fugue_bwv_846,Bach/Fugue/bwv_846
C:\Users\eagle\MARG_research\third_party\PianistTransformer\data\midis\asap-dataset-master\Bach\Fugue\bwv_846\Shi05M.mid,asap_metadata_performance,raw_normalized,15.368,72,15368,Bach/Fugue/bwv_846/Shi05M.mid,Bach,Fugue_bwv_846,Bach/Fugue/bwv_846
C:\Users\eagle\MARG_research\third_party\PianistTransformer\data\midis\asap-dataset-master\Bach\Fugue\bwv_846\Shi05M.mid,asap_metadata_performance,raw_normalized,15.389,60,15389,Bach/Fugue/bwv_846/Shi05M.mid,Bach,Fugue_bwv_846,Bach/Fugue/bwv_846
C:\Users\eagle\MARG_research\third_party\PianistTransformer\data\midis\asap-dataset-master\Bach\Fugue\bwv_846\Shi05M.mid,asap_metadata_performance,raw_normalized,15.409,43,15409,Bach/Fugue/bwv_846/Shi05M.mid,Bach,Fugue_bwv_846,Bach/Fugue/bwv_846
C:\Users\eagle\MARG_research\third_party\PianistTransformer\data\midis\asap-dataset-master\Bach\Fugue\bwv_846\Shi05M.mid,asap_metadata_performance,raw_normalized,15.427,37,15427,Bach/Fugue/bwv_846/Shi05M.mid,Bach,Fugue_bwv_846,Bach/Fugue/bwv_846
C:\Users\eagle\MARG_research\third_party\PianistTransformer\data\midis\asap-dataset-master\Bach\Fugue\bwv_846\Shi05M.mid,asap_metadata_performance,raw_normalized,15.448,46,15448,Bach/Fugue/bwv_846/Shi05M.mid,Bach,Fugue_bwv_846,Bach/Fugue/bwv_846
C:\Users\eagle\MARG_research\third_party\PianistTransformer\data\midis\asap-dataset-master\Bach\Fugue\bwv_846\Shi05M.mid,asap_metadata_performance,raw_normalized,15.467,58,15467,Bach/Fugue/bwv_846/Shi05M.mid,Bach,Fugue_bwv_846,Bach/Fugue/bwv_846
C:\Users\eagle\MARG_research\third_party\PianistTransformer\data\midis\asap-dataset-master\Bach\Fugue\bwv_846\Shi05M.mid,asap_metadata_performance,raw_normalized,15.487,68,15487,Bach/Fugue/bwv_846/Shi05M.mid,Bach,Fugue_bwv_846,Bach/Fugue/bwv_846
C:\Users\eagle\MARG_research\third_party\PianistTransformer\data\midis\asap-dataset-master\Bach\Fugue\bwv_846\Shi05M.mid,asap_metadata_performance,raw_normalized,15.508,79,15508,Bach/Fugue/bwv_846/Shi05M.mid,Bach,Fugue_bwv_846,Bach/Fugue/bwv_846
C:\Users\eagle\MARG_research\third_party\PianistTransformer\data\midis\asap-dataset-master\Bach\Fugue\bwv_846\Shi05M.mid,asap_metadata_performance,raw_normalized,15.526,95,15526,Bach/Fugue/bwv_846/Shi05M.mid,Bach,Fugue_bwv_846,Bach/Fugue/bwv_846
C:\Users\eagle\MARG_research\third_party\PianistTransformer\data\midis\asap-dataset-master\Bach\Fugue\bwv_846\Shi05M.mid,asap_metadata_performance,raw_normalized,15.547,127,15547,Bach/Fugue/bwv_846/Shi05M.mid,Bach,Fugue_bwv_846,Bach/Fugue/bwv_846
C:\Users\eagle\MARG_research\third_party\PianistTransformer\data\midis\asap-dataset-master\Bach\Fugue\bwv_846\Shi05M.mid,asap_metadata_performance,raw_normalized,15.941,94,15941,Bach/Fugue/bwv_846/Shi05M.mid,Bach,Fugue_bwv_846,Bach/Fugue/bwv_846
C:\Users\eagle\MARG_research\third_party\PianistTransformer\data\midis\asap-dataset-master\Bach\Fugue\bwv_846\Shi05M.mid,asap_metadata_performance,raw_normalized,15.962,78,15962,Bach/Fugue/bwv_846/Shi05M.mid,Bach,Fugue_bwv_846,Bach/Fugue/bwv_846
C:\Users\eagle\MARG_research\third_party\PianistTransformer\data\midis\asap-dataset-master\Bach\Fugue\bwv_846\Shi05M.mid,asap_metadata_performance,raw_normalized,15.982,64,15982,Bach/Fugue/bwv_846/Shi05M.mid,Bach,Fugue_bwv_846,Bach/Fugue/bwv_846
C:\Users\eagle\MARG_research\third_party\PianistTransformer\data\midis\asap-dataset-master\Bach\Fugue\bwv_846\Shi05M.mid,asap_metadata_performance,raw_normalized,16.001,49,16001,Bach/Fugue/bwv_846/Shi05M.mid,Bach,Fugue_bwv_846,Bach/Fugue/bwv_846
C:\Users\eagle\MARG_research\third_party\PianistTransformer\data\midis\asap-dataset-master\Bach\Fugue\bwv_846\Shi05M.mid,asap_metadata_performance,raw_normalized,16.022,37,16022,Bach/Fugue/bwv_846/Shi05M.mid,Bach,Fugue_bwv_846,Bach/Fugue/bwv_846
C:\Users\eagle\MARG_research\third_party\PianistTransformer\data\midis\asap-dataset-master\Bach\Fugue\bwv_846\Shi05M.mid,asap_metadata_performance,raw_normalized,16.04,40,16040,Bach/Fugue/bwv_846/Shi05M.mid,Bach,Fugue_bwv_846,Bach/Fugue/bwv_846
C:\Users\eagle\MARG_research\third_party\PianistTransformer\data\midis\asap-dataset-master\Bach\Fugue\bwv_846\Shi05M.mid,asap_metadata_performance,raw_normalized,16.06,50,16060,Bach/Fugue/bwv_846/Shi05M.mid,Bach,Fugue_bwv_846,Bach/Fugue/bwv_846
C:\Users\eagle\MARG_research\third_party\PianistTransformer\data\midis\asap-dataset-master\Bach\Fugue\bwv_846\Shi05M.mid,asap_metadata_performance,raw_normalized,16.082,62,16082,Bach/Fugue/bwv_846/Shi05M.mid,Bach,Fugue_bwv_846,Bach/Fugue/bwv_846
C:\Users\eagle\MARG_research\third_party\PianistTransformer\data\midis\asap-dataset-master\Bach\Fugue\bwv_846\Shi05M.mid,asap_metadata_performance,raw_normalized,16.102,70,16102,Bach/Fugue/bwv_846/Shi05M.mid,Bach,Fugue_bwv_846,Bach/Fugue/bwv_846
C:\Users\eagle\MARG_research\third_party\PianistTransformer\data\midis\asap-dataset-master\Bach\Fugue\bwv_846\Shi05M.mid,asap_metadata_performance,raw_normalized,16.122,82,16122,Bach/Fugue/bwv_846/Shi05M.mid,Bach,Fugue_bwv_846,Bach/Fugue/bwv_846
C:\Users\eagle\MARG_research\third_party\PianistTransformer\data\midis\asap-dataset-master\Bach\Fugue\bwv_846\Shi05M.mid,asap_metadata_performance,raw_normalized,16.141,92,16141,Bach/Fugue/bwv_846/Shi05M.mid,Bach,Fugue_bwv_846,Bach/Fugue/bwv_846
C:\Users\eagle\MARG_research\third_party\PianistTransformer\data\midis\asap-dataset-master\Bach\Fugue\bwv_846\Shi05M.mid,asap_metadata_performance,raw_normalized,16.16,103,16160,Bach/Fugue/bwv_846/Shi05M.mid,Bach,Fugue_bwv_846,Bach/Fugue/bwv_846
C:\Users\eagle\MARG_research\third_party\PianistTransformer\data\midis\asap-dataset-master\Bach\Fugue\bwv_846\Shi05M.mid,asap_metadata_performance,raw_normalized,16.181,127,16181,Bach/Fugue/bwv_846/Shi05M.mid,Bach,Fugue_bwv_846,Bach/Fugue/bwv_846
C:\Users\eagle\MARG_research\third_party\PianistTransformer\data\midis\asap-dataset-master\Bach\Fugue\bwv_846\Shi05M.mid,asap_metadata_performance,raw_normalized,16.566,102,16566,Bach/Fugue/bwv_846/Shi05M.mid,Bach,Fugue_bwv_846,Bach/Fugue/bwv_846
C:\Users\eagle\MARG_research\third_party\PianistTransformer\data\midis\asap-dataset-master\Bach\Fugue\bwv_846\Shi05M.mid,asap_metadata_performance,raw_normalized,16.587,86,16587,Bach/Fugue/bwv_846/Shi05M.mid,Bach,Fugue_bwv_846,Bach/Fugue/bwv_846
C:\Users\eagle\MARG_research\third_party\PianistTransformer\data\midis\asap-dataset-master\Bach\Fugue\bwv_846\Shi05M.mid,asap_metadata_performance,raw_normalized,16.607,73,16607,Bach/Fugue/bwv_846/Shi05M.mid,Bach,Fugue_bwv_846,Bach/Fugue/bwv_846
C:\Users\eagle\MARG_research\third_party\PianistTransformer\data\midis\asap-dataset-master\Bach\Fugue\bwv_846\Shi05M.mid,asap_metadata_performance,raw_normalized,16.625,62,16625,Bach/Fugue/bwv_846/Shi05M.mid,Bach,Fugue_bwv_846,Bach/Fugue/bwv_846
C:\Users\eagle\MARG_research\third_party\PianistTransformer\data\midis\asap-dataset-master\Bach\Fugue\bwv_846\Shi05M.mid,asap_metadata_performance,raw_normalized,16.646,44,16646,Bach/Fugue/bwv_846/Shi05M.mid,Bach,Fugue_bwv_846,Bach/Fugue/bwv_846
C:\Users\eagle\MARG_research\third_party\PianistTransformer\data\midis\asap-dataset-master\Bach\Fugue\bwv_846\Shi05M.mid,asap_metadata_performance,raw_normalized,16.665,31,16665,Bach/Fugue/bwv_846/Shi05M.mid,Bach,Fugue_bwv_846,Bach/Fugue/bwv_846
C:\Users\eagle\MARG_research\third_party\PianistTransformer\data\midis\asap-dataset-master\Bach\Fugue\bwv_846\Shi05M.mid,asap_metadata_performance,raw_normalized,16.684,33,16684,Bach/Fugue/bwv_846/Shi05M.mid,Bach,Fugue_bwv_846,Bach/Fugue/bwv_846
C:\Users\eagle\MARG_research\third_party\PianistTransformer\data\midis\asap-dataset-master\Bach\Fugue\bwv_846\Shi05M.mid,asap_metadata_performance,raw_normalized,16.704,40,16704,Bach/Fugue/bwv_846/Shi05M.mid,Bach,Fugue_bwv_846,Bach/Fugue/bwv_846
C:\Users\eagle\MARG_research\third_party\PianistTransformer\data\midis\asap-dataset-master\Bach\Fugue\bwv_846\Shi05M.mid,asap_metadata_performance,raw_normalized,16.724,49,16724,Bach/Fugue/bwv_846/Shi05M.mid,Bach,Fugue_bwv_846,Bach/Fugue/bwv_846
C:\Users\eagle\MARG_research\third_party\PianistTransformer\data\midis\asap-dataset-master\Bach\Fugue\bwv_846\Shi05M.mid,asap_metadata_performance,raw_normalized,16.745,59,16745,Bach/Fugue/bwv_846/Shi05M.mid,Bach,Fugue_bwv_846,Bach/Fugue/bwv_846
C:\Users\eagle\MARG_research\third_party\PianistTransformer\data\midis\asap-dataset-master\Bach\Fugue\bwv_846\Shi05M.mid,asap_metadata_performance,raw_normalized,16.764,65,16764,Bach/Fugue/bwv_846/Shi05M.mid,Bach,Fugue_bwv_846,Bach/Fugue/bwv_846
C:\Users\eagle\MARG_research\third_party\PianistTransformer\data\midis\asap-dataset-master\Bach\Fugue\bwv_846\Shi05M.mid,asap_metadata_performance,raw_normalized,16.783,71,16783,Bach/Fugue/bwv_846/Shi05M.mid,Bach,Fugue_bwv_846,Bach/Fugue/bwv_846
C:\Users\eagle\MARG_research\third_party\PianistTransformer\data\midis\asap-dataset-master\Bach\Fugue\bwv_846\Shi05M.mid,asap_metadata_performance,raw_normalized,16.803,77,16803,Bach/Fugue/bwv_846/Shi05M.mid,Bach,Fugue_bwv_846,Bach/Fugue/bwv_846
C:\Users\eagle\MARG_research\third_party\PianistTransformer\data\midis\asap-dataset-master\Bach\Fugue\bwv_846\Shi05M.mid,asap_metadata_performance,raw_normalized,16.823,82,16823,Bach/Fugue/bwv_846/Shi05M.mid,Bach,Fugue_bwv_846,Bach/Fugue/bwv_846
C:\Users\eagle\MARG_research\third_party\PianistTransformer\data\midis\asap-dataset-master\Bach\Fugue\bwv_846\Shi05M.mid,asap_metadata_performance,raw_normalized,16.842,86,16842,Bach/Fugue/bwv_846/Shi05M.mid,Bach,Fugue_bwv_846,Bach/Fugue/bwv_846
C:\Users\eagle\MARG_research\third_party\PianistTransformer\data\midis\asap-dataset-master\Bach\Fugue\bwv_846\Shi05M.mid,asap_metadata_performance,raw_normalized,16.862,89,16862,Bach/Fugue/bwv_846/Shi05M.mid,Bach,Fugue_bwv_846,Bach/Fugue/bwv_846
C:\Users\eagle\MARG_research\third_party\PianistTransformer\data\midis\asap-dataset-master\Bach\Fugue\bwv_846\Shi05M.mid,asap_metadata_performance,raw_normalized,16.882,91,16882,Bach/Fugue/bwv_846/Shi05M.mid,Bach,Fugue_bwv_846,Bach/Fugue/bwv_846
C:\Users\eagle\MARG_research\third_party\PianistTransformer\data\midis\asap-dataset-master\Bach\Fugue\bwv_846\Shi05M.mid,asap_metadata_performance,raw_normalized,16.902,92,16902,Bach/Fugue/bwv_846/Shi05M.mid,Bach,Fugue_bwv_846,Bach/Fugue/bwv_846
C:\Users\eagle\MARG_research\third_party\PianistTransformer\data\midis\asap-dataset-master\Bach\Fugue\bwv_846\Shi05M.mid,asap_metadata_performance,raw_normalized,17.0,91,17000,Bach/Fugue/bwv_846/Shi05M.mid,Bach,Fugue_bwv_846,Bach/Fugue/bwv_846
C:\Users\eagle\MARG_research\third_party\PianistTransformer\data\midis\asap-dataset-master\Bach\Fugue\bwv_846\Shi05M.mid,asap_metadata_performance,raw_normalized,17.021,89,17021,Bach/Fugue/bwv_846/Shi05M.mid,Bach,Fugue_bwv_846,Bach/Fugue/bwv_846
C:\Users\eagle\MARG_research\third_party\PianistTransformer\data\midis\asap-dataset-master\Bach\Fugue\bwv_846\Shi05M.mid,asap_metadata_performance,raw_normalized,17.04,87,17040,Bach/Fugue/bwv_846/Shi05M.mid,Bach,Fugue_bwv_846,Bach/Fugue/bwv_846
C:\Users\eagle\MARG_research\third_party\PianistTransformer\data\midis\asap-dataset-master\Bach\Fugue\bwv_846\Shi05M.mid,asap_metadata_performance,raw_normalized,17.06,86,17060,Bach/Fugue/bwv_846/Shi05M.mid,Bach,Fugue_bwv_846,Bach/Fugue/bwv_846
C:\Users\eagle\MARG_research\third_party\PianistTransformer\data\midis\asap-dataset-master\Bach\Fugue\bwv_846\Shi05M.mid,asap_metadata_performance,raw_normalized,17.079,86,17079,Bach/Fugue/bwv_846/Shi05M.mid,Bach,Fugue_bwv_846,Bach/Fugue/bwv_846
C:\Users\eagle\MARG_research\third_party\PianistTransformer\data\midis\asap-dataset-master\Bach\Fugue\bwv_846\Shi05M.mid,asap_metadata_performance,raw_normalized,17.099,85,17099,Bach/Fugue/bwv_846/Shi05M.mid,Bach,Fugue_bwv_846,Bach/Fugue/bwv_846
C:\Users\eagle\MARG_research\third_party\PianistTransformer\data\midis\asap-dataset-master\Bach\Fugue\bwv_846\Shi05M.mid,asap_metadata_performance,raw_normalized,17.121,84,17121,Bach/Fugue/bwv_846/Shi05M.mid,Bach,Fugue_bwv_846,Bach/Fugue/bwv_846
C:\Users\eagle\MARG_research\third_party\PianistTransformer\data\midis\asap-dataset-master\Bach\Fugue\bwv_846\Shi05M.mid,asap_metadata_performance,raw_normalized,17.143,80,17143,Bach/Fugue/bwv_846/Shi05M.mid,Bach,Fugue_bwv_846,Bach/Fugue/bwv_846
C:\Users\eagle\MARG_research\third_party\PianistTransformer\data\midis\asap-dataset-master\Bach\Fugue\bwv_846\Shi05M.mid,asap_metadata_performance,raw_normalized,17.164,76,17164,Bach/Fugue/bwv_846/Shi05M.mid,Bach,Fugue_bwv_846,Bach/Fugue/bwv_846
C:\Users\eagle\MARG_research\third_party\PianistTransformer\data\midis\asap-dataset-master\Bach\Fugue\bwv_846\Shi05M.mid,asap_metadata_performance,raw_normalized,17.182,72,17182,Bach/Fugue/bwv_846/Shi05M.mid,Bach,Fugue_bwv_846,Bach/Fugue/bwv_846
C:\Users\eagle\MARG_research\third_party\PianistTransformer\data\midis\asap-dataset-master\Bach\Fugue\bwv_846\Shi05M.mid,asap_metadata_performance,raw_normalized,17.203,68,17203,Bach/Fugue/bwv_846/Shi05M.mid,Bach,Fugue_bwv_846,Bach/Fugue/bwv_846
C:\Users\eagle\MARG_research\third_party\PianistTransformer\data\midis\asap-dataset-master\Bach\Fugue\bwv_846\Shi05M.mid,asap_metadata_performance,raw_normalized,17.223,64,17223,Bach/Fugue/bwv_846/Shi05M.mid,Bach,Fugue_bwv_846,Bach/Fugue/bwv_846
C:\Users\eagle\MARG_research\third_party\PianistTransformer\data\midis\asap-dataset-master\Bach\Fugue\bwv_846\Shi05M.mid,asap_metadata_performance,raw_normalized,17.25,59,17250,Bach/Fugue/bwv_846/Shi05M.mid,Bach,Fugue_bwv_846,Bach/Fugue/bwv_846
C:\Users\eagle\MARG_research\third_party\PianistTransformer\data\midis\asap-dataset-master\Bach\Fugue\bwv_846\Shi05M.mid,asap_metadata_performance,raw_normalized,17.271,52,17271,Bach/Fugue/bwv_846/Shi05M.mid,Bach,Fugue_bwv_846,Bach/Fugue/bwv_846
C:\Users\eagle\MARG_research\third_party\PianistTransformer\data\midis\asap-dataset-master\Bach\Fugue\bwv_846\Shi05M.mid,asap_metadata_performance,raw_normalized,17.29,46,17290,Bach/Fugue/bwv_846/Shi05M.mid,Bach,Fugue_bwv_846,Bach/Fugue/bwv_846
C:\Users\eagle\MARG_research\third_party\PianistTransformer\data\midis\asap-dataset-master\Bach\Fugue\bwv_846\Shi05M.mid,asap_metadata_performance,raw_normalized,17.311,41,17311,Bach/Fugue/bwv_846/Shi05M.mid,Bach,Fugue_bwv_846,Bach/Fugue/bwv_846
C:\Users\eagle\MARG_research\third_party\PianistTransformer\data\midis\asap-dataset-master\Bach\Fugue\bwv_846\Shi05M.mid,asap_metadata_performance,raw_normalized,17.331,39,17331,Bach/Fugue/bwv_846/Shi05M.mid,Bach,Fugue_bwv_846,Bach/Fugue/bwv_846
C:\Users\eagle\MARG_research\third_party\PianistTransformer\data\midis\asap-dataset-master\Bach\Fugue\bwv_846\Shi05M.mid,asap_metadata_performance,raw_normalized,17.35,38,17350,Bach/Fugue/bwv_846/Shi05M.mid,Bach,Fugue_bwv_846,Bach/Fugue/bwv_846
C:\Users\eagle\MARG_research\third_party\PianistTransformer\data\midis\asap-dataset-master\Bach\Fugue\bwv_846\Shi05M.mid,asap_metadata_performance,raw_normalized,17.371,37,17371,Bach/Fugue/bwv_846/Shi05M.mid,Bach,Fugue_bwv_846,Bach/Fugue/bwv_846
C:\Users\eagle\MARG_research\third_party\PianistTransformer\data\midis\asap-dataset-master\Bach\Fugue\bwv_846\Shi05M.mid,asap_metadata_performance,raw_normalized,17.391,35,17391,Bach/Fugue/bwv_846/Shi05M.mid,Bach,Fugue_bwv_846,Bach/Fugue/bwv_846
C:\Users\eagle\MARG_research\third_party\PianistTransformer\data\midis\asap-dataset-master\Bach\Fugue\bwv_846\Shi05M.mid,asap_metadata_performance,raw_normalized,17.409,33,17409,Bach/Fugue/bwv_846/Shi05M.mid,Bach,Fugue_bwv_846,Bach/Fugue/bwv_846
C:\Users\eagle\MARG_research\third_party\PianistTransformer\data\midis\asap-dataset-master\Bach\Fugue\bwv_846\Shi05M.mid,asap_metadata_performance,raw_normalized,17.43,32,17430,Bach/Fugue/bwv_846/Shi05M.mid,Bach,Fugue_bwv_846,Bach/Fugue/bwv_846
C:\Users\eagle\MARG_research\third_party\PianistTransformer\data\midis\asap-dataset-master\Bach\Fugue\bwv_846\Shi05M.mid,asap_metadata_performance,raw_normalized,17.529,0,17529,Bach/Fugue/bwv_846/Shi05M.mid,Bach,Fugue_bwv_846,Bach/Fugue/bwv_846
C:\Users\eagle\MARG_research\third_party\PianistTransformer\data\midis\asap-dataset-master\Bach\Fugue\bwv_846\Shi05M.mid,asap_metadata_performance,raw_normalized,22.043,53,22043,Bach/Fugue/bwv_846/Shi05M.mid,Bach,Fugue_bwv_846,Bach/Fugue/bwv_846
C:\Users\eagle\MARG_research\third_party\PianistTransformer\data\midis\asap-dataset-master\Bach\Fugue\bwv_846\Shi05M.mid,asap_metadata_performance,raw_normalized,22.064,63,22064,Bach/Fugue/bwv_846/Shi05M.mid,Bach,Fugue_bwv_846,Bach/Fugue/bwv_846
C:\Users\eagle\MARG_research\third_party\PianistTransformer\data\midis\asap-dataset-master\Bach\Fugue\bwv_846\Shi05M.mid,asap_metadata_performance,raw_normalized,22.083,68,22083,Bach/Fugue/bwv_846/Shi05M.mid,Bach,Fugue_bwv_846,Bach/Fugue/bwv_846
C:\Users\eagle\MARG_research\third_party\PianistTransformer\data\midis\asap-dataset-master\Bach\Fugue\bwv_846\Shi05M.mid,asap_metadata_performance,raw_normalized,22.104,80,22104,Bach/Fugue/bwv_846/Shi05M.mid,Bach,Fugue_bwv_846,Bach/Fugue/bwv_846
C:\Users\eagle\MARG_research\third_party\PianistTransformer\data\midis\asap-dataset-master\Bach\Fugue\bwv_846\Shi05M.mid,asap_metadata_performance,raw_normalized,22.124,102,22124,Bach/Fugue/bwv_846/Shi05M.mid,Bach,Fugue_bwv_846,Bach/Fugue/bwv_846
C:\Users\eagle\MARG_research\third_party\PianistTransformer\data\midis\asap-dataset-master\Bach\Fugue\bwv_846\Shi05M.mid,asap_metadata_performance,raw_normalized,22.142,127,22142,Bach/Fugue/bwv_846/Shi05M.mid,Bach,Fugue_bwv_846,Bach/Fugue/bwv_846
C:\Users\eagle\MARG_research\third_party\PianistTransformer\data\midis\asap-dataset-master\Bach\Fugue\bwv_846\Shi05M.mid,asap_metadata_performance,raw_normalized,22.668,91,22668,Bach/Fugue/bwv_846/Shi05M.mid,Bach,Fugue_bwv_846,Bach/Fugue/bwv_846
C:\Users\eagle\MARG_research\third_party\PianistTransformer\data\midis\asap-dataset-master\Bach\Fugue\bwv_846\Shi05M.mid,asap_metadata_performance,raw_normalized,22.689,74,22689,Bach/Fugue/bwv_846/Shi05M.mid,Bach,Fugue_bwv_846,Bach/Fugue/bwv_846
C:\Users\eagle\MARG_research\third_party\PianistTransformer\data\midis\asap-dataset-master\Bach\Fugue\bwv_846\Shi05M.mid,asap_metadata_performance,raw_normalized,22.708,62,22708,Bach/Fugue/bwv_846/Shi05M.mid,Bach,Fugue_bwv_846,Bach/Fugue/bwv_846
C:\Users\eagle\MARG_research\third_party\PianistTransformer\data\midis\asap-dataset-master\Bach\Fugue\bwv_846\Shi05M.mid,asap_metadata_performance,raw_normalized,22.728,49,22728,Bach/Fugue/bwv_846/Shi05M.mid,Bach,Fugue_bwv_846,Bach/Fugue/bwv_846
C:\Users\eagle\MARG_research\third_party\PianistTransformer\data\midis\asap-dataset-master\Bach\Fugue\bwv_846\Shi05M.mid,asap_metadata_performance,raw_normalized,22.747,41,22747,Bach/Fugue/bwv_846/Shi05M.mid,Bach,Fugue_bwv_846,Bach/Fugue/bwv_846
C:\Users\eagle\MARG_research\third_party\PianistTransformer\data\midis\asap-dataset-master\Bach\Fugue\bwv_846\Shi05M.mid,asap_metadata_performance,raw_normalized,22.767,48,22767,Bach/Fugue/bwv_846/Shi05M.mid,Bach,Fugue_bwv_846,Bach/Fugue/bwv_846
C:\Users\eagle\MARG_research\third_party\PianistTransformer\data\midis\asap-dataset-master\Bach\Fugue\bwv_846\Shi05M.mid,asap_metadata_performance,raw_normalized,22.788,58,22788,Bach/Fugue/bwv_846/Shi05M.mid,Bach,Fugue_bwv_846,Bach/Fugue/bwv_846
C:\Users\eagle\MARG_research\third_party\PianistTransformer\data\midis\asap-dataset-master\Bach\Fugue\bwv_846\Shi05M.mid,asap_metadata_performance,raw_normalized,22.807,66,22807,Bach/Fugue/bwv_846/Shi05M.mid,Bach,Fugue_bwv_846,Bach/Fugue/bwv_846
C:\Users\eagle\MARG_research\third_party\PianistTransformer\data\midis\asap-dataset-master\Bach\Fugue\bwv_846\Shi05M.mid,asap_metadata_performance,raw_normalized,22.826,73,22826,Bach/Fugue/bwv_846/Shi05M.mid,Bach,Fugue_bwv_846,Bach/Fugue/bwv_846
C:\Users\eagle\MARG_research\third_party\PianistTransformer\data\midis\asap-dataset-master\Bach\Fugue\bwv_846\Shi05M.mid,asap_metadata_performance,raw_normalized,22.846,83,22846,Bach/Fugue/bwv_846/Shi05M.mid,Bach,Fugue_bwv_846,Bach/Fugue/bwv_846
C:\Users\eagle\MARG_research\third_party\PianistTransformer\data\midis\asap-dataset-master\Bach\Fugue\bwv_846\Shi05M.mid,asap_metadata_performance,raw_normalized,22.866,91,22866,Bach/Fugue/bwv_846/Shi05M.mid,Bach,Fugue_bwv_846,Bach/Fugue/bwv_846
C:\Users\eagle\MARG_research\third_party\PianistTransformer\data\midis\asap-dataset-master\Bach\Fugue\bwv_846\Shi05M.mid,asap_metadata_performance,raw_normalized,22.887,98,22887,Bach/Fugue/bwv_846/Shi05M.mid,Bach,Fugue_bwv_846,Bach/Fugue/bwv_846
C:\Users\eagle\MARG_research\third_party\PianistTransformer\data\midis\asap-dataset-master\Bach\Fugue\bwv_846\Shi05M.mid,asap_metadata_performance,raw_normalized,22.906,109,22906,Bach/Fugue/bwv_846/Shi05M.mid,Bach,Fugue_bwv_846,Bach/Fugue/bwv_846
C:\Users\eagle\MARG_research\third_party\PianistTransformer\data\midis\asap-dataset-master\Bach\Fugue\bwv_846\Shi05M.mid,asap_metadata_performance,raw_normalized,22.924,127,22924,Bach/Fugue/bwv_846/Shi05M.mid,Bach,Fugue_bwv_846,Bach/Fugue/bwv_846
C:\Users\eagle\MARG_research\third_party\PianistTransformer\data\midis\asap-dataset-master\Bach\Fugue\bwv_846\Shi05M.mid,asap_metadata_performance,raw_normalized,23.29,114,23290,Bach/Fugue/bwv_846/Shi05M.mid,Bach,Fugue_bwv_846,Bach/Fugue/bwv_846
C:\Users\eagle\MARG_research\third_party\PianistTransformer\data\midis\asap-dataset-master\Bach\Fugue\bwv_846\Shi05M.mid,asap_metadata_performance,raw_normalized,23.311,92,23311,Bach/Fugue/bwv_846/Shi05M.mid,Bach,Fugue_bwv_846,Bach/Fugue/bwv_846
C:\Users\eagle\MARG_research\third_party\PianistTransformer\data\midis\asap-dataset-master\Bach\Fugue\bwv_846\Shi05M.mid,asap_metadata_performance,raw_normalized,23.331,77,23331,Bach/Fugue/bwv_846/Shi05M.mid,Bach,Fugue_bwv_846,Bach/Fugue/bwv_846
C:\Users\eagle\MARG_research\third_party\PianistTransformer\data\midis\asap-dataset-master\Bach\Fugue\bwv_846\Shi05M.mid,asap_metadata_performance,raw_normalized,23.352,63,23352,Bach/Fugue/bwv_846/Shi05M.mid,Bach,Fugue_bwv_846,Bach/Fugue/bwv_846
C:\Users\eagle\MARG_research\third_party\PianistTransformer\data\midis\asap-dataset-master\Bach\Fugue\bwv_846\Shi05M.mid,asap_metadata_performance,raw_normalized,23.37,45,23370,Bach/Fugue/bwv_846/Shi05M.mid,Bach,Fugue_bwv_846,Bach/Fugue/bwv_846
C:\Users\eagle\MARG_research\third_party\PianistTransformer\data\midis\asap-dataset-master\Bach\Fugue\bwv_846\Shi05M.mid,asap_metadata_performance,raw_normalized,23.389,0,23389,Bach/Fugue/bwv_846/Shi05M.mid,Bach,Fugue_bwv_846,Bach/Fugue/bwv_846
C:\Users\eagle\MARG_research\third_party\PianistTransformer\data\midis\asap-dataset-master\Bach\Fugue\bwv_846\Shi05M.mid,asap_metadata_performance,raw_normalized,23.469,50,23469,Bach/Fugue/bwv_846/Shi05M.mid,Bach,Fugue_bwv_846,Bach/Fugue/bwv_846
C:\Users\eagle\MARG_research\third_party\PianistTransformer\data\midis\asap-dataset-master\Bach\Fugue\bwv_846\Shi05M.mid,asap_metadata_performance,raw_normalized,23.488,62,23488,Bach/Fugue/bwv_846/Shi05M.mid,Bach,Fugue_bwv_846,Bach/Fugue/bwv_846
C:\Users\eagle\MARG_research\third_party\PianistTransformer\data\midis\asap-dataset-master\Bach\Fugue\bwv_846\Shi05M.mid,asap_metadata_performance,raw_normalized,23.509,66,23509,Bach/Fugue/bwv_846/Shi05M.mid,Bach,Fugue_bwv_846,Bach/Fugue/bwv_846
C:\Users\eagle\MARG_research\third_party\PianistTransformer\data\midis\asap-dataset-master\Bach\Fugue\bwv_846\Shi05M.mid,asap_metadata_performance,raw_normalized,23.529,69,23529,Bach/Fugue/bwv_846/Shi05M.mid,Bach,Fugue_bwv_846,Bach/Fugue/bwv_846
C:\Users\eagle\MARG_research\third_party\PianistTransformer\data\midis\asap-dataset-master\Bach\Fugue\bwv_846\Shi05M.mid,asap_metadata_performance,raw_normalized,23.548,74,23548,Bach/Fugue/bwv_846/Shi05M.mid,Bach,Fugue_bwv_846,Bach/Fugue/bwv_846
C:\Users\eagle\MARG_research\third_party\PianistTransformer\data\midis\asap-dataset-master\Bach\Fugue\bwv_846\Shi05M.mid,asap_metadata_performance,raw_normalized,23.569,81,23569,Bach/Fugue/bwv_846/Shi05M.mid,Bach,Fugue_bwv_846,Bach/Fugue/bwv_846
C:\Users\eagle\MARG_research\third_party\PianistTransformer\data\midis\asap-dataset-master\Bach\Fugue\bwv_846\Shi05M.mid,asap_metadata_performance,raw_normalized,23.589,86,23589,Bach/Fugue/bwv_846/Shi05M.mid,Bach,Fugue_bwv_846,Bach/Fugue/bwv_846
C:\Users\eagle\MARG_research\third_party\PianistTransformer\data\midis\asap-dataset-master\Bach\Fugue\bwv_846\Shi05M.mid,asap_metadata_performance,raw_normalized,23.609,90,23609,Bach/Fugue/bwv_846/Shi05M.mid,Bach,Fugue_bwv_846,Bach/Fugue/bwv_846
C:\Users\eagle\MARG_research\third_party\PianistTransformer\data\midis\asap-dataset-master\Bach\Fugue\bwv_846\Shi05M.mid,asap_metadata_performance,raw_normalized,23.629,92,23629,Bach/Fugue/bwv_846/Shi05M.mid,Bach,Fugue_bwv_846,Bach/Fugue/bwv_846
C:\Users\eagle\MARG_research\third_party\PianistTransformer\data\midis\asap-dataset-master\Bach\Fugue\bwv_846\Shi05M.mid,asap_metadata_performance,raw_normalized,23.648,94,23648,Bach/Fugue/bwv_846/Shi05M.mid,Bach,Fugue_bwv_846,Bach/Fugue/bwv_846
C:\Users\eagle\MARG_research\third_party\PianistTransformer\data\midis\asap-dataset-master\Bach\Fugue\bwv_846\Shi05M.mid,asap_metadata_performance,raw_normalized,23.668,95,23668,Bach/Fugue/bwv_846/Shi05M.mid,Bach,Fugue_bwv_846,Bach/Fugue/bwv_846
C:\Users\eagle\MARG_research\third_party\PianistTransformer\data\midis\asap-dataset-master\Bach\Fugue\bwv_846\Shi05M.mid,asap_metadata_performance,raw_normalized,23.688,98,23688,Bach/Fugue/bwv_846/Shi05M.mid,Bach,Fugue_bwv_846,Bach/Fugue/bwv_846
C:\Users\eagle\MARG_research\third_party\PianistTransformer\data\midis\asap-dataset-master\Bach\Fugue\bwv_846\Shi05M.mid,asap_metadata_performance,raw_normalized,23.707,104,23707,Bach/Fugue/bwv_846/Shi05M.mid,Bach,Fugue_bwv_846,Bach/Fugue/bwv_846
C:\Users\eagle\MARG_research\third_party\PianistTransformer\data\midis\asap-dataset-master\Bach\Fugue\bwv_846\Shi05M.mid,asap_metadata_performance,raw_normalized,23.728,109,23728,Bach/Fugue/bwv_846/Shi05M.mid,Bach,Fugue_bwv_846,Bach/Fugue/bwv_846
C:\Users\eagle\MARG_research\third_party\PianistTransformer\data\midis\asap-dataset-master\Bach\Fugue\bwv_846\Shi05M.mid,asap_metadata_performance,raw_normalized,23.887,102,23887,Bach/Fugue/bwv_846/Shi05M.mid,Bach,Fugue_bwv_846,Bach/Fugue/bwv_846
C:\Users\eagle\MARG_research\third_party\PianistTransformer\data\midis\asap-dataset-master\Bach\Fugue\bwv_846\Shi05M.mid,asap_metadata_performance,raw_normalized,23.906,90,23906,Bach/Fugue/bwv_846/Shi05M.mid,Bach,Fugue_bwv_846,Bach/Fugue/bwv_846
C:\Users\eagle\MARG_research\third_party\PianistTransformer\data\midis\asap-dataset-master\Bach\Fugue\bwv_846\Shi05M.mid,asap_metadata_performance,raw_normalized,23.926,77,23926,Bach/Fugue/bwv_846/Shi05M.mid,Bach,Fugue_bwv_846,Bach/Fugue/bwv_846
C:\Users\eagle\MARG_research\third_party\PianistTransformer\data\midis\asap-dataset-master\Bach\Fugue\bwv_846\Shi05M.mid,asap_metadata_performance,raw_normalized,23.945,64,23945,Bach/Fugue/bwv_846/Shi05M.mid,Bach,Fugue_bwv_846,Bach/Fugue/bwv_846
C:\Users\eagle\MARG_research\third_party\PianistTransformer\data\midis\asap-dataset-master\Bach\Fugue\bwv_846\Shi05M.mid,asap_metadata_performance,raw_normalized,23.965,43,23965,Bach/Fugue/bwv_846/Shi05M.mid,Bach,Fugue_bwv_846,Bach/Fugue/bwv_846
C:\Users\eagle\MARG_research\third_party\PianistTransformer\data\midis\asap-dataset-master\Bach\Fugue\bwv_846\Shi05M.mid,asap_metadata_performance,raw_normalized,23.986,0,23986,Bach/Fugue/bwv_846/Shi05M.mid,Bach,Fugue_bwv_846,Bach/Fugue/bwv_846
C:\Users\eagle\MARG_research\third_party\PianistTransformer\data\midis\asap-dataset-master\Bach\Fugue\bwv_846\Shi05M.mid,asap_metadata_performance,raw_normalized,24.083,36,24083,Bach/Fugue/bwv_846/Shi05M.mid,Bach,Fugue_bwv_846,Bach/Fugue/bwv_846
C:\Users\eagle\MARG_research\third_party\PianistTransformer\data\midis\asap-dataset-master\Bach\Fugue\bwv_846\Shi05M.mid,asap_metadata_performance,raw_normalized,24.103,55,24103,Bach/Fugue/bwv_846/Shi05M.mid,Bach,Fugue_bwv_846,Bach/Fugue/bwv_846
C:\Users\eagle\MARG_research\third_party\PianistTransformer\data\midis\asap-dataset-master\Bach\Fugue\bwv_846\Shi05M.mid,asap_metadata_performance,raw_normalized,24.122,63,24122,Bach/Fugue/bwv_846/Shi05M.mid,Bach,Fugue_bwv_846,Bach/Fugue/bwv_846
C:\Users\eagle\MARG_research\third_party\PianistTransformer\data\midis\asap-dataset-master\Bach\Fugue\bwv_846\Shi05M.mid,asap_metadata_performance,raw_normalized,24.143,66,24143,Bach/Fugue/bwv_846/Shi05M.mid,Bach,Fugue_bwv_846,Bach/Fugue/bwv_846
C:\Users\eagle\MARG_research\third_party\PianistTransformer\data\midis\asap-dataset-master\Bach\Fugue\bwv_846\Shi05M.mid,asap_metadata_performance,raw_normalized,24.163,69,24163,Bach/Fugue/bwv_846/Shi05M.mid,Bach,Fugue_bwv_846,Bach/Fugue/bwv_846
C:\Users\eagle\MARG_research\third_party\PianistTransformer\data\midis\asap-dataset-master\Bach\Fugue\bwv_846\Shi05M.mid,asap_metadata_performance,raw_normalized,24.182,73,24182,Bach/Fugue/bwv_846/Shi05M.mid,Bach,Fugue_bwv_846,Bach/Fugue/bwv_846
C:\Users\eagle\MARG_research\third_party\PianistTransformer\data\midis\asap-dataset-master\Bach\Fugue\bwv_846\Shi05M.mid,asap_metadata_performance,raw_normalized,24.202,78,24202,Bach/Fugue/bwv_846/Shi05M.mid,Bach,Fugue_bwv_846,Bach/Fugue/bwv_846
C:\Users\eagle\MARG_research\third_party\PianistTransformer\data\midis\asap-dataset-master\Bach\Fugue\bwv_846\Shi05M.mid,asap_metadata_performance,raw_normalized,24.221,82,24221,Bach/Fugue/bwv_846/Shi05M.mid,Bach,Fugue_bwv_846,Bach/Fugue/bwv_846
C:\Users\eagle\MARG_research\third_party\PianistTransformer\data\midis\asap-dataset-master\Bach\Fugue\bwv_846\Shi05M.mid,asap_metadata_performance,raw_normalized,24.242,85,24242,Bach/Fugue/bwv_846/Shi05M.mid,Bach,Fugue_bwv_846,Bach/Fugue/bwv_846
C:\Users\eagle\MARG_research\third_party\PianistTransformer\data\midis\asap-dataset-master\Bach\Fugue\bwv_846\Shi05M.mid,asap_metadata_performance,raw_normalized,24.272,87,24272,Bach/Fugue/bwv_846/Shi05M.mid,Bach,Fugue_bwv_846,Bach/Fugue/bwv_846
C:\Users\eagle\MARG_research\third_party\PianistTransformer\data\midis\asap-dataset-master\Bach\Fugue\bwv_846\Shi05M.mid,asap_metadata_performance,raw_normalized,24.292,88,24292,Bach/Fugue/bwv_846/Shi05M.mid,Bach,Fugue_bwv_846,Bach/Fugue/bwv_846
C:\Users\eagle\MARG_research\third_party\PianistTransformer\data\midis\asap-dataset-master\Bach\Fugue\bwv_846\Shi05M.mid,asap_metadata_performance,raw_normalized,24.311,89,24311,Bach/Fugue/bwv_846/Shi05M.mid,Bach,Fugue_bwv_846,Bach/Fugue/bwv_846
C:\Users\eagle\MARG_research\third_party\PianistTransformer\data\midis\asap-dataset-master\Bach\Fugue\bwv_846\Shi05M.mid,asap_metadata_performance,raw_normalized,24.331,89,24331,Bach/Fugue/bwv_846/Shi05M.mid,Bach,Fugue_bwv_846,Bach/Fugue/bwv_846
C:\Users\eagle\MARG_research\third_party\PianistTransformer\data\midis\asap-dataset-master\Bach\Fugue\bwv_846\Shi05M.mid,asap_metadata_performance,raw_normalized,24.488,89,24488,Bach/Fugue/bwv_846/Shi05M.mid,Bach,Fugue_bwv_846,Bach/Fugue/bwv_846
C:\Users\eagle\MARG_research\third_party\PianistTransformer\data\midis\asap-dataset-master\Bach\Fugue\bwv_846\Shi05M.mid,asap_metadata_performance,raw_normalized,24.509,86,24509,Bach/Fugue/bwv_846/Shi05M.mid,Bach,Fugue_bwv_846,Bach/Fugue/bwv_846
C:\Users\eagle\MARG_research\third_party\PianistTransformer\data\midis\asap-dataset-master\Bach\Fugue\bwv_846\Shi05M.mid,asap_metadata_performance,raw_normalized,24.527,82,24527,Bach/Fugue/bwv_846/Shi05M.mid,Bach,Fugue_bwv_846,Bach/Fugue/bwv_846
C:\Users\eagle\MARG_research\third_party\PianistTransformer\data\midis\asap-dataset-master\Bach\Fugue\bwv_846\Shi05M.mid,asap_metadata_performance,raw_normalized,24.548,74,24548,Bach/Fugue/bwv_846/Shi05M.mid,Bach,Fugue_bwv_846,Bach/Fugue/bwv_846
C:\Users\eagle\MARG_research\third_party\PianistTransformer\data\midis\asap-dataset-master\Bach\Fugue\bwv_846\Shi05M.mid,asap_metadata_performance,raw_normalized,24.568,64,24568,Bach/Fugue/bwv_846/Shi05M.mid,Bach,Fugue_bwv_846,Bach/Fugue/bwv_846
C:\Users\eagle\MARG_research\third_party\PianistTransformer\data\midis\asap-dataset-master\Bach\Fugue\bwv_846\Shi05M.mid,asap_metadata_performance,raw_normalized,24.587,47,24587,Bach/Fugue/bwv_846/Shi05M.mid,Bach,Fugue_bwv_846,Bach/Fugue/bwv_846
C:\Users\eagle\MARG_research\third_party\PianistTransformer\data\midis\asap-dataset-master\Bach\Fugue\bwv_846\Shi05M.mid,asap_metadata_performance,raw_normalized,24.608,0,24608,Bach/Fugue/bwv_846/Shi05M.mid,Bach,Fugue_bwv_846,Bach/Fugue/bwv_846
C:\Users\eagle\MARG_research\third_party\PianistTransformer\data\midis\asap-dataset-master\Bach\Fugue\bwv_846\Shi05M.mid,asap_metadata_performance,raw_normalized,24.73,44,24730,Bach/Fugue/bwv_846/Shi05M.mid,Bach,Fugue_bwv_846,Bach/Fugue/bwv_846
C:\Users\eagle\MARG_research\third_party\PianistTransformer\data\midis\asap-dataset-master\Bach\Fugue\bwv_846\Shi05M.mid,asap_metadata_performance,raw_normalized,24.75,61,24750,Bach/Fugue/bwv_846/Shi05M.mid,Bach,Fugue_bwv_846,Bach/Fugue/bwv_846
C:\Users\eagle\MARG_research\third_party\PianistTransformer\data\midis\asap-dataset-master\Bach\Fugue\bwv_846\Shi05M.mid,asap_metadata_performance,raw_normalized,24.77,65,24770,Bach/Fugue/bwv_846/Shi05M.mid,Bach,Fugue_bwv_846,Bach/Fugue/bwv_846
C:\Users\eagle\MARG_research\third_party\PianistTransformer\data\midis\asap-dataset-master\Bach\Fugue\bwv_846\Shi05M.mid,asap_metadata_performance,raw_normalized,24.789,66,24789,Bach/Fugue/bwv_846/Shi05M.mid,Bach,Fugue_bwv_846,Bach/Fugue/bwv_846
C:\Users\eagle\MARG_research\third_party\PianistTransformer\data\midis\asap-dataset-master\Bach\Fugue\bwv_846\Shi05M.mid,asap_metadata_performance,raw_normalized,24.81,68,24810,Bach/Fugue/bwv_846/Shi05M.mid,Bach,Fugue_bwv_846,Bach/Fugue/bwv_846
C:\Users\eagle\MARG_research\third_party\PianistTransformer\data\midis\asap-dataset-master\Bach\Fugue\bwv_846\Shi05M.mid,asap_metadata_performance,raw_normalized,24.829,70,24829,Bach/Fugue/bwv_846/Shi05M.mid,Bach,Fugue_bwv_846,Bach/Fugue/bwv_846
C:\Users\eagle\MARG_research\third_party\PianistTransformer\data\midis\asap-dataset-master\Bach\Fugue\bwv_846\Shi05M.mid,asap_metadata_performance,raw_normalized,24.85,71,24850,Bach/Fugue/bwv_846/Shi05M.mid,Bach,Fugue_bwv_846,Bach/Fugue/bwv_846
C:\Users\eagle\MARG_research\third_party\PianistTransformer\data\midis\asap-dataset-master\Bach\Fugue\bwv_846\Shi05M.mid,asap_metadata_performance,raw_normalized,24.87,71,24870,Bach/Fugue/bwv_846/Shi05M.mid,Bach,Fugue_bwv_846,Bach/Fugue/bwv_846
C:\Users\eagle\MARG_research\third_party\PianistTransformer\data\midis\asap-dataset-master\Bach\Fugue\bwv_846\Shi05M.mid,asap_metadata_performance,raw_normalized,25.087,71,25087,Bach/Fugue/bwv_846/Shi05M.mid,Bach,Fugue_bwv_846,Bach/Fugue/bwv_846
C:\Users\eagle\MARG_research\third_party\PianistTransformer\data\midis\asap-dataset-master\Bach\Fugue\bwv_846\Shi05M.mid,asap_metadata_performance,raw_normalized,25.108,69,25108,Bach/Fugue/bwv_846/Shi05M.mid,Bach,Fugue_bwv_846,Bach/Fugue/bwv_846
C:\Users\eagle\MARG_research\third_party\PianistTransformer\data\midis\asap-dataset-master\Bach\Fugue\bwv_846\Shi05M.mid,asap_metadata_performance,raw_normalized,25.128,65,25128,Bach/Fugue/bwv_846/Shi05M.mid,Bach,Fugue_bwv_846,Bach/Fugue/bwv_846
C:\Users\eagle\MARG_research\third_party\PianistTransformer\data\midis\asap-dataset-master\Bach\Fugue\bwv_846\Shi05M.mid,asap_metadata_performance,raw_normalized,25.147,59,25147,Bach/Fugue/bwv_846/Shi05M.mid,Bach,Fugue_bwv_846,Bach/Fugue/bwv_846
C:\Users\eagle\MARG_research\third_party\PianistTransformer\data\midis\asap-dataset-master\Bach\Fugue\bwv_846\Shi05M.mid,asap_metadata_performance,raw_normalized,25.168,48,25168,Bach/Fugue/bwv_846/Shi05M.mid,Bach,Fugue_bwv_846,Bach/Fugue/bwv_846
C:\Users\eagle\MARG_research\third_party\PianistTransformer\data\midis\asap-dataset-master\Bach\Fugue\bwv_846\Shi05M.mid,asap_metadata_performance,raw_normalized,25.186,44,25186,Bach/Fugue/bwv_846/Shi05M.mid,Bach,Fugue_bwv_846,Bach/Fugue/bwv_846
C:\Users\eagle\MARG_research\third_party\PianistTransformer\data\midis\asap-dataset-master\Bach\Fugue\bwv_846\Shi05M.mid,asap_metadata_performance,raw_normalized,25.207,46,25207,Bach/Fugue/bwv_846/Shi05M.mid,Bach,Fugue_bwv_846,Bach/Fugue/bwv_846
C:\Users\eagle\MARG_research\third_party\PianistTransformer\data\midis\asap-dataset-master\Bach\Fugue\bwv_846\Shi05M.mid,asap_metadata_performance,raw_normalized,25.227,52,25227,Bach/Fugue/bwv_846/Shi05M.mid,Bach,Fugue_bwv_846,Bach/Fugue/bwv_846
C:\Users\eagle\MARG_research\third_party\PianistTransformer\data\midis\asap-dataset-master\Bach\Fugue\bwv_846\Shi05M.mid,asap_metadata_performance,raw_normalized,25.258,59,25258,Bach/Fugue/bwv_846/Shi05M.mid,Bach,Fugue_bwv_846,Bach/Fugue/bwv_846
C:\Users\eagle\MARG_research\third_party\PianistTransformer\data\midis\asap-dataset-master\Bach\Fugue\bwv_846\Shi05M.mid,asap_metadata_performance,raw_normalized,25.277,63,25277,Bach/Fugue/bwv_846/Shi05M.mid,Bach,Fugue_bwv_846,Bach/Fugue/bwv_846
C:\Users\eagle\MARG_research\third_party\PianistTransformer\data\midis\asap-dataset-master\Bach\Fugue\bwv_846\Shi05M.mid,asap_metadata_performance,raw_normalized,25.296,66,25296,Bach/Fugue/bwv_846/Shi05M.mid,Bach,Fugue_bwv_846,Bach/Fugue/bwv_846
C:\Users\eagle\MARG_research\third_party\PianistTransformer\data\midis\asap-dataset-master\Bach\Fugue\bwv_846\Shi05M.mid,asap_metadata_performance,raw_normalized,25.316,68,25316,Bach/Fugue/bwv_846/Shi05M.mid,Bach,Fugue_bwv_846,Bach/Fugue/bwv_846
C:\Users\eagle\MARG_research\third_party\PianistTransformer\data\midis\asap-dataset-master\Bach\Fugue\bwv_846\Shi05M.mid,asap_metadata_performance,raw_normalized,25.336,70,25336,Bach/Fugue/bwv_846/Shi05M.mid,Bach,Fugue_bwv_846,Bach/Fugue/bwv_846
C:\Users\eagle\MARG_research\third_party\PianistTransformer\data\midis\asap-dataset-master\Bach\Fugue\bwv_846\Shi05M.mid,asap_metadata_performance,raw_normalized,25.354,71,25354,Bach/Fugue/bwv_846/Shi05M.mid,Bach,Fugue_bwv_846,Bach/Fugue/bwv_846
C:\Users\eagle\MARG_research\third_party\PianistTransformer\data\midis\asap-dataset-master\Bach\Fugue\bwv_846\Shi05M.mid,asap_metadata_performance,raw_normalized,25.375,72,25375,Bach/Fugue/bwv_846/Shi05M.mid,Bach,Fugue_bwv_846,Bach/Fugue/bwv_846
C:\Users\eagle\MARG_research\third_party\PianistTransformer\data\midis\asap-dataset-master\Bach\Fugue\bwv_846\Shi05M.mid,asap_metadata_performance,raw_normalized,25.395,72,25395,Bach/Fugue/bwv_846/Shi05M.mid,Bach,Fugue_bwv_846,Bach/Fugue/bwv_846
C:\Users\eagle\MARG_research\third_party\PianistTransformer\data\midis\asap-dataset-master\Bach\Fugue\bwv_846\Shi05M.mid,asap_metadata_performance,raw_normalized,25.652,72,25652,Bach/Fugue/bwv_846/Shi05M.mid,Bach,Fugue_bwv_846,Bach/Fugue/bwv_846
C:\Users\eagle\MARG_research\third_party\PianistTransformer\data\midis\asap-dataset-master\Bach\Fugue\bwv_846\Shi05M.mid,asap_metadata_performance,raw_normalized,25.672,71,25672,Bach/Fugue/bwv_846/Shi05M.mid,Bach,Fugue_bwv_846,Bach/Fugue/bwv_846
C:\Users\eagle\MARG_research\third_party\PianistTransformer\data\midis\asap-dataset-master\Bach\Fugue\bwv_846\Shi05M.mid,asap_metadata_performance,raw_normalized,25.693,68,25693,Bach/Fugue/bwv_846/Shi05M.mid,Bach,Fugue_bwv_846,Bach/Fugue/bwv_846
C:\Users\eagle\MARG_research\third_party\PianistTransformer\data\midis\asap-dataset-master\Bach\Fugue\bwv_846\Shi05M.mid,asap_metadata_performance,raw_normalized,25.712,63,25712,Bach/Fugue/bwv_846/Shi05M.mid,Bach,Fugue_bwv_846,Bach/Fugue/bwv_846
C:\Users\eagle\MARG_research\third_party\PianistTransformer\data\midis\asap-dataset-master\Bach\Fugue\bwv_846\Shi05M.mid,asap_metadata_performance,raw_normalized,25.733,53,25733,Bach/Fugue/bwv_846/Shi05M.mid,Bach,Fugue_bwv_846,Bach/Fugue/bwv_846
C:\Users\eagle\MARG_research\third_party\PianistTransformer\data\midis\asap-dataset-master\Bach\Fugue\bwv_846\Shi05M.mid,asap_metadata_performance,raw_normalized,25.751,30,25751,Bach/Fugue/bwv_846/Shi05M.mid,Bach,Fugue_bwv_846,Bach/Fugue/bwv_846
C:\Users\eagle\MARG_research\third_party\PianistTransformer\data\midis\asap-dataset-master\Bach\Fugue\bwv_846\Shi05M.mid,asap_metadata_performance,raw_normalized,25.771,0,25771,Bach/Fugue/bwv_846/Shi05M.mid,Bach,Fugue_bwv_846,Bach/Fugue/bwv_846
C:\Users\eagle\MARG_research\third_party\PianistTransformer\data\midis\asap-dataset-master\Bach\Fugue\bwv_846\Shi05M.mid,asap_metadata_performance,raw_normalized,25.97,43,25970,Bach/Fugue/bwv_846/Shi05M.mid,Bach,Fugue_bwv_846,Bach/Fugue/bwv_846
C:\Users\eagle\MARG_research\third_party\PianistTransformer\data\midis\asap-dataset-master\Bach\Fugue\bwv_846\Shi05M.mid,asap_metadata_performance,raw_normalized,25.991,62,25991,Bach/Fugue/bwv_846/Shi05M.mid,Bach,Fugue_bwv_846,Bach/Fugue/bwv_846
C:\Users\eagle\MARG_research\third_party\PianistTransformer\data\midis\asap-dataset-master\Bach\Fugue\bwv_846\Shi05M.mid,asap_metadata_performance,raw_normalized,26.01,69,26010,Bach/Fugue/bwv_846/Shi05M.mid,Bach,Fugue_bwv_846,Bach/Fugue/bwv_846
C:\Users\eagle\MARG_research\third_party\PianistTransformer\data\midis\asap-dataset-master\Bach\Fugue\bwv_846\Shi05M.mid,asap_metadata_performance,raw_normalized,26.029,74,26029,Bach/Fugue/bwv_846/Shi05M.mid,Bach,Fugue_bwv_846,Bach/Fugue/bwv_846
C:\Users\eagle\MARG_research\third_party\PianistTransformer\data\midis\asap-dataset-master\Bach\Fugue\bwv_846\Shi05M.mid,asap_metadata_performance,raw_normalized,26.049,80,26049,Bach/Fugue/bwv_846/Shi05M.mid,Bach,Fugue_bwv_846,Bach/Fugue/bwv_846
C:\Users\eagle\MARG_research\third_party\PianistTransformer\data\midis\asap-dataset-master\Bach\Fugue\bwv_846\Shi05M.mid,asap_metadata_performance,raw_normalized,26.069,84,26069,Bach/Fugue/bwv_846/Shi05M.mid,Bach,Fugue_bwv_846,Bach/Fugue/bwv_846
C:\Users\eagle\MARG_research\third_party\PianistTransformer\data\midis\asap-dataset-master\Bach\Fugue\bwv_846\Shi05M.mid,asap_metadata_performance,raw_normalized,26.089,88,26089,Bach/Fugue/bwv_846/Shi05M.mid,Bach,Fugue_bwv_846,Bach/Fugue/bwv_846
C:\Users\eagle\MARG_research\third_party\PianistTransformer\data\midis\asap-dataset-master\Bach\Fugue\bwv_846\Shi05M.mid,asap_metadata_performance,raw_normalized,26.109,89,26109,Bach/Fugue/bwv_846/Shi05M.mid,Bach,Fugue_bwv_846,Bach/Fugue/bwv_846
C:\Users\eagle\MARG_research\third_party\PianistTransformer\data\midis\asap-dataset-master\Bach\Fugue\bwv_846\Shi05M.mid,asap_metadata_performance,raw_normalized,26.128,90,26128,Bach/Fugue/bwv_846/Shi05M.mid,Bach,Fugue_bwv_846,Bach/Fugue/bwv_846
C:\Users\eagle\MARG_research\third_party\PianistTransformer\data\midis\asap-dataset-master\Bach\Fugue\bwv_846\Shi05M.mid,asap_metadata_performance,raw_normalized,26.148,91,26148,Bach/Fugue/bwv_846/Shi05M.mid,Bach,Fugue_bwv_846,Bach/Fugue/bwv_846
C:\Users\eagle\MARG_research\third_party\PianistTransformer\data\midis\asap-dataset-master\Bach\Fugue\bwv_846\Shi05M.mid,asap_metadata_performance,raw_normalized,26.168,91,26168,Bach/Fugue/bwv_846/Shi05M.mid,Bach,Fugue_bwv_846,Bach/Fugue/bwv_846
C:\Users\eagle\MARG_research\third_party\PianistTransformer\data\midis\asap-dataset-master\Bach\Fugue\bwv_846\Shi05M.mid,asap_metadata_performance,raw_normalized,26.186,92,26186,Bach/Fugue/bwv_846/Shi05M.mid,Bach,Fugue_bwv_846,Bach/Fugue/bwv_846
C:\Users\eagle\MARG_research\third_party\PianistTransformer\data\midis\asap-dataset-master\Bach\Fugue\bwv_846\Shi05M.mid,asap_metadata_performance,raw_normalized,26.207,92,26207,Bach/Fugue/bwv_846/Shi05M.mid,Bach,Fugue_bwv_846,Bach/Fugue/bwv_846
C:\Users\eagle\MARG_research\third_party\PianistTransformer\data\midis\asap-dataset-master\Bach\Fugue\bwv_846\Shi05M.mid,asap_metadata_performance,raw_normalized,26.336,92,26336,Bach/Fugue/bwv_846/Shi05M.mid,Bach,Fugue_bwv_846,Bach/Fugue/bwv_846
C:\Users\eagle\MARG_research\third_party\PianistTransformer\data\midis\asap-dataset-master\Bach\Fugue\bwv_846\Shi05M.mid,asap_metadata_performance,raw_normalized,26.357,91,26357,Bach/Fugue/bwv_846/Shi05M.mid,Bach,Fugue_bwv_846,Bach/Fugue/bwv_846
C:\Users\eagle\MARG_research\third_party\PianistTransformer\data\midis\asap-dataset-master\Bach\Fugue\bwv_846\Shi05M.mid,asap_metadata_performance,raw_normalized,26.376,89,26376,Bach/Fugue/bwv_846/Shi05M.mid,Bach,Fugue_bwv_846,Bach/Fugue/bwv_846
C:\Users\eagle\MARG_research\third_party\PianistTransformer\data\midis\asap-dataset-master\Bach\Fugue\bwv_846\Shi05M.mid,asap_metadata_performance,raw_normalized,26.395,86,26395,Bach/Fugue/bwv_846/Shi05M.mid,Bach,Fugue_bwv_846,Bach/Fugue/bwv_846
C:\Users\eagle\MARG_research\third_party\PianistTransformer\data\midis\asap-dataset-master\Bach\Fugue\bwv_846\Shi05M.mid,asap_metadata_performance,raw_normalized,26.415,83,26415,Bach/Fugue/bwv_846/Shi05M.mid,Bach,Fugue_bwv_846,Bach/Fugue/bwv_846
C:\Users\eagle\MARG_research\third_party\PianistTransformer\data\midis\asap-dataset-master\Bach\Fugue\bwv_846\Shi05M.mid,asap_metadata_performance,raw_normalized,26.435,79,26435,Bach/Fugue/bwv_846/Shi05M.mid,Bach,Fugue_bwv_846,Bach/Fugue/bwv_846
C:\Users\eagle\MARG_research\third_party\PianistTransformer\data\midis\asap-dataset-master\Bach\Fugue\bwv_846\Shi05M.mid,asap_metadata_performance,raw_normalized,26.453,73,26453,Bach/Fugue/bwv_846/Shi05M.mid,Bach,Fugue_bwv_846,Bach/Fugue/bwv_846
C:\Users\eagle\MARG_research\third_party\PianistTransformer\data\midis\asap-dataset-master\Bach\Fugue\bwv_846\Shi05M.mid,asap_metadata_performance,raw_normalized,26.474,66,26474,Bach/Fugue/bwv_846/Shi05M.mid,Bach,Fugue_bwv_846,Bach/Fugue/bwv_846
C:\Users\eagle\MARG_research\third_party\PianistTransformer\data\midis\asap-dataset-master\Bach\Fugue\bwv_846\Shi05M.mid,asap_metadata_performance,raw_normalized,26.493,56,26493,Bach/Fugue/bwv_846/Shi05M.mid,Bach,Fugue_bwv_846,Bach/Fugue/bwv_846
C:\Users\eagle\MARG_research\third_party\PianistTransformer\data\midis\asap-dataset-master\Bach\Fugue\bwv_846\Shi05M.mid,asap_metadata_performance,raw_normalized,26.514,34,26514,Bach/Fugue/bwv_846/Shi05M.mid,Bach,Fugue_bwv_846,Bach/Fugue/bwv_846
C:\Users\eagle\MARG_research\third_party\PianistTransformer\data\midis\asap-dataset-master\Bach\Fugue\bwv_846\Shi05M.mid,asap_metadata_performance,raw_normalized,26.534,0,26534,Bach/Fugue/bwv_846/Shi05M.mid,Bach,Fugue_bwv_846,Bach/Fugue/bwv_846
C:\Users\eagle\MARG_research\third_party\PianistTransformer\data\midis\asap-dataset-master\Bach\Fugue\bwv_846\Shi05M.mid,asap_metadata_performance,raw_normalized,27.691,41,27691,Bach/Fugue/bwv_846/Shi05M.mid,Bach,Fugue_bwv_846,Bach/Fugue/bwv_846
C:\Users\eagle\MARG_research\third_party\PianistTransformer\data\midis\asap-dataset-master\Bach\Fugue\bwv_846\Shi05M.mid,asap_metadata_performance,raw_normalized,27.712,55,27712,Bach/Fugue/bwv_846/Shi05M.mid,Bach,Fugue_bwv_846,Bach/Fugue/bwv_846
C:\Users\eagle\MARG_research\third_party\PianistTransformer\data\midis\asap-dataset-master\Bach\Fugue\bwv_846\Shi05M.mid,asap_metadata_performance,raw_normalized,27.73,61,27730,Bach/Fugue/bwv_846/Shi05M.mid,Bach,Fugue_bwv_846,Bach/Fugue/bwv_846
C:\Users\eagle\MARG_research\third_party\PianistTransformer\data\midis\asap-dataset-master\Bach\Fugue\bwv_846\Shi05M.mid,asap_metadata_performance,raw_normalized,27.75,65,27750,Bach/Fugue/bwv_846/Shi05M.mid,Bach,Fugue_bwv_846,Bach/Fugue/bwv_846
C:\Users\eagle\MARG_research\third_party\PianistTransformer\data\midis\asap-dataset-master\Bach\Fugue\bwv_846\Shi05M.mid,asap_metadata_performance,raw_normalized,27.771,69,27771,Bach/Fugue/bwv_846/Shi05M.mid,Bach,Fugue_bwv_846,Bach/Fugue/bwv_846
C:\Users\eagle\MARG_research\third_party\PianistTransformer\data\midis\asap-dataset-master\Bach\Fugue\bwv_846\Shi05M.mid,asap_metadata_performance,raw_normalized,27.79,75,27790,Bach/Fugue/bwv_846/Shi05M.mid,Bach,Fugue_bwv_846,Bach/Fugue/bwv_846
C:\Users\eagle\MARG_research\third_party\PianistTransformer\data\midis\asap-dataset-master\Bach\Fugue\bwv_846\Shi05M.mid,asap_metadata_performance,raw_normalized,27.811,82,27811,Bach/Fugue/bwv_846/Shi05M.mid,Bach,Fugue_bwv_846,Bach/Fugue/bwv_846
C:\Users\eagle\MARG_research\third_party\PianistTransformer\data\midis\asap-dataset-master\Bach\Fugue\bwv_846\Shi05M.mid,asap_metadata_performance,raw_normalized,27.832,88,27832,Bach/Fugue/bwv_846/Shi05M.mid,Bach,Fugue_bwv_846,Bach/Fugue/bwv_846
C:\Users\eagle\MARG_research\third_party\PianistTransformer\data\midis\asap-dataset-master\Bach\Fugue\bwv_846\Shi05M.mid,asap_metadata_performance,raw_normalized,27.85,94,27850,Bach/Fugue/bwv_846/Shi05M.mid,Bach,Fugue_bwv_846,Bach/Fugue/bwv_846
C:\Users\eagle\MARG_research\third_party\PianistTransformer\data\midis\asap-dataset-master\Bach\Fugue\bwv_846\Shi05M.mid,asap_metadata_performance,raw_normalized,27.871,97,27871,Bach/Fugue/bwv_846/Shi05M.mid,Bach,Fugue_bwv_846,Bach/Fugue/bwv_846
C:\Users\eagle\MARG_research\third_party\PianistTransformer\data\midis\asap-dataset-master\Bach\Fugue\bwv_846\Shi05M.mid,asap_metadata_performance,raw_normalized,27.891,100,27891,Bach/Fugue/bwv_846/Shi05M.mid,Bach,Fugue_bwv_846,Bach/Fugue/bwv_846
C:\Users\eagle\MARG_research\third_party\PianistTransformer\data\midis\asap-dataset-master\Bach\Fugue\bwv_846\Shi05M.mid,asap_metadata_performance,raw_normalized,27.931,103,27931,Bach/Fugue/bwv_846/Shi05M.mid,Bach,Fugue_bwv_846,Bach/Fugue/bwv_846
C:\Users\eagle\MARG_research\third_party\PianistTransformer\data\midis\asap-dataset-master\Bach\Fugue\bwv_846\Shi05M.mid,asap_metadata_performance,raw_normalized,28.129,100,28129,Bach/Fugue/bwv_846/Shi05M.mid,Bach,Fugue_bwv_846,Bach/Fugue/bwv_846
C:\Users\eagle\MARG_research\third_party\PianistTransformer\data\midis\asap-dataset-master\Bach\Fugue\bwv_846\Shi05M.mid,asap_metadata_performance,raw_normalized,28.148,98,28148,Bach/Fugue/bwv_846/Shi05M.mid,Bach,Fugue_bwv_846,Bach/Fugue/bwv_846
C:\Users\eagle\MARG_research\third_party\PianistTransformer\data\midis\asap-dataset-master\Bach\Fugue\bwv_846\Shi05M.mid,asap_metadata_performance,raw_normalized,28.168,94,28168,Bach/Fugue/bwv_846/Shi05M.mid,Bach,Fugue_bwv_846,Bach/Fugue/bwv_846
C:\Users\eagle\MARG_research\third_party\PianistTransformer\data\midis\asap-dataset-master\Bach\Fugue\bwv_846\Shi05M.mid,asap_metadata_performance,raw_normalized,28.189,91,28189,Bach/Fugue/bwv_846/Shi05M.mid,Bach,Fugue_bwv_846,Bach/Fugue/bwv_846
C:\Users\eagle\MARG_research\third_party\PianistTransformer\data\midis\asap-dataset-master\Bach\Fugue\bwv_846\Shi05M.mid,asap_metadata_performance,raw_normalized,28.208,86,28208,Bach/Fugue/bwv_846/Shi05M.mid,Bach,Fugue_bwv_846,Bach/Fugue/bwv_846
C:\Users\eagle\MARG_research\third_party\PianistTransformer\data\midis\asap-dataset-master\Bach\Fugue\bwv_846\Shi05M.mid,asap_metadata_performance,raw_normalized,28.229,80,28229,Bach/Fugue/bwv_846/Shi05M.mid,Bach,Fugue_bwv_846,Bach/Fugue/bwv_846
C:\Users\eagle\MARG_research\third_party\PianistTransformer\data\midis\asap-dataset-master\Bach\Fugue\bwv_846\Shi05M.mid,asap_metadata_performance,raw_normalized,28.247,73,28247,Bach/Fugue/bwv_846/Shi05M.mid,Bach,Fugue_bwv_846,Bach/Fugue/bwv_846
C:\Users\eagle\MARG_research\third_party\PianistTransformer\data\midis\asap-dataset-master\Bach\Fugue\bwv_846\Shi05M.mid,asap_metadata_performance,raw_normalized,28.279,65,28279,Bach/Fugue/bwv_846/Shi05M.mid,Bach,Fugue_bwv_846,Bach/Fugue/bwv_846
C:\Users\eagle\MARG_research\third_party\PianistTransformer\data\midis\asap-dataset-master\Bach\Fugue\bwv_846\Shi05M.mid,asap_metadata_performance,raw_normalized,28.297,55,28297,Bach/Fugue/bwv_846/Shi05M.mid,Bach,Fugue_bwv_846,Bach/Fugue/bwv_846
C:\Users\eagle\MARG_research\third_party\PianistTransformer\data\midis\asap-dataset-master\Bach\Fugue\bwv_846\Shi05M.mid,asap_metadata_performance,raw_normalized,28.316,38,28316,Bach/Fugue/bwv_846/Shi05M.mid,Bach,Fugue_bwv_846,Bach/Fugue/bwv_846
C:\Users\eagle\MARG_research\third_party\PianistTransformer\data\midis\asap-dataset-master\Bach\Fugue\bwv_846\Shi05M.mid,asap_metadata_performance,raw_normalized,28.337,0,28337,Bach/Fugue/bwv_846/Shi05M.mid,Bach,Fugue_bwv_846,Bach/Fugue/bwv_846
C:\Users\eagle\MARG_research\third_party\PianistTransformer\data\midis\asap-dataset-master\Bach\Fugue\bwv_846\Shi05M.mid,asap_metadata_performance,raw_normalized,28.852,32,28852,Bach/Fugue/bwv_846/Shi05M.mid,Bach,Fugue_bwv_846,Bach/Fugue/bwv_846
C:\Users\eagle\MARG_research\third_party\PianistTransformer\data\midis\asap-dataset-master\Bach\Fugue\bwv_846\Shi05M.mid,asap_metadata_performance,raw_normalized,28.871,45,28871,Bach/Fugue/bwv_846/Shi05M.mid,Bach,Fugue_bwv_846,Bach/Fugue/bwv_846
C:\Users\eagle\MARG_research\third_party\PianistTransformer\data\midis\asap-dataset-master\Bach\Fugue\bwv_846\Shi05M.mid,asap_metadata_performance,raw_normalized,28.892,55,28892,Bach/Fugue/bwv_846/Shi05M.mid,Bach,Fugue_bwv_846,Bach/Fugue/bwv_846
C:\Users\eagle\MARG_research\third_party\PianistTransformer\data\midis\asap-dataset-master\Bach\Fugue\bwv_846\Shi05M.mid,asap_metadata_performance,raw_normalized,28.913,61,28913,Bach/Fugue/bwv_846/Shi05M.mid,Bach,Fugue_bwv_846,Bach/Fugue/bwv_846
C:\Users\eagle\MARG_research\third_party\PianistTransformer\data\midis\asap-dataset-master\Bach\Fugue\bwv_846\Shi05M.mid,asap_metadata_performance,raw_normalized,28.932,64,28932,Bach/Fugue/bwv_846/Shi05M.mid,Bach,Fugue_bwv_846,Bach/Fugue/bwv_846
C:\Users\eagle\MARG_research\third_party\PianistTransformer\data\midis\asap-dataset-master\Bach\Fugue\bwv_846\Shi05M.mid,asap_metadata_performance,raw_normalized,28.951,69,28951,Bach/Fugue/bwv_846/Shi05M.mid,Bach,Fugue_bwv_846,Bach/Fugue/bwv_846
C:\Users\eagle\MARG_research\third_party\PianistTransformer\data\midis\asap-dataset-master\Bach\Fugue\bwv_846\Shi05M.mid,asap_metadata_performance,raw_normalized,28.971,74,28971,Bach/Fugue/bwv_846/Shi05M.mid,Bach,Fugue_bwv_846,Bach/Fugue/bwv_846
C:\Users\eagle\MARG_research\third_party\PianistTransformer\data\midis\asap-dataset-master\Bach\Fugue\bwv_846\Shi05M.mid,asap_metadata_performance,raw_normalized,28.991,81,28991,Bach/Fugue/bwv_846/Shi05M.mid,Bach,Fugue_bwv_846,Bach/Fugue/bwv_846
C:\Users\eagle\MARG_research\third_party\PianistTransformer\data\midis\asap-dataset-master\Bach\Fugue\bwv_846\Shi05M.mid,asap_metadata_performance,raw_normalized,29.012,87,29012,Bach/Fugue/bwv_846/Shi05M.mid,Bach,Fugue_bwv_846,Bach/Fugue/bwv_846
C:\Users\eagle\MARG_research\third_party\PianistTransformer\data\midis\asap-dataset-master\Bach\Fugue\bwv_846\Shi05M.mid,asap_metadata_performance,raw_normalized,29.031,92,29031,Bach/Fugue/bwv_846/Shi05M.mid,Bach,Fugue_bwv_846,Bach/Fugue/bwv_846
C:\Users\eagle\MARG_research\third_party\PianistTransformer\data\midis\asap-dataset-master\Bach\Fugue\bwv_846\Shi05M.mid,asap_metadata_performance,raw_normalized,29.049,97,29049,Bach/Fugue/bwv_846/Shi05M.mid,Bach,Fugue_bwv_846,Bach/Fugue/bwv_846
C:\Users\eagle\MARG_research\third_party\PianistTransformer\data\midis\asap-dataset-master\Bach\Fugue\bwv_846\Shi05M.mid,asap_metadata_performance,raw_normalized,29.07,101,29070,Bach/Fugue/bwv_846/Shi05M.mid,Bach,Fugue_bwv_846,Bach/Fugue/bwv_846
C:\Users\eagle\MARG_research\third_party\PianistTransformer\data\midis\asap-dataset-master\Bach\Fugue\bwv_846\Shi05M.mid,asap_metadata_performance,raw_normalized,29.09,104,29090,Bach/Fugue/bwv_846/Shi05M.mid,Bach,Fugue_bwv_846,Bach/Fugue/bwv_846
C:\Users\eagle\MARG_research\third_party\PianistTransformer\data\midis\asap-dataset-master\Bach\Fugue\bwv_846\Shi05M.mid,asap_metadata_performance,raw_normalized,29.109,107,29109,Bach/Fugue/bwv_846/Shi05M.mid,Bach,Fugue_bwv_846,Bach/Fugue/bwv_846
C:\Users\eagle\MARG_research\third_party\PianistTransformer\data\midis\asap-dataset-master\Bach\Fugue\bwv_846\Shi05M.mid,asap_metadata_performance,raw_normalized,29.148,109,29148,Bach/Fugue/bwv_846/Shi05M.mid,Bach,Fugue_bwv_846,Bach/Fugue/bwv_846
C:\Users\eagle\MARG_research\third_party\PianistTransformer\data\midis\asap-dataset-master\Bach\Fugue\bwv_846\Shi05M.mid,asap_metadata_performance,raw_normalized,29.298,107,29298,Bach/Fugue/bwv_846/Shi05M.mid,Bach,Fugue_bwv_846,Bach/Fugue/bwv_846
C:\Users\eagle\MARG_research\third_party\PianistTransformer\data\midis\asap-dataset-master\Bach\Fugue\bwv_846\Shi05M.mid,asap_metadata_performance,raw_normalized,29.318,105,29318,Bach/Fugue/bwv_846/Shi05M.mid,Bach,Fugue_bwv_846,Bach/Fugue/bwv_846
C:\Users\eagle\MARG_research\third_party\PianistTransformer\data\midis\asap-dataset-master\Bach\Fugue\bwv_846\Shi05M.mid,asap_metadata_performance,raw_normalized,29.337,103,29337,Bach/Fugue/bwv_846/Shi05M.mid,Bach,Fugue_bwv_846,Bach/Fugue/bwv_846
C:\Users\eagle\MARG_research\third_party\PianistTransformer\data\midis\asap-dataset-master\Bach\Fugue\bwv_846\Shi05M.mid,asap_metadata_performance,raw_normalized,29.357,101,29357,Bach/Fugue/bwv_846/Shi05M.mid,Bach,Fugue_bwv_846,Bach/Fugue/bwv_846
C:\Users\eagle\MARG_research\third_party\PianistTransformer\data\midis\asap-dataset-master\Bach\Fugue\bwv_846\Shi05M.mid,asap_metadata_performance,raw_normalized,29.378,98,29378,Bach/Fugue/bwv_846/Shi05M.mid,Bach,Fugue_bwv_846,Bach/Fugue/bwv_846
C:\Users\eagle\MARG_research\third_party\PianistTransformer\data\midis\asap-dataset-master\Bach\Fugue\bwv_846\Shi05M.mid,asap_metadata_performance,raw_normalized,29.396,93,29396,Bach/Fugue/bwv_846/Shi05M.mid,Bach,Fugue_bwv_846,Bach/Fugue/bwv_846
C:\Users\eagle\MARG_research\third_party\PianistTransformer\data\midis\asap-dataset-master\Bach\Fugue\bwv_846\Shi05M.mid,asap_metadata_performance,raw_normalized,29.415,87,29415,Bach/Fugue/bwv_846/Shi05M.mid,Bach,Fugue_bwv_846,Bach/Fugue/bwv_846
C:\Users\eagle\MARG_research\third_party\PianistTransformer\data\midis\asap-dataset-master\Bach\Fugue\bwv_846\Shi05M.mid,asap_metadata_performance,raw_normalized,29.436,78,29436,Bach/Fugue/bwv_846/Shi05M.mid,Bach,Fugue_bwv_846,Bach/Fugue/bwv_846
C:\Users\eagle\MARG_research\third_party\PianistTransformer\data\midis\asap-dataset-master\Bach\Fugue\bwv_846\Shi05M.mid,asap_metadata_performance,raw_normalized,29.456,68,29456,Bach/Fugue/bwv_846/Shi05M.mid,Bach,Fugue_bwv_846,Bach/Fugue/bwv_846
C:\Users\eagle\MARG_research\third_party\PianistTransformer\data\midis\asap-dataset-master\Bach\Fugue\bwv_846\Shi05M.mid,asap_metadata_performance,raw_normalized,29.477,58,29477,Bach/Fugue/bwv_846/Shi05M.mid,Bach,Fugue_bwv_846,Bach/Fugue/bwv_846
C:\Users\eagle\MARG_research\third_party\PianistTransformer\data\midis\asap-dataset-master\Bach\Fugue\bwv_846\Shi05M.mid,asap_metadata_performance,raw_normalized,29.495,46,29495,Bach/Fugue/bwv_846/Shi05M.mid,Bach,Fugue_bwv_846,Bach/Fugue/bwv_846
C:\Users\eagle\MARG_research\third_party\PianistTransformer\data\midis\asap-dataset-master\Bach\Fugue\bwv_846\Shi05M.mid,asap_metadata_performance,raw_normalized,29.514,41,29514,Bach/Fugue/bwv_846/Shi05M.mid,Bach,Fugue_bwv_846,Bach/Fugue/bwv_846
C:\Users\eagle\MARG_research\third_party\PianistTransformer\data\midis\asap-dataset-master\Bach\Fugue\bwv_846\Shi05M.mid,asap_metadata_performance,raw_normalized,29.535,39,29535,Bach/Fugue/bwv_846/Shi05M.mid,Bach,Fugue_bwv_846,Bach/Fugue/bwv_846
C:\Users\eagle\MARG_research\third_party\PianistTransformer\data\midis\asap-dataset-master\Bach\Fugue\bwv_846\Shi05M.mid,asap_metadata_performance,raw_normalized,29.555,39,29555,Bach/Fugue/bwv_846/Shi05M.mid,Bach,Fugue_bwv_846,Bach/Fugue/bwv_846
C:\Users\eagle\MARG_research\third_party\PianistTransformer\data\midis\asap-dataset-master\Bach\Fugue\bwv_846\Shi05M.mid,asap_metadata_performance,raw_normalized,29.573,38,29573,Bach/Fugue/bwv_846/Shi05M.mid,Bach,Fugue_bwv_846,Bach/Fugue/bwv_846
C:\Users\eagle\MARG_research\third_party\PianistTransformer\data\midis\asap-dataset-master\Bach\Fugue\bwv_846\Shi05M.mid,asap_metadata_performance,raw_normalized,29.613,38,29613,Bach/Fugue/bwv_846/Shi05M.mid,Bach,Fugue_bwv_846,Bach/Fugue/bwv_846
C:\Users\eagle\MARG_research\third_party\PianistTransformer\data\midis\asap-dataset-master\Bach\Fugue\bwv_846\Shi05M.mid,asap_metadata_performance,raw_normalized,29.673,37,29673,Bach/Fugue/bwv_846/Shi05M.mid,Bach,Fugue_bwv_846,Bach/Fugue/bwv_846
C:\Users\eagle\MARG_research\third_party\PianistTransformer\data\midis\asap-dataset-master\Bach\Fugue\bwv_846\Shi05M.mid,asap_metadata_performance,raw_normalized,29.772,37,29772,Bach/Fugue/bwv_846/Shi05M.mid,Bach,Fugue_bwv_846,Bach/Fugue/bwv_846
C:\Users\eagle\MARG_research\third_party\PianistTransformer\data\midis\asap-dataset-master\Bach\Fugue\bwv_846\Shi05M.mid,asap_metadata_performance,raw_normalized,29.93,36,29930,Bach/Fugue/bwv_846/Shi05M.mid,Bach,Fugue_bwv_846,Bach/Fugue/bwv_846
C:\Users\eagle\MARG_research\third_party\PianistTransformer\data\midis\asap-dataset-master\Bach\Fugue\bwv_846\Shi05M.mid,asap_metadata_performance,raw_normalized,29.952,36,29952,Bach/Fugue/bwv_846/Shi05M.mid,Bach,Fugue_bwv_846,Bach/Fugue/bwv_846
C:\Users\eagle\MARG_research\third_party\PianistTransformer\data\midis\asap-dataset-master\Bach\Fugue\bwv_846\Shi05M.mid,asap_metadata_performance,raw_normalized,29.991,35,29991,Bach/Fugue/bwv_846/Shi05M.mid,Bach,Fugue_bwv_846,Bach/Fugue/bwv_846
C:\Users\eagle\MARG_research\third_party\PianistTransformer\data\midis\asap-dataset-master\Bach\Fugue\bwv_846\Shi05M.mid,asap_metadata_performance,raw_normalized,30.031,35,30031,Bach/Fugue/bwv_846/Shi05M.mid,Bach,Fugue_bwv_846,Bach/Fugue/bwv_846
C:\Users\eagle\MARG_research\third_party\PianistTransformer\data\midis\asap-dataset-master\Bach\Fugue\bwv_846\Shi05M.mid,asap_metadata_performance,raw_normalized,30.129,34,30129,Bach/Fugue/bwv_846/Shi05M.mid,Bach,Fugue_bwv_846,Bach/Fugue/bwv_846
C:\Users\eagle\MARG_research\third_party\PianistTransformer\data\midis\asap-dataset-master\Bach\Fugue\bwv_846\Shi05M.mid,asap_metadata_performance,raw_normalized,30.279,34,30279,Bach/Fugue/bwv_846/Shi05M.mid,Bach,Fugue_bwv_846,Bach/Fugue/bwv_846
C:\Users\eagle\MARG_research\third_party\PianistTransformer\data\midis\asap-dataset-master\Bach\Fugue\bwv_846\Shi05M.mid,asap_metadata_performance,raw_normalized,30.357,33,30357,Bach/Fugue/bwv_846/Shi05M.mid,Bach,Fugue_bwv_846,Bach/Fugue/bwv_846
C:\Users\eagle\MARG_research\third_party\PianistTransformer\data\midis\asap-dataset-master\Bach\Fugue\bwv_846\Shi05M.mid,asap_metadata_performance,raw_normalized,30.396,33,30396,Bach/Fugue/bwv_846/Shi05M.mid,Bach,Fugue_bwv_846,Bach/Fugue/bwv_846
C:\Users\eagle\MARG_research\third_party\PianistTransformer\data\midis\asap-dataset-master\Bach\Fugue\bwv_846\Shi05M.mid,asap_metadata_performance,raw_normalized,30.436,32,30436,Bach/Fugue/bwv_846/Shi05M.mid,Bach,Fugue_bwv_846,Bach/Fugue/bwv_846
C:\Users\eagle\MARG_research\third_party\PianistTransformer\data\midis\asap-dataset-master\Bach\Fugue\bwv_846\Shi05M.mid,asap_metadata_performance,raw_normalized,30.477,32,30477,Bach/Fugue/bwv_846/Shi05M.mid,Bach,Fugue_bwv_846,Bach/Fugue/bwv_846
C:\Users\eagle\MARG_research\third_party\PianistTransformer\data\midis\asap-dataset-master\Bach\Fugue\bwv_846\Shi05M.mid,asap_metadata_performance,raw_normalized,30.555,0,30555,Bach/Fugue/bwv_846/Shi05M.mid,Bach,Fugue_bwv_846,Bach/Fugue/bwv_846
C:\Users\eagle\MARG_research\third_party\PianistTransformer\data\midis\asap-dataset-master\Bach\Fugue\bwv_846\Shi05M.mid,asap_metadata_performance,raw_normalized,31.315,31,31315,Bach/Fugue/bwv_846/Shi05M.mid,Bach,Fugue_bwv_846,Bach/Fugue/bwv_846
C:\Users\eagle\MARG_research\third_party\PianistTransformer\data\midis\asap-dataset-master\Bach\Fugue\bwv_846\Shi05M.mid,asap_metadata_performance,raw_normalized,31.333,44,31333,Bach/Fugue/bwv_846/Shi05M.mid,Bach,Fugue_bwv_846,Bach/Fugue/bwv_846
C:\Users\eagle\MARG_research\third_party\PianistTransformer\data\midis\asap-dataset-master\Bach\Fugue\bwv_846\Shi05M.mid,asap_metadata_performance,raw_normalized,31.353,57,31353,Bach/Fugue/bwv_846/Shi05M.mid,Bach,Fugue_bwv_846,Bach/Fugue/bwv_846
C:\Users\eagle\MARG_research\third_party\PianistTransformer\data\midis\asap-dataset-master\Bach\Fugue\bwv_846\Shi05M.mid,asap_metadata_performance,raw_normalized,31.374,64,31374,Bach/Fugue/bwv_846/Shi05M.mid,Bach,Fugue_bwv_846,Bach/Fugue/bwv_846
C:\Users\eagle\MARG_research\third_party\PianistTransformer\data\midis\asap-dataset-master\Bach\Fugue\bwv_846\Shi05M.mid,asap_metadata_performance,raw_normalized,31.393,69,31393,Bach/Fugue/bwv_846/Shi05M.mid,Bach,Fugue_bwv_846,Bach/Fugue/bwv_846
C:\Users\eagle\MARG_research\third_party\PianistTransformer\data\midis\asap-dataset-master\Bach\Fugue\bwv_846\Shi05M.mid,asap_metadata_performance,raw_normalized,31.414,77,31414,Bach/Fugue/bwv_846/Shi05M.mid,Bach,Fugue_bwv_846,Bach/Fugue/bwv_846
C:\Users\eagle\MARG_research\third_party\PianistTransformer\data\midis\asap-dataset-master\Bach\Fugue\bwv_846\Shi05M.mid,asap_metadata_performance,raw_normalized,31.432,88,31432,Bach/Fugue/bwv_846/Shi05M.mid,Bach,Fugue_bwv_846,Bach/Fugue/bwv_846
C:\Users\eagle\MARG_research\third_party\PianistTransformer\data\midis\asap-dataset-master\Bach\Fugue\bwv_846\Shi05M.mid,asap_metadata_performance,raw_normalized,31.452,96,31452,Bach/Fugue/bwv_846/Shi05M.mid,Bach,Fugue_bwv_846,Bach/Fugue/bwv_846
C:\Users\eagle\MARG_research\third_party\PianistTransformer\data\midis\asap-dataset-master\Bach\Fugue\bwv_846\Shi05M.mid,asap_metadata_performance,raw_normalized,31.473,102,31473,Bach/Fugue/bwv_846/Shi05M.mid,Bach,Fugue_bwv_846,Bach/Fugue/bwv_846
C:\Users\eagle\MARG_research\third_party\PianistTransformer\data\midis\asap-dataset-master\Bach\Fugue\bwv_846\Shi05M.mid,asap_metadata_performance,raw_normalized,31.491,106,31491,Bach/Fugue/bwv_846/Shi05M.mid,Bach,Fugue_bwv_846,Bach/Fugue/bwv_846
C:\Users\eagle\MARG_research\third_party\PianistTransformer\data\midis\asap-dataset-master\Bach\Fugue\bwv_846\Shi05M.mid,asap_metadata_performance,raw_normalized,31.51,110,31510,Bach/Fugue/bwv_846/Shi05M.mid,Bach,Fugue_bwv_846,Bach/Fugue/bwv_846
C:\Users\eagle\MARG_research\third_party\PianistTransformer\data\midis\asap-dataset-master\Bach\Fugue\bwv_846\Shi05M.mid,asap_metadata_performance,raw_normalized,31.531,113,31531,Bach/Fugue/bwv_846/Shi05M.mid,Bach,Fugue_bwv_846,Bach/Fugue/bwv_846
C:\Users\eagle\MARG_research\third_party\PianistTransformer\data\midis\asap-dataset-master\Bach\Fugue\bwv_846\Shi05M.mid,asap_metadata_performance,raw_normalized,31.551,116,31551,Bach/Fugue/bwv_846/Shi05M.mid,Bach,Fugue_bwv_846,Bach/Fugue/bwv_846
C:\Users\eagle\MARG_research\third_party\PianistTransformer\data\midis\asap-dataset-master\Bach\Fugue\bwv_846\Shi05M.mid,asap_metadata_performance,raw_normalized,31.572,121,31572,Bach/Fugue/bwv_846/Shi05M.mid,Bach,Fugue_bwv_846,Bach/Fugue/bwv_846
C:\Users\eagle\MARG_research\third_party\PianistTransformer\data\midis\asap-dataset-master\Bach\Fugue\bwv_846\Shi05M.mid,asap_metadata_performance,raw_normalized,31.59,127,31590,Bach/Fugue/bwv_846/Shi05M.mid,Bach,Fugue_bwv_846,Bach/Fugue/bwv_846
C:\Users\eagle\MARG_research\third_party\PianistTransformer\data\midis\asap-dataset-master\Bach\Fugue\bwv_846\Shi05M.mid,asap_metadata_performance,raw_normalized,31.807,107,31807,Bach/Fugue/bwv_846/Shi05M.mid,Bach,Fugue_bwv_846,Bach/Fugue/bwv_846
C:\Users\eagle\MARG_research\third_party\PianistTransformer\data\midis\asap-dataset-master\Bach\Fugue\bwv_846\Shi05M.mid,asap_metadata_performance,raw_normalized,31.827,88,31827,Bach/Fugue/bwv_846/Shi05M.mid,Bach,Fugue_bwv_846,Bach/Fugue/bwv_846
C:\Users\eagle\MARG_research\third_party\PianistTransformer\data\midis\asap-dataset-master\Bach\Fugue\bwv_846\Shi05M.mid,asap_metadata_performance,raw_normalized,31.848,73,31848,Bach/Fugue/bwv_846/Shi05M.mid,Bach,Fugue_bwv_846,Bach/Fugue/bwv_846
C:\Users\eagle\MARG_research\third_party\PianistTransformer\data\midis\asap-dataset-master\Bach\Fugue\bwv_846\Shi05M.mid,asap_metadata_performance,raw_normalized,31.867,59,31867,Bach/Fugue/bwv_846/Shi05M.mid,Bach,Fugue_bwv_846,Bach/Fugue/bwv_846
C:\Users\eagle\MARG_research\third_party\PianistTransformer\data\midis\asap-dataset-master\Bach\Fugue\bwv_846\Shi05M.mid,asap_metadata_performance,raw_normalized,31.888,34,31888,Bach/Fugue/bwv_846/Shi05M.mid,Bach,Fugue_bwv_846,Bach/Fugue/bwv_846
C:\Users\eagle\MARG_research\third_party\PianistTransformer\data\midis\asap-dataset-master\Bach\Fugue\bwv_846\Shi05M.mid,asap_metadata_performance,raw_normalized,31.908,0,31908,Bach/Fugue/bwv_846/Shi05M.mid,Bach,Fugue_bwv_846,Bach/Fugue/bwv_846
C:\Users\eagle\MARG_research\third_party\PianistTransformer\data\midis\asap-dataset-master\Bach\Fugue\bwv_846\Shi05M.mid,asap_metadata_performance,raw_normalized,31.966,57,31966,Bach/Fugue/bwv_846/Shi05M.mid,Bach,Fugue_bwv_846,Bach/Fugue/bwv_846
C:\Users\eagle\MARG_research\third_party\PianistTransformer\data\midis\asap-dataset-master\Bach\Fugue\bwv_846\Shi05M.mid,asap_metadata_performance,raw_normalized,31.987,67,31987,Bach/Fugue/bwv_846/Shi05M.mid,Bach,Fugue_bwv_846,Bach/Fugue/bwv_846
C:\Users\eagle\MARG_research\third_party\PianistTransformer\data\midis\asap-dataset-master\Bach\Fugue\bwv_846\Shi05M.mid,asap_metadata_performance,raw_normalized,32.007,74,32007,Bach/Fugue/bwv_846/Shi05M.mid,Bach,Fugue_bwv_846,Bach/Fugue/bwv_846
C:\Users\eagle\MARG_research\third_party\PianistTransformer\data\midis\asap-dataset-master\Bach\Fugue\bwv_846\Shi05M.mid,asap_metadata_performance,raw_normalized,32.025,81,32025,Bach/Fugue/bwv_846/Shi05M.mid,Bach,Fugue_bwv_846,Bach/Fugue/bwv_846
C:\Users\eagle\MARG_research\third_party\PianistTransformer\data\midis\asap-dataset-master\Bach\Fugue\bwv_846\Shi05M.mid,asap_metadata_performance,raw_normalized,32.047,87,32047,Bach/Fugue/bwv_846/Shi05M.mid,Bach,Fugue_bwv_846,Bach/Fugue/bwv_846
C:\Users\eagle\MARG_research\third_party\PianistTransformer\data\midis\asap-dataset-master\Bach\Fugue\bwv_846\Shi05M.mid,asap_metadata_performance,raw_normalized,32.066,94,32066,Bach/Fugue/bwv_846/Shi05M.mid,Bach,Fugue_bwv_846,Bach/Fugue/bwv_846
C:\Users\eagle\MARG_research\third_party\PianistTransformer\data\midis\asap-dataset-master\Bach\Fugue\bwv_846\Shi05M.mid,asap_metadata_performance,raw_normalized,32.086,98,32086,Bach/Fugue/bwv_846/Shi05M.mid,Bach,Fugue_bwv_846,Bach/Fugue/bwv_846
C:\Users\eagle\MARG_research\third_party\PianistTransformer\data\midis\asap-dataset-master\Bach\Fugue\bwv_846\Shi05M.mid,asap_metadata_performance,raw_normalized,32.107,100,32107,Bach/Fugue/bwv_846/Shi05M.mid,Bach,Fugue_bwv_846,Bach/Fugue/bwv_846
C:\Users\eagle\MARG_research\third_party\PianistTransformer\data\midis\asap-dataset-master\Bach\Fugue\bwv_846\Shi05M.mid,asap_metadata_performance,raw_normalized,32.186,103,32186,Bach/Fugue/bwv_846/Shi05M.mid,Bach,Fugue_bwv_846,Bach/Fugue/bwv_846
C:\Users\eagle\MARG_research\third_party\PianistTransformer\data\midis\asap-dataset-master\Bach\Fugue\bwv_846\Shi05M.mid,asap_metadata_performance,raw_normalized,32.432,101,32432,Bach/Fugue/bwv_846/Shi05M.mid,Bach,Fugue_bwv_846,Bach/Fugue/bwv_846
C:\Users\eagle\MARG_research\third_party\PianistTransformer\data\midis\asap-dataset-master\Bach\Fugue\bwv_846\Shi05M.mid,asap_metadata_performance,raw_normalized,32.452,97,32452,Bach/Fugue/bwv_846/Shi05M.mid,Bach,Fugue_bwv_846,Bach/Fugue/bwv_846
C:\Users\eagle\MARG_research\third_party\PianistTransformer\data\midis\asap-dataset-master\Bach\Fugue\bwv_846\Shi05M.mid,asap_metadata_performance,raw_normalized,32.473,91,32473,Bach/Fugue/bwv_846/Shi05M.mid,Bach,Fugue_bwv_846,Bach/Fugue/bwv_846
C:\Users\eagle\MARG_research\third_party\PianistTransformer\data\midis\asap-dataset-master\Bach\Fugue\bwv_846\Shi05M.mid,asap_metadata_performance,raw_normalized,32.492,82,32492,Bach/Fugue/bwv_846/Shi05M.mid,Bach,Fugue_bwv_846,Bach/Fugue/bwv_846
C:\Users\eagle\MARG_research\third_party\PianistTransformer\data\midis\asap-dataset-master\Bach\Fugue\bwv_846\Shi05M.mid,asap_metadata_performance,raw_normalized,32.513,69,32513,Bach/Fugue/bwv_846/Shi05M.mid,Bach,Fugue_bwv_846,Bach/Fugue/bwv_846
C:\Users\eagle\MARG_research\third_party\PianistTransformer\data\midis\asap-dataset-master\Bach\Fugue\bwv_846\Shi05M.mid,asap_metadata_performance,raw_normalized,32.533,58,32533,Bach/Fugue/bwv_846/Shi05M.mid,Bach,Fugue_bwv_846,Bach/Fugue/bwv_846
C:\Users\eagle\MARG_research\third_party\PianistTransformer\data\midis\asap-dataset-master\Bach\Fugue\bwv_846\Shi05M.mid,asap_metadata_performance,raw_normalized,32.552,41,32552,Bach/Fugue/bwv_846/Shi05M.mid,Bach,Fugue_bwv_846,Bach/Fugue/bwv_846
C:\Users\eagle\MARG_research\third_party\PianistTransformer\data\midis\asap-dataset-master\Bach\Fugue\bwv_846\Shi05M.mid,asap_metadata_performance,raw_normalized,32.573,0,32573,Bach/Fugue/bwv_846/Shi05M.mid,Bach,Fugue_bwv_846,Bach/Fugue/bwv_846
C:\Users\eagle\MARG_research\third_party\PianistTransformer\data\midis\asap-dataset-master\Bach\Fugue\bwv_846\Shi05M.mid,asap_metadata_performance,raw_normalized,33.81,40,33810,Bach/Fugue/bwv_846/Shi05M.mid,Bach,Fugue_bwv_846,Bach/Fugue/bwv_846
C:\Users\eagle\MARG_research\third_party\PianistTransformer\data\midis\asap-dataset-master\Bach\Fugue\bwv_846\Shi05M.mid,asap_metadata_performance,raw_normalized,33.829,57,33829,Bach/Fugue/bwv_846/Shi05M.mid,Bach,Fugue_bwv_846,Bach/Fugue/bwv_846
C:\Users\eagle\MARG_research\third_party\PianistTransformer\data\midis\asap-dataset-master\Bach\Fugue\bwv_846\Shi05M.mid,asap_metadata_performance,raw_normalized,33.848,64,33848,Bach/Fugue/bwv_846/Shi05M.mid,Bach,Fugue_bwv_846,Bach/Fugue/bwv_846
C:\Users\eagle\MARG_research\third_party\PianistTransformer\data\midis\asap-dataset-master\Bach\Fugue\bwv_846\Shi05M.mid,asap_metadata_performance,raw_normalized,33.868,67,33868,Bach/Fugue/bwv_846/Shi05M.mid,Bach,Fugue_bwv_846,Bach/Fugue/bwv_846
C:\Users\eagle\MARG_research\third_party\PianistTransformer\data\midis\asap-dataset-master\Bach\Fugue\bwv_846\Shi05M.mid,asap_metadata_performance,raw_normalized,33.888,71,33888,Bach/Fugue/bwv_846/Shi05M.mid,Bach,Fugue_bwv_846,Bach/Fugue/bwv_846
C:\Users\eagle\MARG_research\third_party\PianistTransformer\data\midis\asap-dataset-master\Bach\Fugue\bwv_846\Shi05M.mid,asap_metadata_performance,raw_normalized,33.908,77,33908,Bach/Fugue/bwv_846/Shi05M.mid,Bach,Fugue_bwv_846,Bach/Fugue/bwv_846
C:\Users\eagle\MARG_research\third_party\PianistTransformer\data\midis\asap-dataset-master\Bach\Fugue\bwv_846\Shi05M.mid,asap_metadata_performance,raw_normalized,33.928,83,33928,Bach/Fugue/bwv_846/Shi05M.mid,Bach,Fugue_bwv_846,Bach/Fugue/bwv_846
C:\Users\eagle\MARG_research\third_party\PianistTransformer\data\midis\asap-dataset-master\Bach\Fugue\bwv_846\Shi05M.mid,asap_metadata_performance,raw_normalized,33.947,88,33947,Bach/Fugue/bwv_846/Shi05M.mid,Bach,Fugue_bwv_846,Bach/Fugue/bwv_846
C:\Users\eagle\MARG_research\third_party\PianistTransformer\data\midis\asap-dataset-master\Bach\Fugue\bwv_846\Shi05M.mid,asap_metadata_performance,raw_normalized,33.967,93,33967,Bach/Fugue/bwv_846/Shi05M.mid,Bach,Fugue_bwv_846,Bach/Fugue/bwv_846
C:\Users\eagle\MARG_research\third_party\PianistTransformer\data\midis\asap-dataset-master\Bach\Fugue\bwv_846\Shi05M.mid,asap_metadata_performance,raw_normalized,33.987,96,33987,Bach/Fugue/bwv_846/Shi05M.mid,Bach,Fugue_bwv_846,Bach/Fugue/bwv_846
C:\Users\eagle\MARG_research\third_party\PianistTransformer\data\midis\asap-dataset-master\Bach\Fugue\bwv_846\Shi05M.mid,asap_metadata_performance,raw_normalized,34.007,98,34007,Bach/Fugue/bwv_846/Shi05M.mid,Bach,Fugue_bwv_846,Bach/Fugue/bwv_846
C:\Users\eagle\MARG_research\third_party\PianistTransformer\data\midis\asap-dataset-master\Bach\Fugue\bwv_846\Shi05M.mid,asap_metadata_performance,raw_normalized,34.026,100,34026,Bach/Fugue/bwv_846/Shi05M.mid,Bach,Fugue_bwv_846,Bach/Fugue/bwv_846
C:\Users\eagle\MARG_research\third_party\PianistTransformer\data\midis\asap-dataset-master\Bach\Fugue\bwv_846\Shi05M.mid,asap_metadata_performance,raw_normalized,34.046,102,34046,Bach/Fugue/bwv_846/Shi05M.mid,Bach,Fugue_bwv_846,Bach/Fugue/bwv_846
C:\Users\eagle\MARG_research\third_party\PianistTransformer\data\midis\asap-dataset-master\Bach\Fugue\bwv_846\Shi05M.mid,asap_metadata_performance,raw_normalized,34.065,104,34065,Bach/Fugue/bwv_846/Shi05M.mid,Bach,Fugue_bwv_846,Bach/Fugue/bwv_846
C:\Users\eagle\MARG_research\third_party\PianistTransformer\data\midis\asap-dataset-master\Bach\Fugue\bwv_846\Shi05M.mid,asap_metadata_performance,raw_normalized,34.255,95,34255,Bach/Fugue/bwv_846/Shi05M.mid,Bach,Fugue_bwv_846,Bach/Fugue/bwv_846
C:\Users\eagle\MARG_research\third_party\PianistTransformer\data\midis\asap-dataset-master\Bach\Fugue\bwv_846\Shi05M.mid,asap_metadata_performance,raw_normalized,34.275,84,34275,Bach/Fugue/bwv_846/Shi05M.mid,Bach,Fugue_bwv_846,Bach/Fugue/bwv_846
C:\Users\eagle\MARG_research\third_party\PianistTransformer\data\midis\asap-dataset-master\Bach\Fugue\bwv_846\Shi05M.mid,asap_metadata_performance,raw_normalized,34.296,71,34296,Bach/Fugue/bwv_846/Shi05M.mid,Bach,Fugue_bwv_846,Bach/Fugue/bwv_846
C:\Users\eagle\MARG_research\third_party\PianistTransformer\data\midis\asap-dataset-master\Bach\Fugue\bwv_846\Shi05M.mid,asap_metadata_performance,raw_normalized,34.315,60,34315,Bach/Fugue/bwv_846/Shi05M.mid,Bach,Fugue_bwv_846,Bach/Fugue/bwv_846
C:\Users\eagle\MARG_research\third_party\PianistTransformer\data\midis\asap-dataset-master\Bach\Fugue\bwv_846\Shi05M.mid,asap_metadata_performance,raw_normalized,34.336,41,34336,Bach/Fugue/bwv_846/Shi05M.mid,Bach,Fugue_bwv_846,Bach/Fugue/bwv_846
C:\Users\eagle\MARG_research\third_party\PianistTransformer\data\midis\asap-dataset-master\Bach\Fugue\bwv_846\Shi05M.mid,asap_metadata_performance,raw_normalized,34.354,0,34354,Bach/Fugue/bwv_846/Shi05M.mid,Bach,Fugue_bwv_846,Bach/Fugue/bwv_846
C:\Users\eagle\MARG_research\third_party\PianistTransformer\data\midis\asap-dataset-master\Bach\Fugue\bwv_846\Shi05M.mid,asap_metadata_performance,raw_normalized,34.434,37,34434,Bach/Fugue/bwv_846/Shi05M.mid,Bach,Fugue_bwv_846,Bach/Fugue/bwv_846
C:\Users\eagle\MARG_research\third_party\PianistTransformer\data\midis\asap-dataset-master\Bach\Fugue\bwv_846\Shi05M.mid,asap_metadata_performance,raw_normalized,34.453,54,34453,Bach/Fugue/bwv_846/Shi05M.mid,Bach,Fugue_bwv_846,Bach/Fugue/bwv_846
C:\Users\eagle\MARG_research\third_party\PianistTransformer\data\midis\asap-dataset-master\Bach\Fugue\bwv_846\Shi05M.mid,asap_metadata_performance,raw_normalized,34.473,64,34473,Bach/Fugue/bwv_846/Shi05M.mid,Bach,Fugue_bwv_846,Bach/Fugue/bwv_846
C:\Users\eagle\MARG_research\third_party\PianistTransformer\data\midis\asap-dataset-master\Bach\Fugue\bwv_846\Shi05M.mid,asap_metadata_performance,raw_normalized,34.493,70,34493,Bach/Fugue/bwv_846/Shi05M.mid,Bach,Fugue_bwv_846,Bach/Fugue/bwv_846
C:\Users\eagle\MARG_research\third_party\PianistTransformer\data\midis\asap-dataset-master\Bach\Fugue\bwv_846\Shi05M.mid,asap_metadata_performance,raw_normalized,34.513,77,34513,Bach/Fugue/bwv_846/Shi05M.mid,Bach,Fugue_bwv_846,Bach/Fugue/bwv_846
C:\Users\eagle\MARG_research\third_party\PianistTransformer\data\midis\asap-dataset-master\Bach\Fugue\bwv_846\Shi05M.mid,asap_metadata_performance,raw_normalized,34.531,83,34531,Bach/Fugue/bwv_846/Shi05M.mid,Bach,Fugue_bwv_846,Bach/Fugue/bwv_846
C:\Users\eagle\MARG_research\third_party\PianistTransformer\data\midis\asap-dataset-master\Bach\Fugue\bwv_846\Shi05M.mid,asap_metadata_performance,raw_normalized,34.552,90,34552,Bach/Fugue/bwv_846/Shi05M.mid,Bach,Fugue_bwv_846,Bach/Fugue/bwv_846
C:\Users\eagle\MARG_research\third_party\PianistTransformer\data\midis\asap-dataset-master\Bach\Fugue\bwv_846\Shi05M.mid,asap_metadata_performance,raw_normalized,34.572,97,34572,Bach/Fugue/bwv_846/Shi05M.mid,Bach,Fugue_bwv_846,Bach/Fugue/bwv_846
C:\Users\eagle\MARG_research\third_party\PianistTransformer\data\midis\asap-dataset-master\Bach\Fugue\bwv_846\Shi05M.mid,asap_metadata_performance,raw_normalized,34.591,104,34591,Bach/Fugue/bwv_846/Shi05M.mid,Bach,Fugue_bwv_846,Bach/Fugue/bwv_846
C:\Users\eagle\MARG_research\third_party\PianistTransformer\data\midis\asap-dataset-master\Bach\Fugue\bwv_846\Shi05M.mid,asap_metadata_performance,raw_normalized,34.611,110,34611,Bach/Fugue/bwv_846/Shi05M.mid,Bach,Fugue_bwv_846,Bach/Fugue/bwv_846
C:\Users\eagle\MARG_research\third_party\PianistTransformer\data\midis\asap-dataset-master\Bach\Fugue\bwv_846\Shi05M.mid,asap_metadata_performance,raw_normalized,34.63,120,34630,Bach/Fugue/bwv_846/Shi05M.mid,Bach,Fugue_bwv_846,Bach/Fugue/bwv_846
C:\Users\eagle\MARG_research\third_party\PianistTransformer\data\midis\asap-dataset-master\Bach\Fugue\bwv_846\Shi05M.mid,asap_metadata_performance,raw_normalized,34.651,127,34651,Bach/Fugue/bwv_846/Shi05M.mid,Bach,Fugue_bwv_846,Bach/Fugue/bwv_846
C:\Users\eagle\MARG_research\third_party\PianistTransformer\data\midis\asap-dataset-master\Bach\Fugue\bwv_846\Shi05M.mid,asap_metadata_performance,raw_normalized,34.891,105,34891,Bach/Fugue/bwv_846/Shi05M.mid,Bach,Fugue_bwv_846,Bach/Fugue/bwv_846
C:\Users\eagle\MARG_research\third_party\PianistTransformer\data\midis\asap-dataset-master\Bach\Fugue\bwv_846\Shi05M.mid,asap_metadata_performance,raw_normalized,34.911,91,34911,Bach/Fugue/bwv_846/Shi05M.mid,Bach,Fugue_bwv_846,Bach/Fugue/bwv_846
C:\Users\eagle\MARG_research\third_party\PianistTransformer\data\midis\asap-dataset-master\Bach\Fugue\bwv_846\Shi05M.mid,asap_metadata_performance,raw_normalized,34.931,76,34931,Bach/Fugue/bwv_846/Shi05M.mid,Bach,Fugue_bwv_846,Bach/Fugue/bwv_846
C:\Users\eagle\MARG_research\third_party\PianistTransformer\data\midis\asap-dataset-master\Bach\Fugue\bwv_846\Shi05M.mid,asap_metadata_performance,raw_normalized,34.951,63,34951,Bach/Fugue/bwv_846/Shi05M.mid,Bach,Fugue_bwv_846,Bach/Fugue/bwv_846
C:\Users\eagle\MARG_research\third_party\PianistTransformer\data\midis\asap-dataset-master\Bach\Fugue\bwv_846\Shi05M.mid,asap_metadata_performance,raw_normalized,34.97,44,34970,Bach/Fugue/bwv_846/Shi05M.mid,Bach,Fugue_bwv_846,Bach/Fugue/bwv_846
C:\Users\eagle\MARG_research\third_party\PianistTransformer\data\midis\asap-dataset-master\Bach\Fugue\bwv_846\Shi05M.mid,asap_metadata_performance,raw_normalized,34.99,0,34990,Bach/Fugue/bwv_846/Shi05M.mid,Bach,Fugue_bwv_846,Bach/Fugue/bwv_846
C:\Users\eagle\MARG_research\third_party\PianistTransformer\data\midis\asap-dataset-master\Bach\Fugue\bwv_846\Shi05M.mid,asap_metadata_performance,raw_normalized,35.07,50,35070,Bach/Fugue/bwv_846/Shi05M.mid,Bach,Fugue_bwv_846,Bach/Fugue/bwv_846
C:\Users\eagle\MARG_research\third_party\PianistTransformer\data\midis\asap-dataset-master\Bach\Fugue\bwv_846\Shi05M.mid,asap_metadata_performance,raw_normalized,35.09,63,35090,Bach/Fugue/bwv_846/Shi05M.mid,Bach,Fugue_bwv_846,Bach/Fugue/bwv_846
C:\Users\eagle\MARG_research\third_party\PianistTransformer\data\midis\asap-dataset-master\Bach\Fugue\bwv_846\Shi05M.mid,asap_metadata_performance,raw_normalized,35.111,68,35111,Bach/Fugue/bwv_846/Shi05M.mid,Bach,Fugue_bwv_846,Bach/Fugue/bwv_846
C:\Users\eagle\MARG_research\third_party\PianistTransformer\data\midis\asap-dataset-master\Bach\Fugue\bwv_846\Shi05M.mid,asap_metadata_performance,raw_normalized,35.129,73,35129,Bach/Fugue/bwv_846/Shi05M.mid,Bach,Fugue_bwv_846,Bach/Fugue/bwv_846
C:\Users\eagle\MARG_research\third_party\PianistTransformer\data\midis\asap-dataset-master\Bach\Fugue\bwv_846\Shi05M.mid,asap_metadata_performance,raw_normalized,35.148,79,35148,Bach/Fugue/bwv_846/Shi05M.mid,Bach,Fugue_bwv_846,Bach/Fugue/bwv_846
C:\Users\eagle\MARG_research\third_party\PianistTransformer\data\midis\asap-dataset-master\Bach\Fugue\bwv_846\Shi05M.mid,asap_metadata_performance,raw_normalized,35.169,89,35169,Bach/Fugue/bwv_846/Shi05M.mid,Bach,Fugue_bwv_846,Bach/Fugue/bwv_846
C:\Users\eagle\MARG_research\third_party\PianistTransformer\data\midis\asap-dataset-master\Bach\Fugue\bwv_846\Shi05M.mid,asap_metadata_performance,raw_normalized,35.189,98,35189,Bach/Fugue/bwv_846/Shi05M.mid,Bach,Fugue_bwv_846,Bach/Fugue/bwv_846
C:\Users\eagle\MARG_research\third_party\PianistTransformer\data\midis\asap-dataset-master\Bach\Fugue\bwv_846\Shi05M.mid,asap_metadata_performance,raw_normalized,35.21,105,35210,Bach/Fugue/bwv_846/Shi05M.mid,Bach,Fugue_bwv_846,Bach/Fugue/bwv_846
C:\Users\eagle\MARG_research\third_party\PianistTransformer\data\midis\asap-dataset-master\Bach\Fugue\bwv_846\Shi05M.mid,asap_metadata_performance,raw_normalized,35.228,111,35228,Bach/Fugue/bwv_846/Shi05M.mid,Bach,Fugue_bwv_846,Bach/Fugue/bwv_846
C:\Users\eagle\MARG_research\third_party\PianistTransformer\data\midis\asap-dataset-master\Bach\Fugue\bwv_846\Shi05M.mid,asap_metadata_performance,raw_normalized,35.259,118,35259,Bach/Fugue/bwv_846/Shi05M.mid,Bach,Fugue_bwv_846,Bach/Fugue/bwv_846
C:\Users\eagle\MARG_research\third_party\PianistTransformer\data\midis\asap-dataset-master\Bach\Fugue\bwv_846\Shi05M.mid,asap_metadata_performance,raw_normalized,35.279,127,35279,Bach/Fugue/bwv_846/Shi05M.mid,Bach,Fugue_bwv_846,Bach/Fugue/bwv_846
C:\Users\eagle\MARG_research\third_party\PianistTransformer\data\midis\asap-dataset-master\Bach\Fugue\bwv_846\Shi05M.mid,asap_metadata_performance,raw_normalized,35.518,105,35518,Bach/Fugue/bwv_846/Shi05M.mid,Bach,Fugue_bwv_846,Bach/Fugue/bwv_846
C:\Users\eagle\MARG_research\third_party\PianistTransformer\data\midis\asap-dataset-master\Bach\Fugue\bwv_846\Shi05M.mid,asap_metadata_performance,raw_normalized,35.536,87,35536,Bach/Fugue/bwv_846/Shi05M.mid,Bach,Fugue_bwv_846,Bach/Fugue/bwv_846
C:\Users\eagle\MARG_research\third_party\PianistTransformer\data\midis\asap-dataset-master\Bach\Fugue\bwv_846\Shi05M.mid,asap_metadata_performance,raw_normalized,35.556,71,35556,Bach/Fugue/bwv_846/Shi05M.mid,Bach,Fugue_bwv_846,Bach/Fugue/bwv_846
C:\Users\eagle\MARG_research\third_party\PianistTransformer\data\midis\asap-dataset-master\Bach\Fugue\bwv_846\Shi05M.mid,asap_metadata_performance,raw_normalized,35.577,55,35577,Bach/Fugue/bwv_846/Shi05M.mid,Bach,Fugue_bwv_846,Bach/Fugue/bwv_846
C:\Users\eagle\MARG_research\third_party\PianistTransformer\data\midis\asap-dataset-master\Bach\Fugue\bwv_846\Shi05M.mid,asap_metadata_performance,raw_normalized,35.596,0,35596,Bach/Fugue/bwv_846/Shi05M.mid,Bach,Fugue_bwv_846,Bach/Fugue/bwv_846
C:\Users\eagle\MARG_research\third_party\PianistTransformer\data\midis\asap-dataset-master\Bach\Fugue\bwv_846\Shi05M.mid,asap_metadata_performance,raw_normalized,35.676,46,35676,Bach/Fugue/bwv_846/Shi05M.mid,Bach,Fugue_bwv_846,Bach/Fugue/bwv_846
C:\Users\eagle\MARG_research\third_party\PianistTransformer\data\midis\asap-dataset-master\Bach\Fugue\bwv_846\Shi05M.mid,asap_metadata_performance,raw_normalized,35.694,63,35694,Bach/Fugue/bwv_846/Shi05M.mid,Bach,Fugue_bwv_846,Bach/Fugue/bwv_846
C:\Users\eagle\MARG_research\third_party\PianistTransformer\data\midis\asap-dataset-master\Bach\Fugue\bwv_846\Shi05M.mid,asap_metadata_performance,raw_normalized,35.714,68,35714,Bach/Fugue/bwv_846/Shi05M.mid,Bach,Fugue_bwv_846,Bach/Fugue/bwv_846
C:\Users\eagle\MARG_research\third_party\PianistTransformer\data\midis\asap-dataset-master\Bach\Fugue\bwv_846\Shi05M.mid,asap_metadata_performance,raw_normalized,35.734,72,35734,Bach/Fugue/bwv_846/Shi05M.mid,Bach,Fugue_bwv_846,Bach/Fugue/bwv_846
C:\Users\eagle\MARG_research\third_party\PianistTransformer\data\midis\asap-dataset-master\Bach\Fugue\bwv_846\Shi05M.mid,asap_metadata_performance,raw_normalized,35.754,78,35754,Bach/Fugue/bwv_846/Shi05M.mid,Bach,Fugue_bwv_846,Bach/Fugue/bwv_846
C:\Users\eagle\MARG_research\third_party\PianistTransformer\data\midis\asap-dataset-master\Bach\Fugue\bwv_846\Shi05M.mid,asap_metadata_performance,raw_normalized,35.773,87,35773,Bach/Fugue/bwv_846/Shi05M.mid,Bach,Fugue_bwv_846,Bach/Fugue/bwv_846
C:\Users\eagle\MARG_research\third_party\PianistTransformer\data\midis\asap-dataset-master\Bach\Fugue\bwv_846\Shi05M.mid,asap_metadata_performance,raw_normalized,35.793,95,35793,Bach/Fugue/bwv_846/Shi05M.mid,Bach,Fugue_bwv_846,Bach/Fugue/bwv_846
C:\Users\eagle\MARG_research\third_party\PianistTransformer\data\midis\asap-dataset-master\Bach\Fugue\bwv_846\Shi05M.mid,asap_metadata_performance,raw_normalized,35.812,103,35812,Bach/Fugue/bwv_846/Shi05M.mid,Bach,Fugue_bwv_846,Bach/Fugue/bwv_846
C:\Users\eagle\MARG_research\third_party\PianistTransformer\data\midis\asap-dataset-master\Bach\Fugue\bwv_846\Shi05M.mid,asap_metadata_performance,raw_normalized,35.833,109,35833,Bach/Fugue/bwv_846/Shi05M.mid,Bach,Fugue_bwv_846,Bach/Fugue/bwv_846
C:\Users\eagle\MARG_research\third_party\PianistTransformer\data\midis\asap-dataset-master\Bach\Fugue\bwv_846\Shi05M.mid,asap_metadata_performance,raw_normalized,35.853,113,35853,Bach/Fugue/bwv_846/Shi05M.mid,Bach,Fugue_bwv_846,Bach/Fugue/bwv_846
C:\Users\eagle\MARG_research\third_party\PianistTransformer\data\midis\asap-dataset-master\Bach\Fugue\bwv_846\Shi05M.mid,asap_metadata_performance,raw_normalized,35.872,117,35872,Bach/Fugue/bwv_846/Shi05M.mid,Bach,Fugue_bwv_846,Bach/Fugue/bwv_846
C:\Users\eagle\MARG_research\third_party\PianistTransformer\data\midis\asap-dataset-master\Bach\Fugue\bwv_846\Shi05M.mid,asap_metadata_performance,raw_normalized,35.892,123,35892,Bach/Fugue/bwv_846/Shi05M.mid,Bach,Fugue_bwv_846,Bach/Fugue/bwv_846
C:\Users\eagle\MARG_research\third_party\PianistTransformer\data\midis\asap-dataset-master\Bach\Fugue\bwv_846\Shi05M.mid,asap_metadata_performance,raw_normalized,35.911,127,35911,Bach/Fugue/bwv_846/Shi05M.mid,Bach,Fugue_bwv_846,Bach/Fugue/bwv_846
C:\Users\eagle\MARG_research\third_party\PianistTransformer\data\midis\asap-dataset-master\Bach\Fugue\bwv_846\Shi05M.mid,asap_metadata_performance,raw_normalized,36.109,123,36109,Bach/Fugue/bwv_846/Shi05M.mid,Bach,Fugue_bwv_846,Bach/Fugue/bwv_846
C:\Users\eagle\MARG_research\third_party\PianistTransformer\data\midis\asap-dataset-master\Bach\Fugue\bwv_846\Shi05M.mid,asap_metadata_performance,raw_normalized,36.128,111,36128,Bach/Fugue/bwv_846/Shi05M.mid,Bach,Fugue_bwv_846,Bach/Fugue/bwv_846
C:\Users\eagle\MARG_research\third_party\PianistTransformer\data\midis\asap-dataset-master\Bach\Fugue\bwv_846\Shi05M.mid,asap_metadata_performance,raw_normalized,36.148,101,36148,Bach/Fugue/bwv_846/Shi05M.mid,Bach,Fugue_bwv_846,Bach/Fugue/bwv_846
C:\Users\eagle\MARG_research\third_party\PianistTransformer\data\midis\asap-dataset-master\Bach\Fugue\bwv_846\Shi05M.mid,asap_metadata_performance,raw_normalized,36.168,89,36168,Bach/Fugue/bwv_846/Shi05M.mid,Bach,Fugue_bwv_846,Bach/Fugue/bwv_846
C:\Users\eagle\MARG_research\third_party\PianistTransformer\data\midis\asap-dataset-master\Bach\Fugue\bwv_846\Shi05M.mid,asap_metadata_performance,raw_normalized,36.188,76,36188,Bach/Fugue/bwv_846/Shi05M.mid,Bach,Fugue_bwv_846,Bach/Fugue/bwv_846
C:\Users\eagle\MARG_research\third_party\PianistTransformer\data\midis\asap-dataset-master\Bach\Fugue\bwv_846\Shi05M.mid,asap_metadata_performance,raw_normalized,36.208,62,36208,Bach/Fugue/bwv_846/Shi05M.mid,Bach,Fugue_bwv_846,Bach/Fugue/bwv_846
C:\Users\eagle\MARG_research\third_party\PianistTransformer\data\midis\asap-dataset-master\Bach\Fugue\bwv_846\Shi05M.mid,asap_metadata_performance,raw_normalized,36.227,35,36227,Bach/Fugue/bwv_846/Shi05M.mid,Bach,Fugue_bwv_846,Bach/Fugue/bwv_846
C:\Users\eagle\MARG_research\third_party\PianistTransformer\data\midis\asap-dataset-master\Bach\Fugue\bwv_846\Shi05M.mid,asap_metadata_performance,raw_normalized,36.258,0,36258,Bach/Fugue/bwv_846/Shi05M.mid,Bach,Fugue_bwv_846,Bach/Fugue/bwv_846
C:\Users\eagle\MARG_research\third_party\PianistTransformer\data\midis\asap-dataset-master\Bach\Fugue\bwv_846\Shi05M.mid,asap_metadata_performance,raw_normalized,36.318,52,36318,Bach/Fugue/bwv_846/Shi05M.mid,Bach,Fugue_bwv_846,Bach/Fugue/bwv_846
C:\Users\eagle\MARG_research\third_party\PianistTransformer\data\midis\asap-dataset-master\Bach\Fugue\bwv_846\Shi05M.mid,asap_metadata_performance,raw_normalized,36.336,66,36336,Bach/Fugue/bwv_846/Shi05M.mid,Bach,Fugue_bwv_846,Bach/Fugue/bwv_846
C:\Users\eagle\MARG_research\third_party\PianistTransformer\data\midis\asap-dataset-master\Bach\Fugue\bwv_846\Shi05M.mid,asap_metadata_performance,raw_normalized,36.358,71,36358,Bach/Fugue/bwv_846/Shi05M.mid,Bach,Fugue_bwv_846,Bach/Fugue/bwv_846
C:\Users\eagle\MARG_research\third_party\PianistTransformer\data\midis\asap-dataset-master\Bach\Fugue\bwv_846\Shi05M.mid,asap_metadata_performance,raw_normalized,36.378,79,36378,Bach/Fugue/bwv_846/Shi05M.mid,Bach,Fugue_bwv_846,Bach/Fugue/bwv_846
C:\Users\eagle\MARG_research\third_party\PianistTransformer\data\midis\asap-dataset-master\Bach\Fugue\bwv_846\Shi05M.mid,asap_metadata_performance,raw_normalized,36.396,86,36396,Bach/Fugue/bwv_846/Shi05M.mid,Bach,Fugue_bwv_846,Bach/Fugue/bwv_846
C:\Users\eagle\MARG_research\third_party\PianistTransformer\data\midis\asap-dataset-master\Bach\Fugue\bwv_846\Shi05M.mid,asap_metadata_performance,raw_normalized,36.417,96,36417,Bach/Fugue/bwv_846/Shi05M.mid,Bach,Fugue_bwv_846,Bach/Fugue/bwv_846
C:\Users\eagle\MARG_research\third_party\PianistTransformer\data\midis\asap-dataset-master\Bach\Fugue\bwv_846\Shi05M.mid,asap_metadata_performance,raw_normalized,36.436,107,36436,Bach/Fugue/bwv_846/Shi05M.mid,Bach,Fugue_bwv_846,Bach/Fugue/bwv_846
C:\Users\eagle\MARG_research\third_party\PianistTransformer\data\midis\asap-dataset-master\Bach\Fugue\bwv_846\Shi05M.mid,asap_metadata_performance,raw_normalized,36.457,117,36457,Bach/Fugue/bwv_846/Shi05M.mid,Bach,Fugue_bwv_846,Bach/Fugue/bwv_846
C:\Users\eagle\MARG_research\third_party\PianistTransformer\data\midis\asap-dataset-master\Bach\Fugue\bwv_846\Shi05M.mid,asap_metadata_performance,raw_normalized,36.477,126,36477,Bach/Fugue/bwv_846/Shi05M.mid,Bach,Fugue_bwv_846,Bach/Fugue/bwv_846
C:\Users\eagle\MARG_research\third_party\PianistTransformer\data\midis\asap-dataset-master\Bach\Fugue\bwv_846\Shi05M.mid,asap_metadata_performance,raw_normalized,36.773,115,36773,Bach/Fugue/bwv_846/Shi05M.mid,Bach,Fugue_bwv_846,Bach/Fugue/bwv_846
C:\Users\eagle\MARG_research\third_party\PianistTransformer\data\midis\asap-dataset-master\Bach\Fugue\bwv_846\Shi05M.mid,asap_metadata_performance,raw_normalized,36.792,108,36792,Bach/Fugue/bwv_846/Shi05M.mid,Bach,Fugue_bwv_846,Bach/Fugue/bwv_846
C:\Users\eagle\MARG_research\third_party\PianistTransformer\data\midis\asap-dataset-master\Bach\Fugue\bwv_846\Shi05M.mid,asap_metadata_performance,raw_normalized,36.811,98,36811,Bach/Fugue/bwv_846/Shi05M.mid,Bach,Fugue_bwv_846,Bach/Fugue/bwv_846
C:\Users\eagle\MARG_research\third_party\PianistTransformer\data\midis\asap-dataset-master\Bach\Fugue\bwv_846\Shi05M.mid,asap_metadata_performance,raw_normalized,36.832,88,36832,Bach/Fugue/bwv_846/Shi05M.mid,Bach,Fugue_bwv_846,Bach/Fugue/bwv_846
C:\Users\eagle\MARG_research\third_party\PianistTransformer\data\midis\asap-dataset-master\Bach\Fugue\bwv_846\Shi05M.mid,asap_metadata_performance,raw_normalized,36.852,77,36852,Bach/Fugue/bwv_846/Shi05M.mid,Bach,Fugue_bwv_846,Bach/Fugue/bwv_846
C:\Users\eagle\MARG_research\third_party\PianistTransformer\data\midis\asap-dataset-master\Bach\Fugue\bwv_846\Shi05M.mid,asap_metadata_performance,raw_normalized,36.872,67,36872,Bach/Fugue/bwv_846/Shi05M.mid,Bach,Fugue_bwv_846,Bach/Fugue/bwv_846
C:\Users\eagle\MARG_research\third_party\PianistTransformer\data\midis\asap-dataset-master\Bach\Fugue\bwv_846\Shi05M.mid,asap_metadata_performance,raw_normalized,36.891,54,36891,Bach/Fugue/bwv_846/Shi05M.mid,Bach,Fugue_bwv_846,Bach/Fugue/bwv_846
C:\Users\eagle\MARG_research\third_party\PianistTransformer\data\midis\asap-dataset-master\Bach\Fugue\bwv_846\Shi05M.mid,asap_metadata_performance,raw_normalized,36.91,44,36910,Bach/Fugue/bwv_846/Shi05M.mid,Bach,Fugue_bwv_846,Bach/Fugue/bwv_846
C:\Users\eagle\MARG_research\third_party\PianistTransformer\data\midis\asap-dataset-master\Bach\Fugue\bwv_846\Shi05M.mid,asap_metadata_performance,raw_normalized,36.931,40,36931,Bach/Fugue/bwv_846/Shi05M.mid,Bach,Fugue_bwv_846,Bach/Fugue/bwv_846
C:\Users\eagle\MARG_research\third_party\PianistTransformer\data\midis\asap-dataset-master\Bach\Fugue\bwv_846\Shi05M.mid,asap_metadata_performance,raw_normalized,36.951,37,36951,Bach/Fugue/bwv_846/Shi05M.mid,Bach,Fugue_bwv_846,Bach/Fugue/bwv_846
C:\Users\eagle\MARG_research\third_party\PianistTransformer\data\midis\asap-dataset-master\Bach\Fugue\bwv_846\Shi05M.mid,asap_metadata_performance,raw_normalized,36.97,36,36970,Bach/Fugue/bwv_846/Shi05M.mid,Bach,Fugue_bwv_846,Bach/Fugue/bwv_846
C:\Users\eagle\MARG_research\third_party\PianistTransformer\data\midis\asap-dataset-master\Bach\Fugue\bwv_846\Shi05M.mid,asap_metadata_performance,raw_normalized,36.991,35,36991,Bach/Fugue/bwv_846/Shi05M.mid,Bach,Fugue_bwv_846,Bach/Fugue/bwv_846
C:\Users\eagle\MARG_research\third_party\PianistTransformer\data\midis\asap-dataset-master\Bach\Fugue\bwv_846\Shi05M.mid,asap_metadata_performance,raw_normalized,37.009,32,37009,Bach/Fugue/bwv_846/Shi05M.mid,Bach,Fugue_bwv_846,Bach/Fugue/bwv_846
C:\Users\eagle\MARG_research\third_party\PianistTransformer\data\midis\asap-dataset-master\Bach\Fugue\bwv_846\Shi05M.mid,asap_metadata_performance,raw_normalized,37.026,0,37026,Bach/Fugue/bwv_846/Shi05M.mid,Bach,Fugue_bwv_846,Bach/Fugue/bwv_846
C:\Users\eagle\MARG_research\third_party\PianistTransformer\data\midis\asap-dataset-master\Bach\Fugue\bwv_846\Shi05M.mid,asap_metadata_performance,raw_normalized,37.613,31,37613,Bach/Fugue/bwv_846/Shi05M.mid,Bach,Fugue_bwv_846,Bach/Fugue/bwv_846
C:\Users\eagle\MARG_research\third_party\PianistTransformer\data\midis\asap-dataset-master\Bach\Fugue\bwv_846\Shi05M.mid,asap_metadata_performance,raw_normalized,37.632,39,37632,Bach/Fugue/bwv_846/Shi05M.mid,Bach,Fugue_bwv_846,Bach/Fugue/bwv_846
C:\Users\eagle\MARG_research\third_party\PianistTransformer\data\midis\asap-dataset-master\Bach\Fugue\bwv_846\Shi05M.mid,asap_metadata_performance,raw_normalized,37.651,50,37651,Bach/Fugue/bwv_846/Shi05M.mid,Bach,Fugue_bwv_846,Bach/Fugue/bwv_846
C:\Users\eagle\MARG_research\third_party\PianistTransformer\data\midis\asap-dataset-master\Bach\Fugue\bwv_846\Shi05M.mid,asap_metadata_performance,raw_normalized,37.672,61,37672,Bach/Fugue/bwv_846/Shi05M.mid,Bach,Fugue_bwv_846,Bach/Fugue/bwv_846
C:\Users\eagle\MARG_research\third_party\PianistTransformer\data\midis\asap-dataset-master\Bach\Fugue\bwv_846\Shi05M.mid,asap_metadata_performance,raw_normalized,37.691,67,37691,Bach/Fugue/bwv_846/Shi05M.mid,Bach,Fugue_bwv_846,Bach/Fugue/bwv_846
C:\Users\eagle\MARG_research\third_party\PianistTransformer\data\midis\asap-dataset-master\Bach\Fugue\bwv_846\Shi05M.mid,asap_metadata_performance,raw_normalized,37.711,73,37711,Bach/Fugue/bwv_846/Shi05M.mid,Bach,Fugue_bwv_846,Bach/Fugue/bwv_846
C:\Users\eagle\MARG_research\third_party\PianistTransformer\data\midis\asap-dataset-master\Bach\Fugue\bwv_846\Shi05M.mid,asap_metadata_performance,raw_normalized,37.73,80,37730,Bach/Fugue/bwv_846/Shi05M.mid,Bach,Fugue_bwv_846,Bach/Fugue/bwv_846
C:\Users\eagle\MARG_research\third_party\PianistTransformer\data\midis\asap-dataset-master\Bach\Fugue\bwv_846\Shi05M.mid,asap_metadata_performance,raw_normalized,37.75,87,37750,Bach/Fugue/bwv_846/Shi05M.mid,Bach,Fugue_bwv_846,Bach/Fugue/bwv_846
C:\Users\eagle\MARG_research\third_party\PianistTransformer\data\midis\asap-dataset-master\Bach\Fugue\bwv_846\Shi05M.mid,asap_metadata_performance,raw_normalized,37.771,94,37771,Bach/Fugue/bwv_846/Shi05M.mid,Bach,Fugue_bwv_846,Bach/Fugue/bwv_846
C:\Users\eagle\MARG_research\third_party\PianistTransformer\data\midis\asap-dataset-master\Bach\Fugue\bwv_846\Shi05M.mid,asap_metadata_performance,raw_normalized,37.789,100,37789,Bach/Fugue/bwv_846/Shi05M.mid,Bach,Fugue_bwv_846,Bach/Fugue/bwv_846
C:\Users\eagle\MARG_research\third_party\PianistTransformer\data\midis\asap-dataset-master\Bach\Fugue\bwv_846\Shi05M.mid,asap_metadata_performance,raw_normalized,37.809,103,37809,Bach/Fugue/bwv_846/Shi05M.mid,Bach,Fugue_bwv_846,Bach/Fugue/bwv_846
C:\Users\eagle\MARG_research\third_party\PianistTransformer\data\midis\asap-dataset-master\Bach\Fugue\bwv_846\Shi05M.mid,asap_metadata_performance,raw_normalized,37.868,105,37868,Bach/Fugue/bwv_846/Shi05M.mid,Bach,Fugue_bwv_846,Bach/Fugue/bwv_846
C:\Users\eagle\MARG_research\third_party\PianistTransformer\data\midis\asap-dataset-master\Bach\Fugue\bwv_846\Shi05M.mid,asap_metadata_performance,raw_normalized,37.908,108,37908,Bach/Fugue/bwv_846/Shi05M.mid,Bach,Fugue_bwv_846,Bach/Fugue/bwv_846
C:\Users\eagle\MARG_research\third_party\PianistTransformer\data\midis\asap-dataset-master\Bach\Fugue\bwv_846\Shi05M.mid,asap_metadata_performance,raw_normalized,38.066,104,38066,Bach/Fugue/bwv_846/Shi05M.mid,Bach,Fugue_bwv_846,Bach/Fugue/bwv_846
C:\Users\eagle\MARG_research\third_party\PianistTransformer\data\midis\asap-dataset-master\Bach\Fugue\bwv_846\Shi05M.mid,asap_metadata_performance,raw_normalized,38.087,100,38087,Bach/Fugue/bwv_846/Shi05M.mid,Bach,Fugue_bwv_846,Bach/Fugue/bwv_846
C:\Users\eagle\MARG_research\third_party\PianistTransformer\data\midis\asap-dataset-master\Bach\Fugue\bwv_846\Shi05M.mid,asap_metadata_performance,raw_normalized,38.107,95,38107,Bach/Fugue/bwv_846/Shi05M.mid,Bach,Fugue_bwv_846,Bach/Fugue/bwv_846
C:\Users\eagle\MARG_research\third_party\PianistTransformer\data\midis\asap-dataset-master\Bach\Fugue\bwv_846\Shi05M.mid,asap_metadata_performance,raw_normalized,38.126,89,38126,Bach/Fugue/bwv_846/Shi05M.mid,Bach,Fugue_bwv_846,Bach/Fugue/bwv_846
C:\Users\eagle\MARG_research\third_party\PianistTransformer\data\midis\asap-dataset-master\Bach\Fugue\bwv_846\Shi05M.mid,asap_metadata_performance,raw_normalized,38.146,81,38146,Bach/Fugue/bwv_846/Shi05M.mid,Bach,Fugue_bwv_846,Bach/Fugue/bwv_846
C:\Users\eagle\MARG_research\third_party\PianistTransformer\data\midis\asap-dataset-master\Bach\Fugue\bwv_846\Shi05M.mid,asap_metadata_performance,raw_normalized,38.165,71,38165,Bach/Fugue/bwv_846/Shi05M.mid,Bach,Fugue_bwv_846,Bach/Fugue/bwv_846
C:\Users\eagle\MARG_research\third_party\PianistTransformer\data\midis\asap-dataset-master\Bach\Fugue\bwv_846\Shi05M.mid,asap_metadata_performance,raw_normalized,38.186,60,38186,Bach/Fugue/bwv_846/Shi05M.mid,Bach,Fugue_bwv_846,Bach/Fugue/bwv_846
C:\Users\eagle\MARG_research\third_party\PianistTransformer\data\midis\asap-dataset-master\Bach\Fugue\bwv_846\Shi05M.mid,asap_metadata_performance,raw_normalized,38.206,37,38206,Bach/Fugue/bwv_846/Shi05M.mid,Bach,Fugue_bwv_846,Bach/Fugue/bwv_846
C:\Users\eagle\MARG_research\third_party\PianistTransformer\data\midis\asap-dataset-master\Bach\Fugue\bwv_846\Shi05M.mid,asap_metadata_performance,raw_normalized,38.225,0,38225,Bach/Fugue/bwv_846/Shi05M.mid,Bach,Fugue_bwv_846,Bach/Fugue/bwv_846
C:\Users\eagle\MARG_research\third_party\PianistTransformer\data\midis\asap-dataset-master\Bach\Fugue\bwv_846\Shi05M.mid,asap_metadata_performance,raw_normalized,38.988,31,38988,Bach/Fugue/bwv_846/Shi05M.mid,Bach,Fugue_bwv_846,Bach/Fugue/bwv_846
C:\Users\eagle\MARG_research\third_party\PianistTransformer\data\midis\asap-dataset-master\Bach\Fugue\bwv_846\Shi05M.mid,asap_metadata_performance,raw_normalized,39.008,51,39008,Bach/Fugue/bwv_846/Shi05M.mid,Bach,Fugue_bwv_846,Bach/Fugue/bwv_846
C:\Users\eagle\MARG_research\third_party\PianistTransformer\data\midis\asap-dataset-master\Bach\Fugue\bwv_846\Shi05M.mid,asap_metadata_performance,raw_normalized,39.029,62,39029,Bach/Fugue/bwv_846/Shi05M.mid,Bach,Fugue_bwv_846,Bach/Fugue/bwv_846
C:\Users\eagle\MARG_research\third_party\PianistTransformer\data\midis\asap-dataset-master\Bach\Fugue\bwv_846\Shi05M.mid,asap_metadata_performance,raw_normalized,39.047,65,39047,Bach/Fugue/bwv_846/Shi05M.mid,Bach,Fugue_bwv_846,Bach/Fugue/bwv_846
C:\Users\eagle\MARG_research\third_party\PianistTransformer\data\midis\asap-dataset-master\Bach\Fugue\bwv_846\Shi05M.mid,asap_metadata_performance,raw_normalized,39.066,69,39066,Bach/Fugue/bwv_846/Shi05M.mid,Bach,Fugue_bwv_846,Bach/Fugue/bwv_846
C:\Users\eagle\MARG_research\third_party\PianistTransformer\data\midis\asap-dataset-master\Bach\Fugue\bwv_846\Shi05M.mid,asap_metadata_performance,raw_normalized,39.087,74,39087,Bach/Fugue/bwv_846/Shi05M.mid,Bach,Fugue_bwv_846,Bach/Fugue/bwv_846
C:\Users\eagle\MARG_research\third_party\PianistTransformer\data\midis\asap-dataset-master\Bach\Fugue\bwv_846\Shi05M.mid,asap_metadata_performance,raw_normalized,39.107,80,39107,Bach/Fugue/bwv_846/Shi05M.mid,Bach,Fugue_bwv_846,Bach/Fugue/bwv_846
C:\Users\eagle\MARG_research\third_party\PianistTransformer\data\midis\asap-dataset-master\Bach\Fugue\bwv_846\Shi05M.mid,asap_metadata_performance,raw_normalized,39.128,86,39128,Bach/Fugue/bwv_846/Shi05M.mid,Bach,Fugue_bwv_846,Bach/Fugue/bwv_846
C:\Users\eagle\MARG_research\third_party\PianistTransformer\data\midis\asap-dataset-master\Bach\Fugue\bwv_846\Shi05M.mid,asap_metadata_performance,raw_normalized,39.146,92,39146,Bach/Fugue/bwv_846/Shi05M.mid,Bach,Fugue_bwv_846,Bach/Fugue/bwv_846
C:\Users\eagle\MARG_research\third_party\PianistTransformer\data\midis\asap-dataset-master\Bach\Fugue\bwv_846\Shi05M.mid,asap_metadata_performance,raw_normalized,39.165,97,39165,Bach/Fugue/bwv_846/Shi05M.mid,Bach,Fugue_bwv_846,Bach/Fugue/bwv_846
C:\Users\eagle\MARG_research\third_party\PianistTransformer\data\midis\asap-dataset-master\Bach\Fugue\bwv_846\Shi05M.mid,asap_metadata_performance,raw_normalized,39.186,101,39186,Bach/Fugue/bwv_846/Shi05M.mid,Bach,Fugue_bwv_846,Bach/Fugue/bwv_846
C:\Users\eagle\MARG_research\third_party\PianistTransformer\data\midis\asap-dataset-master\Bach\Fugue\bwv_846\Shi05M.mid,asap_metadata_performance,raw_normalized,39.206,103,39206,Bach/Fugue/bwv_846/Shi05M.mid,Bach,Fugue_bwv_846,Bach/Fugue/bwv_846
C:\Users\eagle\MARG_research\third_party\PianistTransformer\data\midis\asap-dataset-master\Bach\Fugue\bwv_846\Shi05M.mid,asap_metadata_performance,raw_normalized,39.374,101,39374,Bach/Fugue/bwv_846/Shi05M.mid,Bach,Fugue_bwv_846,Bach/Fugue/bwv_846
C:\Users\eagle\MARG_research\third_party\PianistTransformer\data\midis\asap-dataset-master\Bach\Fugue\bwv_846\Shi05M.mid,asap_metadata_performance,raw_normalized,39.395,98,39395,Bach/Fugue/bwv_846/Shi05M.mid,Bach,Fugue_bwv_846,Bach/Fugue/bwv_846
C:\Users\eagle\MARG_research\third_party\PianistTransformer\data\midis\asap-dataset-master\Bach\Fugue\bwv_846\Shi05M.mid,asap_metadata_performance,raw_normalized,39.414,96,39414,Bach/Fugue/bwv_846/Shi05M.mid,Bach,Fugue_bwv_846,Bach/Fugue/bwv_846
C:\Users\eagle\MARG_research\third_party\PianistTransformer\data\midis\asap-dataset-master\Bach\Fugue\bwv_846\Shi05M.mid,asap_metadata_performance,raw_normalized,39.434,94,39434,Bach/Fugue/bwv_846/Shi05M.mid,Bach,Fugue_bwv_846,Bach/Fugue/bwv_846
C:\Users\eagle\MARG_research\third_party\PianistTransformer\data\midis\asap-dataset-master\Bach\Fugue\bwv_846\Shi05M.mid,asap_metadata_performance,raw_normalized,39.453,91,39453,Bach/Fugue/bwv_846/Shi05M.mid,Bach,Fugue_bwv_846,Bach/Fugue/bwv_846
C:\Users\eagle\MARG_research\third_party\PianistTransformer\data\midis\asap-dataset-master\Bach\Fugue\bwv_846\Shi05M.mid,asap_metadata_performance,raw_normalized,39.473,88,39473,Bach/Fugue/bwv_846/Shi05M.mid,Bach,Fugue_bwv_846,Bach/Fugue/bwv_846
C:\Users\eagle\MARG_research\third_party\PianistTransformer\data\midis\asap-dataset-master\Bach\Fugue\bwv_846\Shi05M.mid,asap_metadata_performance,raw_normalized,39.493,84,39493,Bach/Fugue/bwv_846/Shi05M.mid,Bach,Fugue_bwv_846,Bach/Fugue/bwv_846
C:\Users\eagle\MARG_research\third_party\PianistTransformer\data\midis\asap-dataset-master\Bach\Fugue\bwv_846\Shi05M.mid,asap_metadata_performance,raw_normalized,39.513,79,39513,Bach/Fugue/bwv_846/Shi05M.mid,Bach,Fugue_bwv_846,Bach/Fugue/bwv_846
C:\Users\eagle\MARG_research\third_party\PianistTransformer\data\midis\asap-dataset-master\Bach\Fugue\bwv_846\Shi05M.mid,asap_metadata_performance,raw_normalized,39.531,73,39531,Bach/Fugue/bwv_846/Shi05M.mid,Bach,Fugue_bwv_846,Bach/Fugue/bwv_846
C:\Users\eagle\MARG_research\third_party\PianistTransformer\data\midis\asap-dataset-master\Bach\Fugue\bwv_846\Shi05M.mid,asap_metadata_performance,raw_normalized,39.553,68,39553,Bach/Fugue/bwv_846/Shi05M.mid,Bach,Fugue_bwv_846,Bach/Fugue/bwv_846
C:\Users\eagle\MARG_research\third_party\PianistTransformer\data\midis\asap-dataset-master\Bach\Fugue\bwv_846\Shi05M.mid,asap_metadata_performance,raw_normalized,39.573,60,39573,Bach/Fugue/bwv_846/Shi05M.mid,Bach,Fugue_bwv_846,Bach/Fugue/bwv_846
C:\Users\eagle\MARG_research\third_party\PianistTransformer\data\midis\asap-dataset-master\Bach\Fugue\bwv_846\Shi05M.mid,asap_metadata_performance,raw_normalized,39.594,54,39594,Bach/Fugue/bwv_846/Shi05M.mid,Bach,Fugue_bwv_846,Bach/Fugue/bwv_846
C:\Users\eagle\MARG_research\third_party\PianistTransformer\data\midis\asap-dataset-master\Bach\Fugue\bwv_846\Shi05M.mid,asap_metadata_performance,raw_normalized,39.613,50,39613,Bach/Fugue/bwv_846/Shi05M.mid,Bach,Fugue_bwv_846,Bach/Fugue/bwv_846
C:\Users\eagle\MARG_research\third_party\PianistTransformer\data\midis\asap-dataset-master\Bach\Fugue\bwv_846\Shi05M.mid,asap_metadata_performance,raw_normalized,39.632,49,39632,Bach/Fugue/bwv_846/Shi05M.mid,Bach,Fugue_bwv_846,Bach/Fugue/bwv_846
C:\Users\eagle\MARG_research\third_party\PianistTransformer\data\midis\asap-dataset-master\Bach\Fugue\bwv_846\Shi05M.mid,asap_metadata_performance,raw_normalized,39.652,47,39652,Bach/Fugue/bwv_846/Shi05M.mid,Bach,Fugue_bwv_846,Bach/Fugue/bwv_846
C:\Users\eagle\MARG_research\third_party\PianistTransformer\data\midis\asap-dataset-master\Bach\Fugue\bwv_846\Shi05M.mid,asap_metadata_performance,raw_normalized,39.672,45,39672,Bach/Fugue/bwv_846/Shi05M.mid,Bach,Fugue_bwv_846,Bach/Fugue/bwv_846
C:\Users\eagle\MARG_research\third_party\PianistTransformer\data\midis\asap-dataset-master\Bach\Fugue\bwv_846\Shi05M.mid,asap_metadata_performance,raw_normalized,39.691,41,39691,Bach/Fugue/bwv_846/Shi05M.mid,Bach,Fugue_bwv_846,Bach/Fugue/bwv_846
C:\Users\eagle\MARG_research\third_party\PianistTransformer\data\midis\asap-dataset-master\Bach\Fugue\bwv_846\Shi05M.mid,asap_metadata_performance,raw_normalized,39.712,39,39712,Bach/Fugue/bwv_846/Shi05M.mid,Bach,Fugue_bwv_846,Bach/Fugue/bwv_846
C:\Users\eagle\MARG_research\third_party\PianistTransformer\data\midis\asap-dataset-master\Bach\Fugue\bwv_846\Shi05M.mid,asap_metadata_performance,raw_normalized,39.73,37,39730,Bach/Fugue/bwv_846/Shi05M.mid,Bach,Fugue_bwv_846,Bach/Fugue/bwv_846
C:\Users\eagle\MARG_research\third_party\PianistTransformer\data\midis\asap-dataset-master\Bach\Fugue\bwv_846\Shi05M.mid,asap_metadata_performance,raw_normalized,39.751,36,39751,Bach/Fugue/bwv_846/Shi05M.mid,Bach,Fugue_bwv_846,Bach/Fugue/bwv_846
C:\Users\eagle\MARG_research\third_party\PianistTransformer\data\midis\asap-dataset-master\Bach\Fugue\bwv_846\Shi05M.mid,asap_metadata_performance,raw_normalized,39.771,36,39771,Bach/Fugue/bwv_846/Shi05M.mid,Bach,Fugue_bwv_846,Bach/Fugue/bwv_846
C:\Users\eagle\MARG_research\third_party\PianistTransformer\data\midis\asap-dataset-master\Bach\Fugue\bwv_846\Shi05M.mid,asap_metadata_performance,raw_normalized,39.79,35,39790,Bach/Fugue/bwv_846/Shi05M.mid,Bach,Fugue_bwv_846,Bach/Fugue/bwv_846
C:\Users\eagle\MARG_research\third_party\PianistTransformer\data\midis\asap-dataset-master\Bach\Fugue\bwv_846\Shi05M.mid,asap_metadata_performance,raw_normalized,39.811,35,39811,Bach/Fugue/bwv_846/Shi05M.mid,Bach,Fugue_bwv_846,Bach/Fugue/bwv_846
C:\Users\eagle\MARG_research\third_party\PianistTransformer\data\midis\asap-dataset-master\Bach\Fugue\bwv_846\Shi05M.mid,asap_metadata_performance,raw_normalized,39.829,34,39829,Bach/Fugue/bwv_846/Shi05M.mid,Bach,Fugue_bwv_846,Bach/Fugue/bwv_846
C:\Users\eagle\MARG_research\third_party\PianistTransformer\data\midis\asap-dataset-master\Bach\Fugue\bwv_846\Shi05M.mid,asap_metadata_performance,raw_normalized,39.85,34,39850,Bach/Fugue/bwv_846/Shi05M.mid,Bach,Fugue_bwv_846,Bach/Fugue/bwv_846
C:\Users\eagle\MARG_research\third_party\PianistTransformer\data\midis\asap-dataset-master\Bach\Fugue\bwv_846\Shi05M.mid,asap_metadata_performance,raw_normalized,39.87,33,39870,Bach/Fugue/bwv_846/Shi05M.mid,Bach,Fugue_bwv_846,Bach/Fugue/bwv_846
C:\Users\eagle\MARG_research\third_party\PianistTransformer\data\midis\asap-dataset-master\Bach\Fugue\bwv_846\Shi05M.mid,asap_metadata_performance,raw_normalized,39.889,33,39889,Bach/Fugue/bwv_846/Shi05M.mid,Bach,Fugue_bwv_846,Bach/Fugue/bwv_846
C:\Users\eagle\MARG_research\third_party\PianistTransformer\data\midis\asap-dataset-master\Bach\Fugue\bwv_846\Shi05M.mid,asap_metadata_performance,raw_normalized,39.928,32,39928,Bach/Fugue/bwv_846/Shi05M.mid,Bach,Fugue_bwv_846,Bach/Fugue/bwv_846
C:\Users\eagle\MARG_research\third_party\PianistTransformer\data\midis\asap-dataset-master\Bach\Fugue\bwv_846\Shi05M.mid,asap_metadata_performance,raw_normalized,40.087,33,40087,Bach/Fugue/bwv_846/Shi05M.mid,Bach,Fugue_bwv_846,Bach/Fugue/bwv_846
C:\Users\eagle\MARG_research\third_party\PianistTransformer\data\midis\asap-dataset-master\Bach\Fugue\bwv_846\Shi05M.mid,asap_metadata_performance,raw_normalized,40.107,34,40107,Bach/Fugue/bwv_846/Shi05M.mid,Bach,Fugue_bwv_846,Bach/Fugue/bwv_846
C:\Users\eagle\MARG_research\third_party\PianistTransformer\data\midis\asap-dataset-master\Bach\Fugue\bwv_846\Shi05M.mid,asap_metadata_performance,raw_normalized,40.128,36,40128,Bach/Fugue/bwv_846/Shi05M.mid,Bach,Fugue_bwv_846,Bach/Fugue/bwv_846
C:\Users\eagle\MARG_research\third_party\PianistTransformer\data\midis\asap-dataset-master\Bach\Fugue\bwv_846\Shi05M.mid,asap_metadata_performance,raw_normalized,40.146,41,40146,Bach/Fugue/bwv_846/Shi05M.mid,Bach,Fugue_bwv_846,Bach/Fugue/bwv_846
C:\Users\eagle\MARG_research\third_party\PianistTransformer\data\midis\asap-dataset-master\Bach\Fugue\bwv_846\Shi05M.mid,asap_metadata_performance,raw_normalized,40.167,48,40167,Bach/Fugue/bwv_846/Shi05M.mid,Bach,Fugue_bwv_846,Bach/Fugue/bwv_846
C:\Users\eagle\MARG_research\third_party\PianistTransformer\data\midis\asap-dataset-master\Bach\Fugue\bwv_846\Shi05M.mid,asap_metadata_performance,raw_normalized,40.186,58,40186,Bach/Fugue/bwv_846/Shi05M.mid,Bach,Fugue_bwv_846,Bach/Fugue/bwv_846
C:\Users\eagle\MARG_research\third_party\PianistTransformer\data\midis\asap-dataset-master\Bach\Fugue\bwv_846\Shi05M.mid,asap_metadata_performance,raw_normalized,40.206,64,40206,Bach/Fugue/bwv_846/Shi05M.mid,Bach,Fugue_bwv_846,Bach/Fugue/bwv_846
C:\Users\eagle\MARG_research\third_party\PianistTransformer\data\midis\asap-dataset-master\Bach\Fugue\bwv_846\Shi05M.mid,asap_metadata_performance,raw_normalized,40.227,70,40227,Bach/Fugue/bwv_846/Shi05M.mid,Bach,Fugue_bwv_846,Bach/Fugue/bwv_846
C:\Users\eagle\MARG_research\third_party\PianistTransformer\data\midis\asap-dataset-master\Bach\Fugue\bwv_846\Shi05M.mid,asap_metadata_performance,raw_normalized,40.255,76,40255,Bach/Fugue/bwv_846/Shi05M.mid,Bach,Fugue_bwv_846,Bach/Fugue/bwv_846
C:\Users\eagle\MARG_research\third_party\PianistTransformer\data\midis\asap-dataset-master\Bach\Fugue\bwv_846\Shi05M.mid,asap_metadata_performance,raw_normalized,40.276,83,40276,Bach/Fugue/bwv_846/Shi05M.mid,Bach,Fugue_bwv_846,Bach/Fugue/bwv_846
C:\Users\eagle\MARG_research\third_party\PianistTransformer\data\midis\asap-dataset-master\Bach\Fugue\bwv_846\Shi05M.mid,asap_metadata_performance,raw_normalized,40.296,92,40296,Bach/Fugue/bwv_846/Shi05M.mid,Bach,Fugue_bwv_846,Bach/Fugue/bwv_846
C:\Users\eagle\MARG_research\third_party\PianistTransformer\data\midis\asap-dataset-master\Bach\Fugue\bwv_846\Shi05M.mid,asap_metadata_performance,raw_normalized,40.315,103,40315,Bach/Fugue/bwv_846/Shi05M.mid,Bach,Fugue_bwv_846,Bach/Fugue/bwv_846
C:\Users\eagle\MARG_research\third_party\PianistTransformer\data\midis\asap-dataset-master\Bach\Fugue\bwv_846\Shi05M.mid,asap_metadata_performance,raw_normalized,40.336,123,40336,Bach/Fugue/bwv_846/Shi05M.mid,Bach,Fugue_bwv_846,Bach/Fugue/bwv_846
C:\Users\eagle\MARG_research\third_party\PianistTransformer\data\midis\asap-dataset-master\Bach\Fugue\bwv_846\Shi05M.mid,asap_metadata_performance,raw_normalized,40.354,127,40354,Bach/Fugue/bwv_846/Shi05M.mid,Bach,Fugue_bwv_846,Bach/Fugue/bwv_846
C:\Users\eagle\MARG_research\third_party\PianistTransformer\data\midis\asap-dataset-master\Bach\Fugue\bwv_846\Shi05M.mid,asap_metadata_performance,raw_normalized,40.652,123,40652,Bach/Fugue/bwv_846/Shi05M.mid,Bach,Fugue_bwv_846,Bach/Fugue/bwv_846
C:\Users\eagle\MARG_research\third_party\PianistTransformer\data\midis\asap-dataset-master\Bach\Fugue\bwv_846\Shi05M.mid,asap_metadata_performance,raw_normalized,40.672,107,40672,Bach/Fugue/bwv_846/Shi05M.mid,Bach,Fugue_bwv_846,Bach/Fugue/bwv_846
C:\Users\eagle\MARG_research\third_party\PianistTransformer\data\midis\asap-dataset-master\Bach\Fugue\bwv_846\Shi05M.mid,asap_metadata_performance,raw_normalized,40.693,100,40693,Bach/Fugue/bwv_846/Shi05M.mid,Bach,Fugue_bwv_846,Bach/Fugue/bwv_846
C:\Users\eagle\MARG_research\third_party\PianistTransformer\data\midis\asap-dataset-master\Bach\Fugue\bwv_846\Shi05M.mid,asap_metadata_performance,raw_normalized,40.712,95,40712,Bach/Fugue/bwv_846/Shi05M.mid,Bach,Fugue_bwv_846,Bach/Fugue/bwv_846
C:\Users\eagle\MARG_research\third_party\PianistTransformer\data\midis\asap-dataset-master\Bach\Fugue\bwv_846\Shi05M.mid,asap_metadata_performance,raw_normalized,40.73,92,40730,Bach/Fugue/bwv_846/Shi05M.mid,Bach,Fugue_bwv_846,Bach/Fugue/bwv_846
C:\Users\eagle\MARG_research\third_party\PianistTransformer\data\midis\asap-dataset-master\Bach\Fugue\bwv_846\Shi05M.mid,asap_metadata_performance,raw_normalized,40.751,86,40751,Bach/Fugue/bwv_846/Shi05M.mid,Bach,Fugue_bwv_846,Bach/Fugue/bwv_846
C:\Users\eagle\MARG_research\third_party\PianistTransformer\data\midis\asap-dataset-master\Bach\Fugue\bwv_846\Shi05M.mid,asap_metadata_performance,raw_normalized,40.771,80,40771,Bach/Fugue/bwv_846/Shi05M.mid,Bach,Fugue_bwv_846,Bach/Fugue/bwv_846
C:\Users\eagle\MARG_research\third_party\PianistTransformer\data\midis\asap-dataset-master\Bach\Fugue\bwv_846\Shi05M.mid,asap_metadata_performance,raw_normalized,40.792,75,40792,Bach/Fugue/bwv_846/Shi05M.mid,Bach,Fugue_bwv_846,Bach/Fugue/bwv_846
C:\Users\eagle\MARG_research\third_party\PianistTransformer\data\midis\asap-dataset-master\Bach\Fugue\bwv_846\Shi05M.mid,asap_metadata_performance,raw_normalized,40.811,70,40811,Bach/Fugue/bwv_846/Shi05M.mid,Bach,Fugue_bwv_846,Bach/Fugue/bwv_846
C:\Users\eagle\MARG_research\third_party\PianistTransformer\data\midis\asap-dataset-master\Bach\Fugue\bwv_846\Shi05M.mid,asap_metadata_performance,raw_normalized,40.829,65,40829,Bach/Fugue/bwv_846/Shi05M.mid,Bach,Fugue_bwv_846,Bach/Fugue/bwv_846
C:\Users\eagle\MARG_research\third_party\PianistTransformer\data\midis\asap-dataset-master\Bach\Fugue\bwv_846\Shi05M.mid,asap_metadata_performance,raw_normalized,40.85,61,40850,Bach/Fugue/bwv_846/Shi05M.mid,Bach,Fugue_bwv_846,Bach/Fugue/bwv_846
C:\Users\eagle\MARG_research\third_party\PianistTransformer\data\midis\asap-dataset-master\Bach\Fugue\bwv_846\Shi05M.mid,asap_metadata_performance,raw_normalized,40.87,57,40870,Bach/Fugue/bwv_846/Shi05M.mid,Bach,Fugue_bwv_846,Bach/Fugue/bwv_846
C:\Users\eagle\MARG_research\third_party\PianistTransformer\data\midis\asap-dataset-master\Bach\Fugue\bwv_846\Shi05M.mid,asap_metadata_performance,raw_normalized,40.889,54,40889,Bach/Fugue/bwv_846/Shi05M.mid,Bach,Fugue_bwv_846,Bach/Fugue/bwv_846
C:\Users\eagle\MARG_research\third_party\PianistTransformer\data\midis\asap-dataset-master\Bach\Fugue\bwv_846\Shi05M.mid,asap_metadata_performance,raw_normalized,40.91,52,40910,Bach/Fugue/bwv_846/Shi05M.mid,Bach,Fugue_bwv_846,Bach/Fugue/bwv_846
C:\Users\eagle\MARG_research\third_party\PianistTransformer\data\midis\asap-dataset-master\Bach\Fugue\bwv_846\Shi05M.mid,asap_metadata_performance,raw_normalized,40.928,50,40928,Bach/Fugue/bwv_846/Shi05M.mid,Bach,Fugue_bwv_846,Bach/Fugue/bwv_846
C:\Users\eagle\MARG_research\third_party\PianistTransformer\data\midis\asap-dataset-master\Bach\Fugue\bwv_846\Shi05M.mid,asap_metadata_performance,raw_normalized,40.949,50,40949,Bach/Fugue/bwv_846/Shi05M.mid,Bach,Fugue_bwv_846,Bach/Fugue/bwv_846
C:\Users\eagle\MARG_research\third_party\PianistTransformer\data\midis\asap-dataset-master\Bach\Fugue\bwv_846\Shi05M.mid,asap_metadata_performance,raw_normalized,40.969,49,40969,Bach/Fugue/bwv_846/Shi05M.mid,Bach,Fugue_bwv_846,Bach/Fugue/bwv_846
C:\Users\eagle\MARG_research\third_party\PianistTransformer\data\midis\asap-dataset-master\Bach\Fugue\bwv_846\Shi05M.mid,asap_metadata_performance,raw_normalized,40.987,49,40987,Bach/Fugue/bwv_846/Shi05M.mid,Bach,Fugue_bwv_846,Bach/Fugue/bwv_846
C:\Users\eagle\MARG_research\third_party\PianistTransformer\data\midis\asap-dataset-master\Bach\Fugue\bwv_846\Shi05M.mid,asap_metadata_performance,raw_normalized,41.008,48,41008,Bach/Fugue/bwv_846/Shi05M.mid,Bach,Fugue_bwv_846,Bach/Fugue/bwv_846
C:\Users\eagle\MARG_research\third_party\PianistTransformer\data\midis\asap-dataset-master\Bach\Fugue\bwv_846\Shi05M.mid,asap_metadata_performance,raw_normalized,41.027,48,41027,Bach/Fugue/bwv_846/Shi05M.mid,Bach,Fugue_bwv_846,Bach/Fugue/bwv_846
C:\Users\eagle\MARG_research\third_party\PianistTransformer\data\midis\asap-dataset-master\Bach\Fugue\bwv_846\Shi05M.mid,asap_metadata_performance,raw_normalized,41.068,47,41068,Bach/Fugue/bwv_846/Shi05M.mid,Bach,Fugue_bwv_846,Bach/Fugue/bwv_846
C:\Users\eagle\MARG_research\third_party\PianistTransformer\data\midis\asap-dataset-master\Bach\Fugue\bwv_846\Shi05M.mid,asap_metadata_performance,raw_normalized,41.087,47,41087,Bach/Fugue/bwv_846/Shi05M.mid,Bach,Fugue_bwv_846,Bach/Fugue/bwv_846
C:\Users\eagle\MARG_research\third_party\PianistTransformer\data\midis\asap-dataset-master\Bach\Fugue\bwv_846\Shi05M.mid,asap_metadata_performance,raw_normalized,41.108,46,41108,Bach/Fugue/bwv_846/Shi05M.mid,Bach,Fugue_bwv_846,Bach/Fugue/bwv_846
C:\Users\eagle\MARG_research\third_party\PianistTransformer\data\midis\asap-dataset-master\Bach\Fugue\bwv_846\Shi05M.mid,asap_metadata_performance,raw_normalized,41.146,46,41146,Bach/Fugue/bwv_846/Shi05M.mid,Bach,Fugue_bwv_846,Bach/Fugue/bwv_846
C:\Users\eagle\MARG_research\third_party\PianistTransformer\data\midis\asap-dataset-master\Bach\Fugue\bwv_846\Shi05M.mid,asap_metadata_performance,raw_normalized,41.167,45,41167,Bach/Fugue/bwv_846/Shi05M.mid,Bach,Fugue_bwv_846,Bach/Fugue/bwv_846
C:\Users\eagle\MARG_research\third_party\PianistTransformer\data\midis\asap-dataset-master\Bach\Fugue\bwv_846\Shi05M.mid,asap_metadata_performance,raw_normalized,41.186,44,41186,Bach/Fugue/bwv_846/Shi05M.mid,Bach,Fugue_bwv_846,Bach/Fugue/bwv_846
C:\Users\eagle\MARG_research\third_party\PianistTransformer\data\midis\asap-dataset-master\Bach\Fugue\bwv_846\Shi05M.mid,asap_metadata_performance,raw_normalized,41.207,44,41207,Bach/Fugue/bwv_846/Shi05M.mid,Bach,Fugue_bwv_846,Bach/Fugue/bwv_846
C:\Users\eagle\MARG_research\third_party\PianistTransformer\data\midis\asap-dataset-master\Bach\Fugue\bwv_846\Shi05M.mid,asap_metadata_performance,raw_normalized,41.227,43,41227,Bach/Fugue/bwv_846/Shi05M.mid,Bach,Fugue_bwv_846,Bach/Fugue/bwv_846
C:\Users\eagle\MARG_research\third_party\PianistTransformer\data\midis\asap-dataset-master\Bach\Fugue\bwv_846\Shi05M.mid,asap_metadata_performance,raw_normalized,41.254,42,41254,Bach/Fugue/bwv_846/Shi05M.mid,Bach,Fugue_bwv_846,Bach/Fugue/bwv_846
C:\Users\eagle\MARG_research\third_party\PianistTransformer\data\midis\asap-dataset-master\Bach\Fugue\bwv_846\Shi05M.mid,asap_metadata_performance,raw_normalized,41.275,40,41275,Bach/Fugue/bwv_846/Shi05M.mid,Bach,Fugue_bwv_846,Bach/Fugue/bwv_846
C:\Users\eagle\MARG_research\third_party\PianistTransformer\data\midis\asap-dataset-master\Bach\Fugue\bwv_846\Shi05M.mid,asap_metadata_performance,raw_normalized,41.294,39,41294,Bach/Fugue/bwv_846/Shi05M.mid,Bach,Fugue_bwv_846,Bach/Fugue/bwv_846
C:\Users\eagle\MARG_research\third_party\PianistTransformer\data\midis\asap-dataset-master\Bach\Fugue\bwv_846\Shi05M.mid,asap_metadata_performance,raw_normalized,41.315,37,41315,Bach/Fugue/bwv_846/Shi05M.mid,Bach,Fugue_bwv_846,Bach/Fugue/bwv_846
C:\Users\eagle\MARG_research\third_party\PianistTransformer\data\midis\asap-dataset-master\Bach\Fugue\bwv_846\Shi05M.mid,asap_metadata_performance,raw_normalized,41.335,36,41335,Bach/Fugue/bwv_846/Shi05M.mid,Bach,Fugue_bwv_846,Bach/Fugue/bwv_846
C:\Users\eagle\MARG_research\third_party\PianistTransformer\data\midis\asap-dataset-master\Bach\Fugue\bwv_846\Shi05M.mid,asap_metadata_performance,raw_normalized,41.354,34,41354,Bach/Fugue/bwv_846/Shi05M.mid,Bach,Fugue_bwv_846,Bach/Fugue/bwv_846
C:\Users\eagle\MARG_research\third_party\PianistTransformer\data\midis\asap-dataset-master\Bach\Fugue\bwv_846\Shi05M.mid,asap_metadata_performance,raw_normalized,41.375,33,41375,Bach/Fugue/bwv_846/Shi05M.mid,Bach,Fugue_bwv_846,Bach/Fugue/bwv_846
C:\Users\eagle\MARG_research\third_party\PianistTransformer\data\midis\asap-dataset-master\Bach\Fugue\bwv_846\Shi05M.mid,asap_metadata_performance,raw_normalized,41.393,32,41393,Bach/Fugue/bwv_846/Shi05M.mid,Bach,Fugue_bwv_846,Bach/Fugue/bwv_846
C:\Users\eagle\MARG_research\third_party\PianistTransformer\data\midis\asap-dataset-master\Bach\Fugue\bwv_846\Shi05M.mid,asap_metadata_performance,raw_normalized,41.414,32,41414,Bach/Fugue/bwv_846/Shi05M.mid,Bach,Fugue_bwv_846,Bach/Fugue/bwv_846
C:\Users\eagle\MARG_research\third_party\PianistTransformer\data\midis\asap-dataset-master\Bach\Fugue\bwv_846\Shi05M.mid,asap_metadata_performance,raw_normalized,41.533,0,41533,Bach/Fugue/bwv_846/Shi05M.mid,Bach,Fugue_bwv_846,Bach/Fugue/bwv_846
C:\Users\eagle\MARG_research\third_party\PianistTransformer\data\midis\asap-dataset-master\Bach\Fugue\bwv_846\Shi05M.mid,asap_metadata_performance,raw_normalized,47.845,49,47845,Bach/Fugue/bwv_846/Shi05M.mid,Bach,Fugue_bwv_846,Bach/Fugue/bwv_846
C:\Users\eagle\MARG_research\third_party\PianistTransformer\data\midis\asap-dataset-master\Bach\Fugue\bwv_846\Shi05M.mid,asap_metadata_performance,raw_normalized,47.865,61,47865,Bach/Fugue/bwv_846/Shi05M.mid,Bach,Fugue_bwv_846,Bach/Fugue/bwv_846
C:\Users\eagle\MARG_research\third_party\PianistTransformer\data\midis\asap-dataset-master\Bach\Fugue\bwv_846\Shi05M.mid,asap_metadata_performance,raw_normalized,47.885,64,47885,Bach/Fugue/bwv_846/Shi05M.mid,Bach,Fugue_bwv_846,Bach/Fugue/bwv_846
C:\Users\eagle\MARG_research\third_party\PianistTransformer\data\midis\asap-dataset-master\Bach\Fugue\bwv_846\Shi05M.mid,asap_metadata_performance,raw_normalized,47.905,67,47905,Bach/Fugue/bwv_846/Shi05M.mid,Bach,Fugue_bwv_846,Bach/Fugue/bwv_846
C:\Users\eagle\MARG_research\third_party\PianistTransformer\data\midis\asap-dataset-master\Bach\Fugue\bwv_846\Shi05M.mid,asap_metadata_performance,raw_normalized,47.923,72,47923,Bach/Fugue/bwv_846/Shi05M.mid,Bach,Fugue_bwv_846,Bach/Fugue/bwv_846
C:\Users\eagle\MARG_research\third_party\PianistTransformer\data\midis\asap-dataset-master\Bach\Fugue\bwv_846\Shi05M.mid,asap_metadata_performance,raw_normalized,47.944,81,47944,Bach/Fugue/bwv_846/Shi05M.mid,Bach,Fugue_bwv_846,Bach/Fugue/bwv_846
C:\Users\eagle\MARG_research\third_party\PianistTransformer\data\midis\asap-dataset-master\Bach\Fugue\bwv_846\Shi05M.mid,asap_metadata_performance,raw_normalized,47.964,90,47964,Bach/Fugue/bwv_846/Shi05M.mid,Bach,Fugue_bwv_846,Bach/Fugue/bwv_846
C:\Users\eagle\MARG_research\third_party\PianistTransformer\data\midis\asap-dataset-master\Bach\Fugue\bwv_846\Shi05M.mid,asap_metadata_performance,raw_normalized,47.983,97,47983,Bach/Fugue/bwv_846/Shi05M.mid,Bach,Fugue_bwv_846,Bach/Fugue/bwv_846
C:\Users\eagle\MARG_research\third_party\PianistTransformer\data\midis\asap-dataset-master\Bach\Fugue\bwv_846\Shi05M.mid,asap_metadata_performance,raw_normalized,48.004,103,48004,Bach/Fugue/bwv_846/Shi05M.mid,Bach,Fugue_bwv_846,Bach/Fugue/bwv_846
C:\Users\eagle\MARG_research\third_party\PianistTransformer\data\midis\asap-dataset-master\Bach\Fugue\bwv_846\Shi05M.mid,asap_metadata_performance,raw_normalized,48.023,107,48023,Bach/Fugue/bwv_846/Shi05M.mid,Bach,Fugue_bwv_846,Bach/Fugue/bwv_846
C:\Users\eagle\MARG_research\third_party\PianistTransformer\data\midis\asap-dataset-master\Bach\Fugue\bwv_846\Shi05M.mid,asap_metadata_performance,raw_normalized,48.122,109,48122,Bach/Fugue/bwv_846/Shi05M.mid,Bach,Fugue_bwv_846,Bach/Fugue/bwv_846
C:\Users\eagle\MARG_research\third_party\PianistTransformer\data\midis\asap-dataset-master\Bach\Fugue\bwv_846\Shi05M.mid,asap_metadata_performance,raw_normalized,48.292,102,48292,Bach/Fugue/bwv_846/Shi05M.mid,Bach,Fugue_bwv_846,Bach/Fugue/bwv_846
C:\Users\eagle\MARG_research\third_party\PianistTransformer\data\midis\asap-dataset-master\Bach\Fugue\bwv_846\Shi05M.mid,asap_metadata_performance,raw_normalized,48.312,92,48312,Bach/Fugue/bwv_846/Shi05M.mid,Bach,Fugue_bwv_846,Bach/Fugue/bwv_846
C:\Users\eagle\MARG_research\third_party\PianistTransformer\data\midis\asap-dataset-master\Bach\Fugue\bwv_846\Shi05M.mid,asap_metadata_performance,raw_normalized,48.331,80,48331,Bach/Fugue/bwv_846/Shi05M.mid,Bach,Fugue_bwv_846,Bach/Fugue/bwv_846
C:\Users\eagle\MARG_research\third_party\PianistTransformer\data\midis\asap-dataset-master\Bach\Fugue\bwv_846\Shi05M.mid,asap_metadata_performance,raw_normalized,48.352,66,48352,Bach/Fugue/bwv_846/Shi05M.mid,Bach,Fugue_bwv_846,Bach/Fugue/bwv_846
C:\Users\eagle\MARG_research\third_party\PianistTransformer\data\midis\asap-dataset-master\Bach\Fugue\bwv_846\Shi05M.mid,asap_metadata_performance,raw_normalized,48.371,52,48371,Bach/Fugue/bwv_846/Shi05M.mid,Bach,Fugue_bwv_846,Bach/Fugue/bwv_846
C:\Users\eagle\MARG_research\third_party\PianistTransformer\data\midis\asap-dataset-master\Bach\Fugue\bwv_846\Shi05M.mid,asap_metadata_performance,raw_normalized,48.389,0,48389,Bach/Fugue/bwv_846/Shi05M.mid,Bach,Fugue_bwv_846,Bach/Fugue/bwv_846
C:\Users\eagle\MARG_research\third_party\PianistTransformer\data\midis\asap-dataset-master\Bach\Fugue\bwv_846\Shi05M.mid,asap_metadata_performance,raw_normalized,48.529,51,48529,Bach/Fugue/bwv_846/Shi05M.mid,Bach,Fugue_bwv_846,Bach/Fugue/bwv_846
C:\Users\eagle\MARG_research\third_party\PianistTransformer\data\midis\asap-dataset-master\Bach\Fugue\bwv_846\Shi05M.mid,asap_metadata_performance,raw_normalized,48.548,63,48548,Bach/Fugue/bwv_846/Shi05M.mid,Bach,Fugue_bwv_846,Bach/Fugue/bwv_846
C:\Users\eagle\MARG_research\third_party\PianistTransformer\data\midis\asap-dataset-master\Bach\Fugue\bwv_846\Shi05M.mid,asap_metadata_performance,raw_normalized,48.569,66,48569,Bach/Fugue/bwv_846/Shi05M.mid,Bach,Fugue_bwv_846,Bach/Fugue/bwv_846
C:\Users\eagle\MARG_research\third_party\PianistTransformer\data\midis\asap-dataset-master\Bach\Fugue\bwv_846\Shi05M.mid,asap_metadata_performance,raw_normalized,48.589,69,48589,Bach/Fugue/bwv_846/Shi05M.mid,Bach,Fugue_bwv_846,Bach/Fugue/bwv_846
C:\Users\eagle\MARG_research\third_party\PianistTransformer\data\midis\asap-dataset-master\Bach\Fugue\bwv_846\Shi05M.mid,asap_metadata_performance,raw_normalized,48.608,76,48608,Bach/Fugue/bwv_846/Shi05M.mid,Bach,Fugue_bwv_846,Bach/Fugue/bwv_846
C:\Users\eagle\MARG_research\third_party\PianistTransformer\data\midis\asap-dataset-master\Bach\Fugue\bwv_846\Shi05M.mid,asap_metadata_performance,raw_normalized,48.629,84,48629,Bach/Fugue/bwv_846/Shi05M.mid,Bach,Fugue_bwv_846,Bach/Fugue/bwv_846
C:\Users\eagle\MARG_research\third_party\PianistTransformer\data\midis\asap-dataset-master\Bach\Fugue\bwv_846\Shi05M.mid,asap_metadata_performance,raw_normalized,48.647,92,48647,Bach/Fugue/bwv_846/Shi05M.mid,Bach,Fugue_bwv_846,Bach/Fugue/bwv_846
C:\Users\eagle\MARG_research\third_party\PianistTransformer\data\midis\asap-dataset-master\Bach\Fugue\bwv_846\Shi05M.mid,asap_metadata_performance,raw_normalized,48.668,97,48668,Bach/Fugue/bwv_846/Shi05M.mid,Bach,Fugue_bwv_846,Bach/Fugue/bwv_846
C:\Users\eagle\MARG_research\third_party\PianistTransformer\data\midis\asap-dataset-master\Bach\Fugue\bwv_846\Shi05M.mid,asap_metadata_performance,raw_normalized,48.688,100,48688,Bach/Fugue/bwv_846/Shi05M.mid,Bach,Fugue_bwv_846,Bach/Fugue/bwv_846
C:\Users\eagle\MARG_research\third_party\PianistTransformer\data\midis\asap-dataset-master\Bach\Fugue\bwv_846\Shi05M.mid,asap_metadata_performance,raw_normalized,48.707,103,48707,Bach/Fugue/bwv_846/Shi05M.mid,Bach,Fugue_bwv_846,Bach/Fugue/bwv_846
C:\Users\eagle\MARG_research\third_party\PianistTransformer\data\midis\asap-dataset-master\Bach\Fugue\bwv_846\Shi05M.mid,asap_metadata_performance,raw_normalized,48.728,105,48728,Bach/Fugue/bwv_846/Shi05M.mid,Bach,Fugue_bwv_846,Bach/Fugue/bwv_846
C:\Users\eagle\MARG_research\third_party\PianistTransformer\data\midis\asap-dataset-master\Bach\Fugue\bwv_846\Shi05M.mid,asap_metadata_performance,raw_normalized,48.746,108,48746,Bach/Fugue/bwv_846/Shi05M.mid,Bach,Fugue_bwv_846,Bach/Fugue/bwv_846
C:\Users\eagle\MARG_research\third_party\PianistTransformer\data\midis\asap-dataset-master\Bach\Fugue\bwv_846\Shi05M.mid,asap_metadata_performance,raw_normalized,48.767,110,48767,Bach/Fugue/bwv_846/Shi05M.mid,Bach,Fugue_bwv_846,Bach/Fugue/bwv_846
C:\Users\eagle\MARG_research\third_party\PianistTransformer\data\midis\asap-dataset-master\Bach\Fugue\bwv_846\Shi05M.mid,asap_metadata_performance,raw_normalized,48.885,108,48885,Bach/Fugue/bwv_846/Shi05M.mid,Bach,Fugue_bwv_846,Bach/Fugue/bwv_846
C:\Users\eagle\MARG_research\third_party\PianistTransformer\data\midis\asap-dataset-master\Bach\Fugue\bwv_846\Shi05M.mid,asap_metadata_performance,raw_normalized,48.905,99,48905,Bach/Fugue/bwv_846/Shi05M.mid,Bach,Fugue_bwv_846,Bach/Fugue/bwv_846
C:\Users\eagle\MARG_research\third_party\PianistTransformer\data\midis\asap-dataset-master\Bach\Fugue\bwv_846\Shi05M.mid,asap_metadata_performance,raw_normalized,48.924,87,48924,Bach/Fugue/bwv_846/Shi05M.mid,Bach,Fugue_bwv_846,Bach/Fugue/bwv_846
C:\Users\eagle\MARG_research\third_party\PianistTransformer\data\midis\asap-dataset-master\Bach\Fugue\bwv_846\Shi05M.mid,asap_metadata_performance,raw_normalized,48.944,74,48944,Bach/Fugue/bwv_846/Shi05M.mid,Bach,Fugue_bwv_846,Bach/Fugue/bwv_846
C:\Users\eagle\MARG_research\third_party\PianistTransformer\data\midis\asap-dataset-master\Bach\Fugue\bwv_846\Shi05M.mid,asap_metadata_performance,raw_normalized,48.964,60,48964,Bach/Fugue/bwv_846/Shi05M.mid,Bach,Fugue_bwv_846,Bach/Fugue/bwv_846
C:\Users\eagle\MARG_research\third_party\PianistTransformer\data\midis\asap-dataset-master\Bach\Fugue\bwv_846\Shi05M.mid,asap_metadata_performance,raw_normalized,48.984,37,48984,Bach/Fugue/bwv_846/Shi05M.mid,Bach,Fugue_bwv_846,Bach/Fugue/bwv_846
C:\Users\eagle\MARG_research\third_party\PianistTransformer\data\midis\asap-dataset-master\Bach\Fugue\bwv_846\Shi05M.mid,asap_metadata_performance,raw_normalized,49.004,0,49004,Bach/Fugue/bwv_846/Shi05M.mid,Bach,Fugue_bwv_846,Bach/Fugue/bwv_846
C:\Users\eagle\MARG_research\third_party\PianistTransformer\data\midis\asap-dataset-master\Bach\Fugue\bwv_846\Shi05M.mid,asap_metadata_performance,raw_normalized,49.044,32,49044,Bach/Fugue/bwv_846/Shi05M.mid,Bach,Fugue_bwv_846,Bach/Fugue/bwv_846
C:\Users\eagle\MARG_research\third_party\PianistTransformer\data\midis\asap-dataset-master\Bach\Fugue\bwv_846\Shi05M.mid,asap_metadata_performance,raw_normalized,49.064,51,49064,Bach/Fugue/bwv_846/Shi05M.mid,Bach,Fugue_bwv_846,Bach/Fugue/bwv_846
C:\Users\eagle\MARG_research\third_party\PianistTransformer\data\midis\asap-dataset-master\Bach\Fugue\bwv_846\Shi05M.mid,asap_metadata_performance,raw_normalized,49.083,64,49083,Bach/Fugue/bwv_846/Shi05M.mid,Bach,Fugue_bwv_846,Bach/Fugue/bwv_846
C:\Users\eagle\MARG_research\third_party\PianistTransformer\data\midis\asap-dataset-master\Bach\Fugue\bwv_846\Shi05M.mid,asap_metadata_performance,raw_normalized,49.103,70,49103,Bach/Fugue/bwv_846/Shi05M.mid,Bach,Fugue_bwv_846,Bach/Fugue/bwv_846
C:\Users\eagle\MARG_research\third_party\PianistTransformer\data\midis\asap-dataset-master\Bach\Fugue\bwv_846\Shi05M.mid,asap_metadata_performance,raw_normalized,49.122,78,49122,Bach/Fugue/bwv_846/Shi05M.mid,Bach,Fugue_bwv_846,Bach/Fugue/bwv_846
C:\Users\eagle\MARG_research\third_party\PianistTransformer\data\midis\asap-dataset-master\Bach\Fugue\bwv_846\Shi05M.mid,asap_metadata_performance,raw_normalized,49.145,90,49145,Bach/Fugue/bwv_846/Shi05M.mid,Bach,Fugue_bwv_846,Bach/Fugue/bwv_846
C:\Users\eagle\MARG_research\third_party\PianistTransformer\data\midis\asap-dataset-master\Bach\Fugue\bwv_846\Shi05M.mid,asap_metadata_performance,raw_normalized,49.164,103,49164,Bach/Fugue/bwv_846/Shi05M.mid,Bach,Fugue_bwv_846,Bach/Fugue/bwv_846
C:\Users\eagle\MARG_research\third_party\PianistTransformer\data\midis\asap-dataset-master\Bach\Fugue\bwv_846\Shi05M.mid,asap_metadata_performance,raw_normalized,49.185,126,49185,Bach/Fugue/bwv_846/Shi05M.mid,Bach,Fugue_bwv_846,Bach/Fugue/bwv_846
C:\Users\eagle\MARG_research\third_party\PianistTransformer\data\midis\asap-dataset-master\Bach\Fugue\bwv_846\Shi05M.mid,asap_metadata_performance,raw_normalized,49.493,118,49493,Bach/Fugue/bwv_846/Shi05M.mid,Bach,Fugue_bwv_846,Bach/Fugue/bwv_846
C:\Users\eagle\MARG_research\third_party\PianistTransformer\data\midis\asap-dataset-master\Bach\Fugue\bwv_846\Shi05M.mid,asap_metadata_performance,raw_normalized,49.513,114,49513,Bach/Fugue/bwv_846/Shi05M.mid,Bach,Fugue_bwv_846,Bach/Fugue/bwv_846
C:\Users\eagle\MARG_research\third_party\PianistTransformer\data\midis\asap-dataset-master\Bach\Fugue\bwv_846\Shi05M.mid,asap_metadata_performance,raw_normalized,49.533,109,49533,Bach/Fugue/bwv_846/Shi05M.mid,Bach,Fugue_bwv_846,Bach/Fugue/bwv_846
C:\Users\eagle\MARG_research\third_party\PianistTransformer\data\midis\asap-dataset-master\Bach\Fugue\bwv_846\Shi05M.mid,asap_metadata_performance,raw_normalized,49.553,101,49553,Bach/Fugue/bwv_846/Shi05M.mid,Bach,Fugue_bwv_846,Bach/Fugue/bwv_846
C:\Users\eagle\MARG_research\third_party\PianistTransformer\data\midis\asap-dataset-master\Bach\Fugue\bwv_846\Shi05M.mid,asap_metadata_performance,raw_normalized,49.573,92,49573,Bach/Fugue/bwv_846/Shi05M.mid,Bach,Fugue_bwv_846,Bach/Fugue/bwv_846
C:\Users\eagle\MARG_research\third_party\PianistTransformer\data\midis\asap-dataset-master\Bach\Fugue\bwv_846\Shi05M.mid,asap_metadata_performance,raw_normalized,49.592,83,49592,Bach/Fugue/bwv_846/Shi05M.mid,Bach,Fugue_bwv_846,Bach/Fugue/bwv_846
C:\Users\eagle\MARG_research\third_party\PianistTransformer\data\midis\asap-dataset-master\Bach\Fugue\bwv_846\Shi05M.mid,asap_metadata_performance,raw_normalized,49.612,73,49612,Bach/Fugue/bwv_846/Shi05M.mid,Bach,Fugue_bwv_846,Bach/Fugue/bwv_846
C:\Users\eagle\MARG_research\third_party\PianistTransformer\data\midis\asap-dataset-master\Bach\Fugue\bwv_846\Shi05M.mid,asap_metadata_performance,raw_normalized,49.632,63,49632,Bach/Fugue/bwv_846/Shi05M.mid,Bach,Fugue_bwv_846,Bach/Fugue/bwv_846
C:\Users\eagle\MARG_research\third_party\PianistTransformer\data\midis\asap-dataset-master\Bach\Fugue\bwv_846\Shi05M.mid,asap_metadata_performance,raw_normalized,49.651,50,49651,Bach/Fugue/bwv_846/Shi05M.mid,Bach,Fugue_bwv_846,Bach/Fugue/bwv_846
C:\Users\eagle\MARG_research\third_party\PianistTransformer\data\midis\asap-dataset-master\Bach\Fugue\bwv_846\Shi05M.mid,asap_metadata_performance,raw_normalized,49.671,34,49671,Bach/Fugue/bwv_846/Shi05M.mid,Bach,Fugue_bwv_846,Bach/Fugue/bwv_846
C:\Users\eagle\MARG_research\third_party\PianistTransformer\data\midis\asap-dataset-master\Bach\Fugue\bwv_846\Shi05M.mid,asap_metadata_performance,raw_normalized,49.69,0,49690,Bach/Fugue/bwv_846/Shi05M.mid,Bach,Fugue_bwv_846,Bach/Fugue/bwv_846
C:\Users\eagle\MARG_research\third_party\PianistTransformer\data\midis\asap-dataset-master\Bach\Fugue\bwv_846\Shi05M.mid,asap_metadata_performance,raw_normalized,49.829,47,49829,Bach/Fugue/bwv_846/Shi05M.mid,Bach,Fugue_bwv_846,Bach/Fugue/bwv_846
C:\Users\eagle\MARG_research\third_party\PianistTransformer\data\midis\asap-dataset-master\Bach\Fugue\bwv_846\Shi05M.mid,asap_metadata_performance,raw_normalized,49.849,61,49849,Bach/Fugue/bwv_846/Shi05M.mid,Bach,Fugue_bwv_846,Bach/Fugue/bwv_846
C:\Users\eagle\MARG_research\third_party\PianistTransformer\data\midis\asap-dataset-master\Bach\Fugue\bwv_846\Shi05M.mid,asap_metadata_performance,raw_normalized,49.87,66,49870,Bach/Fugue/bwv_846/Shi05M.mid,Bach,Fugue_bwv_846,Bach/Fugue/bwv_846
C:\Users\eagle\MARG_research\third_party\PianistTransformer\data\midis\asap-dataset-master\Bach\Fugue\bwv_846\Shi05M.mid,asap_metadata_performance,raw_normalized,49.889,69,49889,Bach/Fugue/bwv_846/Shi05M.mid,Bach,Fugue_bwv_846,Bach/Fugue/bwv_846
C:\Users\eagle\MARG_research\third_party\PianistTransformer\data\midis\asap-dataset-master\Bach\Fugue\bwv_846\Shi05M.mid,asap_metadata_performance,raw_normalized,49.91,73,49910,Bach/Fugue/bwv_846/Shi05M.mid,Bach,Fugue_bwv_846,Bach/Fugue/bwv_846
C:\Users\eagle\MARG_research\third_party\PianistTransformer\data\midis\asap-dataset-master\Bach\Fugue\bwv_846\Shi05M.mid,asap_metadata_performance,raw_normalized,49.928,76,49928,Bach/Fugue/bwv_846/Shi05M.mid,Bach,Fugue_bwv_846,Bach/Fugue/bwv_846
C:\Users\eagle\MARG_research\third_party\PianistTransformer\data\midis\asap-dataset-master\Bach\Fugue\bwv_846\Shi05M.mid,asap_metadata_performance,raw_normalized,49.948,78,49948,Bach/Fugue/bwv_846/Shi05M.mid,Bach,Fugue_bwv_846,Bach/Fugue/bwv_846
C:\Users\eagle\MARG_research\third_party\PianistTransformer\data\midis\asap-dataset-master\Bach\Fugue\bwv_846\Shi05M.mid,asap_metadata_performance,raw_normalized,49.988,77,49988,Bach/Fugue/bwv_846/Shi05M.mid,Bach,Fugue_bwv_846,Bach/Fugue/bwv_846
C:\Users\eagle\MARG_research\third_party\PianistTransformer\data\midis\asap-dataset-master\Bach\Fugue\bwv_846\Shi05M.mid,asap_metadata_performance,raw_normalized,50.009,76,50009,Bach/Fugue/bwv_846/Shi05M.mid,Bach,Fugue_bwv_846,Bach/Fugue/bwv_846
C:\Users\eagle\MARG_research\third_party\PianistTransformer\data\midis\asap-dataset-master\Bach\Fugue\bwv_846\Shi05M.mid,asap_metadata_performance,raw_normalized,50.027,75,50027,Bach/Fugue/bwv_846/Shi05M.mid,Bach,Fugue_bwv_846,Bach/Fugue/bwv_846
C:\Users\eagle\MARG_research\third_party\PianistTransformer\data\midis\asap-dataset-master\Bach\Fugue\bwv_846\Shi05M.mid,asap_metadata_performance,raw_normalized,50.046,75,50046,Bach/Fugue/bwv_846/Shi05M.mid,Bach,Fugue_bwv_846,Bach/Fugue/bwv_846
C:\Users\eagle\MARG_research\third_party\PianistTransformer\data\midis\asap-dataset-master\Bach\Fugue\bwv_846\Shi05M.mid,asap_metadata_performance,raw_normalized,50.104,74,50104,Bach/Fugue/bwv_846/Shi05M.mid,Bach,Fugue_bwv_846,Bach/Fugue/bwv_846
C:\Users\eagle\MARG_research\third_party\PianistTransformer\data\midis\asap-dataset-master\Bach\Fugue\bwv_846\Shi05M.mid,asap_metadata_performance,raw_normalized,50.125,73,50125,Bach/Fugue/bwv_846/Shi05M.mid,Bach,Fugue_bwv_846,Bach/Fugue/bwv_846
C:\Users\eagle\MARG_research\third_party\PianistTransformer\data\midis\asap-dataset-master\Bach\Fugue\bwv_846\Shi05M.mid,asap_metadata_performance,raw_normalized,50.145,71,50145,Bach/Fugue/bwv_846/Shi05M.mid,Bach,Fugue_bwv_846,Bach/Fugue/bwv_846
C:\Users\eagle\MARG_research\third_party\PianistTransformer\data\midis\asap-dataset-master\Bach\Fugue\bwv_846\Shi05M.mid,asap_metadata_performance,raw_normalized,50.165,70,50165,Bach/Fugue/bwv_846/Shi05M.mid,Bach,Fugue_bwv_846,Bach/Fugue/bwv_846
C:\Users\eagle\MARG_research\third_party\PianistTransformer\data\midis\asap-dataset-master\Bach\Fugue\bwv_846\Shi05M.mid,asap_metadata_performance,raw_normalized,50.184,69,50184,Bach/Fugue/bwv_846/Shi05M.mid,Bach,Fugue_bwv_846,Bach/Fugue/bwv_846
C:\Users\eagle\MARG_research\third_party\PianistTransformer\data\midis\asap-dataset-master\Bach\Fugue\bwv_846\Shi05M.mid,asap_metadata_performance,raw_normalized,50.203,68,50203,Bach/Fugue/bwv_846/Shi05M.mid,Bach,Fugue_bwv_846,Bach/Fugue/bwv_846
C:\Users\eagle\MARG_research\third_party\PianistTransformer\data\midis\asap-dataset-master\Bach\Fugue\bwv_846\Shi05M.mid,asap_metadata_performance,raw_normalized,50.225,67,50225,Bach/Fugue/bwv_846/Shi05M.mid,Bach,Fugue_bwv_846,Bach/Fugue/bwv_846
C:\Users\eagle\MARG_research\third_party\PianistTransformer\data\midis\asap-dataset-master\Bach\Fugue\bwv_846\Shi05M.mid,asap_metadata_performance,raw_normalized,50.255,64,50255,Bach/Fugue/bwv_846/Shi05M.mid,Bach,Fugue_bwv_846,Bach/Fugue/bwv_846
C:\Users\eagle\MARG_research\third_party\PianistTransformer\data\midis\asap-dataset-master\Bach\Fugue\bwv_846\Shi05M.mid,asap_metadata_performance,raw_normalized,50.276,62,50276,Bach/Fugue/bwv_846/Shi05M.mid,Bach,Fugue_bwv_846,Bach/Fugue/bwv_846
C:\Users\eagle\MARG_research\third_party\PianistTransformer\data\midis\asap-dataset-master\Bach\Fugue\bwv_846\Shi05M.mid,asap_metadata_performance,raw_normalized,50.296,60,50296,Bach/Fugue/bwv_846/Shi05M.mid,Bach,Fugue_bwv_846,Bach/Fugue/bwv_846
C:\Users\eagle\MARG_research\third_party\PianistTransformer\data\midis\asap-dataset-master\Bach\Fugue\bwv_846\Shi05M.mid,asap_metadata_performance,raw_normalized,50.315,58,50315,Bach/Fugue/bwv_846/Shi05M.mid,Bach,Fugue_bwv_846,Bach/Fugue/bwv_846
C:\Users\eagle\MARG_research\third_party\PianistTransformer\data\midis\asap-dataset-master\Bach\Fugue\bwv_846\Shi05M.mid,asap_metadata_performance,raw_normalized,50.335,57,50335,Bach/Fugue/bwv_846/Shi05M.mid,Bach,Fugue_bwv_846,Bach/Fugue/bwv_846
C:\Users\eagle\MARG_research\third_party\PianistTransformer\data\midis\asap-dataset-master\Bach\Fugue\bwv_846\Shi05M.mid,asap_metadata_performance,raw_normalized,50.354,56,50354,Bach/Fugue/bwv_846/Shi05M.mid,Bach,Fugue_bwv_846,Bach/Fugue/bwv_846
C:\Users\eagle\MARG_research\third_party\PianistTransformer\data\midis\asap-dataset-master\Bach\Fugue\bwv_846\Shi05M.mid,asap_metadata_performance,raw_normalized,50.375,54,50375,Bach/Fugue/bwv_846/Shi05M.mid,Bach,Fugue_bwv_846,Bach/Fugue/bwv_846
C:\Users\eagle\MARG_research\third_party\PianistTransformer\data\midis\asap-dataset-master\Bach\Fugue\bwv_846\Shi05M.mid,asap_metadata_performance,raw_normalized,50.395,51,50395,Bach/Fugue/bwv_846/Shi05M.mid,Bach,Fugue_bwv_846,Bach/Fugue/bwv_846
C:\Users\eagle\MARG_research\third_party\PianistTransformer\data\midis\asap-dataset-master\Bach\Fugue\bwv_846\Shi05M.mid,asap_metadata_performance,raw_normalized,50.414,46,50414,Bach/Fugue/bwv_846/Shi05M.mid,Bach,Fugue_bwv_846,Bach/Fugue/bwv_846
C:\Users\eagle\MARG_research\third_party\PianistTransformer\data\midis\asap-dataset-master\Bach\Fugue\bwv_846\Shi05M.mid,asap_metadata_performance,raw_normalized,50.434,43,50434,Bach/Fugue/bwv_846/Shi05M.mid,Bach,Fugue_bwv_846,Bach/Fugue/bwv_846
C:\Users\eagle\MARG_research\third_party\PianistTransformer\data\midis\asap-dataset-master\Bach\Fugue\bwv_846\Shi05M.mid,asap_metadata_performance,raw_normalized,50.453,42,50453,Bach/Fugue/bwv_846/Shi05M.mid,Bach,Fugue_bwv_846,Bach/Fugue/bwv_846
C:\Users\eagle\MARG_research\third_party\PianistTransformer\data\midis\asap-dataset-master\Bach\Fugue\bwv_846\Shi05M.mid,asap_metadata_performance,raw_normalized,50.63,42,50630,Bach/Fugue/bwv_846/Shi05M.mid,Bach,Fugue_bwv_846,Bach/Fugue/bwv_846
C:\Users\eagle\MARG_research\third_party\PianistTransformer\data\midis\asap-dataset-master\Bach\Fugue\bwv_846\Shi05M.mid,asap_metadata_performance,raw_normalized,50.809,41,50809,Bach/Fugue/bwv_846/Shi05M.mid,Bach,Fugue_bwv_846,Bach/Fugue/bwv_846
C:\Users\eagle\MARG_research\third_party\PianistTransformer\data\midis\asap-dataset-master\Bach\Fugue\bwv_846\Shi05M.mid,asap_metadata_performance,raw_normalized,50.849,41,50849,Bach/Fugue/bwv_846/Shi05M.mid,Bach,Fugue_bwv_846,Bach/Fugue/bwv_846
C:\Users\eagle\MARG_research\third_party\PianistTransformer\data\midis\asap-dataset-master\Bach\Fugue\bwv_846\Shi05M.mid,asap_metadata_performance,raw_normalized,50.868,40,50868,Bach/Fugue/bwv_846/Shi05M.mid,Bach,Fugue_bwv_846,Bach/Fugue/bwv_846
C:\Users\eagle\MARG_research\third_party\PianistTransformer\data\midis\asap-dataset-master\Bach\Fugue\bwv_846\Shi05M.mid,asap_metadata_performance,raw_normalized,50.888,40,50888,Bach/Fugue/bwv_846/Shi05M.mid,Bach,Fugue_bwv_846,Bach/Fugue/bwv_846
C:\Users\eagle\MARG_research\third_party\PianistTransformer\data\midis\asap-dataset-master\Bach\Fugue\bwv_846\Shi05M.mid,asap_metadata_performance,raw_normalized,50.909,39,50909,Bach/Fugue/bwv_846/Shi05M.mid,Bach,Fugue_bwv_846,Bach/Fugue/bwv_846
C:\Users\eagle\MARG_research\third_party\PianistTransformer\data\midis\asap-dataset-master\Bach\Fugue\bwv_846\Shi05M.mid,asap_metadata_performance,raw_normalized,50.927,38,50927,Bach/Fugue/bwv_846/Shi05M.mid,Bach,Fugue_bwv_846,Bach/Fugue/bwv_846
C:\Users\eagle\MARG_research\third_party\PianistTransformer\data\midis\asap-dataset-master\Bach\Fugue\bwv_846\Shi05M.mid,asap_metadata_performance,raw_normalized,50.948,36,50948,Bach/Fugue/bwv_846/Shi05M.mid,Bach,Fugue_bwv_846,Bach/Fugue/bwv_846
C:\Users\eagle\MARG_research\third_party\PianistTransformer\data\midis\asap-dataset-master\Bach\Fugue\bwv_846\Shi05M.mid,asap_metadata_performance,raw_normalized,50.967,34,50967,Bach/Fugue/bwv_846/Shi05M.mid,Bach,Fugue_bwv_846,Bach/Fugue/bwv_846
C:\Users\eagle\MARG_research\third_party\PianistTransformer\data\midis\asap-dataset-master\Bach\Fugue\bwv_846\Shi05M.mid,asap_metadata_performance,raw_normalized,50.987,31,50987,Bach/Fugue/bwv_846/Shi05M.mid,Bach,Fugue_bwv_846,Bach/Fugue/bwv_846
C:\Users\eagle\MARG_research\third_party\PianistTransformer\data\midis\asap-dataset-master\Bach\Fugue\bwv_846\Shi05M.mid,asap_metadata_performance,raw_normalized,51.008,0,51008,Bach/Fugue/bwv_846/Shi05M.mid,Bach,Fugue_bwv_846,Bach/Fugue/bwv_846
C:\Users\eagle\MARG_research\third_party\PianistTransformer\data\midis\asap-dataset-master\Bach\Fugue\bwv_846\Shi05M.mid,asap_metadata_performance,raw_normalized,53.393,32,53393,Bach/Fugue/bwv_846/Shi05M.mid,Bach,Fugue_bwv_846,Bach/Fugue/bwv_846
C:\Users\eagle\MARG_research\third_party\PianistTransformer\data\midis\asap-dataset-master\Bach\Fugue\bwv_846\Shi05M.mid,asap_metadata_performance,raw_normalized,53.413,43,53413,Bach/Fugue/bwv_846/Shi05M.mid,Bach,Fugue_bwv_846,Bach/Fugue/bwv_846
C:\Users\eagle\MARG_research\third_party\PianistTransformer\data\midis\asap-dataset-master\Bach\Fugue\bwv_846\Shi05M.mid,asap_metadata_performance,raw_normalized,53.434,54,53434,Bach/Fugue/bwv_846/Shi05M.mid,Bach,Fugue_bwv_846,Bach/Fugue/bwv_846
C:\Users\eagle\MARG_research\third_party\PianistTransformer\data\midis\asap-dataset-master\Bach\Fugue\bwv_846\Shi05M.mid,asap_metadata_performance,raw_normalized,53.454,64,53454,Bach/Fugue/bwv_846/Shi05M.mid,Bach,Fugue_bwv_846,Bach/Fugue/bwv_846
C:\Users\eagle\MARG_research\third_party\PianistTransformer\data\midis\asap-dataset-master\Bach\Fugue\bwv_846\Shi05M.mid,asap_metadata_performance,raw_normalized,53.474,69,53474,Bach/Fugue/bwv_846/Shi05M.mid,Bach,Fugue_bwv_846,Bach/Fugue/bwv_846
C:\Users\eagle\MARG_research\third_party\PianistTransformer\data\midis\asap-dataset-master\Bach\Fugue\bwv_846\Shi05M.mid,asap_metadata_performance,raw_normalized,53.493,77,53493,Bach/Fugue/bwv_846/Shi05M.mid,Bach,Fugue_bwv_846,Bach/Fugue/bwv_846
C:\Users\eagle\MARG_research\third_party\PianistTransformer\data\midis\asap-dataset-master\Bach\Fugue\bwv_846\Shi05M.mid,asap_metadata_performance,raw_normalized,53.514,90,53514,Bach/Fugue/bwv_846/Shi05M.mid,Bach,Fugue_bwv_846,Bach/Fugue/bwv_846
C:\Users\eagle\MARG_research\third_party\PianistTransformer\data\midis\asap-dataset-master\Bach\Fugue\bwv_846\Shi05M.mid,asap_metadata_performance,raw_normalized,53.533,115,53533,Bach/Fugue/bwv_846/Shi05M.mid,Bach,Fugue_bwv_846,Bach/Fugue/bwv_846
C:\Users\eagle\MARG_research\third_party\PianistTransformer\data\midis\asap-dataset-master\Bach\Fugue\bwv_846\Shi05M.mid,asap_metadata_performance,raw_normalized,53.553,127,53553,Bach/Fugue/bwv_846/Shi05M.mid,Bach,Fugue_bwv_846,Bach/Fugue/bwv_846
C:\Users\eagle\MARG_research\third_party\PianistTransformer\data\midis\asap-dataset-master\Bach\Fugue\bwv_846\Shi05M.mid,asap_metadata_performance,raw_normalized,53.87,113,53870,Bach/Fugue/bwv_846/Shi05M.mid,Bach,Fugue_bwv_846,Bach/Fugue/bwv_846
C:\Users\eagle\MARG_research\third_party\PianistTransformer\data\midis\asap-dataset-master\Bach\Fugue\bwv_846\Shi05M.mid,asap_metadata_performance,raw_normalized,53.889,99,53889,Bach/Fugue/bwv_846/Shi05M.mid,Bach,Fugue_bwv_846,Bach/Fugue/bwv_846
C:\Users\eagle\MARG_research\third_party\PianistTransformer\data\midis\asap-dataset-master\Bach\Fugue\bwv_846\Shi05M.mid,asap_metadata_performance,raw_normalized,53.909,90,53909,Bach/Fugue/bwv_846/Shi05M.mid,Bach,Fugue_bwv_846,Bach/Fugue/bwv_846
C:\Users\eagle\MARG_research\third_party\PianistTransformer\data\midis\asap-dataset-master\Bach\Fugue\bwv_846\Shi05M.mid,asap_metadata_performance,raw_normalized,53.93,83,53930,Bach/Fugue/bwv_846/Shi05M.mid,Bach,Fugue_bwv_846,Bach/Fugue/bwv_846
C:\Users\eagle\MARG_research\third_party\PianistTransformer\data\midis\asap-dataset-master\Bach\Fugue\bwv_846\Shi05M.mid,asap_metadata_performance,raw_normalized,53.948,76,53948,Bach/Fugue/bwv_846/Shi05M.mid,Bach,Fugue_bwv_846,Bach/Fugue/bwv_846
C:\Users\eagle\MARG_research\third_party\PianistTransformer\data\midis\asap-dataset-master\Bach\Fugue\bwv_846\Shi05M.mid,asap_metadata_performance,raw_normalized,53.969,70,53969,Bach/Fugue/bwv_846/Shi05M.mid,Bach,Fugue_bwv_846,Bach/Fugue/bwv_846
C:\Users\eagle\MARG_research\third_party\PianistTransformer\data\midis\asap-dataset-master\Bach\Fugue\bwv_846\Shi05M.mid,asap_metadata_performance,raw_normalized,53.988,64,53988,Bach/Fugue/bwv_846/Shi05M.mid,Bach,Fugue_bwv_846,Bach/Fugue/bwv_846
C:\Users\eagle\MARG_research\third_party\PianistTransformer\data\midis\asap-dataset-master\Bach\Fugue\bwv_846\Shi05M.mid,asap_metadata_performance,raw_normalized,54.008,57,54008,Bach/Fugue/bwv_846/Shi05M.mid,Bach,Fugue_bwv_846,Bach/Fugue/bwv_846
C:\Users\eagle\MARG_research\third_party\PianistTransformer\data\midis\asap-dataset-master\Bach\Fugue\bwv_846\Shi05M.mid,asap_metadata_performance,raw_normalized,54.029,50,54029,Bach/Fugue/bwv_846/Shi05M.mid,Bach,Fugue_bwv_846,Bach/Fugue/bwv_846
C:\Users\eagle\MARG_research\third_party\PianistTransformer\data\midis\asap-dataset-master\Bach\Fugue\bwv_846\Shi05M.mid,asap_metadata_performance,raw_normalized,54.047,46,54047,Bach/Fugue/bwv_846/Shi05M.mid,Bach,Fugue_bwv_846,Bach/Fugue/bwv_846
C:\Users\eagle\MARG_research\third_party\PianistTransformer\data\midis\asap-dataset-master\Bach\Fugue\bwv_846\Shi05M.mid,asap_metadata_performance,raw_normalized,54.066,44,54066,Bach/Fugue/bwv_846/Shi05M.mid,Bach,Fugue_bwv_846,Bach/Fugue/bwv_846
C:\Users\eagle\MARG_research\third_party\PianistTransformer\data\midis\asap-dataset-master\Bach\Fugue\bwv_846\Shi05M.mid,asap_metadata_performance,raw_normalized,54.087,42,54087,Bach/Fugue/bwv_846/Shi05M.mid,Bach,Fugue_bwv_846,Bach/Fugue/bwv_846
C:\Users\eagle\MARG_research\third_party\PianistTransformer\data\midis\asap-dataset-master\Bach\Fugue\bwv_846\Shi05M.mid,asap_metadata_performance,raw_normalized,54.113,40,54113,Bach/Fugue/bwv_846/Shi05M.mid,Bach,Fugue_bwv_846,Bach/Fugue/bwv_846
C:\Users\eagle\MARG_research\third_party\PianistTransformer\data\midis\asap-dataset-master\Bach\Fugue\bwv_846\Shi05M.mid,asap_metadata_performance,raw_normalized,54.132,35,54132,Bach/Fugue/bwv_846/Shi05M.mid,Bach,Fugue_bwv_846,Bach/Fugue/bwv_846
C:\Users\eagle\MARG_research\third_party\PianistTransformer\data\midis\asap-dataset-master\Bach\Fugue\bwv_846\Shi05M.mid,asap_metadata_performance,raw_normalized,54.151,0,54151,Bach/Fugue/bwv_846/Shi05M.mid,Bach,Fugue_bwv_846,Bach/Fugue/bwv_846
C:\Users\eagle\MARG_research\third_party\PianistTransformer\data\midis\asap-dataset-master\Bach\Fugue\bwv_846\Shi05M.mid,asap_metadata_performance,raw_normalized,54.638,47,54638,Bach/Fugue/bwv_846/Shi05M.mid,Bach,Fugue_bwv_846,Bach/Fugue/bwv_846
C:\Users\eagle\MARG_research\third_party\PianistTransformer\data\midis\asap-dataset-master\Bach\Fugue\bwv_846\Shi05M.mid,asap_metadata_performance,raw_normalized,54.658,63,54658,Bach/Fugue/bwv_846/Shi05M.mid,Bach,Fugue_bwv_846,Bach/Fugue/bwv_846
C:\Users\eagle\MARG_research\third_party\PianistTransformer\data\midis\asap-dataset-master\Bach\Fugue\bwv_846\Shi05M.mid,asap_metadata_performance,raw_normalized,54.678,70,54678,Bach/Fugue/bwv_846/Shi05M.mid,Bach,Fugue_bwv_846,Bach/Fugue/bwv_846
C:\Users\eagle\MARG_research\third_party\PianistTransformer\data\midis\asap-dataset-master\Bach\Fugue\bwv_846\Shi05M.mid,asap_metadata_performance,raw_normalized,54.697,79,54697,Bach/Fugue/bwv_846/Shi05M.mid,Bach,Fugue_bwv_846,Bach/Fugue/bwv_846
C:\Users\eagle\MARG_research\third_party\PianistTransformer\data\midis\asap-dataset-master\Bach\Fugue\bwv_846\Shi05M.mid,asap_metadata_performance,raw_normalized,54.716,91,54716,Bach/Fugue/bwv_846/Shi05M.mid,Bach,Fugue_bwv_846,Bach/Fugue/bwv_846
C:\Users\eagle\MARG_research\third_party\PianistTransformer\data\midis\asap-dataset-master\Bach\Fugue\bwv_846\Shi05M.mid,asap_metadata_performance,raw_normalized,54.737,112,54737,Bach/Fugue/bwv_846/Shi05M.mid,Bach,Fugue_bwv_846,Bach/Fugue/bwv_846
C:\Users\eagle\MARG_research\third_party\PianistTransformer\data\midis\asap-dataset-master\Bach\Fugue\bwv_846\Shi05M.mid,asap_metadata_performance,raw_normalized,54.757,127,54757,Bach/Fugue/bwv_846/Shi05M.mid,Bach,Fugue_bwv_846,Bach/Fugue/bwv_846
C:\Users\eagle\MARG_research\third_party\PianistTransformer\data\midis\asap-dataset-master\Bach\Fugue\bwv_846\Shi05M.mid,asap_metadata_performance,raw_normalized,55.172,113,55172,Bach/Fugue/bwv_846/Shi05M.mid,Bach,Fugue_bwv_846,Bach/Fugue/bwv_846
C:\Users\eagle\MARG_research\third_party\PianistTransformer\data\midis\asap-dataset-master\Bach\Fugue\bwv_846\Shi05M.mid,asap_metadata_performance,raw_normalized,55.191,103,55191,Bach/Fugue/bwv_846/Shi05M.mid,Bach,Fugue_bwv_846,Bach/Fugue/bwv_846
C:\Users\eagle\MARG_research\third_party\PianistTransformer\data\midis\asap-dataset-master\Bach\Fugue\bwv_846\Shi05M.mid,asap_metadata_performance,raw_normalized,55.212,96,55212,Bach/Fugue/bwv_846/Shi05M.mid,Bach,Fugue_bwv_846,Bach/Fugue/bwv_846
C:\Users\eagle\MARG_research\third_party\PianistTransformer\data\midis\asap-dataset-master\Bach\Fugue\bwv_846\Shi05M.mid,asap_metadata_performance,raw_normalized,55.23,91,55230,Bach/Fugue/bwv_846/Shi05M.mid,Bach,Fugue_bwv_846,Bach/Fugue/bwv_846
C:\Users\eagle\MARG_research\third_party\PianistTransformer\data\midis\asap-dataset-master\Bach\Fugue\bwv_846\Shi05M.mid,asap_metadata_performance,raw_normalized,55.262,85,55262,Bach/Fugue/bwv_846/Shi05M.mid,Bach,Fugue_bwv_846,Bach/Fugue/bwv_846
C:\Users\eagle\MARG_research\third_party\PianistTransformer\data\midis\asap-dataset-master\Bach\Fugue\bwv_846\Shi05M.mid,asap_metadata_performance,raw_normalized,55.281,79,55281,Bach/Fugue/bwv_846/Shi05M.mid,Bach,Fugue_bwv_846,Bach/Fugue/bwv_846
C:\Users\eagle\MARG_research\third_party\PianistTransformer\data\midis\asap-dataset-master\Bach\Fugue\bwv_846\Shi05M.mid,asap_metadata_performance,raw_normalized,55.302,74,55302,Bach/Fugue/bwv_846/Shi05M.mid,Bach,Fugue_bwv_846,Bach/Fugue/bwv_846
C:\Users\eagle\MARG_research\third_party\PianistTransformer\data\midis\asap-dataset-master\Bach\Fugue\bwv_846\Shi05M.mid,asap_metadata_performance,raw_normalized,55.322,71,55322,Bach/Fugue/bwv_846/Shi05M.mid,Bach,Fugue_bwv_846,Bach/Fugue/bwv_846
C:\Users\eagle\MARG_research\third_party\PianistTransformer\data\midis\asap-dataset-master\Bach\Fugue\bwv_846\Shi05M.mid,asap_metadata_performance,raw_normalized,55.34,67,55340,Bach/Fugue/bwv_846/Shi05M.mid,Bach,Fugue_bwv_846,Bach/Fugue/bwv_846
C:\Users\eagle\MARG_research\third_party\PianistTransformer\data\midis\asap-dataset-master\Bach\Fugue\bwv_846\Shi05M.mid,asap_metadata_performance,raw_normalized,55.361,64,55361,Bach/Fugue/bwv_846/Shi05M.mid,Bach,Fugue_bwv_846,Bach/Fugue/bwv_846
C:\Users\eagle\MARG_research\third_party\PianistTransformer\data\midis\asap-dataset-master\Bach\Fugue\bwv_846\Shi05M.mid,asap_metadata_performance,raw_normalized,55.38,61,55380,Bach/Fugue/bwv_846/Shi05M.mid,Bach,Fugue_bwv_846,Bach/Fugue/bwv_846
C:\Users\eagle\MARG_research\third_party\PianistTransformer\data\midis\asap-dataset-master\Bach\Fugue\bwv_846\Shi05M.mid,asap_metadata_performance,raw_normalized,55.398,59,55398,Bach/Fugue/bwv_846/Shi05M.mid,Bach,Fugue_bwv_846,Bach/Fugue/bwv_846
C:\Users\eagle\MARG_research\third_party\PianistTransformer\data\midis\asap-dataset-master\Bach\Fugue\bwv_846\Shi05M.mid,asap_metadata_performance,raw_normalized,55.419,57,55419,Bach/Fugue/bwv_846/Shi05M.mid,Bach,Fugue_bwv_846,Bach/Fugue/bwv_846
C:\Users\eagle\MARG_research\third_party\PianistTransformer\data\midis\asap-dataset-master\Bach\Fugue\bwv_846\Shi05M.mid,asap_metadata_performance,raw_normalized,55.439,53,55439,Bach/Fugue/bwv_846/Shi05M.mid,Bach,Fugue_bwv_846,Bach/Fugue/bwv_846
C:\Users\eagle\MARG_research\third_party\PianistTransformer\data\midis\asap-dataset-master\Bach\Fugue\bwv_846\Shi05M.mid,asap_metadata_performance,raw_normalized,55.46,46,55460,Bach/Fugue/bwv_846/Shi05M.mid,Bach,Fugue_bwv_846,Bach/Fugue/bwv_846
C:\Users\eagle\MARG_research\third_party\PianistTransformer\data\midis\asap-dataset-master\Bach\Fugue\bwv_846\Shi05M.mid,asap_metadata_performance,raw_normalized,55.479,0,55479,Bach/Fugue/bwv_846/Shi05M.mid,Bach,Fugue_bwv_846,Bach/Fugue/bwv_846
C:\Users\eagle\MARG_research\third_party\PianistTransformer\data\midis\asap-dataset-master\Bach\Fugue\bwv_846\Shi05M.mid,asap_metadata_performance,raw_normalized,56.034,39,56034,Bach/Fugue/bwv_846/Shi05M.mid,Bach,Fugue_bwv_846,Bach/Fugue/bwv_846
C:\Users\eagle\MARG_research\third_party\PianistTransformer\data\midis\asap-dataset-master\Bach\Fugue\bwv_846\Shi05M.mid,asap_metadata_performance,raw_normalized,56.053,54,56053,Bach/Fugue/bwv_846/Shi05M.mid,Bach,Fugue_bwv_846,Bach/Fugue/bwv_846
C:\Users\eagle\MARG_research\third_party\PianistTransformer\data\midis\asap-dataset-master\Bach\Fugue\bwv_846\Shi05M.mid,asap_metadata_performance,raw_normalized,56.073,62,56073,Bach/Fugue/bwv_846/Shi05M.mid,Bach,Fugue_bwv_846,Bach/Fugue/bwv_846
C:\Users\eagle\MARG_research\third_party\PianistTransformer\data\midis\asap-dataset-master\Bach\Fugue\bwv_846\Shi05M.mid,asap_metadata_performance,raw_normalized,56.094,67,56094,Bach/Fugue/bwv_846/Shi05M.mid,Bach,Fugue_bwv_846,Bach/Fugue/bwv_846
C:\Users\eagle\MARG_research\third_party\PianistTransformer\data\midis\asap-dataset-master\Bach\Fugue\bwv_846\Shi05M.mid,asap_metadata_performance,raw_normalized,56.113,73,56113,Bach/Fugue/bwv_846/Shi05M.mid,Bach,Fugue_bwv_846,Bach/Fugue/bwv_846
C:\Users\eagle\MARG_research\third_party\PianistTransformer\data\midis\asap-dataset-master\Bach\Fugue\bwv_846\Shi05M.mid,asap_metadata_performance,raw_normalized,56.133,82,56133,Bach/Fugue/bwv_846/Shi05M.mid,Bach,Fugue_bwv_846,Bach/Fugue/bwv_846
C:\Users\eagle\MARG_research\third_party\PianistTransformer\data\midis\asap-dataset-master\Bach\Fugue\bwv_846\Shi05M.mid,asap_metadata_performance,raw_normalized,56.152,90,56152,Bach/Fugue/bwv_846/Shi05M.mid,Bach,Fugue_bwv_846,Bach/Fugue/bwv_846
C:\Users\eagle\MARG_research\third_party\PianistTransformer\data\midis\asap-dataset-master\Bach\Fugue\bwv_846\Shi05M.mid,asap_metadata_performance,raw_normalized,56.172,95,56172,Bach/Fugue/bwv_846/Shi05M.mid,Bach,Fugue_bwv_846,Bach/Fugue/bwv_846
C:\Users\eagle\MARG_research\third_party\PianistTransformer\data\midis\asap-dataset-master\Bach\Fugue\bwv_846\Shi05M.mid,asap_metadata_performance,raw_normalized,56.193,98,56193,Bach/Fugue/bwv_846/Shi05M.mid,Bach,Fugue_bwv_846,Bach/Fugue/bwv_846
C:\Users\eagle\MARG_research\third_party\PianistTransformer\data\midis\asap-dataset-master\Bach\Fugue\bwv_846\Shi05M.mid,asap_metadata_performance,raw_normalized,56.38,93,56380,Bach/Fugue/bwv_846/Shi05M.mid,Bach,Fugue_bwv_846,Bach/Fugue/bwv_846
C:\Users\eagle\MARG_research\third_party\PianistTransformer\data\midis\asap-dataset-master\Bach\Fugue\bwv_846\Shi05M.mid,asap_metadata_performance,raw_normalized,56.4,90,56400,Bach/Fugue/bwv_846/Shi05M.mid,Bach,Fugue_bwv_846,Bach/Fugue/bwv_846
C:\Users\eagle\MARG_research\third_party\PianistTransformer\data\midis\asap-dataset-master\Bach\Fugue\bwv_846\Shi05M.mid,asap_metadata_performance,raw_normalized,56.419,84,56419,Bach/Fugue/bwv_846/Shi05M.mid,Bach,Fugue_bwv_846,Bach/Fugue/bwv_846
C:\Users\eagle\MARG_research\third_party\PianistTransformer\data\midis\asap-dataset-master\Bach\Fugue\bwv_846\Shi05M.mid,asap_metadata_performance,raw_normalized,56.439,75,56439,Bach/Fugue/bwv_846/Shi05M.mid,Bach,Fugue_bwv_846,Bach/Fugue/bwv_846
C:\Users\eagle\MARG_research\third_party\PianistTransformer\data\midis\asap-dataset-master\Bach\Fugue\bwv_846\Shi05M.mid,asap_metadata_performance,raw_normalized,56.46,64,56460,Bach/Fugue/bwv_846/Shi05M.mid,Bach,Fugue_bwv_846,Bach/Fugue/bwv_846
C:\Users\eagle\MARG_research\third_party\PianistTransformer\data\midis\asap-dataset-master\Bach\Fugue\bwv_846\Shi05M.mid,asap_metadata_performance,raw_normalized,56.479,44,56479,Bach/Fugue/bwv_846/Shi05M.mid,Bach,Fugue_bwv_846,Bach/Fugue/bwv_846
C:\Users\eagle\MARG_research\third_party\PianistTransformer\data\midis\asap-dataset-master\Bach\Fugue\bwv_846\Shi05M.mid,asap_metadata_performance,raw_normalized,56.497,0,56497,Bach/Fugue/bwv_846/Shi05M.mid,Bach,Fugue_bwv_846,Bach/Fugue/bwv_846
C:\Users\eagle\MARG_research\third_party\PianistTransformer\data\midis\asap-dataset-master\Bach\Fugue\bwv_846\Shi05M.mid,asap_metadata_performance,raw_normalized,56.698,49,56698,Bach/Fugue/bwv_846/Shi05M.mid,Bach,Fugue_bwv_846,Bach/Fugue/bwv_846
C:\Users\eagle\MARG_research\third_party\PianistTransformer\data\midis\asap-dataset-master\Bach\Fugue\bwv_846\Shi05M.mid,asap_metadata_performance,raw_normalized,56.717,61,56717,Bach/Fugue/bwv_846/Shi05M.mid,Bach,Fugue_bwv_846,Bach/Fugue/bwv_846
C:\Users\eagle\MARG_research\third_party\PianistTransformer\data\midis\asap-dataset-master\Bach\Fugue\bwv_846\Shi05M.mid,asap_metadata_performance,raw_normalized,56.737,67,56737,Bach/Fugue/bwv_846/Shi05M.mid,Bach,Fugue_bwv_846,Bach/Fugue/bwv_846
C:\Users\eagle\MARG_research\third_party\PianistTransformer\data\midis\asap-dataset-master\Bach\Fugue\bwv_846\Shi05M.mid,asap_metadata_performance,raw_normalized,56.757,72,56757,Bach/Fugue/bwv_846/Shi05M.mid,Bach,Fugue_bwv_846,Bach/Fugue/bwv_846
C:\Users\eagle\MARG_research\third_party\PianistTransformer\data\midis\asap-dataset-master\Bach\Fugue\bwv_846\Shi05M.mid,asap_metadata_performance,raw_normalized,56.777,78,56777,Bach/Fugue/bwv_846/Shi05M.mid,Bach,Fugue_bwv_846,Bach/Fugue/bwv_846
C:\Users\eagle\MARG_research\third_party\PianistTransformer\data\midis\asap-dataset-master\Bach\Fugue\bwv_846\Shi05M.mid,asap_metadata_performance,raw_normalized,56.796,85,56796,Bach/Fugue/bwv_846/Shi05M.mid,Bach,Fugue_bwv_846,Bach/Fugue/bwv_846
C:\Users\eagle\MARG_research\third_party\PianistTransformer\data\midis\asap-dataset-master\Bach\Fugue\bwv_846\Shi05M.mid,asap_metadata_performance,raw_normalized,56.816,91,56816,Bach/Fugue/bwv_846/Shi05M.mid,Bach,Fugue_bwv_846,Bach/Fugue/bwv_846
C:\Users\eagle\MARG_research\third_party\PianistTransformer\data\midis\asap-dataset-master\Bach\Fugue\bwv_846\Shi05M.mid,asap_metadata_performance,raw_normalized,56.836,93,56836,Bach/Fugue/bwv_846/Shi05M.mid,Bach,Fugue_bwv_846,Bach/Fugue/bwv_846
C:\Users\eagle\MARG_research\third_party\PianistTransformer\data\midis\asap-dataset-master\Bach\Fugue\bwv_846\Shi05M.mid,asap_metadata_performance,raw_normalized,56.855,93,56855,Bach/Fugue/bwv_846/Shi05M.mid,Bach,Fugue_bwv_846,Bach/Fugue/bwv_846
C:\Users\eagle\MARG_research\third_party\PianistTransformer\data\midis\asap-dataset-master\Bach\Fugue\bwv_846\Shi05M.mid,asap_metadata_performance,raw_normalized,56.993,93,56993,Bach/Fugue/bwv_846/Shi05M.mid,Bach,Fugue_bwv_846,Bach/Fugue/bwv_846
C:\Users\eagle\MARG_research\third_party\PianistTransformer\data\midis\asap-dataset-master\Bach\Fugue\bwv_846\Shi05M.mid,asap_metadata_performance,raw_normalized,57.013,92,57013,Bach/Fugue/bwv_846/Shi05M.mid,Bach,Fugue_bwv_846,Bach/Fugue/bwv_846
C:\Users\eagle\MARG_research\third_party\PianistTransformer\data\midis\asap-dataset-master\Bach\Fugue\bwv_846\Shi05M.mid,asap_metadata_performance,raw_normalized,57.034,91,57034,Bach/Fugue/bwv_846/Shi05M.mid,Bach,Fugue_bwv_846,Bach/Fugue/bwv_846
C:\Users\eagle\MARG_research\third_party\PianistTransformer\data\midis\asap-dataset-master\Bach\Fugue\bwv_846\Shi05M.mid,asap_metadata_performance,raw_normalized,57.052,88,57052,Bach/Fugue/bwv_846/Shi05M.mid,Bach,Fugue_bwv_846,Bach/Fugue/bwv_846
C:\Users\eagle\MARG_research\third_party\PianistTransformer\data\midis\asap-dataset-master\Bach\Fugue\bwv_846\Shi05M.mid,asap_metadata_performance,raw_normalized,57.073,84,57073,Bach/Fugue/bwv_846/Shi05M.mid,Bach,Fugue_bwv_846,Bach/Fugue/bwv_846
C:\Users\eagle\MARG_research\third_party\PianistTransformer\data\midis\asap-dataset-master\Bach\Fugue\bwv_846\Shi05M.mid,asap_metadata_performance,raw_normalized,57.092,78,57092,Bach/Fugue/bwv_846/Shi05M.mid,Bach,Fugue_bwv_846,Bach/Fugue/bwv_846
C:\Users\eagle\MARG_research\third_party\PianistTransformer\data\midis\asap-dataset-master\Bach\Fugue\bwv_846\Shi05M.mid,asap_metadata_performance,raw_normalized,57.112,70,57112,Bach/Fugue/bwv_846/Shi05M.mid,Bach,Fugue_bwv_846,Bach/Fugue/bwv_846
C:\Users\eagle\MARG_research\third_party\PianistTransformer\data\midis\asap-dataset-master\Bach\Fugue\bwv_846\Shi05M.mid,asap_metadata_performance,raw_normalized,57.133,60,57133,Bach/Fugue/bwv_846/Shi05M.mid,Bach,Fugue_bwv_846,Bach/Fugue/bwv_846
C:\Users\eagle\MARG_research\third_party\PianistTransformer\data\midis\asap-dataset-master\Bach\Fugue\bwv_846\Shi05M.mid,asap_metadata_performance,raw_normalized,57.152,38,57152,Bach/Fugue/bwv_846/Shi05M.mid,Bach,Fugue_bwv_846,Bach/Fugue/bwv_846
C:\Users\eagle\MARG_research\third_party\PianistTransformer\data\midis\asap-dataset-master\Bach\Fugue\bwv_846\Shi05M.mid,asap_metadata_performance,raw_normalized,57.172,0,57172,Bach/Fugue/bwv_846/Shi05M.mid,Bach,Fugue_bwv_846,Bach/Fugue/bwv_846
C:\Users\eagle\MARG_research\third_party\PianistTransformer\data\midis\asap-dataset-master\Bach\Fugue\bwv_846\Shi05M.mid,asap_metadata_performance,raw_normalized,57.359,42,57359,Bach/Fugue/bwv_846/Shi05M.mid,Bach,Fugue_bwv_846,Bach/Fugue/bwv_846
C:\Users\eagle\MARG_research\third_party\PianistTransformer\data\midis\asap-dataset-master\Bach\Fugue\bwv_846\Shi05M.mid,asap_metadata_performance,raw_normalized,57.379,57,57379,Bach/Fugue/bwv_846/Shi05M.mid,Bach,Fugue_bwv_846,Bach/Fugue/bwv_846
C:\Users\eagle\MARG_research\third_party\PianistTransformer\data\midis\asap-dataset-master\Bach\Fugue\bwv_846\Shi05M.mid,asap_metadata_performance,raw_normalized,57.4,63,57400,Bach/Fugue/bwv_846/Shi05M.mid,Bach,Fugue_bwv_846,Bach/Fugue/bwv_846
C:\Users\eagle\MARG_research\third_party\PianistTransformer\data\midis\asap-dataset-master\Bach\Fugue\bwv_846\Shi05M.mid,asap_metadata_performance,raw_normalized,57.419,67,57419,Bach/Fugue/bwv_846/Shi05M.mid,Bach,Fugue_bwv_846,Bach/Fugue/bwv_846
C:\Users\eagle\MARG_research\third_party\PianistTransformer\data\midis\asap-dataset-master\Bach\Fugue\bwv_846\Shi05M.mid,asap_metadata_performance,raw_normalized,57.439,70,57439,Bach/Fugue/bwv_846/Shi05M.mid,Bach,Fugue_bwv_846,Bach/Fugue/bwv_846
C:\Users\eagle\MARG_research\third_party\PianistTransformer\data\midis\asap-dataset-master\Bach\Fugue\bwv_846\Shi05M.mid,asap_metadata_performance,raw_normalized,57.458,74,57458,Bach/Fugue/bwv_846/Shi05M.mid,Bach,Fugue_bwv_846,Bach/Fugue/bwv_846
C:\Users\eagle\MARG_research\third_party\PianistTransformer\data\midis\asap-dataset-master\Bach\Fugue\bwv_846\Shi05M.mid,asap_metadata_performance,raw_normalized,57.478,77,57478,Bach/Fugue/bwv_846/Shi05M.mid,Bach,Fugue_bwv_846,Bach/Fugue/bwv_846
C:\Users\eagle\MARG_research\third_party\PianistTransformer\data\midis\asap-dataset-master\Bach\Fugue\bwv_846\Shi05M.mid,asap_metadata_performance,raw_normalized,57.499,79,57499,Bach/Fugue/bwv_846/Shi05M.mid,Bach,Fugue_bwv_846,Bach/Fugue/bwv_846
C:\Users\eagle\MARG_research\third_party\PianistTransformer\data\midis\asap-dataset-master\Bach\Fugue\bwv_846\Shi05M.mid,asap_metadata_performance,raw_normalized,57.518,80,57518,Bach/Fugue/bwv_846/Shi05M.mid,Bach,Fugue_bwv_846,Bach/Fugue/bwv_846
C:\Users\eagle\MARG_research\third_party\PianistTransformer\data\midis\asap-dataset-master\Bach\Fugue\bwv_846\Shi05M.mid,asap_metadata_performance,raw_normalized,57.538,81,57538,Bach/Fugue/bwv_846/Shi05M.mid,Bach,Fugue_bwv_846,Bach/Fugue/bwv_846
C:\Users\eagle\MARG_research\third_party\PianistTransformer\data\midis\asap-dataset-master\Bach\Fugue\bwv_846\Shi05M.mid,asap_metadata_performance,raw_normalized,57.637,79,57637,Bach/Fugue/bwv_846/Shi05M.mid,Bach,Fugue_bwv_846,Bach/Fugue/bwv_846
C:\Users\eagle\MARG_research\third_party\PianistTransformer\data\midis\asap-dataset-master\Bach\Fugue\bwv_846\Shi05M.mid,asap_metadata_performance,raw_normalized,57.658,75,57658,Bach/Fugue/bwv_846/Shi05M.mid,Bach,Fugue_bwv_846,Bach/Fugue/bwv_846
C:\Users\eagle\MARG_research\third_party\PianistTransformer\data\midis\asap-dataset-master\Bach\Fugue\bwv_846\Shi05M.mid,asap_metadata_performance,raw_normalized,57.677,65,57677,Bach/Fugue/bwv_846/Shi05M.mid,Bach,Fugue_bwv_846,Bach/Fugue/bwv_846
C:\Users\eagle\MARG_research\third_party\PianistTransformer\data\midis\asap-dataset-master\Bach\Fugue\bwv_846\Shi05M.mid,asap_metadata_performance,raw_normalized,57.698,54,57698,Bach/Fugue/bwv_846/Shi05M.mid,Bach,Fugue_bwv_846,Bach/Fugue/bwv_846
C:\Users\eagle\MARG_research\third_party\PianistTransformer\data\midis\asap-dataset-master\Bach\Fugue\bwv_846\Shi05M.mid,asap_metadata_performance,raw_normalized,57.717,45,57717,Bach/Fugue/bwv_846/Shi05M.mid,Bach,Fugue_bwv_846,Bach/Fugue/bwv_846
C:\Users\eagle\MARG_research\third_party\PianistTransformer\data\midis\asap-dataset-master\Bach\Fugue\bwv_846\Shi05M.mid,asap_metadata_performance,raw_normalized,57.737,52,57737,Bach/Fugue/bwv_846/Shi05M.mid,Bach,Fugue_bwv_846,Bach/Fugue/bwv_846
C:\Users\eagle\MARG_research\third_party\PianistTransformer\data\midis\asap-dataset-master\Bach\Fugue\bwv_846\Shi05M.mid,asap_metadata_performance,raw_normalized,57.758,62,57758,Bach/Fugue/bwv_846/Shi05M.mid,Bach,Fugue_bwv_846,Bach/Fugue/bwv_846
C:\Users\eagle\MARG_research\third_party\PianistTransformer\data\midis\asap-dataset-master\Bach\Fugue\bwv_846\Shi05M.mid,asap_metadata_performance,raw_normalized,57.777,68,57777,Bach/Fugue/bwv_846/Shi05M.mid,Bach,Fugue_bwv_846,Bach/Fugue/bwv_846
C:\Users\eagle\MARG_research\third_party\PianistTransformer\data\midis\asap-dataset-master\Bach\Fugue\bwv_846\Shi05M.mid,asap_metadata_performance,raw_normalized,57.796,74,57796,Bach/Fugue/bwv_846/Shi05M.mid,Bach,Fugue_bwv_846,Bach/Fugue/bwv_846
C:\Users\eagle\MARG_research\third_party\PianistTransformer\data\midis\asap-dataset-master\Bach\Fugue\bwv_846\Shi05M.mid,asap_metadata_performance,raw_normalized,57.816,79,57816,Bach/Fugue/bwv_846/Shi05M.mid,Bach,Fugue_bwv_846,Bach/Fugue/bwv_846
C:\Users\eagle\MARG_research\third_party\PianistTransformer\data\midis\asap-dataset-master\Bach\Fugue\bwv_846\Shi05M.mid,asap_metadata_performance,raw_normalized,57.836,81,57836,Bach/Fugue/bwv_846/Shi05M.mid,Bach,Fugue_bwv_846,Bach/Fugue/bwv_846
C:\Users\eagle\MARG_research\third_party\PianistTransformer\data\midis\asap-dataset-master\Bach\Fugue\bwv_846\Shi05M.mid,asap_metadata_performance,raw_normalized,57.857,83,57857,Bach/Fugue/bwv_846/Shi05M.mid,Bach,Fugue_bwv_846,Bach/Fugue/bwv_846
C:\Users\eagle\MARG_research\third_party\PianistTransformer\data\midis\asap-dataset-master\Bach\Fugue\bwv_846\Shi05M.mid,asap_metadata_performance,raw_normalized,58.034,82,58034,Bach/Fugue/bwv_846/Shi05M.mid,Bach,Fugue_bwv_846,Bach/Fugue/bwv_846
C:\Users\eagle\MARG_research\third_party\PianistTransformer\data\midis\asap-dataset-master\Bach\Fugue\bwv_846\Shi05M.mid,asap_metadata_performance,raw_normalized,58.073,82,58073,Bach/Fugue/bwv_846/Shi05M.mid,Bach,Fugue_bwv_846,Bach/Fugue/bwv_846
C:\Users\eagle\MARG_research\third_party\PianistTransformer\data\midis\asap-dataset-master\Bach\Fugue\bwv_846\Shi05M.mid,asap_metadata_performance,raw_normalized,58.168,81,58168,Bach/Fugue/bwv_846/Shi05M.mid,Bach,Fugue_bwv_846,Bach/Fugue/bwv_846
C:\Users\eagle\MARG_research\third_party\PianistTransformer\data\midis\asap-dataset-master\Bach\Fugue\bwv_846\Shi05M.mid,asap_metadata_performance,raw_normalized,58.208,80,58208,Bach/Fugue/bwv_846/Shi05M.mid,Bach,Fugue_bwv_846,Bach/Fugue/bwv_846
C:\Users\eagle\MARG_research\third_party\PianistTransformer\data\midis\asap-dataset-master\Bach\Fugue\bwv_846\Shi05M.mid,asap_metadata_performance,raw_normalized,58.229,77,58229,Bach/Fugue/bwv_846/Shi05M.mid,Bach,Fugue_bwv_846,Bach/Fugue/bwv_846
C:\Users\eagle\MARG_research\third_party\PianistTransformer\data\midis\asap-dataset-master\Bach\Fugue\bwv_846\Shi05M.mid,asap_metadata_performance,raw_normalized,58.249,72,58249,Bach/Fugue/bwv_846/Shi05M.mid,Bach,Fugue_bwv_846,Bach/Fugue/bwv_846
C:\Users\eagle\MARG_research\third_party\PianistTransformer\data\midis\asap-dataset-master\Bach\Fugue\bwv_846\Shi05M.mid,asap_metadata_performance,raw_normalized,58.277,66,58277,Bach/Fugue/bwv_846/Shi05M.mid,Bach,Fugue_bwv_846,Bach/Fugue/bwv_846
C:\Users\eagle\MARG_research\third_party\PianistTransformer\data\midis\asap-dataset-master\Bach\Fugue\bwv_846\Shi05M.mid,asap_metadata_performance,raw_normalized,58.298,56,58298,Bach/Fugue/bwv_846/Shi05M.mid,Bach,Fugue_bwv_846,Bach/Fugue/bwv_846
C:\Users\eagle\MARG_research\third_party\PianistTransformer\data\midis\asap-dataset-master\Bach\Fugue\bwv_846\Shi05M.mid,asap_metadata_performance,raw_normalized,58.318,42,58318,Bach/Fugue/bwv_846/Shi05M.mid,Bach,Fugue_bwv_846,Bach/Fugue/bwv_846
C:\Users\eagle\MARG_research\third_party\PianistTransformer\data\midis\asap-dataset-master\Bach\Fugue\bwv_846\Shi05M.mid,asap_metadata_performance,raw_normalized,58.337,0,58337,Bach/Fugue/bwv_846/Shi05M.mid,Bach,Fugue_bwv_846,Bach/Fugue/bwv_846
C:\Users\eagle\MARG_research\third_party\PianistTransformer\data\midis\asap-dataset-master\Bach\Fugue\bwv_846\Shi05M.mid,asap_metadata_performance,raw_normalized,58.436,37,58436,Bach/Fugue/bwv_846/Shi05M.mid,Bach,Fugue_bwv_846,Bach/Fugue/bwv_846
C:\Users\eagle\MARG_research\third_party\PianistTransformer\data\midis\asap-dataset-master\Bach\Fugue\bwv_846\Shi05M.mid,asap_metadata_performance,raw_normalized,58.456,53,58456,Bach/Fugue/bwv_846/Shi05M.mid,Bach,Fugue_bwv_846,Bach/Fugue/bwv_846
C:\Users\eagle\MARG_research\third_party\PianistTransformer\data\midis\asap-dataset-master\Bach\Fugue\bwv_846\Shi05M.mid,asap_metadata_performance,raw_normalized,58.475,63,58475,Bach/Fugue/bwv_846/Shi05M.mid,Bach,Fugue_bwv_846,Bach/Fugue/bwv_846
C:\Users\eagle\MARG_research\third_party\PianistTransformer\data\midis\asap-dataset-master\Bach\Fugue\bwv_846\Shi05M.mid,asap_metadata_performance,raw_normalized,58.496,66,58496,Bach/Fugue/bwv_846/Shi05M.mid,Bach,Fugue_bwv_846,Bach/Fugue/bwv_846
C:\Users\eagle\MARG_research\third_party\PianistTransformer\data\midis\asap-dataset-master\Bach\Fugue\bwv_846\Shi05M.mid,asap_metadata_performance,raw_normalized,58.516,69,58516,Bach/Fugue/bwv_846/Shi05M.mid,Bach,Fugue_bwv_846,Bach/Fugue/bwv_846
C:\Users\eagle\MARG_research\third_party\PianistTransformer\data\midis\asap-dataset-master\Bach\Fugue\bwv_846\Shi05M.mid,asap_metadata_performance,raw_normalized,58.534,75,58534,Bach/Fugue/bwv_846/Shi05M.mid,Bach,Fugue_bwv_846,Bach/Fugue/bwv_846
C:\Users\eagle\MARG_research\third_party\PianistTransformer\data\midis\asap-dataset-master\Bach\Fugue\bwv_846\Shi05M.mid,asap_metadata_performance,raw_normalized,58.555,82,58555,Bach/Fugue/bwv_846/Shi05M.mid,Bach,Fugue_bwv_846,Bach/Fugue/bwv_846
C:\Users\eagle\MARG_research\third_party\PianistTransformer\data\midis\asap-dataset-master\Bach\Fugue\bwv_846\Shi05M.mid,asap_metadata_performance,raw_normalized,58.574,89,58574,Bach/Fugue/bwv_846/Shi05M.mid,Bach,Fugue_bwv_846,Bach/Fugue/bwv_846
C:\Users\eagle\MARG_research\third_party\PianistTransformer\data\midis\asap-dataset-master\Bach\Fugue\bwv_846\Shi05M.mid,asap_metadata_performance,raw_normalized,58.595,94,58595,Bach/Fugue/bwv_846/Shi05M.mid,Bach,Fugue_bwv_846,Bach/Fugue/bwv_846
C:\Users\eagle\MARG_research\third_party\PianistTransformer\data\midis\asap-dataset-master\Bach\Fugue\bwv_846\Shi05M.mid,asap_metadata_performance,raw_normalized,58.615,98,58615,Bach/Fugue/bwv_846/Shi05M.mid,Bach,Fugue_bwv_846,Bach/Fugue/bwv_846
C:\Users\eagle\MARG_research\third_party\PianistTransformer\data\midis\asap-dataset-master\Bach\Fugue\bwv_846\Shi05M.mid,asap_metadata_performance,raw_normalized,58.634,102,58634,Bach/Fugue/bwv_846/Shi05M.mid,Bach,Fugue_bwv_846,Bach/Fugue/bwv_846
C:\Users\eagle\MARG_research\third_party\PianistTransformer\data\midis\asap-dataset-master\Bach\Fugue\bwv_846\Shi05M.mid,asap_metadata_performance,raw_normalized,58.655,105,58655,Bach/Fugue/bwv_846/Shi05M.mid,Bach,Fugue_bwv_846,Bach/Fugue/bwv_846
C:\Users\eagle\MARG_research\third_party\PianistTransformer\data\midis\asap-dataset-master\Bach\Fugue\bwv_846\Shi05M.mid,asap_metadata_performance,raw_normalized,58.674,108,58674,Bach/Fugue/bwv_846/Shi05M.mid,Bach,Fugue_bwv_846,Bach/Fugue/bwv_846
C:\Users\eagle\MARG_research\third_party\PianistTransformer\data\midis\asap-dataset-master\Bach\Fugue\bwv_846\Shi05M.mid,asap_metadata_performance,raw_normalized,58.874,102,58874,Bach/Fugue/bwv_846/Shi05M.mid,Bach,Fugue_bwv_846,Bach/Fugue/bwv_846
C:\Users\eagle\MARG_research\third_party\PianistTransformer\data\midis\asap-dataset-master\Bach\Fugue\bwv_846\Shi05M.mid,asap_metadata_performance,raw_normalized,58.892,95,58892,Bach/Fugue/bwv_846/Shi05M.mid,Bach,Fugue_bwv_846,Bach/Fugue/bwv_846
C:\Users\eagle\MARG_research\third_party\PianistTransformer\data\midis\asap-dataset-master\Bach\Fugue\bwv_846\Shi05M.mid,asap_metadata_performance,raw_normalized,58.913,86,58913,Bach/Fugue/bwv_846/Shi05M.mid,Bach,Fugue_bwv_846,Bach/Fugue/bwv_846
C:\Users\eagle\MARG_research\third_party\PianistTransformer\data\midis\asap-dataset-master\Bach\Fugue\bwv_846\Shi05M.mid,asap_metadata_performance,raw_normalized,58.932,78,58932,Bach/Fugue/bwv_846/Shi05M.mid,Bach,Fugue_bwv_846,Bach/Fugue/bwv_846
C:\Users\eagle\MARG_research\third_party\PianistTransformer\data\midis\asap-dataset-master\Bach\Fugue\bwv_846\Shi05M.mid,asap_metadata_performance,raw_normalized,58.952,69,58952,Bach/Fugue/bwv_846/Shi05M.mid,Bach,Fugue_bwv_846,Bach/Fugue/bwv_846
C:\Users\eagle\MARG_research\third_party\PianistTransformer\data\midis\asap-dataset-master\Bach\Fugue\bwv_846\Shi05M.mid,asap_metadata_performance,raw_normalized,58.973,59,58973,Bach/Fugue/bwv_846/Shi05M.mid,Bach,Fugue_bwv_846,Bach/Fugue/bwv_846
C:\Users\eagle\MARG_research\third_party\PianistTransformer\data\midis\asap-dataset-master\Bach\Fugue\bwv_846\Shi05M.mid,asap_metadata_performance,raw_normalized,58.992,42,58992,Bach/Fugue/bwv_846/Shi05M.mid,Bach,Fugue_bwv_846,Bach/Fugue/bwv_846
C:\Users\eagle\MARG_research\third_party\PianistTransformer\data\midis\asap-dataset-master\Bach\Fugue\bwv_846\Shi05M.mid,asap_metadata_performance,raw_normalized,59.013,0,59013,Bach/Fugue/bwv_846/Shi05M.mid,Bach,Fugue_bwv_846,Bach/Fugue/bwv_846
C:\Users\eagle\MARG_research\third_party\PianistTransformer\data\midis\asap-dataset-master\Bach\Fugue\bwv_846\Shi05M.mid,asap_metadata_performance,raw_normalized,59.073,31,59073,Bach/Fugue/bwv_846/Shi05M.mid,Bach,Fugue_bwv_846,Bach/Fugue/bwv_846
C:\Users\eagle\MARG_research\third_party\PianistTransformer\data\midis\asap-dataset-master\Bach\Fugue\bwv_846\Shi05M.mid,asap_metadata_performance,raw_normalized,59.092,49,59092,Bach/Fugue/bwv_846/Shi05M.mid,Bach,Fugue_bwv_846,Bach/Fugue/bwv_846
C:\Users\eagle\MARG_research\third_party\PianistTransformer\data\midis\asap-dataset-master\Bach\Fugue\bwv_846\Shi05M.mid,asap_metadata_performance,raw_normalized,59.111,62,59111,Bach/Fugue/bwv_846/Shi05M.mid,Bach,Fugue_bwv_846,Bach/Fugue/bwv_846
C:\Users\eagle\MARG_research\third_party\PianistTransformer\data\midis\asap-dataset-master\Bach\Fugue\bwv_846\Shi05M.mid,asap_metadata_performance,raw_normalized,59.132,68,59132,Bach/Fugue/bwv_846/Shi05M.mid,Bach,Fugue_bwv_846,Bach/Fugue/bwv_846
C:\Users\eagle\MARG_research\third_party\PianistTransformer\data\midis\asap-dataset-master\Bach\Fugue\bwv_846\Shi05M.mid,asap_metadata_performance,raw_normalized,59.151,74,59151,Bach/Fugue/bwv_846/Shi05M.mid,Bach,Fugue_bwv_846,Bach/Fugue/bwv_846
C:\Users\eagle\MARG_research\third_party\PianistTransformer\data\midis\asap-dataset-master\Bach\Fugue\bwv_846\Shi05M.mid,asap_metadata_performance,raw_normalized,59.172,81,59172,Bach/Fugue/bwv_846/Shi05M.mid,Bach,Fugue_bwv_846,Bach/Fugue/bwv_846
C:\Users\eagle\MARG_research\third_party\PianistTransformer\data\midis\asap-dataset-master\Bach\Fugue\bwv_846\Shi05M.mid,asap_metadata_performance,raw_normalized,59.191,91,59191,Bach/Fugue/bwv_846/Shi05M.mid,Bach,Fugue_bwv_846,Bach/Fugue/bwv_846
C:\Users\eagle\MARG_research\third_party\PianistTransformer\data\midis\asap-dataset-master\Bach\Fugue\bwv_846\Shi05M.mid,asap_metadata_performance,raw_normalized,59.211,101,59211,Bach/Fugue/bwv_846/Shi05M.mid,Bach,Fugue_bwv_846,Bach/Fugue/bwv_846
C:\Users\eagle\MARG_research\third_party\PianistTransformer\data\midis\asap-dataset-master\Bach\Fugue\bwv_846\Shi05M.mid,asap_metadata_performance,raw_normalized,59.232,114,59232,Bach/Fugue/bwv_846/Shi05M.mid,Bach,Fugue_bwv_846,Bach/Fugue/bwv_846
C:\Users\eagle\MARG_research\third_party\PianistTransformer\data\midis\asap-dataset-master\Bach\Fugue\bwv_846\Shi05M.mid,asap_metadata_performance,raw_normalized,59.259,127,59259,Bach/Fugue/bwv_846/Shi05M.mid,Bach,Fugue_bwv_846,Bach/Fugue/bwv_846
C:\Users\eagle\MARG_research\third_party\PianistTransformer\data\midis\asap-dataset-master\Bach\Fugue\bwv_846\Shi05M.mid,asap_metadata_performance,raw_normalized,59.479,117,59479,Bach/Fugue/bwv_846/Shi05M.mid,Bach,Fugue_bwv_846,Bach/Fugue/bwv_846
C:\Users\eagle\MARG_research\third_party\PianistTransformer\data\midis\asap-dataset-master\Bach\Fugue\bwv_846\Shi05M.mid,asap_metadata_performance,raw_normalized,59.499,98,59499,Bach/Fugue/bwv_846/Shi05M.mid,Bach,Fugue_bwv_846,Bach/Fugue/bwv_846
C:\Users\eagle\MARG_research\third_party\PianistTransformer\data\midis\asap-dataset-master\Bach\Fugue\bwv_846\Shi05M.mid,asap_metadata_performance,raw_normalized,59.517,84,59517,Bach/Fugue/bwv_846/Shi05M.mid,Bach,Fugue_bwv_846,Bach/Fugue/bwv_846
C:\Users\eagle\MARG_research\third_party\PianistTransformer\data\midis\asap-dataset-master\Bach\Fugue\bwv_846\Shi05M.mid,asap_metadata_performance,raw_normalized,59.538,69,59538,Bach/Fugue/bwv_846/Shi05M.mid,Bach,Fugue_bwv_846,Bach/Fugue/bwv_846
C:\Users\eagle\MARG_research\third_party\PianistTransformer\data\midis\asap-dataset-master\Bach\Fugue\bwv_846\Shi05M.mid,asap_metadata_performance,raw_normalized,59.557,57,59557,Bach/Fugue/bwv_846/Shi05M.mid,Bach,Fugue_bwv_846,Bach/Fugue/bwv_846
C:\Users\eagle\MARG_research\third_party\PianistTransformer\data\midis\asap-dataset-master\Bach\Fugue\bwv_846\Shi05M.mid,asap_metadata_performance,raw_normalized,59.577,36,59577,Bach/Fugue/bwv_846/Shi05M.mid,Bach,Fugue_bwv_846,Bach/Fugue/bwv_846
C:\Users\eagle\MARG_research\third_party\PianistTransformer\data\midis\asap-dataset-master\Bach\Fugue\bwv_846\Shi05M.mid,asap_metadata_performance,raw_normalized,59.596,0,59596,Bach/Fugue/bwv_846/Shi05M.mid,Bach,Fugue_bwv_846,Bach/Fugue/bwv_846
C:\Users\eagle\MARG_research\third_party\PianistTransformer\data\midis\asap-dataset-master\Bach\Fugue\bwv_846\Shi05M.mid,asap_metadata_performance,raw_normalized,59.676,37,59676,Bach/Fugue/bwv_846/Shi05M.mid,Bach,Fugue_bwv_846,Bach/Fugue/bwv_846
C:\Users\eagle\MARG_research\third_party\PianistTransformer\data\midis\asap-dataset-master\Bach\Fugue\bwv_846\Shi05M.mid,asap_metadata_performance,raw_normalized,59.695,54,59695,Bach/Fugue/bwv_846/Shi05M.mid,Bach,Fugue_bwv_846,Bach/Fugue/bwv_846
C:\Users\eagle\MARG_research\third_party\PianistTransformer\data\midis\asap-dataset-master\Bach\Fugue\bwv_846\Shi05M.mid,asap_metadata_performance,raw_normalized,59.715,66,59715,Bach/Fugue/bwv_846/Shi05M.mid,Bach,Fugue_bwv_846,Bach/Fugue/bwv_846
C:\Users\eagle\MARG_research\third_party\PianistTransformer\data\midis\asap-dataset-master\Bach\Fugue\bwv_846\Shi05M.mid,asap_metadata_performance,raw_normalized,59.734,72,59734,Bach/Fugue/bwv_846/Shi05M.mid,Bach,Fugue_bwv_846,Bach/Fugue/bwv_846
C:\Users\eagle\MARG_research\third_party\PianistTransformer\data\midis\asap-dataset-master\Bach\Fugue\bwv_846\Shi05M.mid,asap_metadata_performance,raw_normalized,59.755,83,59755,Bach/Fugue/bwv_846/Shi05M.mid,Bach,Fugue_bwv_846,Bach/Fugue/bwv_846
C:\Users\eagle\MARG_research\third_party\PianistTransformer\data\midis\asap-dataset-master\Bach\Fugue\bwv_846\Shi05M.mid,asap_metadata_performance,raw_normalized,59.775,97,59775,Bach/Fugue/bwv_846/Shi05M.mid,Bach,Fugue_bwv_846,Bach/Fugue/bwv_846
C:\Users\eagle\MARG_research\third_party\PianistTransformer\data\midis\asap-dataset-master\Bach\Fugue\bwv_846\Shi05M.mid,asap_metadata_performance,raw_normalized,59.794,127,59794,Bach/Fugue/bwv_846/Shi05M.mid,Bach,Fugue_bwv_846,Bach/Fugue/bwv_846
C:\Users\eagle\MARG_research\third_party\PianistTransformer\data\midis\asap-dataset-master\Bach\Fugue\bwv_846\Shi05M.mid,asap_metadata_performance,raw_normalized,60.263,108,60263,Bach/Fugue/bwv_846/Shi05M.mid,Bach,Fugue_bwv_846,Bach/Fugue/bwv_846
C:\Users\eagle\MARG_research\third_party\PianistTransformer\data\midis\asap-dataset-master\Bach\Fugue\bwv_846\Shi05M.mid,asap_metadata_performance,raw_normalized,60.283,91,60283,Bach/Fugue/bwv_846/Shi05M.mid,Bach,Fugue_bwv_846,Bach/Fugue/bwv_846
C:\Users\eagle\MARG_research\third_party\PianistTransformer\data\midis\asap-dataset-master\Bach\Fugue\bwv_846\Shi05M.mid,asap_metadata_performance,raw_normalized,60.303,76,60303,Bach/Fugue/bwv_846/Shi05M.mid,Bach,Fugue_bwv_846,Bach/Fugue/bwv_846
C:\Users\eagle\MARG_research\third_party\PianistTransformer\data\midis\asap-dataset-master\Bach\Fugue\bwv_846\Shi05M.mid,asap_metadata_performance,raw_normalized,60.323,61,60323,Bach/Fugue/bwv_846/Shi05M.mid,Bach,Fugue_bwv_846,Bach/Fugue/bwv_846
C:\Users\eagle\MARG_research\third_party\PianistTransformer\data\midis\asap-dataset-master\Bach\Fugue\bwv_846\Shi05M.mid,asap_metadata_performance,raw_normalized,60.342,0,60342,Bach/Fugue/bwv_846/Shi05M.mid,Bach,Fugue_bwv_846,Bach/Fugue/bwv_846
C:\Users\eagle\MARG_research\third_party\PianistTransformer\data\midis\asap-dataset-master\Bach\Fugue\bwv_846\Shi05M.mid,asap_metadata_performance,raw_normalized,60.837,42,60837,Bach/Fugue/bwv_846/Shi05M.mid,Bach,Fugue_bwv_846,Bach/Fugue/bwv_846
C:\Users\eagle\MARG_research\third_party\PianistTransformer\data\midis\asap-dataset-master\Bach\Fugue\bwv_846\Shi05M.mid,asap_metadata_performance,raw_normalized,60.857,53,60857,Bach/Fugue/bwv_846/Shi05M.mid,Bach,Fugue_bwv_846,Bach/Fugue/bwv_846
C:\Users\eagle\MARG_research\third_party\PianistTransformer\data\midis\asap-dataset-master\Bach\Fugue\bwv_846\Shi05M.mid,asap_metadata_performance,raw_normalized,60.878,59,60878,Bach/Fugue/bwv_846/Shi05M.mid,Bach,Fugue_bwv_846,Bach/Fugue/bwv_846
C:\Users\eagle\MARG_research\third_party\PianistTransformer\data\midis\asap-dataset-master\Bach\Fugue\bwv_846\Shi05M.mid,asap_metadata_performance,raw_normalized,60.898,61,60898,Bach/Fugue/bwv_846/Shi05M.mid,Bach,Fugue_bwv_846,Bach/Fugue/bwv_846
C:\Users\eagle\MARG_research\third_party\PianistTransformer\data\midis\asap-dataset-master\Bach\Fugue\bwv_846\Shi05M.mid,asap_metadata_performance,raw_normalized,60.918,63,60918,Bach/Fugue/bwv_846/Shi05M.mid,Bach,Fugue_bwv_846,Bach/Fugue/bwv_846
C:\Users\eagle\MARG_research\third_party\PianistTransformer\data\midis\asap-dataset-master\Bach\Fugue\bwv_846\Shi05M.mid,asap_metadata_performance,raw_normalized,60.938,65,60938,Bach/Fugue/bwv_846/Shi05M.mid,Bach,Fugue_bwv_846,Bach/Fugue/bwv_846
C:\Users\eagle\MARG_research\third_party\PianistTransformer\data\midis\asap-dataset-master\Bach\Fugue\bwv_846\Shi05M.mid,asap_metadata_performance,raw_normalized,60.957,68,60957,Bach/Fugue/bwv_846/Shi05M.mid,Bach,Fugue_bwv_846,Bach/Fugue/bwv_846
C:\Users\eagle\MARG_research\third_party\PianistTransformer\data\midis\asap-dataset-master\Bach\Fugue\bwv_846\Shi05M.mid,asap_metadata_performance,raw_normalized,60.977,71,60977,Bach/Fugue/bwv_846/Shi05M.mid,Bach,Fugue_bwv_846,Bach/Fugue/bwv_846
C:\Users\eagle\MARG_research\third_party\PianistTransformer\data\midis\asap-dataset-master\Bach\Fugue\bwv_846\Shi05M.mid,asap_metadata_performance,raw_normalized,60.996,73,60996,Bach/Fugue/bwv_846/Shi05M.mid,Bach,Fugue_bwv_846,Bach/Fugue/bwv_846
C:\Users\eagle\MARG_research\third_party\PianistTransformer\data\midis\asap-dataset-master\Bach\Fugue\bwv_846\Shi05M.mid,asap_metadata_performance,raw_normalized,61.016,74,61016,Bach/Fugue/bwv_846/Shi05M.mid,Bach,Fugue_bwv_846,Bach/Fugue/bwv_846
C:\Users\eagle\MARG_research\third_party\PianistTransformer\data\midis\asap-dataset-master\Bach\Fugue\bwv_846\Shi05M.mid,asap_metadata_performance,raw_normalized,61.036,75,61036,Bach/Fugue/bwv_846/Shi05M.mid,Bach,Fugue_bwv_846,Bach/Fugue/bwv_846
C:\Users\eagle\MARG_research\third_party\PianistTransformer\data\midis\asap-dataset-master\Bach\Fugue\bwv_846\Shi05M.mid,asap_metadata_performance,raw_normalized,61.055,76,61055,Bach/Fugue/bwv_846/Shi05M.mid,Bach,Fugue_bwv_846,Bach/Fugue/bwv_846
C:\Users\eagle\MARG_research\third_party\PianistTransformer\data\midis\asap-dataset-master\Bach\Fugue\bwv_846\Shi05M.mid,asap_metadata_performance,raw_normalized,61.302,75,61302,Bach/Fugue/bwv_846/Shi05M.mid,Bach,Fugue_bwv_846,Bach/Fugue/bwv_846
C:\Users\eagle\MARG_research\third_party\PianistTransformer\data\midis\asap-dataset-master\Bach\Fugue\bwv_846\Shi05M.mid,asap_metadata_performance,raw_normalized,61.322,70,61322,Bach/Fugue/bwv_846/Shi05M.mid,Bach,Fugue_bwv_846,Bach/Fugue/bwv_846
C:\Users\eagle\MARG_research\third_party\PianistTransformer\data\midis\asap-dataset-master\Bach\Fugue\bwv_846\Shi05M.mid,asap_metadata_performance,raw_normalized,61.341,63,61341,Bach/Fugue/bwv_846/Shi05M.mid,Bach,Fugue_bwv_846,Bach/Fugue/bwv_846
C:\Users\eagle\MARG_research\third_party\PianistTransformer\data\midis\asap-dataset-master\Bach\Fugue\bwv_846\Shi05M.mid,asap_metadata_performance,raw_normalized,61.361,52,61361,Bach/Fugue/bwv_846/Shi05M.mid,Bach,Fugue_bwv_846,Bach/Fugue/bwv_846
C:\Users\eagle\MARG_research\third_party\PianistTransformer\data\midis\asap-dataset-master\Bach\Fugue\bwv_846\Shi05M.mid,asap_metadata_performance,raw_normalized,61.38,40,61380,Bach/Fugue/bwv_846/Shi05M.mid,Bach,Fugue_bwv_846,Bach/Fugue/bwv_846
C:\Users\eagle\MARG_research\third_party\PianistTransformer\data\midis\asap-dataset-master\Bach\Fugue\bwv_846\Shi05M.mid,asap_metadata_performance,raw_normalized,61.401,44,61401,Bach/Fugue/bwv_846/Shi05M.mid,Bach,Fugue_bwv_846,Bach/Fugue/bwv_846
C:\Users\eagle\MARG_research\third_party\PianistTransformer\data\midis\asap-dataset-master\Bach\Fugue\bwv_846\Shi05M.mid,asap_metadata_performance,raw_normalized,61.421,58,61421,Bach/Fugue/bwv_846/Shi05M.mid,Bach,Fugue_bwv_846,Bach/Fugue/bwv_846
C:\Users\eagle\MARG_research\third_party\PianistTransformer\data\midis\asap-dataset-master\Bach\Fugue\bwv_846\Shi05M.mid,asap_metadata_performance,raw_normalized,61.44,68,61440,Bach/Fugue/bwv_846/Shi05M.mid,Bach,Fugue_bwv_846,Bach/Fugue/bwv_846
C:\Users\eagle\MARG_research\third_party\PianistTransformer\data\midis\asap-dataset-master\Bach\Fugue\bwv_846\Shi05M.mid,asap_metadata_performance,raw_normalized,61.46,76,61460,Bach/Fugue/bwv_846/Shi05M.mid,Bach,Fugue_bwv_846,Bach/Fugue/bwv_846
C:\Users\eagle\MARG_research\third_party\PianistTransformer\data\midis\asap-dataset-master\Bach\Fugue\bwv_846\Shi05M.mid,asap_metadata_performance,raw_normalized,61.479,87,61479,Bach/Fugue/bwv_846/Shi05M.mid,Bach,Fugue_bwv_846,Bach/Fugue/bwv_846
C:\Users\eagle\MARG_research\third_party\PianistTransformer\data\midis\asap-dataset-master\Bach\Fugue\bwv_846\Shi05M.mid,asap_metadata_performance,raw_normalized,61.5,96,61500,Bach/Fugue/bwv_846/Shi05M.mid,Bach,Fugue_bwv_846,Bach/Fugue/bwv_846
C:\Users\eagle\MARG_research\third_party\PianistTransformer\data\midis\asap-dataset-master\Bach\Fugue\bwv_846\Shi05M.mid,asap_metadata_performance,raw_normalized,61.52,109,61520,Bach/Fugue/bwv_846/Shi05M.mid,Bach,Fugue_bwv_846,Bach/Fugue/bwv_846
C:\Users\eagle\MARG_research\third_party\PianistTransformer\data\midis\asap-dataset-master\Bach\Fugue\bwv_846\Shi05M.mid,asap_metadata_performance,raw_normalized,61.539,127,61539,Bach/Fugue/bwv_846/Shi05M.mid,Bach,Fugue_bwv_846,Bach/Fugue/bwv_846
C:\Users\eagle\MARG_research\third_party\PianistTransformer\data\midis\asap-dataset-master\Bach\Fugue\bwv_846\Shi05M.mid,asap_metadata_performance,raw_normalized,61.935,108,61935,Bach/Fugue/bwv_846/Shi05M.mid,Bach,Fugue_bwv_846,Bach/Fugue/bwv_846
C:\Users\eagle\MARG_research\third_party\PianistTransformer\data\midis\asap-dataset-master\Bach\Fugue\bwv_846\Shi05M.mid,asap_metadata_performance,raw_normalized,61.956,83,61956,Bach/Fugue/bwv_846/Shi05M.mid,Bach,Fugue_bwv_846,Bach/Fugue/bwv_846
C:\Users\eagle\MARG_research\third_party\PianistTransformer\data\midis\asap-dataset-master\Bach\Fugue\bwv_846\Shi05M.mid,asap_metadata_performance,raw_normalized,61.977,64,61977,Bach/Fugue/bwv_846/Shi05M.mid,Bach,Fugue_bwv_846,Bach/Fugue/bwv_846
C:\Users\eagle\MARG_research\third_party\PianistTransformer\data\midis\asap-dataset-master\Bach\Fugue\bwv_846\Shi05M.mid,asap_metadata_performance,raw_normalized,61.996,0,61996,Bach/Fugue/bwv_846/Shi05M.mid,Bach,Fugue_bwv_846,Bach/Fugue/bwv_846
C:\Users\eagle\MARG_research\third_party\PianistTransformer\data\midis\asap-dataset-master\Bach\Fugue\bwv_846\Shi05M.mid,asap_metadata_performance,raw_normalized,62.115,48,62115,Bach/Fugue/bwv_846/Shi05M.mid,Bach,Fugue_bwv_846,Bach/Fugue/bwv_846
C:\Users\eagle\MARG_research\third_party\PianistTransformer\data\midis\asap-dataset-master\Bach\Fugue\bwv_846\Shi05M.mid,asap_metadata_performance,raw_normalized,62.135,67,62135,Bach/Fugue/bwv_846/Shi05M.mid,Bach,Fugue_bwv_846,Bach/Fugue/bwv_846
C:\Users\eagle\MARG_research\third_party\PianistTransformer\data\midis\asap-dataset-master\Bach\Fugue\bwv_846\Shi05M.mid,asap_metadata_performance,raw_normalized,62.155,77,62155,Bach/Fugue/bwv_846/Shi05M.mid,Bach,Fugue_bwv_846,Bach/Fugue/bwv_846
C:\Users\eagle\MARG_research\third_party\PianistTransformer\data\midis\asap-dataset-master\Bach\Fugue\bwv_846\Shi05M.mid,asap_metadata_performance,raw_normalized,62.174,90,62174,Bach/Fugue/bwv_846/Shi05M.mid,Bach,Fugue_bwv_846,Bach/Fugue/bwv_846
C:\Users\eagle\MARG_research\third_party\PianistTransformer\data\midis\asap-dataset-master\Bach\Fugue\bwv_846\Shi05M.mid,asap_metadata_performance,raw_normalized,62.194,105,62194,Bach/Fugue/bwv_846/Shi05M.mid,Bach,Fugue_bwv_846,Bach/Fugue/bwv_846
C:\Users\eagle\MARG_research\third_party\PianistTransformer\data\midis\asap-dataset-master\Bach\Fugue\bwv_846\Shi05M.mid,asap_metadata_performance,raw_normalized,62.214,127,62214,Bach/Fugue/bwv_846/Shi05M.mid,Bach,Fugue_bwv_846,Bach/Fugue/bwv_846
C:\Users\eagle\MARG_research\third_party\PianistTransformer\data\midis\asap-dataset-master\Bach\Fugue\bwv_846\Shi05M.mid,asap_metadata_performance,raw_normalized,62.659,123,62659,Bach/Fugue/bwv_846/Shi05M.mid,Bach,Fugue_bwv_846,Bach/Fugue/bwv_846
C:\Users\eagle\MARG_research\third_party\PianistTransformer\data\midis\asap-dataset-master\Bach\Fugue\bwv_846\Shi05M.mid,asap_metadata_performance,raw_normalized,62.678,98,62678,Bach/Fugue/bwv_846/Shi05M.mid,Bach,Fugue_bwv_846,Bach/Fugue/bwv_846
C:\Users\eagle\MARG_research\third_party\PianistTransformer\data\midis\asap-dataset-master\Bach\Fugue\bwv_846\Shi05M.mid,asap_metadata_performance,raw_normalized,62.699,83,62699,Bach/Fugue/bwv_846/Shi05M.mid,Bach,Fugue_bwv_846,Bach/Fugue/bwv_846
C:\Users\eagle\MARG_research\third_party\PianistTransformer\data\midis\asap-dataset-master\Bach\Fugue\bwv_846\Shi05M.mid,asap_metadata_performance,raw_normalized,62.719,70,62719,Bach/Fugue/bwv_846/Shi05M.mid,Bach,Fugue_bwv_846,Bach/Fugue/bwv_846
C:\Users\eagle\MARG_research\third_party\PianistTransformer\data\midis\asap-dataset-master\Bach\Fugue\bwv_846\Shi05M.mid,asap_metadata_performance,raw_normalized,62.737,54,62737,Bach/Fugue/bwv_846/Shi05M.mid,Bach,Fugue_bwv_846,Bach/Fugue/bwv_846
C:\Users\eagle\MARG_research\third_party\PianistTransformer\data\midis\asap-dataset-master\Bach\Fugue\bwv_846\Shi05M.mid,asap_metadata_performance,raw_normalized,62.758,0,62758,Bach/Fugue/bwv_846/Shi05M.mid,Bach,Fugue_bwv_846,Bach/Fugue/bwv_846
C:\Users\eagle\MARG_research\third_party\PianistTransformer\data\midis\asap-dataset-master\Bach\Fugue\bwv_846\Shi05M.mid,asap_metadata_performance,raw_normalized,62.936,47,62936,Bach/Fugue/bwv_846/Shi05M.mid,Bach,Fugue_bwv_846,Bach/Fugue/bwv_846
C:\Users\eagle\MARG_research\third_party\PianistTransformer\data\midis\asap-dataset-master\Bach\Fugue\bwv_846\Shi05M.mid,asap_metadata_performance,raw_normalized,62.956,61,62956,Bach/Fugue/bwv_846/Shi05M.mid,Bach,Fugue_bwv_846,Bach/Fugue/bwv_846
C:\Users\eagle\MARG_research\third_party\PianistTransformer\data\midis\asap-dataset-master\Bach\Fugue\bwv_846\Shi05M.mid,asap_metadata_performance,raw_normalized,62.977,65,62977,Bach/Fugue/bwv_846/Shi05M.mid,Bach,Fugue_bwv_846,Bach/Fugue/bwv_846
C:\Users\eagle\MARG_research\third_party\PianistTransformer\data\midis\asap-dataset-master\Bach\Fugue\bwv_846\Shi05M.mid,asap_metadata_performance,raw_normalized,62.995,71,62995,Bach/Fugue/bwv_846/Shi05M.mid,Bach,Fugue_bwv_846,Bach/Fugue/bwv_846
C:\Users\eagle\MARG_research\third_party\PianistTransformer\data\midis\asap-dataset-master\Bach\Fugue\bwv_846\Shi05M.mid,asap_metadata_performance,raw_normalized,63.016,82,63016,Bach/Fugue/bwv_846/Shi05M.mid,Bach,Fugue_bwv_846,Bach/Fugue/bwv_846
C:\Users\eagle\MARG_research\third_party\PianistTransformer\data\midis\asap-dataset-master\Bach\Fugue\bwv_846\Shi05M.mid,asap_metadata_performance,raw_normalized,63.039,100,63039,Bach/Fugue/bwv_846/Shi05M.mid,Bach,Fugue_bwv_846,Bach/Fugue/bwv_846
C:\Users\eagle\MARG_research\third_party\PianistTransformer\data\midis\asap-dataset-master\Bach\Fugue\bwv_846\Shi05M.mid,asap_metadata_performance,raw_normalized,63.059,127,63059,Bach/Fugue/bwv_846/Shi05M.mid,Bach,Fugue_bwv_846,Bach/Fugue/bwv_846
C:\Users\eagle\MARG_research\third_party\PianistTransformer\data\midis\asap-dataset-master\Bach\Fugue\bwv_846\Shi05M.mid,asap_metadata_performance,raw_normalized,63.384,111,63384,Bach/Fugue/bwv_846/Shi05M.mid,Bach,Fugue_bwv_846,Bach/Fugue/bwv_846
C:\Users\eagle\MARG_research\third_party\PianistTransformer\data\midis\asap-dataset-master\Bach\Fugue\bwv_846\Shi05M.mid,asap_metadata_performance,raw_normalized,63.404,79,63404,Bach/Fugue/bwv_846/Shi05M.mid,Bach,Fugue_bwv_846,Bach/Fugue/bwv_846
C:\Users\eagle\MARG_research\third_party\PianistTransformer\data\midis\asap-dataset-master\Bach\Fugue\bwv_846\Shi05M.mid,asap_metadata_performance,raw_normalized,63.424,61,63424,Bach/Fugue/bwv_846/Shi05M.mid,Bach,Fugue_bwv_846,Bach/Fugue/bwv_846
C:\Users\eagle\MARG_research\third_party\PianistTransformer\data\midis\asap-dataset-master\Bach\Fugue\bwv_846\Shi05M.mid,asap_metadata_performance,raw_normalized,63.444,34,63444,Bach/Fugue/bwv_846/Shi05M.mid,Bach,Fugue_bwv_846,Bach/Fugue/bwv_846
C:\Users\eagle\MARG_research\third_party\PianistTransformer\data\midis\asap-dataset-master\Bach\Fugue\bwv_846\Shi05M.mid,asap_metadata_performance,raw_normalized,63.462,0,63462,Bach/Fugue/bwv_846/Shi05M.mid,Bach,Fugue_bwv_846,Bach/Fugue/bwv_846
C:\Users\eagle\MARG_research\third_party\PianistTransformer\data\midis\asap-dataset-master\Bach\Fugue\bwv_846\Shi05M.mid,asap_metadata_performance,raw_normalized,63.543,36,63543,Bach/Fugue/bwv_846/Shi05M.mid,Bach,Fugue_bwv_846,Bach/Fugue/bwv_846
C:\Users\eagle\MARG_research\third_party\PianistTransformer\data\midis\asap-dataset-master\Bach\Fugue\bwv_846\Shi05M.mid,asap_metadata_performance,raw_normalized,63.561,56,63561,Bach/Fugue/bwv_846/Shi05M.mid,Bach,Fugue_bwv_846,Bach/Fugue/bwv_846
C:\Users\eagle\MARG_research\third_party\PianistTransformer\data\midis\asap-dataset-master\Bach\Fugue\bwv_846\Shi05M.mid,asap_metadata_performance,raw_normalized,63.582,67,63582,Bach/Fugue/bwv_846/Shi05M.mid,Bach,Fugue_bwv_846,Bach/Fugue/bwv_846
C:\Users\eagle\MARG_research\third_party\PianistTransformer\data\midis\asap-dataset-master\Bach\Fugue\bwv_846\Shi05M.mid,asap_metadata_performance,raw_normalized,63.602,73,63602,Bach/Fugue/bwv_846/Shi05M.mid,Bach,Fugue_bwv_846,Bach/Fugue/bwv_846
C:\Users\eagle\MARG_research\third_party\PianistTransformer\data\midis\asap-dataset-master\Bach\Fugue\bwv_846\Shi05M.mid,asap_metadata_performance,raw_normalized,63.621,83,63621,Bach/Fugue/bwv_846/Shi05M.mid,Bach,Fugue_bwv_846,Bach/Fugue/bwv_846
C:\Users\eagle\MARG_research\third_party\PianistTransformer\data\midis\asap-dataset-master\Bach\Fugue\bwv_846\Shi05M.mid,asap_metadata_performance,raw_normalized,63.641,96,63641,Bach/Fugue/bwv_846/Shi05M.mid,Bach,Fugue_bwv_846,Bach/Fugue/bwv_846
C:\Users\eagle\MARG_research\third_party\PianistTransformer\data\midis\asap-dataset-master\Bach\Fugue\bwv_846\Shi05M.mid,asap_metadata_performance,raw_normalized,63.66,126,63660,Bach/Fugue/bwv_846/Shi05M.mid,Bach,Fugue_bwv_846,Bach/Fugue/bwv_846
C:\Users\eagle\MARG_research\third_party\PianistTransformer\data\midis\asap-dataset-master\Bach\Fugue\bwv_846\Shi05M.mid,asap_metadata_performance,raw_normalized,64.135,120,64135,Bach/Fugue/bwv_846/Shi05M.mid,Bach,Fugue_bwv_846,Bach/Fugue/bwv_846
C:\Users\eagle\MARG_research\third_party\PianistTransformer\data\midis\asap-dataset-master\Bach\Fugue\bwv_846\Shi05M.mid,asap_metadata_performance,raw_normalized,64.156,90,64156,Bach/Fugue/bwv_846/Shi05M.mid,Bach,Fugue_bwv_846,Bach/Fugue/bwv_846
C:\Users\eagle\MARG_research\third_party\PianistTransformer\data\midis\asap-dataset-master\Bach\Fugue\bwv_846\Shi05M.mid,asap_metadata_performance,raw_normalized,64.176,71,64176,Bach/Fugue/bwv_846/Shi05M.mid,Bach,Fugue_bwv_846,Bach/Fugue/bwv_846
C:\Users\eagle\MARG_research\third_party\PianistTransformer\data\midis\asap-dataset-master\Bach\Fugue\bwv_846\Shi05M.mid,asap_metadata_performance,raw_normalized,64.194,45,64194,Bach/Fugue/bwv_846/Shi05M.mid,Bach,Fugue_bwv_846,Bach/Fugue/bwv_846
C:\Users\eagle\MARG_research\third_party\PianistTransformer\data\midis\asap-dataset-master\Bach\Fugue\bwv_846\Shi05M.mid,asap_metadata_performance,raw_normalized,64.215,0,64215,Bach/Fugue/bwv_846/Shi05M.mid,Bach,Fugue_bwv_846,Bach/Fugue/bwv_846
C:\Users\eagle\MARG_research\third_party\PianistTransformer\data\midis\asap-dataset-master\Bach\Fugue\bwv_846\Shi05M.mid,asap_metadata_performance,raw_normalized,64.402,47,64402,Bach/Fugue/bwv_846/Shi05M.mid,Bach,Fugue_bwv_846,Bach/Fugue/bwv_846
C:\Users\eagle\MARG_research\third_party\PianistTransformer\data\midis\asap-dataset-master\Bach\Fugue\bwv_846\Shi05M.mid,asap_metadata_performance,raw_normalized,64.423,61,64423,Bach/Fugue/bwv_846/Shi05M.mid,Bach,Fugue_bwv_846,Bach/Fugue/bwv_846
C:\Users\eagle\MARG_research\third_party\PianistTransformer\data\midis\asap-dataset-master\Bach\Fugue\bwv_846\Shi05M.mid,asap_metadata_performance,raw_normalized,64.443,66,64443,Bach/Fugue/bwv_846/Shi05M.mid,Bach,Fugue_bwv_846,Bach/Fugue/bwv_846
C:\Users\eagle\MARG_research\third_party\PianistTransformer\data\midis\asap-dataset-master\Bach\Fugue\bwv_846\Shi05M.mid,asap_metadata_performance,raw_normalized,64.464,70,64464,Bach/Fugue/bwv_846/Shi05M.mid,Bach,Fugue_bwv_846,Bach/Fugue/bwv_846
C:\Users\eagle\MARG_research\third_party\PianistTransformer\data\midis\asap-dataset-master\Bach\Fugue\bwv_846\Shi05M.mid,asap_metadata_performance,raw_normalized,64.482,77,64482,Bach/Fugue/bwv_846/Shi05M.mid,Bach,Fugue_bwv_846,Bach/Fugue/bwv_846
C:\Users\eagle\MARG_research\third_party\PianistTransformer\data\midis\asap-dataset-master\Bach\Fugue\bwv_846\Shi05M.mid,asap_metadata_performance,raw_normalized,64.501,89,64501,Bach/Fugue/bwv_846/Shi05M.mid,Bach,Fugue_bwv_846,Bach/Fugue/bwv_846
C:\Users\eagle\MARG_research\third_party\PianistTransformer\data\midis\asap-dataset-master\Bach\Fugue\bwv_846\Shi05M.mid,asap_metadata_performance,raw_normalized,64.522,107,64522,Bach/Fugue/bwv_846/Shi05M.mid,Bach,Fugue_bwv_846,Bach/Fugue/bwv_846
C:\Users\eagle\MARG_research\third_party\PianistTransformer\data\midis\asap-dataset-master\Bach\Fugue\bwv_846\Shi05M.mid,asap_metadata_performance,raw_normalized,64.542,127,64542,Bach/Fugue/bwv_846/Shi05M.mid,Bach,Fugue_bwv_846,Bach/Fugue/bwv_846
C:\Users\eagle\MARG_research\third_party\PianistTransformer\data\midis\asap-dataset-master\Bach\Fugue\bwv_846\Shi05M.mid,asap_metadata_performance,raw_normalized,65.115,108,65115,Bach/Fugue/bwv_846/Shi05M.mid,Bach,Fugue_bwv_846,Bach/Fugue/bwv_846
C:\Users\eagle\MARG_research\third_party\PianistTransformer\data\midis\asap-dataset-master\Bach\Fugue\bwv_846\Shi05M.mid,asap_metadata_performance,raw_normalized,65.134,91,65134,Bach/Fugue/bwv_846/Shi05M.mid,Bach,Fugue_bwv_846,Bach/Fugue/bwv_846
C:\Users\eagle\MARG_research\third_party\PianistTransformer\data\midis\asap-dataset-master\Bach\Fugue\bwv_846\Shi05M.mid,asap_metadata_performance,raw_normalized,65.156,80,65156,Bach/Fugue/bwv_846/Shi05M.mid,Bach,Fugue_bwv_846,Bach/Fugue/bwv_846
C:\Users\eagle\MARG_research\third_party\PianistTransformer\data\midis\asap-dataset-master\Bach\Fugue\bwv_846\Shi05M.mid,asap_metadata_performance,raw_normalized,65.176,71,65176,Bach/Fugue/bwv_846/Shi05M.mid,Bach,Fugue_bwv_846,Bach/Fugue/bwv_846
C:\Users\eagle\MARG_research\third_party\PianistTransformer\data\midis\asap-dataset-master\Bach\Fugue\bwv_846\Shi05M.mid,asap_metadata_performance,raw_normalized,65.195,63,65195,Bach/Fugue/bwv_846/Shi05M.mid,Bach,Fugue_bwv_846,Bach/Fugue/bwv_846
C:\Users\eagle\MARG_research\third_party\PianistTransformer\data\midis\asap-dataset-master\Bach\Fugue\bwv_846\Shi05M.mid,asap_metadata_performance,raw_normalized,65.215,54,65215,Bach/Fugue/bwv_846/Shi05M.mid,Bach,Fugue_bwv_846,Bach/Fugue/bwv_846
C:\Users\eagle\MARG_research\third_party\PianistTransformer\data\midis\asap-dataset-master\Bach\Fugue\bwv_846\Shi05M.mid,asap_metadata_performance,raw_normalized,65.234,47,65234,Bach/Fugue/bwv_846/Shi05M.mid,Bach,Fugue_bwv_846,Bach/Fugue/bwv_846
C:\Users\eagle\MARG_research\third_party\PianistTransformer\data\midis\asap-dataset-master\Bach\Fugue\bwv_846\Shi05M.mid,asap_metadata_performance,raw_normalized,65.264,47,65264,Bach/Fugue/bwv_846/Shi05M.mid,Bach,Fugue_bwv_846,Bach/Fugue/bwv_846
C:\Users\eagle\MARG_research\third_party\PianistTransformer\data\midis\asap-dataset-master\Bach\Fugue\bwv_846\Shi05M.mid,asap_metadata_performance,raw_normalized,65.305,46,65305,Bach/Fugue/bwv_846/Shi05M.mid,Bach,Fugue_bwv_846,Bach/Fugue/bwv_846
C:\Users\eagle\MARG_research\third_party\PianistTransformer\data\midis\asap-dataset-master\Bach\Fugue\bwv_846\Shi05M.mid,asap_metadata_performance,raw_normalized,65.324,44,65324,Bach/Fugue/bwv_846/Shi05M.mid,Bach,Fugue_bwv_846,Bach/Fugue/bwv_846
C:\Users\eagle\MARG_research\third_party\PianistTransformer\data\midis\asap-dataset-master\Bach\Fugue\bwv_846\Shi05M.mid,asap_metadata_performance,raw_normalized,65.345,41,65345,Bach/Fugue/bwv_846/Shi05M.mid,Bach,Fugue_bwv_846,Bach/Fugue/bwv_846
C:\Users\eagle\MARG_research\third_party\PianistTransformer\data\midis\asap-dataset-master\Bach\Fugue\bwv_846\Shi05M.mid,asap_metadata_performance,raw_normalized,65.363,38,65363,Bach/Fugue/bwv_846/Shi05M.mid,Bach,Fugue_bwv_846,Bach/Fugue/bwv_846
C:\Users\eagle\MARG_research\third_party\PianistTransformer\data\midis\asap-dataset-master\Bach\Fugue\bwv_846\Shi05M.mid,asap_metadata_performance,raw_normalized,65.383,35,65383,Bach/Fugue/bwv_846/Shi05M.mid,Bach,Fugue_bwv_846,Bach/Fugue/bwv_846
C:\Users\eagle\MARG_research\third_party\PianistTransformer\data\midis\asap-dataset-master\Bach\Fugue\bwv_846\Shi05M.mid,asap_metadata_performance,raw_normalized,65.404,34,65404,Bach/Fugue/bwv_846/Shi05M.mid,Bach,Fugue_bwv_846,Bach/Fugue/bwv_846
C:\Users\eagle\MARG_research\third_party\PianistTransformer\data\midis\asap-dataset-master\Bach\Fugue\bwv_846\Shi05M.mid,asap_metadata_performance,raw_normalized,65.423,33,65423,Bach/Fugue/bwv_846/Shi05M.mid,Bach,Fugue_bwv_846,Bach/Fugue/bwv_846
C:\Users\eagle\MARG_research\third_party\PianistTransformer\data\midis\asap-dataset-master\Bach\Fugue\bwv_846\Shi05M.mid,asap_metadata_performance,raw_normalized,65.462,33,65462,Bach/Fugue/bwv_846/Shi05M.mid,Bach,Fugue_bwv_846,Bach/Fugue/bwv_846
C:\Users\eagle\MARG_research\third_party\PianistTransformer\data\midis\asap-dataset-master\Bach\Fugue\bwv_846\Shi05M.mid,asap_metadata_performance,raw_normalized,65.482,32,65482,Bach/Fugue/bwv_846/Shi05M.mid,Bach,Fugue_bwv_846,Bach/Fugue/bwv_846
C:\Users\eagle\MARG_research\third_party\PianistTransformer\data\midis\asap-dataset-master\Bach\Fugue\bwv_846\Shi05M.mid,asap_metadata_performance,raw_normalized,65.522,0,65522,Bach/Fugue/bwv_846/Shi05M.mid,Bach,Fugue_bwv_846,Bach/Fugue/bwv_846
C:\Users\eagle\MARG_research\third_party\PianistTransformer\data\midis\asap-dataset-master\Bach\Fugue\bwv_846\Shi05M.mid,asap_metadata_performance,raw_normalized,66.418,31,66418,Bach/Fugue/bwv_846/Shi05M.mid,Bach,Fugue_bwv_846,Bach/Fugue/bwv_846
C:\Users\eagle\MARG_research\third_party\PianistTransformer\data\midis\asap-dataset-master\Bach\Fugue\bwv_846\Shi05M.mid,asap_metadata_performance,raw_normalized,66.438,32,66438,Bach/Fugue/bwv_846/Shi05M.mid,Bach,Fugue_bwv_846,Bach/Fugue/bwv_846
C:\Users\eagle\MARG_research\third_party\PianistTransformer\data\midis\asap-dataset-master\Bach\Fugue\bwv_846\Shi05M.mid,asap_metadata_performance,raw_normalized,66.458,34,66458,Bach/Fugue/bwv_846/Shi05M.mid,Bach,Fugue_bwv_846,Bach/Fugue/bwv_846
C:\Users\eagle\MARG_research\third_party\PianistTransformer\data\midis\asap-dataset-master\Bach\Fugue\bwv_846\Shi05M.mid,asap_metadata_performance,raw_normalized,66.478,35,66478,Bach/Fugue/bwv_846/Shi05M.mid,Bach,Fugue_bwv_846,Bach/Fugue/bwv_846
C:\Users\eagle\MARG_research\third_party\PianistTransformer\data\midis\asap-dataset-master\Bach\Fugue\bwv_846\Shi05M.mid,asap_metadata_performance,raw_normalized,66.496,35,66496,Bach/Fugue/bwv_846/Shi05M.mid,Bach,Fugue_bwv_846,Bach/Fugue/bwv_846
C:\Users\eagle\MARG_research\third_party\PianistTransformer\data\midis\asap-dataset-master\Bach\Fugue\bwv_846\Shi05M.mid,asap_metadata_performance,raw_normalized,66.517,36,66517,Bach/Fugue/bwv_846/Shi05M.mid,Bach,Fugue_bwv_846,Bach/Fugue/bwv_846
C:\Users\eagle\MARG_research\third_party\PianistTransformer\data\midis\asap-dataset-master\Bach\Fugue\bwv_846\Shi05M.mid,asap_metadata_performance,raw_normalized,66.556,36,66556,Bach/Fugue/bwv_846/Shi05M.mid,Bach,Fugue_bwv_846,Bach/Fugue/bwv_846
C:\Users\eagle\MARG_research\third_party\PianistTransformer\data\midis\asap-dataset-master\Bach\Fugue\bwv_846\Shi05M.mid,asap_metadata_performance,raw_normalized,66.596,37,66596,Bach/Fugue/bwv_846/Shi05M.mid,Bach,Fugue_bwv_846,Bach/Fugue/bwv_846
C:\Users\eagle\MARG_research\third_party\PianistTransformer\data\midis\asap-dataset-master\Bach\Fugue\bwv_846\Shi05M.mid,asap_metadata_performance,raw_normalized,66.616,37,66616,Bach/Fugue/bwv_846/Shi05M.mid,Bach,Fugue_bwv_846,Bach/Fugue/bwv_846
C:\Users\eagle\MARG_research\third_party\PianistTransformer\data\midis\asap-dataset-master\Bach\Fugue\bwv_846\Shi05M.mid,asap_metadata_performance,raw_normalized,66.655,38,66655,Bach/Fugue/bwv_846/Shi05M.mid,Bach,Fugue_bwv_846,Bach/Fugue/bwv_846
C:\Users\eagle\MARG_research\third_party\PianistTransformer\data\midis\asap-dataset-master\Bach\Fugue\bwv_846\Shi05M.mid,asap_metadata_performance,raw_normalized,66.695,39,66695,Bach/Fugue/bwv_846/Shi05M.mid,Bach,Fugue_bwv_846,Bach/Fugue/bwv_846
C:\Users\eagle\MARG_research\third_party\PianistTransformer\data\midis\asap-dataset-master\Bach\Fugue\bwv_846\Shi05M.mid,asap_metadata_performance,raw_normalized,66.715,39,66715,Bach/Fugue/bwv_846/Shi05M.mid,Bach,Fugue_bwv_846,Bach/Fugue/bwv_846
C:\Users\eagle\MARG_research\third_party\PianistTransformer\data\midis\asap-dataset-master\Bach\Fugue\bwv_846\Shi05M.mid,asap_metadata_performance,raw_normalized,66.754,40,66754,Bach/Fugue/bwv_846/Shi05M.mid,Bach,Fugue_bwv_846,Bach/Fugue/bwv_846
C:\Users\eagle\MARG_research\third_party\PianistTransformer\data\midis\asap-dataset-master\Bach\Fugue\bwv_846\Shi05M.mid,asap_metadata_performance,raw_normalized,66.833,40,66833,Bach/Fugue/bwv_846/Shi05M.mid,Bach,Fugue_bwv_846,Bach/Fugue/bwv_846
C:\Users\eagle\MARG_research\third_party\PianistTransformer\data\midis\asap-dataset-master\Bach\Fugue\bwv_846\Shi05M.mid,asap_metadata_performance,raw_normalized,67.15,40,67150,Bach/Fugue/bwv_846/Shi05M.mid,Bach,Fugue_bwv_846,Bach/Fugue/bwv_846
C:\Users\eagle\MARG_research\third_party\PianistTransformer\data\midis\asap-dataset-master\Bach\Fugue\bwv_846\Shi05M.mid,asap_metadata_performance,raw_normalized,67.249,39,67249,Bach/Fugue/bwv_846/Shi05M.mid,Bach,Fugue_bwv_846,Bach/Fugue/bwv_846
C:\Users\eagle\MARG_research\third_party\PianistTransformer\data\midis\asap-dataset-master\Bach\Fugue\bwv_846\Shi05M.mid,asap_metadata_performance,raw_normalized,67.359,39,67359,Bach/Fugue/bwv_846/Shi05M.mid,Bach,Fugue_bwv_846,Bach/Fugue/bwv_846
C:\Users\eagle\MARG_research\third_party\PianistTransformer\data\midis\asap-dataset-master\Bach\Fugue\bwv_846\Shi05M.mid,asap_metadata_performance,raw_normalized,67.398,38,67398,Bach/Fugue/bwv_846/Shi05M.mid,Bach,Fugue_bwv_846,Bach/Fugue/bwv_846
C:\Users\eagle\MARG_research\third_party\PianistTransformer\data\midis\asap-dataset-master\Bach\Fugue\bwv_846\Shi05M.mid,asap_metadata_performance,raw_normalized,67.418,37,67418,Bach/Fugue/bwv_846/Shi05M.mid,Bach,Fugue_bwv_846,Bach/Fugue/bwv_846
C:\Users\eagle\MARG_research\third_party\PianistTransformer\data\midis\asap-dataset-master\Bach\Fugue\bwv_846\Shi05M.mid,asap_metadata_performance,raw_normalized,67.913,37,67913,Bach/Fugue/bwv_846/Shi05M.mid,Bach,Fugue_bwv_846,Bach/Fugue/bwv_846
C:\Users\eagle\MARG_research\third_party\PianistTransformer\data\midis\asap-dataset-master\Bach\Fugue\bwv_846\Shi05M.mid,asap_metadata_performance,raw_normalized,68.031,36,68031,Bach/Fugue/bwv_846/Shi05M.mid,Bach,Fugue_bwv_846,Bach/Fugue/bwv_846
C:\Users\eagle\MARG_research\third_party\PianistTransformer\data\midis\asap-dataset-master\Bach\Fugue\bwv_846\Shi05M.mid,asap_metadata_performance,raw_normalized,68.655,36,68655,Bach/Fugue/bwv_846/Shi05M.mid,Bach,Fugue_bwv_846,Bach/Fugue/bwv_846
C:\Users\eagle\MARG_research\third_party\PianistTransformer\data\midis\asap-dataset-master\Bach\Fugue\bwv_846\Shi05M.mid,asap_metadata_performance,raw_normalized,68.694,35,68694,Bach/Fugue/bwv_846/Shi05M.mid,Bach,Fugue_bwv_846,Bach/Fugue/bwv_846
C:\Users\eagle\MARG_research\third_party\PianistTransformer\data\midis\asap-dataset-master\Bach\Fugue\bwv_846\Shi05M.mid,asap_metadata_performance,raw_normalized,68.734,35,68734,Bach/Fugue/bwv_846/Shi05M.mid,Bach,Fugue_bwv_846,Bach/Fugue/bwv_846
C:\Users\eagle\MARG_research\third_party\PianistTransformer\data\midis\asap-dataset-master\Bach\Fugue\bwv_846\Shi05M.mid,asap_metadata_performance,raw_normalized,68.754,34,68754,Bach/Fugue/bwv_846/Shi05M.mid,Bach,Fugue_bwv_846,Bach/Fugue/bwv_846
C:\Users\eagle\MARG_research\third_party\PianistTransformer\data\midis\asap-dataset-master\Bach\Fugue\bwv_846\Shi05M.mid,asap_metadata_performance,raw_normalized,68.854,34,68854,Bach/Fugue/bwv_846/Shi05M.mid,Bach,Fugue_bwv_846,Bach/Fugue/bwv_846
C:\Users\eagle\MARG_research\third_party\PianistTransformer\data\midis\asap-dataset-master\Bach\Fugue\bwv_846\Shi05M.mid,asap_metadata_performance,raw_normalized,68.992,34,68992,Bach/Fugue/bwv_846/Shi05M.mid,Bach,Fugue_bwv_846,Bach/Fugue/bwv_846
C:\Users\eagle\MARG_research\third_party\PianistTransformer\data\midis\asap-dataset-master\Bach\Fugue\bwv_846\Shi05M.mid,asap_metadata_performance,raw_normalized,69.031,35,69031,Bach/Fugue/bwv_846/Shi05M.mid,Bach,Fugue_bwv_846,Bach/Fugue/bwv_846
C:\Users\eagle\MARG_research\third_party\PianistTransformer\data\midis\asap-dataset-master\Bach\Fugue\bwv_846\Shi05M.mid,asap_metadata_performance,raw_normalized,69.111,34,69111,Bach/Fugue/bwv_846/Shi05M.mid,Bach,Fugue_bwv_846,Bach/Fugue/bwv_846
C:\Users\eagle\MARG_research\third_party\PianistTransformer\data\midis\asap-dataset-master\Bach\Fugue\bwv_846\Shi05M.mid,asap_metadata_performance,raw_normalized,69.151,34,69151,Bach/Fugue/bwv_846/Shi05M.mid,Bach,Fugue_bwv_846,Bach/Fugue/bwv_846
C:\Users\eagle\MARG_research\third_party\PianistTransformer\data\midis\asap-dataset-master\Bach\Fugue\bwv_846\Shi05M.mid,asap_metadata_performance,raw_normalized,69.172,33,69172,Bach/Fugue/bwv_846/Shi05M.mid,Bach,Fugue_bwv_846,Bach/Fugue/bwv_846
C:\Users\eagle\MARG_research\third_party\PianistTransformer\data\midis\asap-dataset-master\Bach\Fugue\bwv_846\Shi05M.mid,asap_metadata_performance,raw_normalized,69.19,32,69190,Bach/Fugue/bwv_846/Shi05M.mid,Bach,Fugue_bwv_846,Bach/Fugue/bwv_846
C:\Users\eagle\MARG_research\third_party\PianistTransformer\data\midis\asap-dataset-master\Bach\Fugue\bwv_846\Shi05M.mid,asap_metadata_performance,raw_normalized,69.21,32,69210,Bach/Fugue/bwv_846/Shi05M.mid,Bach,Fugue_bwv_846,Bach/Fugue/bwv_846
C:\Users\eagle\MARG_research\third_party\PianistTransformer\data\midis\asap-dataset-master\Bach\Fugue\bwv_846\Shi05M.mid,asap_metadata_performance,raw_normalized,69.25,0,69250,Bach/Fugue/bwv_846/Shi05M.mid,Bach,Fugue_bwv_846,Bach/Fugue/bwv_846
C:\Users\eagle\MARG_research\third_party\PianistTransformer\data\midis\asap-dataset-master\Bach\Fugue\bwv_846\Shi05M.mid,asap_metadata_performance,raw_normalized,70.656,44,70656,Bach/Fugue/bwv_846/Shi05M.mid,Bach,Fugue_bwv_846,Bach/Fugue/bwv_846
C:\Users\eagle\MARG_research\third_party\PianistTransformer\data\midis\asap-dataset-master\Bach\Fugue\bwv_846\Shi05M.mid,asap_metadata_performance,raw_normalized,70.677,62,70677,Bach/Fugue/bwv_846/Shi05M.mid,Bach,Fugue_bwv_846,Bach/Fugue/bwv_846
C:\Users\eagle\MARG_research\third_party\PianistTransformer\data\midis\asap-dataset-master\Bach\Fugue\bwv_846\Shi05M.mid,asap_metadata_performance,raw_normalized,70.695,68,70695,Bach/Fugue/bwv_846/Shi05M.mid,Bach,Fugue_bwv_846,Bach/Fugue/bwv_846
C:\Users\eagle\MARG_research\third_party\PianistTransformer\data\midis\asap-dataset-master\Bach\Fugue\bwv_846\Shi05M.mid,asap_metadata_performance,raw_normalized,70.715,75,70715,Bach/Fugue/bwv_846/Shi05M.mid,Bach,Fugue_bwv_846,Bach/Fugue/bwv_846
C:\Users\eagle\MARG_research\third_party\PianistTransformer\data\midis\asap-dataset-master\Bach\Fugue\bwv_846\Shi05M.mid,asap_metadata_performance,raw_normalized,70.736,86,70736,Bach/Fugue/bwv_846/Shi05M.mid,Bach,Fugue_bwv_846,Bach/Fugue/bwv_846
C:\Users\eagle\MARG_research\third_party\PianistTransformer\data\midis\asap-dataset-master\Bach\Fugue\bwv_846\Shi05M.mid,asap_metadata_performance,raw_normalized,70.754,99,70754,Bach/Fugue/bwv_846/Shi05M.mid,Bach,Fugue_bwv_846,Bach/Fugue/bwv_846
C:\Users\eagle\MARG_research\third_party\PianistTransformer\data\midis\asap-dataset-master\Bach\Fugue\bwv_846\Shi05M.mid,asap_metadata_performance,raw_normalized,70.773,127,70773,Bach/Fugue/bwv_846/Shi05M.mid,Bach,Fugue_bwv_846,Bach/Fugue/bwv_846
C:\Users\eagle\MARG_research\third_party\PianistTransformer\data\midis\asap-dataset-master\Bach\Fugue\bwv_846\Shi05M.mid,asap_metadata_performance,raw_normalized,71.171,123,71171,Bach/Fugue/bwv_846/Shi05M.mid,Bach,Fugue_bwv_846,Bach/Fugue/bwv_846
C:\Users\eagle\MARG_research\third_party\PianistTransformer\data\midis\asap-dataset-master\Bach\Fugue\bwv_846\Shi05M.mid,asap_metadata_performance,raw_normalized,71.19,111,71190,Bach/Fugue/bwv_846/Shi05M.mid,Bach,Fugue_bwv_846,Bach/Fugue/bwv_846
C:\Users\eagle\MARG_research\third_party\PianistTransformer\data\midis\asap-dataset-master\Bach\Fugue\bwv_846\Shi05M.mid,asap_metadata_performance,raw_normalized,71.21,103,71210,Bach/Fugue/bwv_846/Shi05M.mid,Bach,Fugue_bwv_846,Bach/Fugue/bwv_846
C:\Users\eagle\MARG_research\third_party\PianistTransformer\data\midis\asap-dataset-master\Bach\Fugue\bwv_846\Shi05M.mid,asap_metadata_performance,raw_normalized,71.229,96,71229,Bach/Fugue/bwv_846/Shi05M.mid,Bach,Fugue_bwv_846,Bach/Fugue/bwv_846
C:\Users\eagle\MARG_research\third_party\PianistTransformer\data\midis\asap-dataset-master\Bach\Fugue\bwv_846\Shi05M.mid,asap_metadata_performance,raw_normalized,71.259,87,71259,Bach/Fugue/bwv_846/Shi05M.mid,Bach,Fugue_bwv_846,Bach/Fugue/bwv_846
C:\Users\eagle\MARG_research\third_party\PianistTransformer\data\midis\asap-dataset-master\Bach\Fugue\bwv_846\Shi05M.mid,asap_metadata_performance,raw_normalized,71.279,81,71279,Bach/Fugue/bwv_846/Shi05M.mid,Bach,Fugue_bwv_846,Bach/Fugue/bwv_846
C:\Users\eagle\MARG_research\third_party\PianistTransformer\data\midis\asap-dataset-master\Bach\Fugue\bwv_846\Shi05M.mid,asap_metadata_performance,raw_normalized,71.297,74,71297,Bach/Fugue/bwv_846/Shi05M.mid,Bach,Fugue_bwv_846,Bach/Fugue/bwv_846
C:\Users\eagle\MARG_research\third_party\PianistTransformer\data\midis\asap-dataset-master\Bach\Fugue\bwv_846\Shi05M.mid,asap_metadata_performance,raw_normalized,71.318,67,71318,Bach/Fugue/bwv_846/Shi05M.mid,Bach,Fugue_bwv_846,Bach/Fugue/bwv_846
C:\Users\eagle\MARG_research\third_party\PianistTransformer\data\midis\asap-dataset-master\Bach\Fugue\bwv_846\Shi05M.mid,asap_metadata_performance,raw_normalized,71.337,59,71337,Bach/Fugue/bwv_846/Shi05M.mid,Bach,Fugue_bwv_846,Bach/Fugue/bwv_846
C:\Users\eagle\MARG_research\third_party\PianistTransformer\data\midis\asap-dataset-master\Bach\Fugue\bwv_846\Shi05M.mid,asap_metadata_performance,raw_normalized,71.358,50,71358,Bach/Fugue/bwv_846/Shi05M.mid,Bach,Fugue_bwv_846,Bach/Fugue/bwv_846
C:\Users\eagle\MARG_research\third_party\PianistTransformer\data\midis\asap-dataset-master\Bach\Fugue\bwv_846\Shi05M.mid,asap_metadata_performance,raw_normalized,71.378,46,71378,Bach/Fugue/bwv_846/Shi05M.mid,Bach,Fugue_bwv_846,Bach/Fugue/bwv_846
C:\Users\eagle\MARG_research\third_party\PianistTransformer\data\midis\asap-dataset-master\Bach\Fugue\bwv_846\Shi05M.mid,asap_metadata_performance,raw_normalized,71.397,45,71397,Bach/Fugue/bwv_846/Shi05M.mid,Bach,Fugue_bwv_846,Bach/Fugue/bwv_846
C:\Users\eagle\MARG_research\third_party\PianistTransformer\data\midis\asap-dataset-master\Bach\Fugue\bwv_846\Shi05M.mid,asap_metadata_performance,raw_normalized,71.417,43,71417,Bach/Fugue/bwv_846/Shi05M.mid,Bach,Fugue_bwv_846,Bach/Fugue/bwv_846
C:\Users\eagle\MARG_research\third_party\PianistTransformer\data\midis\asap-dataset-master\Bach\Fugue\bwv_846\Shi05M.mid,asap_metadata_performance,raw_normalized,71.436,40,71436,Bach/Fugue/bwv_846/Shi05M.mid,Bach,Fugue_bwv_846,Bach/Fugue/bwv_846
C:\Users\eagle\MARG_research\third_party\PianistTransformer\data\midis\asap-dataset-master\Bach\Fugue\bwv_846\Shi05M.mid,asap_metadata_performance,raw_normalized,71.457,36,71457,Bach/Fugue/bwv_846/Shi05M.mid,Bach,Fugue_bwv_846,Bach/Fugue/bwv_846
C:\Users\eagle\MARG_research\third_party\PianistTransformer\data\midis\asap-dataset-master\Bach\Fugue\bwv_846\Shi05M.mid,asap_metadata_performance,raw_normalized,71.477,31,71477,Bach/Fugue/bwv_846/Shi05M.mid,Bach,Fugue_bwv_846,Bach/Fugue/bwv_846
C:\Users\eagle\MARG_research\third_party\PianistTransformer\data\midis\asap-dataset-master\Bach\Fugue\bwv_846\Shi05M.mid,asap_metadata_performance,raw_normalized,71.496,0,71496,Bach/Fugue/bwv_846/Shi05M.mid,Bach,Fugue_bwv_846,Bach/Fugue/bwv_846
C:\Users\eagle\MARG_research\third_party\PianistTransformer\data\midis\asap-dataset-master\Bach\Fugue\bwv_846\Shi05M.mid,asap_metadata_performance,raw_normalized,73.299,42,73299,Bach/Fugue/bwv_846/Shi05M.mid,Bach,Fugue_bwv_846,Bach/Fugue/bwv_846
C:\Users\eagle\MARG_research\third_party\PianistTransformer\data\midis\asap-dataset-master\Bach\Fugue\bwv_846\Shi05M.mid,asap_metadata_performance,raw_normalized,73.319,60,73319,Bach/Fugue/bwv_846/Shi05M.mid,Bach,Fugue_bwv_846,Bach/Fugue/bwv_846
C:\Users\eagle\MARG_research\third_party\PianistTransformer\data\midis\asap-dataset-master\Bach\Fugue\bwv_846\Shi05M.mid,asap_metadata_performance,raw_normalized,73.34,67,73340,Bach/Fugue/bwv_846/Shi05M.mid,Bach,Fugue_bwv_846,Bach/Fugue/bwv_846
C:\Users\eagle\MARG_research\third_party\PianistTransformer\data\midis\asap-dataset-master\Bach\Fugue\bwv_846\Shi05M.mid,asap_metadata_performance,raw_normalized,73.359,73,73359,Bach/Fugue/bwv_846/Shi05M.mid,Bach,Fugue_bwv_846,Bach/Fugue/bwv_846
C:\Users\eagle\MARG_research\third_party\PianistTransformer\data\midis\asap-dataset-master\Bach\Fugue\bwv_846\Shi05M.mid,asap_metadata_performance,raw_normalized,73.379,81,73379,Bach/Fugue/bwv_846/Shi05M.mid,Bach,Fugue_bwv_846,Bach/Fugue/bwv_846
C:\Users\eagle\MARG_research\third_party\PianistTransformer\data\midis\asap-dataset-master\Bach\Fugue\bwv_846\Shi05M.mid,asap_metadata_performance,raw_normalized,73.398,94,73398,Bach/Fugue/bwv_846/Shi05M.mid,Bach,Fugue_bwv_846,Bach/Fugue/bwv_846
C:\Users\eagle\MARG_research\third_party\PianistTransformer\data\midis\asap-dataset-master\Bach\Fugue\bwv_846\Shi05M.mid,asap_metadata_performance,raw_normalized,73.418,106,73418,Bach/Fugue/bwv_846/Shi05M.mid,Bach,Fugue_bwv_846,Bach/Fugue/bwv_846
C:\Users\eagle\MARG_research\third_party\PianistTransformer\data\midis\asap-dataset-master\Bach\Fugue\bwv_846\Shi05M.mid,asap_metadata_performance,raw_normalized,73.439,117,73439,Bach/Fugue/bwv_846/Shi05M.mid,Bach,Fugue_bwv_846,Bach/Fugue/bwv_846
C:\Users\eagle\MARG_research\third_party\PianistTransformer\data\midis\asap-dataset-master\Bach\Fugue\bwv_846\Shi05M.mid,asap_metadata_performance,raw_normalized,73.458,127,73458,Bach/Fugue/bwv_846/Shi05M.mid,Bach,Fugue_bwv_846,Bach/Fugue/bwv_846
C:\Users\eagle\MARG_research\third_party\PianistTransformer\data\midis\asap-dataset-master\Bach\Fugue\bwv_846\Shi05M.mid,asap_metadata_performance,raw_normalized,73.776,102,73776,Bach/Fugue/bwv_846/Shi05M.mid,Bach,Fugue_bwv_846,Bach/Fugue/bwv_846
C:\Users\eagle\MARG_research\third_party\PianistTransformer\data\midis\asap-dataset-master\Bach\Fugue\bwv_846\Shi05M.mid,asap_metadata_performance,raw_normalized,73.794,82,73794,Bach/Fugue/bwv_846/Shi05M.mid,Bach,Fugue_bwv_846,Bach/Fugue/bwv_846
C:\Users\eagle\MARG_research\third_party\PianistTransformer\data\midis\asap-dataset-master\Bach\Fugue\bwv_846\Shi05M.mid,asap_metadata_performance,raw_normalized,73.815,69,73815,Bach/Fugue/bwv_846/Shi05M.mid,Bach,Fugue_bwv_846,Bach/Fugue/bwv_846
C:\Users\eagle\MARG_research\third_party\PianistTransformer\data\midis\asap-dataset-master\Bach\Fugue\bwv_846\Shi05M.mid,asap_metadata_performance,raw_normalized,73.835,59,73835,Bach/Fugue/bwv_846/Shi05M.mid,Bach,Fugue_bwv_846,Bach/Fugue/bwv_846
C:\Users\eagle\MARG_research\third_party\PianistTransformer\data\midis\asap-dataset-master\Bach\Fugue\bwv_846\Shi05M.mid,asap_metadata_performance,raw_normalized,73.855,56,73855,Bach/Fugue/bwv_846/Shi05M.mid,Bach,Fugue_bwv_846,Bach/Fugue/bwv_846
C:\Users\eagle\MARG_research\third_party\PianistTransformer\data\midis\asap-dataset-master\Bach\Fugue\bwv_846\Shi05M.mid,asap_metadata_performance,raw_normalized,73.875,61,73875,Bach/Fugue/bwv_846/Shi05M.mid,Bach,Fugue_bwv_846,Bach/Fugue/bwv_846
C:\Users\eagle\MARG_research\third_party\PianistTransformer\data\midis\asap-dataset-master\Bach\Fugue\bwv_846\Shi05M.mid,asap_metadata_performance,raw_normalized,73.893,67,73893,Bach/Fugue/bwv_846/Shi05M.mid,Bach,Fugue_bwv_846,Bach/Fugue/bwv_846
C:\Users\eagle\MARG_research\third_party\PianistTransformer\data\midis\asap-dataset-master\Bach\Fugue\bwv_846\Shi05M.mid,asap_metadata_performance,raw_normalized,73.914,76,73914,Bach/Fugue/bwv_846/Shi05M.mid,Bach,Fugue_bwv_846,Bach/Fugue/bwv_846
C:\Users\eagle\MARG_research\third_party\PianistTransformer\data\midis\asap-dataset-master\Bach\Fugue\bwv_846\Shi05M.mid,asap_metadata_performance,raw_normalized,73.934,89,73934,Bach/Fugue/bwv_846/Shi05M.mid,Bach,Fugue_bwv_846,Bach/Fugue/bwv_846
C:\Users\eagle\MARG_research\third_party\PianistTransformer\data\midis\asap-dataset-master\Bach\Fugue\bwv_846\Shi05M.mid,asap_metadata_performance,raw_normalized,73.952,101,73952,Bach/Fugue/bwv_846/Shi05M.mid,Bach,Fugue_bwv_846,Bach/Fugue/bwv_846
C:\Users\eagle\MARG_research\third_party\PianistTransformer\data\midis\asap-dataset-master\Bach\Fugue\bwv_846\Shi05M.mid,asap_metadata_performance,raw_normalized,73.973,111,73973,Bach/Fugue/bwv_846/Shi05M.mid,Bach,Fugue_bwv_846,Bach/Fugue/bwv_846
C:\Users\eagle\MARG_research\third_party\PianistTransformer\data\midis\asap-dataset-master\Bach\Fugue\bwv_846\Shi05M.mid,asap_metadata_performance,raw_normalized,73.992,123,73992,Bach/Fugue/bwv_846/Shi05M.mid,Bach,Fugue_bwv_846,Bach/Fugue/bwv_846
C:\Users\eagle\MARG_research\third_party\PianistTransformer\data\midis\asap-dataset-master\Bach\Fugue\bwv_846\Shi05M.mid,asap_metadata_performance,raw_normalized,74.013,127,74013,Bach/Fugue/bwv_846/Shi05M.mid,Bach,Fugue_bwv_846,Bach/Fugue/bwv_846
C:\Users\eagle\MARG_research\third_party\PianistTransformer\data\midis\asap-dataset-master\Bach\Fugue\bwv_846\Shi05M.mid,asap_metadata_performance,raw_normalized,74.172,121,74172,Bach/Fugue/bwv_846/Shi05M.mid,Bach,Fugue_bwv_846,Bach/Fugue/bwv_846
C:\Users\eagle\MARG_research\third_party\PianistTransformer\data\midis\asap-dataset-master\Bach\Fugue\bwv_846\Shi05M.mid,asap_metadata_performance,raw_normalized,74.191,115,74191,Bach/Fugue/bwv_846/Shi05M.mid,Bach,Fugue_bwv_846,Bach/Fugue/bwv_846
C:\Users\eagle\MARG_research\third_party\PianistTransformer\data\midis\asap-dataset-master\Bach\Fugue\bwv_846\Shi05M.mid,asap_metadata_performance,raw_normalized,74.211,113,74211,Bach/Fugue/bwv_846/Shi05M.mid,Bach,Fugue_bwv_846,Bach/Fugue/bwv_846
C:\Users\eagle\MARG_research\third_party\PianistTransformer\data\midis\asap-dataset-master\Bach\Fugue\bwv_846\Shi05M.mid,asap_metadata_performance,raw_normalized,74.259,110,74259,Bach/Fugue/bwv_846/Shi05M.mid,Bach,Fugue_bwv_846,Bach/Fugue/bwv_846
C:\Users\eagle\MARG_research\third_party\PianistTransformer\data\midis\asap-dataset-master\Bach\Fugue\bwv_846\Shi05M.mid,asap_metadata_performance,raw_normalized,74.299,106,74299,Bach/Fugue/bwv_846/Shi05M.mid,Bach,Fugue_bwv_846,Bach/Fugue/bwv_846
C:\Users\eagle\MARG_research\third_party\PianistTransformer\data\midis\asap-dataset-master\Bach\Fugue\bwv_846\Shi05M.mid,asap_metadata_performance,raw_normalized,74.319,103,74319,Bach/Fugue/bwv_846/Shi05M.mid,Bach,Fugue_bwv_846,Bach/Fugue/bwv_846
C:\Users\eagle\MARG_research\third_party\PianistTransformer\data\midis\asap-dataset-master\Bach\Fugue\bwv_846\Shi05M.mid,asap_metadata_performance,raw_normalized,74.339,99,74339,Bach/Fugue/bwv_846/Shi05M.mid,Bach,Fugue_bwv_846,Bach/Fugue/bwv_846
C:\Users\eagle\MARG_research\third_party\PianistTransformer\data\midis\asap-dataset-master\Bach\Fugue\bwv_846\Shi05M.mid,asap_metadata_performance,raw_normalized,74.358,95,74358,Bach/Fugue/bwv_846/Shi05M.mid,Bach,Fugue_bwv_846,Bach/Fugue/bwv_846
C:\Users\eagle\MARG_research\third_party\PianistTransformer\data\midis\asap-dataset-master\Bach\Fugue\bwv_846\Shi05M.mid,asap_metadata_performance,raw_normalized,74.379,89,74379,Bach/Fugue/bwv_846/Shi05M.mid,Bach,Fugue_bwv_846,Bach/Fugue/bwv_846
C:\Users\eagle\MARG_research\third_party\PianistTransformer\data\midis\asap-dataset-master\Bach\Fugue\bwv_846\Shi05M.mid,asap_metadata_performance,raw_normalized,74.398,81,74398,Bach/Fugue/bwv_846/Shi05M.mid,Bach,Fugue_bwv_846,Bach/Fugue/bwv_846
C:\Users\eagle\MARG_research\third_party\PianistTransformer\data\midis\asap-dataset-master\Bach\Fugue\bwv_846\Shi05M.mid,asap_metadata_performance,raw_normalized,74.418,71,74418,Bach/Fugue/bwv_846/Shi05M.mid,Bach,Fugue_bwv_846,Bach/Fugue/bwv_846
C:\Users\eagle\MARG_research\third_party\PianistTransformer\data\midis\asap-dataset-master\Bach\Fugue\bwv_846\Shi05M.mid,asap_metadata_performance,raw_normalized,74.439,60,74439,Bach/Fugue/bwv_846/Shi05M.mid,Bach,Fugue_bwv_846,Bach/Fugue/bwv_846
C:\Users\eagle\MARG_research\third_party\PianistTransformer\data\midis\asap-dataset-master\Bach\Fugue\bwv_846\Shi05M.mid,asap_metadata_performance,raw_normalized,74.458,37,74458,Bach/Fugue/bwv_846/Shi05M.mid,Bach,Fugue_bwv_846,Bach/Fugue/bwv_846
C:\Users\eagle\MARG_research\third_party\PianistTransformer\data\midis\asap-dataset-master\Bach\Fugue\bwv_846\Shi05M.mid,asap_metadata_performance,raw_normalized,74.479,0,74479,Bach/Fugue/bwv_846/Shi05M.mid,Bach,Fugue_bwv_846,Bach/Fugue/bwv_846
C:\Users\eagle\MARG_research\third_party\PianistTransformer\data\midis\asap-dataset-master\Bach\Fugue\bwv_846\Shi05M.mid,asap_metadata_performance,raw_normalized,75.112,43,75112,Bach/Fugue/bwv_846/Shi05M.mid,Bach,Fugue_bwv_846,Bach/Fugue/bwv_846
C:\Users\eagle\MARG_research\third_party\PianistTransformer\data\midis\asap-dataset-master\Bach\Fugue\bwv_846\Shi05M.mid,asap_metadata_performance,raw_normalized,75.132,62,75132,Bach/Fugue/bwv_846/Shi05M.mid,Bach,Fugue_bwv_846,Bach/Fugue/bwv_846
C:\Users\eagle\MARG_research\third_party\PianistTransformer\data\midis\asap-dataset-master\Bach\Fugue\bwv_846\Shi05M.mid,asap_metadata_performance,raw_normalized,75.15,67,75150,Bach/Fugue/bwv_846/Shi05M.mid,Bach,Fugue_bwv_846,Bach/Fugue/bwv_846
C:\Users\eagle\MARG_research\third_party\PianistTransformer\data\midis\asap-dataset-master\Bach\Fugue\bwv_846\Shi05M.mid,asap_metadata_performance,raw_normalized,75.171,73,75171,Bach/Fugue/bwv_846/Shi05M.mid,Bach,Fugue_bwv_846,Bach/Fugue/bwv_846
C:\Users\eagle\MARG_research\third_party\PianistTransformer\data\midis\asap-dataset-master\Bach\Fugue\bwv_846\Shi05M.mid,asap_metadata_performance,raw_normalized,75.19,80,75190,Bach/Fugue/bwv_846/Shi05M.mid,Bach,Fugue_bwv_846,Bach/Fugue/bwv_846
C:\Users\eagle\MARG_research\third_party\PianistTransformer\data\midis\asap-dataset-master\Bach\Fugue\bwv_846\Shi05M.mid,asap_metadata_performance,raw_normalized,75.211,90,75211,Bach/Fugue/bwv_846/Shi05M.mid,Bach,Fugue_bwv_846,Bach/Fugue/bwv_846
C:\Users\eagle\MARG_research\third_party\PianistTransformer\data\midis\asap-dataset-master\Bach\Fugue\bwv_846\Shi05M.mid,asap_metadata_performance,raw_normalized,75.229,105,75229,Bach/Fugue/bwv_846/Shi05M.mid,Bach,Fugue_bwv_846,Bach/Fugue/bwv_846
C:\Users\eagle\MARG_research\third_party\PianistTransformer\data\midis\asap-dataset-master\Bach\Fugue\bwv_846\Shi05M.mid,asap_metadata_performance,raw_normalized,75.258,127,75258,Bach/Fugue/bwv_846/Shi05M.mid,Bach,Fugue_bwv_846,Bach/Fugue/bwv_846
C:\Users\eagle\MARG_research\third_party\PianistTransformer\data\midis\asap-dataset-master\Bach\Fugue\bwv_846\Shi05M.mid,asap_metadata_performance,raw_normalized,75.595,120,75595,Bach/Fugue/bwv_846/Shi05M.mid,Bach,Fugue_bwv_846,Bach/Fugue/bwv_846
C:\Users\eagle\MARG_research\third_party\PianistTransformer\data\midis\asap-dataset-master\Bach\Fugue\bwv_846\Shi05M.mid,asap_metadata_performance,raw_normalized,75.615,107,75615,Bach/Fugue/bwv_846/Shi05M.mid,Bach,Fugue_bwv_846,Bach/Fugue/bwv_846
C:\Users\eagle\MARG_research\third_party\PianistTransformer\data\midis\asap-dataset-master\Bach\Fugue\bwv_846\Shi05M.mid,asap_metadata_performance,raw_normalized,75.635,93,75635,Bach/Fugue/bwv_846/Shi05M.mid,Bach,Fugue_bwv_846,Bach/Fugue/bwv_846
C:\Users\eagle\MARG_research\third_party\PianistTransformer\data\midis\asap-dataset-master\Bach\Fugue\bwv_846\Shi05M.mid,asap_metadata_performance,raw_normalized,75.655,76,75655,Bach/Fugue/bwv_846/Shi05M.mid,Bach,Fugue_bwv_846,Bach/Fugue/bwv_846
C:\Users\eagle\MARG_research\third_party\PianistTransformer\data\midis\asap-dataset-master\Bach\Fugue\bwv_846\Shi05M.mid,asap_metadata_performance,raw_normalized,75.673,62,75673,Bach/Fugue/bwv_846/Shi05M.mid,Bach,Fugue_bwv_846,Bach/Fugue/bwv_846
C:\Users\eagle\MARG_research\third_party\PianistTransformer\data\midis\asap-dataset-master\Bach\Fugue\bwv_846\Shi05M.mid,asap_metadata_performance,raw_normalized,75.694,41,75694,Bach/Fugue/bwv_846/Shi05M.mid,Bach,Fugue_bwv_846,Bach/Fugue/bwv_846
C:\Users\eagle\MARG_research\third_party\PianistTransformer\data\midis\asap-dataset-master\Bach\Fugue\bwv_846\Shi05M.mid,asap_metadata_performance,raw_normalized,75.714,0,75714,Bach/Fugue/bwv_846/Shi05M.mid,Bach,Fugue_bwv_846,Bach/Fugue/bwv_846
C:\Users\eagle\MARG_research\third_party\PianistTransformer\data\midis\asap-dataset-master\Bach\Fugue\bwv_846\Shi05M.mid,asap_metadata_performance,raw_normalized,75.793,53,75793,Bach/Fugue/bwv_846/Shi05M.mid,Bach,Fugue_bwv_846,Bach/Fugue/bwv_846
C:\Users\eagle\MARG_research\third_party\PianistTransformer\data\midis\asap-dataset-master\Bach\Fugue\bwv_846\Shi05M.mid,asap_metadata_performance,raw_normalized,75.812,67,75812,Bach/Fugue/bwv_846/Shi05M.mid,Bach,Fugue_bwv_846,Bach/Fugue/bwv_846
C:\Users\eagle\MARG_research\third_party\PianistTransformer\data\midis\asap-dataset-master\Bach\Fugue\bwv_846\Shi05M.mid,asap_metadata_performance,raw_normalized,75.835,75,75835,Bach/Fugue/bwv_846/Shi05M.mid,Bach,Fugue_bwv_846,Bach/Fugue/bwv_846
C:\Users\eagle\MARG_research\third_party\PianistTransformer\data\midis\asap-dataset-master\Bach\Fugue\bwv_846\Shi05M.mid,asap_metadata_performance,raw_normalized,75.854,85,75854,Bach/Fugue/bwv_846/Shi05M.mid,Bach,Fugue_bwv_846,Bach/Fugue/bwv_846
C:\Users\eagle\MARG_research\third_party\PianistTransformer\data\midis\asap-dataset-master\Bach\Fugue\bwv_846\Shi05M.mid,asap_metadata_performance,raw_normalized,75.874,95,75874,Bach/Fugue/bwv_846/Shi05M.mid,Bach,Fugue_bwv_846,Bach/Fugue/bwv_846
C:\Users\eagle\MARG_research\third_party\PianistTransformer\data\midis\asap-dataset-master\Bach\Fugue\bwv_846\Shi05M.mid,asap_metadata_performance,raw_normalized,75.893,107,75893,Bach/Fugue/bwv_846/Shi05M.mid,Bach,Fugue_bwv_846,Bach/Fugue/bwv_846
C:\Users\eagle\MARG_research\third_party\PianistTransformer\data\midis\asap-dataset-master\Bach\Fugue\bwv_846\Shi05M.mid,asap_metadata_performance,raw_normalized,75.913,118,75913,Bach/Fugue/bwv_846/Shi05M.mid,Bach,Fugue_bwv_846,Bach/Fugue/bwv_846
C:\Users\eagle\MARG_research\third_party\PianistTransformer\data\midis\asap-dataset-master\Bach\Fugue\bwv_846\Shi05M.mid,asap_metadata_performance,raw_normalized,76.132,123,76132,Bach/Fugue/bwv_846/Shi05M.mid,Bach,Fugue_bwv_846,Bach/Fugue/bwv_846
C:\Users\eagle\MARG_research\third_party\PianistTransformer\data\midis\asap-dataset-master\Bach\Fugue\bwv_846\Shi05M.mid,asap_metadata_performance,raw_normalized,76.171,126,76171,Bach/Fugue/bwv_846/Shi05M.mid,Bach,Fugue_bwv_846,Bach/Fugue/bwv_846
C:\Users\eagle\MARG_research\third_party\PianistTransformer\data\midis\asap-dataset-master\Bach\Fugue\bwv_846\Shi05M.mid,asap_metadata_performance,raw_normalized,76.28,118,76280,Bach/Fugue/bwv_846/Shi05M.mid,Bach,Fugue_bwv_846,Bach/Fugue/bwv_846
C:\Users\eagle\MARG_research\third_party\PianistTransformer\data\midis\asap-dataset-master\Bach\Fugue\bwv_846\Shi05M.mid,asap_metadata_performance,raw_normalized,76.299,104,76299,Bach/Fugue/bwv_846/Shi05M.mid,Bach,Fugue_bwv_846,Bach/Fugue/bwv_846
C:\Users\eagle\MARG_research\third_party\PianistTransformer\data\midis\asap-dataset-master\Bach\Fugue\bwv_846\Shi05M.mid,asap_metadata_performance,raw_normalized,76.32,87,76320,Bach/Fugue/bwv_846/Shi05M.mid,Bach,Fugue_bwv_846,Bach/Fugue/bwv_846
C:\Users\eagle\MARG_research\third_party\PianistTransformer\data\midis\asap-dataset-master\Bach\Fugue\bwv_846\Shi05M.mid,asap_metadata_performance,raw_normalized,76.339,73,76339,Bach/Fugue/bwv_846/Shi05M.mid,Bach,Fugue_bwv_846,Bach/Fugue/bwv_846
C:\Users\eagle\MARG_research\third_party\PianistTransformer\data\midis\asap-dataset-master\Bach\Fugue\bwv_846\Shi05M.mid,asap_metadata_performance,raw_normalized,76.359,59,76359,Bach/Fugue/bwv_846/Shi05M.mid,Bach,Fugue_bwv_846,Bach/Fugue/bwv_846
C:\Users\eagle\MARG_research\third_party\PianistTransformer\data\midis\asap-dataset-master\Bach\Fugue\bwv_846\Shi05M.mid,asap_metadata_performance,raw_normalized,76.379,35,76379,Bach/Fugue/bwv_846/Shi05M.mid,Bach,Fugue_bwv_846,Bach/Fugue/bwv_846
C:\Users\eagle\MARG_research\third_party\PianistTransformer\data\midis\asap-dataset-master\Bach\Fugue\bwv_846\Shi05M.mid,asap_metadata_performance,raw_normalized,76.398,0,76398,Bach/Fugue/bwv_846/Shi05M.mid,Bach,Fugue_bwv_846,Bach/Fugue/bwv_846
C:\Users\eagle\MARG_research\third_party\PianistTransformer\data\midis\asap-dataset-master\Bach\Fugue\bwv_846\Shi05M.mid,asap_metadata_performance,raw_normalized,76.419,32,76419,Bach/Fugue/bwv_846/Shi05M.mid,Bach,Fugue_bwv_846,Bach/Fugue/bwv_846
C:\Users\eagle\MARG_research\third_party\PianistTransformer\data\midis\asap-dataset-master\Bach\Fugue\bwv_846\Shi05M.mid,asap_metadata_performance,raw_normalized,76.438,49,76438,Bach/Fugue/bwv_846/Shi05M.mid,Bach,Fugue_bwv_846,Bach/Fugue/bwv_846
C:\Users\eagle\MARG_research\third_party\PianistTransformer\data\midis\asap-dataset-master\Bach\Fugue\bwv_846\Shi05M.mid,asap_metadata_performance,raw_normalized,76.458,66,76458,Bach/Fugue/bwv_846/Shi05M.mid,Bach,Fugue_bwv_846,Bach/Fugue/bwv_846
C:\Users\eagle\MARG_research\third_party\PianistTransformer\data\midis\asap-dataset-master\Bach\Fugue\bwv_846\Shi05M.mid,asap_metadata_performance,raw_normalized,76.478,75,76478,Bach/Fugue/bwv_846/Shi05M.mid,Bach,Fugue_bwv_846,Bach/Fugue/bwv_846
C:\Users\eagle\MARG_research\third_party\PianistTransformer\data\midis\asap-dataset-master\Bach\Fugue\bwv_846\Shi05M.mid,asap_metadata_performance,raw_normalized,76.496,83,76496,Bach/Fugue/bwv_846/Shi05M.mid,Bach,Fugue_bwv_846,Bach/Fugue/bwv_846
C:\Users\eagle\MARG_research\third_party\PianistTransformer\data\midis\asap-dataset-master\Bach\Fugue\bwv_846\Shi05M.mid,asap_metadata_performance,raw_normalized,76.517,88,76517,Bach/Fugue/bwv_846/Shi05M.mid,Bach,Fugue_bwv_846,Bach/Fugue/bwv_846
C:\Users\eagle\MARG_research\third_party\PianistTransformer\data\midis\asap-dataset-master\Bach\Fugue\bwv_846\Shi05M.mid,asap_metadata_performance,raw_normalized,76.536,91,76536,Bach/Fugue/bwv_846/Shi05M.mid,Bach,Fugue_bwv_846,Bach/Fugue/bwv_846
C:\Users\eagle\MARG_research\third_party\PianistTransformer\data\midis\asap-dataset-master\Bach\Fugue\bwv_846\Shi05M.mid,asap_metadata_performance,raw_normalized,76.556,92,76556,Bach/Fugue/bwv_846/Shi05M.mid,Bach,Fugue_bwv_846,Bach/Fugue/bwv_846
C:\Users\eagle\MARG_research\third_party\PianistTransformer\data\midis\asap-dataset-master\Bach\Fugue\bwv_846\Shi05M.mid,asap_metadata_performance,raw_normalized,76.695,91,76695,Bach/Fugue/bwv_846/Shi05M.mid,Bach,Fugue_bwv_846,Bach/Fugue/bwv_846
C:\Users\eagle\MARG_research\third_party\PianistTransformer\data\midis\asap-dataset-master\Bach\Fugue\bwv_846\Shi05M.mid,asap_metadata_performance,raw_normalized,76.715,89,76715,Bach/Fugue/bwv_846/Shi05M.mid,Bach,Fugue_bwv_846,Bach/Fugue/bwv_846
C:\Users\eagle\MARG_research\third_party\PianistTransformer\data\midis\asap-dataset-master\Bach\Fugue\bwv_846\Shi05M.mid,asap_metadata_performance,raw_normalized,76.736,88,76736,Bach/Fugue/bwv_846/Shi05M.mid,Bach,Fugue_bwv_846,Bach/Fugue/bwv_846
C:\Users\eagle\MARG_research\third_party\PianistTransformer\data\midis\asap-dataset-master\Bach\Fugue\bwv_846\Shi05M.mid,asap_metadata_performance,raw_normalized,76.775,88,76775,Bach/Fugue/bwv_846/Shi05M.mid,Bach,Fugue_bwv_846,Bach/Fugue/bwv_846
C:\Users\eagle\MARG_research\third_party\PianistTransformer\data\midis\asap-dataset-master\Bach\Fugue\bwv_846\Shi05M.mid,asap_metadata_performance,raw_normalized,76.794,87,76794,Bach/Fugue/bwv_846/Shi05M.mid,Bach,Fugue_bwv_846,Bach/Fugue/bwv_846
C:\Users\eagle\MARG_research\third_party\PianistTransformer\data\midis\asap-dataset-master\Bach\Fugue\bwv_846\Shi05M.mid,asap_metadata_performance,raw_normalized,76.814,85,76814,Bach/Fugue/bwv_846/Shi05M.mid,Bach,Fugue_bwv_846,Bach/Fugue/bwv_846
C:\Users\eagle\MARG_research\third_party\PianistTransformer\data\midis\asap-dataset-master\Bach\Fugue\bwv_846\Shi05M.mid,asap_metadata_performance,raw_normalized,76.835,83,76835,Bach/Fugue/bwv_846/Shi05M.mid,Bach,Fugue_bwv_846,Bach/Fugue/bwv_846
C:\Users\eagle\MARG_research\third_party\PianistTransformer\data\midis\asap-dataset-master\Bach\Fugue\bwv_846\Shi05M.mid,asap_metadata_performance,raw_normalized,76.853,82,76853,Bach/Fugue/bwv_846/Shi05M.mid,Bach,Fugue_bwv_846,Bach/Fugue/bwv_846
C:\Users\eagle\MARG_research\third_party\PianistTransformer\data\midis\asap-dataset-master\Bach\Fugue\bwv_846\Shi05M.mid,asap_metadata_performance,raw_normalized,76.872,82,76872,Bach/Fugue/bwv_846/Shi05M.mid,Bach,Fugue_bwv_846,Bach/Fugue/bwv_846
C:\Users\eagle\MARG_research\third_party\PianistTransformer\data\midis\asap-dataset-master\Bach\Fugue\bwv_846\Shi05M.mid,asap_metadata_performance,raw_normalized,76.895,81,76895,Bach/Fugue/bwv_846/Shi05M.mid,Bach,Fugue_bwv_846,Bach/Fugue/bwv_846
C:\Users\eagle\MARG_research\third_party\PianistTransformer\data\midis\asap-dataset-master\Bach\Fugue\bwv_846\Shi05M.mid,asap_metadata_performance,raw_normalized,76.914,78,76914,Bach/Fugue/bwv_846/Shi05M.mid,Bach,Fugue_bwv_846,Bach/Fugue/bwv_846
C:\Users\eagle\MARG_research\third_party\PianistTransformer\data\midis\asap-dataset-master\Bach\Fugue\bwv_846\Shi05M.mid,asap_metadata_performance,raw_normalized,76.935,74,76935,Bach/Fugue/bwv_846/Shi05M.mid,Bach,Fugue_bwv_846,Bach/Fugue/bwv_846
C:\Users\eagle\MARG_research\third_party\PianistTransformer\data\midis\asap-dataset-master\Bach\Fugue\bwv_846\Shi05M.mid,asap_metadata_performance,raw_normalized,76.954,70,76954,Bach/Fugue/bwv_846/Shi05M.mid,Bach,Fugue_bwv_846,Bach/Fugue/bwv_846
C:\Users\eagle\MARG_research\third_party\PianistTransformer\data\midis\asap-dataset-master\Bach\Fugue\bwv_846\Shi05M.mid,asap_metadata_performance,raw_normalized,76.974,65,76974,Bach/Fugue/bwv_846/Shi05M.mid,Bach,Fugue_bwv_846,Bach/Fugue/bwv_846
C:\Users\eagle\MARG_research\third_party\PianistTransformer\data\midis\asap-dataset-master\Bach\Fugue\bwv_846\Shi05M.mid,asap_metadata_performance,raw_normalized,76.993,57,76993,Bach/Fugue/bwv_846/Shi05M.mid,Bach,Fugue_bwv_846,Bach/Fugue/bwv_846
C:\Users\eagle\MARG_research\third_party\PianistTransformer\data\midis\asap-dataset-master\Bach\Fugue\bwv_846\Shi05M.mid,asap_metadata_performance,raw_normalized,77.013,49,77013,Bach/Fugue/bwv_846/Shi05M.mid,Bach,Fugue_bwv_846,Bach/Fugue/bwv_846
C:\Users\eagle\MARG_research\third_party\PianistTransformer\data\midis\asap-dataset-master\Bach\Fugue\bwv_846\Shi05M.mid,asap_metadata_performance,raw_normalized,77.034,43,77034,Bach/Fugue/bwv_846/Shi05M.mid,Bach,Fugue_bwv_846,Bach/Fugue/bwv_846
C:\Users\eagle\MARG_research\third_party\PianistTransformer\data\midis\asap-dataset-master\Bach\Fugue\bwv_846\Shi05M.mid,asap_metadata_performance,raw_normalized,77.052,40,77052,Bach/Fugue/bwv_846/Shi05M.mid,Bach,Fugue_bwv_846,Bach/Fugue/bwv_846
C:\Users\eagle\MARG_research\third_party\PianistTransformer\data\midis\asap-dataset-master\Bach\Fugue\bwv_846\Shi05M.mid,asap_metadata_performance,raw_normalized,77.072,39,77072,Bach/Fugue/bwv_846/Shi05M.mid,Bach,Fugue_bwv_846,Bach/Fugue/bwv_846
C:\Users\eagle\MARG_research\third_party\PianistTransformer\data\midis\asap-dataset-master\Bach\Fugue\bwv_846\Shi05M.mid,asap_metadata_performance,raw_normalized,77.092,39,77092,Bach/Fugue/bwv_846/Shi05M.mid,Bach,Fugue_bwv_846,Bach/Fugue/bwv_846
C:\Users\eagle\MARG_research\third_party\PianistTransformer\data\midis\asap-dataset-master\Bach\Fugue\bwv_846\Shi05M.mid,asap_metadata_performance,raw_normalized,77.112,42,77112,Bach/Fugue/bwv_846/Shi05M.mid,Bach,Fugue_bwv_846,Bach/Fugue/bwv_846
C:\Users\eagle\MARG_research\third_party\PianistTransformer\data\midis\asap-dataset-master\Bach\Fugue\bwv_846\Shi05M.mid,asap_metadata_performance,raw_normalized,77.132,49,77132,Bach/Fugue/bwv_846/Shi05M.mid,Bach,Fugue_bwv_846,Bach/Fugue/bwv_846
C:\Users\eagle\MARG_research\third_party\PianistTransformer\data\midis\asap-dataset-master\Bach\Fugue\bwv_846\Shi05M.mid,asap_metadata_performance,raw_normalized,77.151,58,77151,Bach/Fugue/bwv_846/Shi05M.mid,Bach,Fugue_bwv_846,Bach/Fugue/bwv_846
C:\Users\eagle\MARG_research\third_party\PianistTransformer\data\midis\asap-dataset-master\Bach\Fugue\bwv_846\Shi05M.mid,asap_metadata_performance,raw_normalized,77.171,64,77171,Bach/Fugue/bwv_846/Shi05M.mid,Bach,Fugue_bwv_846,Bach/Fugue/bwv_846
C:\Users\eagle\MARG_research\third_party\PianistTransformer\data\midis\asap-dataset-master\Bach\Fugue\bwv_846\Shi05M.mid,asap_metadata_performance,raw_normalized,77.191,68,77191,Bach/Fugue/bwv_846/Shi05M.mid,Bach,Fugue_bwv_846,Bach/Fugue/bwv_846
C:\Users\eagle\MARG_research\third_party\PianistTransformer\data\midis\asap-dataset-master\Bach\Fugue\bwv_846\Shi05M.mid,asap_metadata_performance,raw_normalized,77.211,72,77211,Bach/Fugue/bwv_846/Shi05M.mid,Bach,Fugue_bwv_846,Bach/Fugue/bwv_846
C:\Users\eagle\MARG_research\third_party\PianistTransformer\data\midis\asap-dataset-master\Bach\Fugue\bwv_846\Shi05M.mid,asap_metadata_performance,raw_normalized,77.23,77,77230,Bach/Fugue/bwv_846/Shi05M.mid,Bach,Fugue_bwv_846,Bach/Fugue/bwv_846
C:\Users\eagle\MARG_research\third_party\PianistTransformer\data\midis\asap-dataset-master\Bach\Fugue\bwv_846\Shi05M.mid,asap_metadata_performance,raw_normalized,77.26,82,77260,Bach/Fugue/bwv_846/Shi05M.mid,Bach,Fugue_bwv_846,Bach/Fugue/bwv_846
C:\Users\eagle\MARG_research\third_party\PianistTransformer\data\midis\asap-dataset-master\Bach\Fugue\bwv_846\Shi05M.mid,asap_metadata_performance,raw_normalized,77.28,86,77280,Bach/Fugue/bwv_846/Shi05M.mid,Bach,Fugue_bwv_846,Bach/Fugue/bwv_846
C:\Users\eagle\MARG_research\third_party\PianistTransformer\data\midis\asap-dataset-master\Bach\Fugue\bwv_846\Shi05M.mid,asap_metadata_performance,raw_normalized,77.301,90,77301,Bach/Fugue/bwv_846/Shi05M.mid,Bach,Fugue_bwv_846,Bach/Fugue/bwv_846
C:\Users\eagle\MARG_research\third_party\PianistTransformer\data\midis\asap-dataset-master\Bach\Fugue\bwv_846\Shi05M.mid,asap_metadata_performance,raw_normalized,77.32,92,77320,Bach/Fugue/bwv_846/Shi05M.mid,Bach,Fugue_bwv_846,Bach/Fugue/bwv_846
C:\Users\eagle\MARG_research\third_party\PianistTransformer\data\midis\asap-dataset-master\Bach\Fugue\bwv_846\Shi05M.mid,asap_metadata_performance,raw_normalized,77.339,92,77339,Bach/Fugue/bwv_846/Shi05M.mid,Bach,Fugue_bwv_846,Bach/Fugue/bwv_846
C:\Users\eagle\MARG_research\third_party\PianistTransformer\data\midis\asap-dataset-master\Bach\Fugue\bwv_846\Shi05M.mid,asap_metadata_performance,raw_normalized,77.478,91,77478,Bach/Fugue/bwv_846/Shi05M.mid,Bach,Fugue_bwv_846,Bach/Fugue/bwv_846
C:\Users\eagle\MARG_research\third_party\PianistTransformer\data\midis\asap-dataset-master\Bach\Fugue\bwv_846\Shi05M.mid,asap_metadata_performance,raw_normalized,77.497,88,77497,Bach/Fugue/bwv_846/Shi05M.mid,Bach,Fugue_bwv_846,Bach/Fugue/bwv_846
C:\Users\eagle\MARG_research\third_party\PianistTransformer\data\midis\asap-dataset-master\Bach\Fugue\bwv_846\Shi05M.mid,asap_metadata_performance,raw_normalized,77.518,82,77518,Bach/Fugue/bwv_846/Shi05M.mid,Bach,Fugue_bwv_846,Bach/Fugue/bwv_846
C:\Users\eagle\MARG_research\third_party\PianistTransformer\data\midis\asap-dataset-master\Bach\Fugue\bwv_846\Shi05M.mid,asap_metadata_performance,raw_normalized,77.536,74,77536,Bach/Fugue/bwv_846/Shi05M.mid,Bach,Fugue_bwv_846,Bach/Fugue/bwv_846
C:\Users\eagle\MARG_research\third_party\PianistTransformer\data\midis\asap-dataset-master\Bach\Fugue\bwv_846\Shi05M.mid,asap_metadata_performance,raw_normalized,77.557,65,77557,Bach/Fugue/bwv_846/Shi05M.mid,Bach,Fugue_bwv_846,Bach/Fugue/bwv_846
C:\Users\eagle\MARG_research\third_party\PianistTransformer\data\midis\asap-dataset-master\Bach\Fugue\bwv_846\Shi05M.mid,asap_metadata_performance,raw_normalized,77.577,55,77577,Bach/Fugue/bwv_846/Shi05M.mid,Bach,Fugue_bwv_846,Bach/Fugue/bwv_846
C:\Users\eagle\MARG_research\third_party\PianistTransformer\data\midis\asap-dataset-master\Bach\Fugue\bwv_846\Shi05M.mid,asap_metadata_performance,raw_normalized,77.595,45,77595,Bach/Fugue/bwv_846/Shi05M.mid,Bach,Fugue_bwv_846,Bach/Fugue/bwv_846
C:\Users\eagle\MARG_research\third_party\PianistTransformer\data\midis\asap-dataset-master\Bach\Fugue\bwv_846\Shi05M.mid,asap_metadata_performance,raw_normalized,77.616,44,77616,Bach/Fugue/bwv_846/Shi05M.mid,Bach,Fugue_bwv_846,Bach/Fugue/bwv_846
C:\Users\eagle\MARG_research\third_party\PianistTransformer\data\midis\asap-dataset-master\Bach\Fugue\bwv_846\Shi05M.mid,asap_metadata_performance,raw_normalized,77.694,44,77694,Bach/Fugue/bwv_846/Shi05M.mid,Bach,Fugue_bwv_846,Bach/Fugue/bwv_846
C:\Users\eagle\MARG_research\third_party\PianistTransformer\data\midis\asap-dataset-master\Bach\Fugue\bwv_846\Shi05M.mid,asap_metadata_performance,raw_normalized,77.853,43,77853,Bach/Fugue/bwv_846/Shi05M.mid,Bach,Fugue_bwv_846,Bach/Fugue/bwv_846
C:\Users\eagle\MARG_research\third_party\PianistTransformer\data\midis\asap-dataset-master\Bach\Fugue\bwv_846\Shi05M.mid,asap_metadata_performance,raw_normalized,77.893,43,77893,Bach/Fugue/bwv_846/Shi05M.mid,Bach,Fugue_bwv_846,Bach/Fugue/bwv_846
C:\Users\eagle\MARG_research\third_party\PianistTransformer\data\midis\asap-dataset-master\Bach\Fugue\bwv_846\Shi05M.mid,asap_metadata_performance,raw_normalized,77.913,42,77913,Bach/Fugue/bwv_846/Shi05M.mid,Bach,Fugue_bwv_846,Bach/Fugue/bwv_846
C:\Users\eagle\MARG_research\third_party\PianistTransformer\data\midis\asap-dataset-master\Bach\Fugue\bwv_846\Shi05M.mid,asap_metadata_performance,raw_normalized,77.934,41,77934,Bach/Fugue/bwv_846/Shi05M.mid,Bach,Fugue_bwv_846,Bach/Fugue/bwv_846
C:\Users\eagle\MARG_research\third_party\PianistTransformer\data\midis\asap-dataset-master\Bach\Fugue\bwv_846\Shi05M.mid,asap_metadata_performance,raw_normalized,77.953,40,77953,Bach/Fugue/bwv_846/Shi05M.mid,Bach,Fugue_bwv_846,Bach/Fugue/bwv_846
C:\Users\eagle\MARG_research\third_party\PianistTransformer\data\midis\asap-dataset-master\Bach\Fugue\bwv_846\Shi05M.mid,asap_metadata_performance,raw_normalized,77.974,38,77974,Bach/Fugue/bwv_846/Shi05M.mid,Bach,Fugue_bwv_846,Bach/Fugue/bwv_846
C:\Users\eagle\MARG_research\third_party\PianistTransformer\data\midis\asap-dataset-master\Bach\Fugue\bwv_846\Shi05M.mid,asap_metadata_performance,raw_normalized,77.993,35,77993,Bach/Fugue/bwv_846/Shi05M.mid,Bach,Fugue_bwv_846,Bach/Fugue/bwv_846
C:\Users\eagle\MARG_research\third_party\PianistTransformer\data\midis\asap-dataset-master\Bach\Fugue\bwv_846\Shi05M.mid,asap_metadata_performance,raw_normalized,78.013,33,78013,Bach/Fugue/bwv_846/Shi05M.mid,Bach,Fugue_bwv_846,Bach/Fugue/bwv_846
C:\Users\eagle\MARG_research\third_party\PianistTransformer\data\midis\asap-dataset-master\Bach\Fugue\bwv_846\Shi05M.mid,asap_metadata_performance,raw_normalized,78.034,0,78034,Bach/Fugue/bwv_846/Shi05M.mid,Bach,Fugue_bwv_846,Bach/Fugue/bwv_846
C:\Users\eagle\MARG_research\third_party\PianistTransformer\data\midis\asap-dataset-master\Bach\Fugue\bwv_846\Shi05M.mid,asap_metadata_performance,raw_normalized,78.171,31,78171,Bach/Fugue/bwv_846/Shi05M.mid,Bach,Fugue_bwv_846,Bach/Fugue/bwv_846
C:\Users\eagle\MARG_research\third_party\PianistTransformer\data\midis\asap-dataset-master\Bach\Fugue\bwv_846\Shi05M.mid,asap_metadata_performance,raw_normalized,78.191,41,78191,Bach/Fugue/bwv_846/Shi05M.mid,Bach,Fugue_bwv_846,Bach/Fugue/bwv_846
C:\Users\eagle\MARG_research\third_party\PianistTransformer\data\midis\asap-dataset-master\Bach\Fugue\bwv_846\Shi05M.mid,asap_metadata_performance,raw_normalized,78.211,54,78211,Bach/Fugue/bwv_846/Shi05M.mid,Bach,Fugue_bwv_846,Bach/Fugue/bwv_846
C:\Users\eagle\MARG_research\third_party\PianistTransformer\data\midis\asap-dataset-master\Bach\Fugue\bwv_846\Shi05M.mid,asap_metadata_performance,raw_normalized,78.232,63,78232,Bach/Fugue/bwv_846/Shi05M.mid,Bach,Fugue_bwv_846,Bach/Fugue/bwv_846
C:\Users\eagle\MARG_research\third_party\PianistTransformer\data\midis\asap-dataset-master\Bach\Fugue\bwv_846\Shi05M.mid,asap_metadata_performance,raw_normalized,78.26,70,78260,Bach/Fugue/bwv_846/Shi05M.mid,Bach,Fugue_bwv_846,Bach/Fugue/bwv_846
C:\Users\eagle\MARG_research\third_party\PianistTransformer\data\midis\asap-dataset-master\Bach\Fugue\bwv_846\Shi05M.mid,asap_metadata_performance,raw_normalized,78.279,78,78279,Bach/Fugue/bwv_846/Shi05M.mid,Bach,Fugue_bwv_846,Bach/Fugue/bwv_846
C:\Users\eagle\MARG_research\third_party\PianistTransformer\data\midis\asap-dataset-master\Bach\Fugue\bwv_846\Shi05M.mid,asap_metadata_performance,raw_normalized,78.299,89,78299,Bach/Fugue/bwv_846/Shi05M.mid,Bach,Fugue_bwv_846,Bach/Fugue/bwv_846
C:\Users\eagle\MARG_research\third_party\PianistTransformer\data\midis\asap-dataset-master\Bach\Fugue\bwv_846\Shi05M.mid,asap_metadata_performance,raw_normalized,78.319,104,78319,Bach/Fugue/bwv_846/Shi05M.mid,Bach,Fugue_bwv_846,Bach/Fugue/bwv_846
C:\Users\eagle\MARG_research\third_party\PianistTransformer\data\midis\asap-dataset-master\Bach\Fugue\bwv_846\Shi05M.mid,asap_metadata_performance,raw_normalized,78.34,127,78340,Bach/Fugue/bwv_846/Shi05M.mid,Bach,Fugue_bwv_846,Bach/Fugue/bwv_846
C:\Users\eagle\MARG_research\third_party\PianistTransformer\data\midis\asap-dataset-master\Bach\Fugue\bwv_846\Shi05M.mid,asap_metadata_performance,raw_normalized,78.755,105,78755,Bach/Fugue/bwv_846/Shi05M.mid,Bach,Fugue_bwv_846,Bach/Fugue/bwv_846
C:\Users\eagle\MARG_research\third_party\PianistTransformer\data\midis\asap-dataset-master\Bach\Fugue\bwv_846\Shi05M.mid,asap_metadata_performance,raw_normalized,78.775,85,78775,Bach/Fugue/bwv_846/Shi05M.mid,Bach,Fugue_bwv_846,Bach/Fugue/bwv_846
C:\Users\eagle\MARG_research\third_party\PianistTransformer\data\midis\asap-dataset-master\Bach\Fugue\bwv_846\Shi05M.mid,asap_metadata_performance,raw_normalized,78.793,70,78793,Bach/Fugue/bwv_846/Shi05M.mid,Bach,Fugue_bwv_846,Bach/Fugue/bwv_846
C:\Users\eagle\MARG_research\third_party\PianistTransformer\data\midis\asap-dataset-master\Bach\Fugue\bwv_846\Shi05M.mid,asap_metadata_performance,raw_normalized,78.814,58,78814,Bach/Fugue/bwv_846/Shi05M.mid,Bach,Fugue_bwv_846,Bach/Fugue/bwv_846
C:\Users\eagle\MARG_research\third_party\PianistTransformer\data\midis\asap-dataset-master\Bach\Fugue\bwv_846\Shi05M.mid,asap_metadata_performance,raw_normalized,78.833,42,78833,Bach/Fugue/bwv_846/Shi05M.mid,Bach,Fugue_bwv_846,Bach/Fugue/bwv_846
C:\Users\eagle\MARG_research\third_party\PianistTransformer\data\midis\asap-dataset-master\Bach\Fugue\bwv_846\Shi05M.mid,asap_metadata_performance,raw_normalized,78.854,39,78854,Bach/Fugue/bwv_846/Shi05M.mid,Bach,Fugue_bwv_846,Bach/Fugue/bwv_846
C:\Users\eagle\MARG_research\third_party\PianistTransformer\data\midis\asap-dataset-master\Bach\Fugue\bwv_846\Shi05M.mid,asap_metadata_performance,raw_normalized,78.874,44,78874,Bach/Fugue/bwv_846/Shi05M.mid,Bach,Fugue_bwv_846,Bach/Fugue/bwv_846
C:\Users\eagle\MARG_research\third_party\PianistTransformer\data\midis\asap-dataset-master\Bach\Fugue\bwv_846\Shi05M.mid,asap_metadata_performance,raw_normalized,78.893,53,78893,Bach/Fugue/bwv_846/Shi05M.mid,Bach,Fugue_bwv_846,Bach/Fugue/bwv_846
C:\Users\eagle\MARG_research\third_party\PianistTransformer\data\midis\asap-dataset-master\Bach\Fugue\bwv_846\Shi05M.mid,asap_metadata_performance,raw_normalized,78.913,63,78913,Bach/Fugue/bwv_846/Shi05M.mid,Bach,Fugue_bwv_846,Bach/Fugue/bwv_846
C:\Users\eagle\MARG_research\third_party\PianistTransformer\data\midis\asap-dataset-master\Bach\Fugue\bwv_846\Shi05M.mid,asap_metadata_performance,raw_normalized,78.932,70,78932,Bach/Fugue/bwv_846/Shi05M.mid,Bach,Fugue_bwv_846,Bach/Fugue/bwv_846
C:\Users\eagle\MARG_research\third_party\PianistTransformer\data\midis\asap-dataset-master\Bach\Fugue\bwv_846\Shi05M.mid,asap_metadata_performance,raw_normalized,78.952,79,78952,Bach/Fugue/bwv_846/Shi05M.mid,Bach,Fugue_bwv_846,Bach/Fugue/bwv_846
C:\Users\eagle\MARG_research\third_party\PianistTransformer\data\midis\asap-dataset-master\Bach\Fugue\bwv_846\Shi05M.mid,asap_metadata_performance,raw_normalized,78.973,93,78973,Bach/Fugue/bwv_846/Shi05M.mid,Bach,Fugue_bwv_846,Bach/Fugue/bwv_846
C:\Users\eagle\MARG_research\third_party\PianistTransformer\data\midis\asap-dataset-master\Bach\Fugue\bwv_846\Shi05M.mid,asap_metadata_performance,raw_normalized,78.992,109,78992,Bach/Fugue/bwv_846/Shi05M.mid,Bach,Fugue_bwv_846,Bach/Fugue/bwv_846
C:\Users\eagle\MARG_research\third_party\PianistTransformer\data\midis\asap-dataset-master\Bach\Fugue\bwv_846\Shi05M.mid,asap_metadata_performance,raw_normalized,79.013,127,79013,Bach/Fugue/bwv_846/Shi05M.mid,Bach,Fugue_bwv_846,Bach/Fugue/bwv_846
C:\Users\eagle\MARG_research\third_party\PianistTransformer\data\midis\asap-dataset-master\Bach\Fugue\bwv_846\Shi05M.mid,asap_metadata_performance,raw_normalized,79.4,101,79400,Bach/Fugue/bwv_846/Shi05M.mid,Bach,Fugue_bwv_846,Bach/Fugue/bwv_846
C:\Users\eagle\MARG_research\third_party\PianistTransformer\data\midis\asap-dataset-master\Bach\Fugue\bwv_846\Shi05M.mid,asap_metadata_performance,raw_normalized,79.419,79,79419,Bach/Fugue/bwv_846/Shi05M.mid,Bach,Fugue_bwv_846,Bach/Fugue/bwv_846
C:\Users\eagle\MARG_research\third_party\PianistTransformer\data\midis\asap-dataset-master\Bach\Fugue\bwv_846\Shi05M.mid,asap_metadata_performance,raw_normalized,79.439,63,79439,Bach/Fugue/bwv_846/Shi05M.mid,Bach,Fugue_bwv_846,Bach/Fugue/bwv_846
C:\Users\eagle\MARG_research\third_party\PianistTransformer\data\midis\asap-dataset-master\Bach\Fugue\bwv_846\Shi05M.mid,asap_metadata_performance,raw_normalized,79.458,39,79458,Bach/Fugue/bwv_846/Shi05M.mid,Bach,Fugue_bwv_846,Bach/Fugue/bwv_846
C:\Users\eagle\MARG_research\third_party\PianistTransformer\data\midis\asap-dataset-master\Bach\Fugue\bwv_846\Shi05M.mid,asap_metadata_performance,raw_normalized,79.479,0,79479,Bach/Fugue/bwv_846/Shi05M.mid,Bach,Fugue_bwv_846,Bach/Fugue/bwv_846
C:\Users\eagle\MARG_research\third_party\PianistTransformer\data\midis\asap-dataset-master\Bach\Fugue\bwv_846\Shi05M.mid,asap_metadata_performance,raw_normalized,79.538,31,79538,Bach/Fugue/bwv_846/Shi05M.mid,Bach,Fugue_bwv_846,Bach/Fugue/bwv_846
C:\Users\eagle\MARG_research\third_party\PianistTransformer\data\midis\asap-dataset-master\Bach\Fugue\bwv_846\Shi05M.mid,asap_metadata_performance,raw_normalized,79.557,56,79557,Bach/Fugue/bwv_846/Shi05M.mid,Bach,Fugue_bwv_846,Bach/Fugue/bwv_846
C:\Users\eagle\MARG_research\third_party\PianistTransformer\data\midis\asap-dataset-master\Bach\Fugue\bwv_846\Shi05M.mid,asap_metadata_performance,raw_normalized,79.577,68,79577,Bach/Fugue/bwv_846/Shi05M.mid,Bach,Fugue_bwv_846,Bach/Fugue/bwv_846
C:\Users\eagle\MARG_research\third_party\PianistTransformer\data\midis\asap-dataset-master\Bach\Fugue\bwv_846\Shi05M.mid,asap_metadata_performance,raw_normalized,79.598,76,79598,Bach/Fugue/bwv_846/Shi05M.mid,Bach,Fugue_bwv_846,Bach/Fugue/bwv_846
C:\Users\eagle\MARG_research\third_party\PianistTransformer\data\midis\asap-dataset-master\Bach\Fugue\bwv_846\Shi05M.mid,asap_metadata_performance,raw_normalized,79.617,85,79617,Bach/Fugue/bwv_846/Shi05M.mid,Bach,Fugue_bwv_846,Bach/Fugue/bwv_846
C:\Users\eagle\MARG_research\third_party\PianistTransformer\data\midis\asap-dataset-master\Bach\Fugue\bwv_846\Shi05M.mid,asap_metadata_performance,raw_normalized,79.638,92,79638,Bach/Fugue/bwv_846/Shi05M.mid,Bach,Fugue_bwv_846,Bach/Fugue/bwv_846
C:\Users\eagle\MARG_research\third_party\PianistTransformer\data\midis\asap-dataset-master\Bach\Fugue\bwv_846\Shi05M.mid,asap_metadata_performance,raw_normalized,79.658,98,79658,Bach/Fugue/bwv_846/Shi05M.mid,Bach,Fugue_bwv_846,Bach/Fugue/bwv_846
C:\Users\eagle\MARG_research\third_party\PianistTransformer\data\midis\asap-dataset-master\Bach\Fugue\bwv_846\Shi05M.mid,asap_metadata_performance,raw_normalized,79.677,101,79677,Bach/Fugue/bwv_846/Shi05M.mid,Bach,Fugue_bwv_846,Bach/Fugue/bwv_846
C:\Users\eagle\MARG_research\third_party\PianistTransformer\data\midis\asap-dataset-master\Bach\Fugue\bwv_846\Shi05M.mid,asap_metadata_performance,raw_normalized,79.697,103,79697,Bach/Fugue/bwv_846/Shi05M.mid,Bach,Fugue_bwv_846,Bach/Fugue/bwv_846
C:\Users\eagle\MARG_research\third_party\PianistTransformer\data\midis\asap-dataset-master\Bach\Fugue\bwv_846\Shi05M.mid,asap_metadata_performance,raw_normalized,79.716,105,79716,Bach/Fugue/bwv_846/Shi05M.mid,Bach,Fugue_bwv_846,Bach/Fugue/bwv_846
C:\Users\eagle\MARG_research\third_party\PianistTransformer\data\midis\asap-dataset-master\Bach\Fugue\bwv_846\Shi05M.mid,asap_metadata_performance,raw_normalized,79.736,108,79736,Bach/Fugue/bwv_846/Shi05M.mid,Bach,Fugue_bwv_846,Bach/Fugue/bwv_846
C:\Users\eagle\MARG_research\third_party\PianistTransformer\data\midis\asap-dataset-master\Bach\Fugue\bwv_846\Shi05M.mid,asap_metadata_performance,raw_normalized,79.757,114,79757,Bach/Fugue/bwv_846/Shi05M.mid,Bach,Fugue_bwv_846,Bach/Fugue/bwv_846
C:\Users\eagle\MARG_research\third_party\PianistTransformer\data\midis\asap-dataset-master\Bach\Fugue\bwv_846\Shi05M.mid,asap_metadata_performance,raw_normalized,79.776,127,79776,Bach/Fugue/bwv_846/Shi05M.mid,Bach,Fugue_bwv_846,Bach/Fugue/bwv_846
C:\Users\eagle\MARG_research\third_party\PianistTransformer\data\midis\asap-dataset-master\Bach\Fugue\bwv_846\Shi05M.mid,asap_metadata_performance,raw_normalized,79.953,103,79953,Bach/Fugue/bwv_846/Shi05M.mid,Bach,Fugue_bwv_846,Bach/Fugue/bwv_846
C:\Users\eagle\MARG_research\third_party\PianistTransformer\data\midis\asap-dataset-master\Bach\Fugue\bwv_846\Shi05M.mid,asap_metadata_performance,raw_normalized,79.973,90,79973,Bach/Fugue/bwv_846/Shi05M.mid,Bach,Fugue_bwv_846,Bach/Fugue/bwv_846
C:\Users\eagle\MARG_research\third_party\PianistTransformer\data\midis\asap-dataset-master\Bach\Fugue\bwv_846\Shi05M.mid,asap_metadata_performance,raw_normalized,79.992,77,79992,Bach/Fugue/bwv_846/Shi05M.mid,Bach,Fugue_bwv_846,Bach/Fugue/bwv_846
C:\Users\eagle\MARG_research\third_party\PianistTransformer\data\midis\asap-dataset-master\Bach\Fugue\bwv_846\Shi05M.mid,asap_metadata_performance,raw_normalized,80.013,65,80013,Bach/Fugue/bwv_846/Shi05M.mid,Bach,Fugue_bwv_846,Bach/Fugue/bwv_846
C:\Users\eagle\MARG_research\third_party\PianistTransformer\data\midis\asap-dataset-master\Bach\Fugue\bwv_846\Shi05M.mid,asap_metadata_performance,raw_normalized,80.033,51,80033,Bach/Fugue/bwv_846/Shi05M.mid,Bach,Fugue_bwv_846,Bach/Fugue/bwv_846
C:\Users\eagle\MARG_research\third_party\PianistTransformer\data\midis\asap-dataset-master\Bach\Fugue\bwv_846\Shi05M.mid,asap_metadata_performance,raw_normalized,80.052,34,80052,Bach/Fugue/bwv_846/Shi05M.mid,Bach,Fugue_bwv_846,Bach/Fugue/bwv_846
C:\Users\eagle\MARG_research\third_party\PianistTransformer\data\midis\asap-dataset-master\Bach\Fugue\bwv_846\Shi05M.mid,asap_metadata_performance,raw_normalized,80.072,36,80072,Bach/Fugue/bwv_846/Shi05M.mid,Bach,Fugue_bwv_846,Bach/Fugue/bwv_846
C:\Users\eagle\MARG_research\third_party\PianistTransformer\data\midis\asap-dataset-master\Bach\Fugue\bwv_846\Shi05M.mid,asap_metadata_performance,raw_normalized,80.092,47,80092,Bach/Fugue/bwv_846/Shi05M.mid,Bach,Fugue_bwv_846,Bach/Fugue/bwv_846
C:\Users\eagle\MARG_research\third_party\PianistTransformer\data\midis\asap-dataset-master\Bach\Fugue\bwv_846\Shi05M.mid,asap_metadata_performance,raw_normalized,80.113,59,80113,Bach/Fugue/bwv_846/Shi05M.mid,Bach,Fugue_bwv_846,Bach/Fugue/bwv_846
C:\Users\eagle\MARG_research\third_party\PianistTransformer\data\midis\asap-dataset-master\Bach\Fugue\bwv_846\Shi05M.mid,asap_metadata_performance,raw_normalized,80.133,69,80133,Bach/Fugue/bwv_846/Shi05M.mid,Bach,Fugue_bwv_846,Bach/Fugue/bwv_846
C:\Users\eagle\MARG_research\third_party\PianistTransformer\data\midis\asap-dataset-master\Bach\Fugue\bwv_846\Shi05M.mid,asap_metadata_performance,raw_normalized,80.152,80,80152,Bach/Fugue/bwv_846/Shi05M.mid,Bach,Fugue_bwv_846,Bach/Fugue/bwv_846
C:\Users\eagle\MARG_research\third_party\PianistTransformer\data\midis\asap-dataset-master\Bach\Fugue\bwv_846\Shi05M.mid,asap_metadata_performance,raw_normalized,80.173,98,80173,Bach/Fugue/bwv_846/Shi05M.mid,Bach,Fugue_bwv_846,Bach/Fugue/bwv_846
C:\Users\eagle\MARG_research\third_party\PianistTransformer\data\midis\asap-dataset-master\Bach\Fugue\bwv_846\Shi05M.mid,asap_metadata_performance,raw_normalized,80.191,127,80191,Bach/Fugue/bwv_846/Shi05M.mid,Bach,Fugue_bwv_846,Bach/Fugue/bwv_846
C:\Users\eagle\MARG_research\third_party\PianistTransformer\data\midis\asap-dataset-master\Bach\Fugue\bwv_846\Shi05M.mid,asap_metadata_performance,raw_normalized,80.637,111,80637,Bach/Fugue/bwv_846/Shi05M.mid,Bach,Fugue_bwv_846,Bach/Fugue/bwv_846
C:\Users\eagle\MARG_research\third_party\PianistTransformer\data\midis\asap-dataset-master\Bach\Fugue\bwv_846\Shi05M.mid,asap_metadata_performance,raw_normalized,80.656,82,80656,Bach/Fugue/bwv_846/Shi05M.mid,Bach,Fugue_bwv_846,Bach/Fugue/bwv_846
C:\Users\eagle\MARG_research\third_party\PianistTransformer\data\midis\asap-dataset-master\Bach\Fugue\bwv_846\Shi05M.mid,asap_metadata_performance,raw_normalized,80.677,62,80677,Bach/Fugue/bwv_846/Shi05M.mid,Bach,Fugue_bwv_846,Bach/Fugue/bwv_846
C:\Users\eagle\MARG_research\third_party\PianistTransformer\data\midis\asap-dataset-master\Bach\Fugue\bwv_846\Shi05M.mid,asap_metadata_performance,raw_normalized,80.697,0,80697,Bach/Fugue/bwv_846/Shi05M.mid,Bach,Fugue_bwv_846,Bach/Fugue/bwv_846
C:\Users\eagle\MARG_research\third_party\PianistTransformer\data\midis\asap-dataset-master\Bach\Fugue\bwv_846\Shi05M.mid,asap_metadata_performance,raw_normalized,80.855,44,80855,Bach/Fugue/bwv_846/Shi05M.mid,Bach,Fugue_bwv_846,Bach/Fugue/bwv_846
C:\Users\eagle\MARG_research\third_party\PianistTransformer\data\midis\asap-dataset-master\Bach\Fugue\bwv_846\Shi05M.mid,asap_metadata_performance,raw_normalized,80.875,63,80875,Bach/Fugue/bwv_846/Shi05M.mid,Bach,Fugue_bwv_846,Bach/Fugue/bwv_846
C:\Users\eagle\MARG_research\third_party\PianistTransformer\data\midis\asap-dataset-master\Bach\Fugue\bwv_846\Shi05M.mid,asap_metadata_performance,raw_normalized,80.895,72,80895,Bach/Fugue/bwv_846/Shi05M.mid,Bach,Fugue_bwv_846,Bach/Fugue/bwv_846
C:\Users\eagle\MARG_research\third_party\PianistTransformer\data\midis\asap-dataset-master\Bach\Fugue\bwv_846\Shi05M.mid,asap_metadata_performance,raw_normalized,80.914,84,80914,Bach/Fugue/bwv_846/Shi05M.mid,Bach,Fugue_bwv_846,Bach/Fugue/bwv_846
C:\Users\eagle\MARG_research\third_party\PianistTransformer\data\midis\asap-dataset-master\Bach\Fugue\bwv_846\Shi05M.mid,asap_metadata_performance,raw_normalized,80.934,106,80934,Bach/Fugue/bwv_846/Shi05M.mid,Bach,Fugue_bwv_846,Bach/Fugue/bwv_846
C:\Users\eagle\MARG_research\third_party\PianistTransformer\data\midis\asap-dataset-master\Bach\Fugue\bwv_846\Shi05M.mid,asap_metadata_performance,raw_normalized,80.953,127,80953,Bach/Fugue/bwv_846/Shi05M.mid,Bach,Fugue_bwv_846,Bach/Fugue/bwv_846
C:\Users\eagle\MARG_research\third_party\PianistTransformer\data\midis\asap-dataset-master\Bach\Fugue\bwv_846\Shi05M.mid,asap_metadata_performance,raw_normalized,81.335,95,81335,Bach/Fugue/bwv_846/Shi05M.mid,Bach,Fugue_bwv_846,Bach/Fugue/bwv_846
C:\Users\eagle\MARG_research\third_party\PianistTransformer\data\midis\asap-dataset-master\Bach\Fugue\bwv_846\Shi05M.mid,asap_metadata_performance,raw_normalized,81.353,72,81353,Bach/Fugue/bwv_846/Shi05M.mid,Bach,Fugue_bwv_846,Bach/Fugue/bwv_846
C:\Users\eagle\MARG_research\third_party\PianistTransformer\data\midis\asap-dataset-master\Bach\Fugue\bwv_846\Shi05M.mid,asap_metadata_performance,raw_normalized,81.374,47,81374,Bach/Fugue/bwv_846/Shi05M.mid,Bach,Fugue_bwv_846,Bach/Fugue/bwv_846
C:\Users\eagle\MARG_research\third_party\PianistTransformer\data\midis\asap-dataset-master\Bach\Fugue\bwv_846\Shi05M.mid,asap_metadata_performance,raw_normalized,81.393,0,81393,Bach/Fugue/bwv_846/Shi05M.mid,Bach,Fugue_bwv_846,Bach/Fugue/bwv_846
C:\Users\eagle\MARG_research\third_party\PianistTransformer\data\midis\asap-dataset-master\Bach\Fugue\bwv_846\Shi05M.mid,asap_metadata_performance,raw_normalized,81.452,39,81452,Bach/Fugue/bwv_846/Shi05M.mid,Bach,Fugue_bwv_846,Bach/Fugue/bwv_846
C:\Users\eagle\MARG_research\third_party\PianistTransformer\data\midis\asap-dataset-master\Bach\Fugue\bwv_846\Shi05M.mid,asap_metadata_performance,raw_normalized,81.471,62,81471,Bach/Fugue/bwv_846/Shi05M.mid,Bach,Fugue_bwv_846,Bach/Fugue/bwv_846
C:\Users\eagle\MARG_research\third_party\PianistTransformer\data\midis\asap-dataset-master\Bach\Fugue\bwv_846\Shi05M.mid,asap_metadata_performance,raw_normalized,81.492,73,81492,Bach/Fugue/bwv_846/Shi05M.mid,Bach,Fugue_bwv_846,Bach/Fugue/bwv_846
C:\Users\eagle\MARG_research\third_party\PianistTransformer\data\midis\asap-dataset-master\Bach\Fugue\bwv_846\Shi05M.mid,asap_metadata_performance,raw_normalized,81.512,91,81512,Bach/Fugue/bwv_846/Shi05M.mid,Bach,Fugue_bwv_846,Bach/Fugue/bwv_846
C:\Users\eagle\MARG_research\third_party\PianistTransformer\data\midis\asap-dataset-master\Bach\Fugue\bwv_846\Shi05M.mid,asap_metadata_performance,raw_normalized,81.531,127,81531,Bach/Fugue/bwv_846/Shi05M.mid,Bach,Fugue_bwv_846,Bach/Fugue/bwv_846
C:\Users\eagle\MARG_research\third_party\PianistTransformer\data\midis\asap-dataset-master\Bach\Fugue\bwv_846\Shi05M.mid,asap_metadata_performance,raw_normalized,81.908,109,81908,Bach/Fugue/bwv_846/Shi05M.mid,Bach,Fugue_bwv_846,Bach/Fugue/bwv_846
C:\Users\eagle\MARG_research\third_party\PianistTransformer\data\midis\asap-dataset-master\Bach\Fugue\bwv_846\Shi05M.mid,asap_metadata_performance,raw_normalized,81.927,85,81927,Bach/Fugue/bwv_846/Shi05M.mid,Bach,Fugue_bwv_846,Bach/Fugue/bwv_846
C:\Users\eagle\MARG_research\third_party\PianistTransformer\data\midis\asap-dataset-master\Bach\Fugue\bwv_846\Shi05M.mid,asap_metadata_performance,raw_normalized,81.948,68,81948,Bach/Fugue/bwv_846/Shi05M.mid,Bach,Fugue_bwv_846,Bach/Fugue/bwv_846
C:\Users\eagle\MARG_research\third_party\PianistTransformer\data\midis\asap-dataset-master\Bach\Fugue\bwv_846\Shi05M.mid,asap_metadata_performance,raw_normalized,81.967,49,81967,Bach/Fugue/bwv_846/Shi05M.mid,Bach,Fugue_bwv_846,Bach/Fugue/bwv_846
C:\Users\eagle\MARG_research\third_party\PianistTransformer\data\midis\asap-dataset-master\Bach\Fugue\bwv_846\Shi05M.mid,asap_metadata_performance,raw_normalized,81.986,0,81986,Bach/Fugue/bwv_846/Shi05M.mid,Bach,Fugue_bwv_846,Bach/Fugue/bwv_846
C:\Users\eagle\MARG_research\third_party\PianistTransformer\data\midis\asap-dataset-master\Bach\Fugue\bwv_846\Shi05M.mid,asap_metadata_performance,raw_normalized,82.124,34,82124,Bach/Fugue/bwv_846/Shi05M.mid,Bach,Fugue_bwv_846,Bach/Fugue/bwv_846
C:\Users\eagle\MARG_research\third_party\PianistTransformer\data\midis\asap-dataset-master\Bach\Fugue\bwv_846\Shi05M.mid,asap_metadata_performance,raw_normalized,82.143,59,82143,Bach/Fugue/bwv_846/Shi05M.mid,Bach,Fugue_bwv_846,Bach/Fugue/bwv_846
C:\Users\eagle\MARG_research\third_party\PianistTransformer\data\midis\asap-dataset-master\Bach\Fugue\bwv_846\Shi05M.mid,asap_metadata_performance,raw_normalized,82.164,72,82164,Bach/Fugue/bwv_846/Shi05M.mid,Bach,Fugue_bwv_846,Bach/Fugue/bwv_846
C:\Users\eagle\MARG_research\third_party\PianistTransformer\data\midis\asap-dataset-master\Bach\Fugue\bwv_846\Shi05M.mid,asap_metadata_performance,raw_normalized,82.184,85,82184,Bach/Fugue/bwv_846/Shi05M.mid,Bach,Fugue_bwv_846,Bach/Fugue/bwv_846
C:\Users\eagle\MARG_research\third_party\PianistTransformer\data\midis\asap-dataset-master\Bach\Fugue\bwv_846\Shi05M.mid,asap_metadata_performance,raw_normalized,82.203,113,82203,Bach/Fugue/bwv_846/Shi05M.mid,Bach,Fugue_bwv_846,Bach/Fugue/bwv_846
C:\Users\eagle\MARG_research\third_party\PianistTransformer\data\midis\asap-dataset-master\Bach\Fugue\bwv_846\Shi05M.mid,asap_metadata_performance,raw_normalized,82.224,127,82224,Bach/Fugue/bwv_846/Shi05M.mid,Bach,Fugue_bwv_846,Bach/Fugue/bwv_846
C:\Users\eagle\MARG_research\third_party\PianistTransformer\data\midis\asap-dataset-master\Bach\Fugue\bwv_846\Shi05M.mid,asap_metadata_performance,raw_normalized,82.65,99,82650,Bach/Fugue/bwv_846/Shi05M.mid,Bach,Fugue_bwv_846,Bach/Fugue/bwv_846
C:\Users\eagle\MARG_research\third_party\PianistTransformer\data\midis\asap-dataset-master\Bach\Fugue\bwv_846\Shi05M.mid,asap_metadata_performance,raw_normalized,82.668,73,82668,Bach/Fugue/bwv_846/Shi05M.mid,Bach,Fugue_bwv_846,Bach/Fugue/bwv_846
C:\Users\eagle\MARG_research\third_party\PianistTransformer\data\midis\asap-dataset-master\Bach\Fugue\bwv_846\Shi05M.mid,asap_metadata_performance,raw_normalized,82.689,52,82689,Bach/Fugue/bwv_846/Shi05M.mid,Bach,Fugue_bwv_846,Bach/Fugue/bwv_846
C:\Users\eagle\MARG_research\third_party\PianistTransformer\data\midis\asap-dataset-master\Bach\Fugue\bwv_846\Shi05M.mid,asap_metadata_performance,raw_normalized,82.708,0,82708,Bach/Fugue/bwv_846/Shi05M.mid,Bach,Fugue_bwv_846,Bach/Fugue/bwv_846
C:\Users\eagle\MARG_research\third_party\PianistTransformer\data\midis\asap-dataset-master\Bach\Fugue\bwv_846\Shi05M.mid,asap_metadata_performance,raw_normalized,82.789,57,82789,Bach/Fugue/bwv_846/Shi05M.mid,Bach,Fugue_bwv_846,Bach/Fugue/bwv_846
C:\Users\eagle\MARG_research\third_party\PianistTransformer\data\midis\asap-dataset-master\Bach\Fugue\bwv_846\Shi05M.mid,asap_metadata_performance,raw_normalized,82.809,75,82809,Bach/Fugue/bwv_846/Shi05M.mid,Bach,Fugue_bwv_846,Bach/Fugue/bwv_846
C:\Users\eagle\MARG_research\third_party\PianistTransformer\data\midis\asap-dataset-master\Bach\Fugue\bwv_846\Shi05M.mid,asap_metadata_performance,raw_normalized,82.827,97,82827,Bach/Fugue/bwv_846/Shi05M.mid,Bach,Fugue_bwv_846,Bach/Fugue/bwv_846
C:\Users\eagle\MARG_research\third_party\PianistTransformer\data\midis\asap-dataset-master\Bach\Fugue\bwv_846\Shi05M.mid,asap_metadata_performance,raw_normalized,82.848,127,82848,Bach/Fugue/bwv_846/Shi05M.mid,Bach,Fugue_bwv_846,Bach/Fugue/bwv_846
C:\Users\eagle\MARG_research\third_party\PianistTransformer\data\midis\asap-dataset-master\Bach\Fugue\bwv_846\Shi05M.mid,asap_metadata_performance,raw_normalized,83.612,88,83612,Bach/Fugue/bwv_846/Shi05M.mid,Bach,Fugue_bwv_846,Bach/Fugue/bwv_846
C:\Users\eagle\MARG_research\third_party\PianistTransformer\data\midis\asap-dataset-master\Bach\Fugue\bwv_846\Shi05M.mid,asap_metadata_performance,raw_normalized,83.63,67,83630,Bach/Fugue/bwv_846/Shi05M.mid,Bach,Fugue_bwv_846,Bach/Fugue/bwv_846
C:\Users\eagle\MARG_research\third_party\PianistTransformer\data\midis\asap-dataset-master\Bach\Fugue\bwv_846\Shi05M.mid,asap_metadata_performance,raw_normalized,83.65,39,83650,Bach/Fugue/bwv_846/Shi05M.mid,Bach,Fugue_bwv_846,Bach/Fugue/bwv_846
C:\Users\eagle\MARG_research\third_party\PianistTransformer\data\midis\asap-dataset-master\Bach\Fugue\bwv_846\Shi05M.mid,asap_metadata_performance,raw_normalized,83.671,0,83671,Bach/Fugue/bwv_846/Shi05M.mid,Bach,Fugue_bwv_846,Bach/Fugue/bwv_846
C:\Users\eagle\MARG_research\third_party\PianistTransformer\data\midis\asap-dataset-master\Bach\Fugue\bwv_846\Shi05M.mid,asap_metadata_performance,raw_normalized,83.77,33,83770,Bach/Fugue/bwv_846/Shi05M.mid,Bach,Fugue_bwv_846,Bach/Fugue/bwv_846
C:\Users\eagle\MARG_research\third_party\PianistTransformer\data\midis\asap-dataset-master\Bach\Fugue\bwv_846\Shi05M.mid,asap_metadata_performance,raw_normalized,83.789,63,83789,Bach/Fugue/bwv_846/Shi05M.mid,Bach,Fugue_bwv_846,Bach/Fugue/bwv_846
C:\Users\eagle\MARG_research\third_party\PianistTransformer\data\midis\asap-dataset-master\Bach\Fugue\bwv_846\Shi05M.mid,asap_metadata_performance,raw_normalized,83.809,83,83809,Bach/Fugue/bwv_846/Shi05M.mid,Bach,Fugue_bwv_846,Bach/Fugue/bwv_846
C:\Users\eagle\MARG_research\third_party\PianistTransformer\data\midis\asap-dataset-master\Bach\Fugue\bwv_846\Shi05M.mid,asap_metadata_performance,raw_normalized,83.828,127,83828,Bach/Fugue/bwv_846/Shi05M.mid,Bach,Fugue_bwv_846,Bach/Fugue/bwv_846
C:\Users\eagle\MARG_research\third_party\PianistTransformer\data\midis\asap-dataset-master\Bach\Fugue\bwv_846\Shi05M.mid,asap_metadata_performance,raw_normalized,84.93,106,84930,Bach/Fugue/bwv_846/Shi05M.mid,Bach,Fugue_bwv_846,Bach/Fugue/bwv_846
C:\Users\eagle\MARG_research\third_party\PianistTransformer\data\midis\asap-dataset-master\Bach\Fugue\bwv_846\Shi05M.mid,asap_metadata_performance,raw_normalized,84.948,77,84948,Bach/Fugue/bwv_846/Shi05M.mid,Bach,Fugue_bwv_846,Bach/Fugue/bwv_846
C:\Users\eagle\MARG_research\third_party\PianistTransformer\data\midis\asap-dataset-master\Bach\Fugue\bwv_846\Shi05M.mid,asap_metadata_performance,raw_normalized,84.969,46,84969,Bach/Fugue/bwv_846/Shi05M.mid,Bach,Fugue_bwv_846,Bach/Fugue/bwv_846
C:\Users\eagle\MARG_research\third_party\PianistTransformer\data\midis\asap-dataset-master\Bach\Fugue\bwv_846\Shi05M.mid,asap_metadata_performance,raw_normalized,84.988,0,84988,Bach/Fugue/bwv_846/Shi05M.mid,Bach,Fugue_bwv_846,Bach/Fugue/bwv_846
C:\Users\eagle\MARG_research\third_party\PianistTransformer\data\midis\asap-dataset-master\Bach\Fugue\bwv_846\Shi05M.mid,asap_metadata_performance,raw_normalized,85.069,32,85069,Bach/Fugue/bwv_846/Shi05M.mid,Bach,Fugue_bwv_846,Bach/Fugue/bwv_846
C:\Users\eagle\MARG_research\third_party\PianistTransformer\data\midis\asap-dataset-master\Bach\Fugue\bwv_846\Shi05M.mid,asap_metadata_performance,raw_normalized,85.087,60,85087,Bach/Fugue/bwv_846/Shi05M.mid,Bach,Fugue_bwv_846,Bach/Fugue/bwv_846
C:\Users\eagle\MARG_research\third_party\PianistTransformer\data\midis\asap-dataset-master\Bach\Fugue\bwv_846\Shi05M.mid,asap_metadata_performance,raw_normalized,85.107,75,85107,Bach/Fugue/bwv_846/Shi05M.mid,Bach,Fugue_bwv_846,Bach/Fugue/bwv_846
C:\Users\eagle\MARG_research\third_party\PianistTransformer\data\midis\asap-dataset-master\Bach\Fugue\bwv_846\Shi05M.mid,asap_metadata_performance,raw_normalized,85.128,91,85128,Bach/Fugue/bwv_846/Shi05M.mid,Bach,Fugue_bwv_846,Bach/Fugue/bwv_846
C:\Users\eagle\MARG_research\third_party\PianistTransformer\data\midis\asap-dataset-master\Bach\Fugue\bwv_846\Shi05M.mid,asap_metadata_performance,raw_normalized,85.147,123,85147,Bach/Fugue/bwv_846/Shi05M.mid,Bach,Fugue_bwv_846,Bach/Fugue/bwv_846
C:\Users\eagle\MARG_research\third_party\PianistTransformer\data\midis\asap-dataset-master\Bach\Fugue\bwv_846\Shi05M.mid,asap_metadata_performance,raw_normalized,85.168,127,85168,Bach/Fugue/bwv_846/Shi05M.mid,Bach,Fugue_bwv_846,Bach/Fugue/bwv_846
C:\Users\eagle\MARG_research\third_party\PianistTransformer\data\midis\asap-dataset-master\Bach\Fugue\bwv_846\Shi05M.mid,asap_metadata_performance,raw_normalized,85.594,102,85594,Bach/Fugue/bwv_846/Shi05M.mid,Bach,Fugue_bwv_846,Bach/Fugue/bwv_846
C:\Users\eagle\MARG_research\third_party\PianistTransformer\data\midis\asap-dataset-master\Bach\Fugue\bwv_846\Shi05M.mid,asap_metadata_performance,raw_normalized,85.613,75,85613,Bach/Fugue/bwv_846/Shi05M.mid,Bach,Fugue_bwv_846,Bach/Fugue/bwv_846
C:\Users\eagle\MARG_research\third_party\PianistTransformer\data\midis\asap-dataset-master\Bach\Fugue\bwv_846\Shi05M.mid,asap_metadata_performance,raw_normalized,85.634,46,85634,Bach/Fugue/bwv_846/Shi05M.mid,Bach,Fugue_bwv_846,Bach/Fugue/bwv_846
C:\Users\eagle\MARG_research\third_party\PianistTransformer\data\midis\asap-dataset-master\Bach\Fugue\bwv_846\Shi05M.mid,asap_metadata_performance,raw_normalized,85.652,0,85652,Bach/Fugue/bwv_846/Shi05M.mid,Bach,Fugue_bwv_846,Bach/Fugue/bwv_846
C:\Users\eagle\MARG_research\third_party\PianistTransformer\data\midis\asap-dataset-master\Bach\Fugue\bwv_846\Shi05M.mid,asap_metadata_performance,raw_normalized,85.751,31,85751,Bach/Fugue/bwv_846/Shi05M.mid,Bach,Fugue_bwv_846,Bach/Fugue/bwv_846
C:\Users\eagle\MARG_research\third_party\PianistTransformer\data\midis\asap-dataset-master\Bach\Fugue\bwv_846\Shi05M.mid,asap_metadata_performance,raw_normalized,85.771,58,85771,Bach/Fugue/bwv_846/Shi05M.mid,Bach,Fugue_bwv_846,Bach/Fugue/bwv_846
C:\Users\eagle\MARG_research\third_party\PianistTransformer\data\midis\asap-dataset-master\Bach\Fugue\bwv_846\Shi05M.mid,asap_metadata_performance,raw_normalized,85.792,68,85792,Bach/Fugue/bwv_846/Shi05M.mid,Bach,Fugue_bwv_846,Bach/Fugue/bwv_846
C:\Users\eagle\MARG_research\third_party\PianistTransformer\data\midis\asap-dataset-master\Bach\Fugue\bwv_846\Shi05M.mid,asap_metadata_performance,raw_normalized,85.811,75,85811,Bach/Fugue/bwv_846/Shi05M.mid,Bach,Fugue_bwv_846,Bach/Fugue/bwv_846
C:\Users\eagle\MARG_research\third_party\PianistTransformer\data\midis\asap-dataset-master\Bach\Fugue\bwv_846\Shi05M.mid,asap_metadata_performance,raw_normalized,85.829,83,85829,Bach/Fugue/bwv_846/Shi05M.mid,Bach,Fugue_bwv_846,Bach/Fugue/bwv_846
C:\Users\eagle\MARG_research\third_party\PianistTransformer\data\midis\asap-dataset-master\Bach\Fugue\bwv_846\Shi05M.mid,asap_metadata_performance,raw_normalized,85.85,91,85850,Bach/Fugue/bwv_846/Shi05M.mid,Bach,Fugue_bwv_846,Bach/Fugue/bwv_846
C:\Users\eagle\MARG_research\third_party\PianistTransformer\data\midis\asap-dataset-master\Bach\Fugue\bwv_846\Shi05M.mid,asap_metadata_performance,raw_normalized,85.87,102,85870,Bach/Fugue/bwv_846/Shi05M.mid,Bach,Fugue_bwv_846,Bach/Fugue/bwv_846
C:\Users\eagle\MARG_research\third_party\PianistTransformer\data\midis\asap-dataset-master\Bach\Fugue\bwv_846\Shi05M.mid,asap_metadata_performance,raw_normalized,85.889,118,85889,Bach/Fugue/bwv_846/Shi05M.mid,Bach,Fugue_bwv_846,Bach/Fugue/bwv_846
C:\Users\eagle\MARG_research\third_party\PianistTransformer\data\midis\asap-dataset-master\Bach\Fugue\bwv_846\Shi05M.mid,asap_metadata_performance,raw_normalized,85.91,127,85910,Bach/Fugue/bwv_846/Shi05M.mid,Bach,Fugue_bwv_846,Bach/Fugue/bwv_846
C:\Users\eagle\MARG_research\third_party\PianistTransformer\data\midis\asap-dataset-master\Bach\Fugue\bwv_846\Shi05M.mid,asap_metadata_performance,raw_normalized,86.255,113,86255,Bach/Fugue/bwv_846/Shi05M.mid,Bach,Fugue_bwv_846,Bach/Fugue/bwv_846
C:\Users\eagle\MARG_research\third_party\PianistTransformer\data\midis\asap-dataset-master\Bach\Fugue\bwv_846\Shi05M.mid,asap_metadata_performance,raw_normalized,86.276,83,86276,Bach/Fugue/bwv_846/Shi05M.mid,Bach,Fugue_bwv_846,Bach/Fugue/bwv_846
C:\Users\eagle\MARG_research\third_party\PianistTransformer\data\midis\asap-dataset-master\Bach\Fugue\bwv_846\Shi05M.mid,asap_metadata_performance,raw_normalized,86.296,63,86296,Bach/Fugue/bwv_846/Shi05M.mid,Bach,Fugue_bwv_846,Bach/Fugue/bwv_846
C:\Users\eagle\MARG_research\third_party\PianistTransformer\data\midis\asap-dataset-master\Bach\Fugue\bwv_846\Shi05M.mid,asap_metadata_performance,raw_normalized,86.316,0,86316,Bach/Fugue/bwv_846/Shi05M.mid,Bach,Fugue_bwv_846,Bach/Fugue/bwv_846
C:\Users\eagle\MARG_research\third_party\PianistTransformer\data\midis\asap-dataset-master\Bach\Fugue\bwv_846\Shi05M.mid,asap_metadata_performance,raw_normalized,86.453,48,86453,Bach/Fugue/bwv_846/Shi05M.mid,Bach,Fugue_bwv_846,Bach/Fugue/bwv_846
C:\Users\eagle\MARG_research\third_party\PianistTransformer\data\midis\asap-dataset-master\Bach\Fugue\bwv_846\Shi05M.mid,asap_metadata_performance,raw_normalized,86.474,63,86474,Bach/Fugue/bwv_846/Shi05M.mid,Bach,Fugue_bwv_846,Bach/Fugue/bwv_846
C:\Users\eagle\MARG_research\third_party\PianistTransformer\data\midis\asap-dataset-master\Bach\Fugue\bwv_846\Shi05M.mid,asap_metadata_performance,raw_normalized,86.495,67,86495,Bach/Fugue/bwv_846/Shi05M.mid,Bach,Fugue_bwv_846,Bach/Fugue/bwv_846
C:\Users\eagle\MARG_research\third_party\PianistTransformer\data\midis\asap-dataset-master\Bach\Fugue\bwv_846\Shi05M.mid,asap_metadata_performance,raw_normalized,86.514,70,86514,Bach/Fugue/bwv_846/Shi05M.mid,Bach,Fugue_bwv_846,Bach/Fugue/bwv_846
C:\Users\eagle\MARG_research\third_party\PianistTransformer\data\midis\asap-dataset-master\Bach\Fugue\bwv_846\Shi05M.mid,asap_metadata_performance,raw_normalized,86.535,75,86535,Bach/Fugue/bwv_846/Shi05M.mid,Bach,Fugue_bwv_846,Bach/Fugue/bwv_846
C:\Users\eagle\MARG_research\third_party\PianistTransformer\data\midis\asap-dataset-master\Bach\Fugue\bwv_846\Shi05M.mid,asap_metadata_performance,raw_normalized,86.553,83,86553,Bach/Fugue/bwv_846/Shi05M.mid,Bach,Fugue_bwv_846,Bach/Fugue/bwv_846
C:\Users\eagle\MARG_research\third_party\PianistTransformer\data\midis\asap-dataset-master\Bach\Fugue\bwv_846\Shi05M.mid,asap_metadata_performance,raw_normalized,86.574,94,86574,Bach/Fugue/bwv_846/Shi05M.mid,Bach,Fugue_bwv_846,Bach/Fugue/bwv_846
C:\Users\eagle\MARG_research\third_party\PianistTransformer\data\midis\asap-dataset-master\Bach\Fugue\bwv_846\Shi05M.mid,asap_metadata_performance,raw_normalized,86.594,101,86594,Bach/Fugue/bwv_846/Shi05M.mid,Bach,Fugue_bwv_846,Bach/Fugue/bwv_846
C:\Users\eagle\MARG_research\third_party\PianistTransformer\data\midis\asap-dataset-master\Bach\Fugue\bwv_846\Shi05M.mid,asap_metadata_performance,raw_normalized,86.613,107,86613,Bach/Fugue/bwv_846/Shi05M.mid,Bach,Fugue_bwv_846,Bach/Fugue/bwv_846
C:\Users\eagle\MARG_research\third_party\PianistTransformer\data\midis\asap-dataset-master\Bach\Fugue\bwv_846\Shi05M.mid,asap_metadata_performance,raw_normalized,86.634,121,86634,Bach/Fugue/bwv_846/Shi05M.mid,Bach,Fugue_bwv_846,Bach/Fugue/bwv_846
C:\Users\eagle\MARG_research\third_party\PianistTransformer\data\midis\asap-dataset-master\Bach\Fugue\bwv_846\Shi05M.mid,asap_metadata_performance,raw_normalized,86.652,127,86652,Bach/Fugue/bwv_846/Shi05M.mid,Bach,Fugue_bwv_846,Bach/Fugue/bwv_846
C:\Users\eagle\MARG_research\third_party\PianistTransformer\data\midis\asap-dataset-master\Bach\Fugue\bwv_846\Shi05M.mid,asap_metadata_performance,raw_normalized,86.911,98,86911,Bach/Fugue/bwv_846/Shi05M.mid,Bach,Fugue_bwv_846,Bach/Fugue/bwv_846
C:\Users\eagle\MARG_research\third_party\PianistTransformer\data\midis\asap-dataset-master\Bach\Fugue\bwv_846\Shi05M.mid,asap_metadata_performance,raw_normalized,86.93,78,86930,Bach/Fugue/bwv_846/Shi05M.mid,Bach,Fugue_bwv_846,Bach/Fugue/bwv_846
C:\Users\eagle\MARG_research\third_party\PianistTransformer\data\midis\asap-dataset-master\Bach\Fugue\bwv_846\Shi05M.mid,asap_metadata_performance,raw_normalized,86.951,66,86951,Bach/Fugue/bwv_846/Shi05M.mid,Bach,Fugue_bwv_846,Bach/Fugue/bwv_846
C:\Users\eagle\MARG_research\third_party\PianistTransformer\data\midis\asap-dataset-master\Bach\Fugue\bwv_846\Shi05M.mid,asap_metadata_performance,raw_normalized,86.97,62,86970,Bach/Fugue/bwv_846/Shi05M.mid,Bach,Fugue_bwv_846,Bach/Fugue/bwv_846
C:\Users\eagle\MARG_research\third_party\PianistTransformer\data\midis\asap-dataset-master\Bach\Fugue\bwv_846\Shi05M.mid,asap_metadata_performance,raw_normalized,86.991,65,86991,Bach/Fugue/bwv_846/Shi05M.mid,Bach,Fugue_bwv_846,Bach/Fugue/bwv_846
C:\Users\eagle\MARG_research\third_party\PianistTransformer\data\midis\asap-dataset-master\Bach\Fugue\bwv_846\Shi05M.mid,asap_metadata_performance,raw_normalized,87.01,69,87010,Bach/Fugue/bwv_846/Shi05M.mid,Bach,Fugue_bwv_846,Bach/Fugue/bwv_846
C:\Users\eagle\MARG_research\third_party\PianistTransformer\data\midis\asap-dataset-master\Bach\Fugue\bwv_846\Shi05M.mid,asap_metadata_performance,raw_normalized,87.029,78,87029,Bach/Fugue/bwv_846/Shi05M.mid,Bach,Fugue_bwv_846,Bach/Fugue/bwv_846
C:\Users\eagle\MARG_research\third_party\PianistTransformer\data\midis\asap-dataset-master\Bach\Fugue\bwv_846\Shi05M.mid,asap_metadata_performance,raw_normalized,87.049,93,87049,Bach/Fugue/bwv_846/Shi05M.mid,Bach,Fugue_bwv_846,Bach/Fugue/bwv_846
C:\Users\eagle\MARG_research\third_party\PianistTransformer\data\midis\asap-dataset-master\Bach\Fugue\bwv_846\Shi05M.mid,asap_metadata_performance,raw_normalized,87.069,121,87069,Bach/Fugue/bwv_846/Shi05M.mid,Bach,Fugue_bwv_846,Bach/Fugue/bwv_846
C:\Users\eagle\MARG_research\third_party\PianistTransformer\data\midis\asap-dataset-master\Bach\Fugue\bwv_846\Shi05M.mid,asap_metadata_performance,raw_normalized,87.087,127,87087,Bach/Fugue/bwv_846/Shi05M.mid,Bach,Fugue_bwv_846,Bach/Fugue/bwv_846
C:\Users\eagle\MARG_research\third_party\PianistTransformer\data\midis\asap-dataset-master\Bach\Fugue\bwv_846\Shi05M.mid,asap_metadata_performance,raw_normalized,87.594,88,87594,Bach/Fugue/bwv_846/Shi05M.mid,Bach,Fugue_bwv_846,Bach/Fugue/bwv_846
C:\Users\eagle\MARG_research\third_party\PianistTransformer\data\midis\asap-dataset-master\Bach\Fugue\bwv_846\Shi05M.mid,asap_metadata_performance,raw_normalized,87.615,67,87615,Bach/Fugue/bwv_846/Shi05M.mid,Bach,Fugue_bwv_846,Bach/Fugue/bwv_846
C:\Users\eagle\MARG_research\third_party\PianistTransformer\data\midis\asap-dataset-master\Bach\Fugue\bwv_846\Shi05M.mid,asap_metadata_performance,raw_normalized,87.634,44,87634,Bach/Fugue/bwv_846/Shi05M.mid,Bach,Fugue_bwv_846,Bach/Fugue/bwv_846
C:\Users\eagle\MARG_research\third_party\PianistTransformer\data\midis\asap-dataset-master\Bach\Fugue\bwv_846\Shi05M.mid,asap_metadata_performance,raw_normalized,87.652,0,87652,Bach/Fugue/bwv_846/Shi05M.mid,Bach,Fugue_bwv_846,Bach/Fugue/bwv_846
C:\Users\eagle\MARG_research\third_party\PianistTransformer\data\midis\asap-dataset-master\Bach\Fugue\bwv_846\Shi05M.mid,asap_metadata_performance,raw_normalized,87.693,46,87693,Bach/Fugue/bwv_846/Shi05M.mid,Bach,Fugue_bwv_846,Bach/Fugue/bwv_846
C:\Users\eagle\MARG_research\third_party\PianistTransformer\data\midis\asap-dataset-master\Bach\Fugue\bwv_846\Shi05M.mid,asap_metadata_performance,raw_normalized,87.712,65,87712,Bach/Fugue/bwv_846/Shi05M.mid,Bach,Fugue_bwv_846,Bach/Fugue/bwv_846
C:\Users\eagle\MARG_research\third_party\PianistTransformer\data\midis\asap-dataset-master\Bach\Fugue\bwv_846\Shi05M.mid,asap_metadata_performance,raw_normalized,87.733,82,87733,Bach/Fugue/bwv_846/Shi05M.mid,Bach,Fugue_bwv_846,Bach/Fugue/bwv_846
C:\Users\eagle\MARG_research\third_party\PianistTransformer\data\midis\asap-dataset-master\Bach\Fugue\bwv_846\Shi05M.mid,asap_metadata_performance,raw_normalized,87.751,127,87751,Bach/Fugue/bwv_846/Shi05M.mid,Bach,Fugue_bwv_846,Bach/Fugue/bwv_846
C:\Users\eagle\MARG_research\third_party\PianistTransformer\data\midis\asap-dataset-master\Bach\Fugue\bwv_846\Shi05M.mid,asap_metadata_performance,raw_normalized,88.19,95,88190,Bach/Fugue/bwv_846/Shi05M.mid,Bach,Fugue_bwv_846,Bach/Fugue/bwv_846
C:\Users\eagle\MARG_research\third_party\PianistTransformer\data\midis\asap-dataset-master\Bach\Fugue\bwv_846\Shi05M.mid,asap_metadata_performance,raw_normalized,88.21,72,88210,Bach/Fugue/bwv_846/Shi05M.mid,Bach,Fugue_bwv_846,Bach/Fugue/bwv_846
C:\Users\eagle\MARG_research\third_party\PianistTransformer\data\midis\asap-dataset-master\Bach\Fugue\bwv_846\Shi05M.mid,asap_metadata_performance,raw_normalized,88.23,55,88230,Bach/Fugue/bwv_846/Shi05M.mid,Bach,Fugue_bwv_846,Bach/Fugue/bwv_846
C:\Users\eagle\MARG_research\third_party\PianistTransformer\data\midis\asap-dataset-master\Bach\Fugue\bwv_846\Shi05M.mid,asap_metadata_performance,raw_normalized,88.25,38,88250,Bach/Fugue/bwv_846/Shi05M.mid,Bach,Fugue_bwv_846,Bach/Fugue/bwv_846
C:\Users\eagle\MARG_research\third_party\PianistTransformer\data\midis\asap-dataset-master\Bach\Fugue\bwv_846\Shi05M.mid,asap_metadata_performance,raw_normalized,88.281,47,88281,Bach/Fugue/bwv_846/Shi05M.mid,Bach,Fugue_bwv_846,Bach/Fugue/bwv_846
C:\Users\eagle\MARG_research\third_party\PianistTransformer\data\midis\asap-dataset-master\Bach\Fugue\bwv_846\Shi05M.mid,asap_metadata_performance,raw_normalized,88.299,61,88299,Bach/Fugue/bwv_846/Shi05M.mid,Bach,Fugue_bwv_846,Bach/Fugue/bwv_846
C:\Users\eagle\MARG_research\third_party\PianistTransformer\data\midis\asap-dataset-master\Bach\Fugue\bwv_846\Shi05M.mid,asap_metadata_performance,raw_normalized,88.319,77,88319,Bach/Fugue/bwv_846/Shi05M.mid,Bach,Fugue_bwv_846,Bach/Fugue/bwv_846
C:\Users\eagle\MARG_research\third_party\PianistTransformer\data\midis\asap-dataset-master\Bach\Fugue\bwv_846\Shi05M.mid,asap_metadata_performance,raw_normalized,88.34,104,88340,Bach/Fugue/bwv_846/Shi05M.mid,Bach,Fugue_bwv_846,Bach/Fugue/bwv_846
C:\Users\eagle\MARG_research\third_party\PianistTransformer\data\midis\asap-dataset-master\Bach\Fugue\bwv_846\Shi05M.mid,asap_metadata_performance,raw_normalized,88.358,127,88358,Bach/Fugue/bwv_846/Shi05M.mid,Bach,Fugue_bwv_846,Bach/Fugue/bwv_846
C:\Users\eagle\MARG_research\third_party\PianistTransformer\data\midis\asap-dataset-master\Bach\Fugue\bwv_846\Shi05M.mid,asap_metadata_performance,raw_normalized,88.835,103,88835,Bach/Fugue/bwv_846/Shi05M.mid,Bach,Fugue_bwv_846,Bach/Fugue/bwv_846
C:\Users\eagle\MARG_research\third_party\PianistTransformer\data\midis\asap-dataset-master\Bach\Fugue\bwv_846\Shi05M.mid,asap_metadata_performance,raw_normalized,88.854,76,88854,Bach/Fugue/bwv_846/Shi05M.mid,Bach,Fugue_bwv_846,Bach/Fugue/bwv_846
C:\Users\eagle\MARG_research\third_party\PianistTransformer\data\midis\asap-dataset-master\Bach\Fugue\bwv_846\Shi05M.mid,asap_metadata_performance,raw_normalized,88.874,56,88874,Bach/Fugue/bwv_846/Shi05M.mid,Bach,Fugue_bwv_846,Bach/Fugue/bwv_846
C:\Users\eagle\MARG_research\third_party\PianistTransformer\data\midis\asap-dataset-master\Bach\Fugue\bwv_846\Shi05M.mid,asap_metadata_performance,raw_normalized,88.893,0,88893,Bach/Fugue/bwv_846/Shi05M.mid,Bach,Fugue_bwv_846,Bach/Fugue/bwv_846
C:\Users\eagle\MARG_research\third_party\PianistTransformer\data\midis\asap-dataset-master\Bach\Fugue\bwv_846\Shi05M.mid,asap_metadata_performance,raw_normalized,88.952,45,88952,Bach/Fugue/bwv_846/Shi05M.mid,Bach,Fugue_bwv_846,Bach/Fugue/bwv_846
C:\Users\eagle\MARG_research\third_party\PianistTransformer\data\midis\asap-dataset-master\Bach\Fugue\bwv_846\Shi05M.mid,asap_metadata_performance,raw_normalized,88.973,65,88973,Bach/Fugue/bwv_846/Shi05M.mid,Bach,Fugue_bwv_846,Bach/Fugue/bwv_846
C:\Users\eagle\MARG_research\third_party\PianistTransformer\data\midis\asap-dataset-master\Bach\Fugue\bwv_846\Shi05M.mid,asap_metadata_performance,raw_normalized,88.992,71,88992,Bach/Fugue/bwv_846/Shi05M.mid,Bach,Fugue_bwv_846,Bach/Fugue/bwv_846
C:\Users\eagle\MARG_research\third_party\PianistTransformer\data\midis\asap-dataset-master\Bach\Fugue\bwv_846\Shi05M.mid,asap_metadata_performance,raw_normalized,89.013,78,89013,Bach/Fugue/bwv_846/Shi05M.mid,Bach,Fugue_bwv_846,Bach/Fugue/bwv_846
C:\Users\eagle\MARG_research\third_party\PianistTransformer\data\midis\asap-dataset-master\Bach\Fugue\bwv_846\Shi05M.mid,asap_metadata_performance,raw_normalized,89.033,85,89033,Bach/Fugue/bwv_846/Shi05M.mid,Bach,Fugue_bwv_846,Bach/Fugue/bwv_846
C:\Users\eagle\MARG_research\third_party\PianistTransformer\data\midis\asap-dataset-master\Bach\Fugue\bwv_846\Shi05M.mid,asap_metadata_performance,raw_normalized,89.052,93,89052,Bach/Fugue/bwv_846/Shi05M.mid,Bach,Fugue_bwv_846,Bach/Fugue/bwv_846
C:\Users\eagle\MARG_research\third_party\PianistTransformer\data\midis\asap-dataset-master\Bach\Fugue\bwv_846\Shi05M.mid,asap_metadata_performance,raw_normalized,89.073,104,89073,Bach/Fugue/bwv_846/Shi05M.mid,Bach,Fugue_bwv_846,Bach/Fugue/bwv_846
C:\Users\eagle\MARG_research\third_party\PianistTransformer\data\midis\asap-dataset-master\Bach\Fugue\bwv_846\Shi05M.mid,asap_metadata_performance,raw_normalized,89.092,115,89092,Bach/Fugue/bwv_846/Shi05M.mid,Bach,Fugue_bwv_846,Bach/Fugue/bwv_846
C:\Users\eagle\MARG_research\third_party\PianistTransformer\data\midis\asap-dataset-master\Bach\Fugue\bwv_846\Shi05M.mid,asap_metadata_performance,raw_normalized,89.112,127,89112,Bach/Fugue/bwv_846/Shi05M.mid,Bach,Fugue_bwv_846,Bach/Fugue/bwv_846
C:\Users\eagle\MARG_research\third_party\PianistTransformer\data\midis\asap-dataset-master\Bach\Fugue\bwv_846\Shi05M.mid,asap_metadata_performance,raw_normalized,89.538,95,89538,Bach/Fugue/bwv_846/Shi05M.mid,Bach,Fugue_bwv_846,Bach/Fugue/bwv_846
C:\Users\eagle\MARG_research\third_party\PianistTransformer\data\midis\asap-dataset-master\Bach\Fugue\bwv_846\Shi05M.mid,asap_metadata_performance,raw_normalized,89.557,71,89557,Bach/Fugue/bwv_846/Shi05M.mid,Bach,Fugue_bwv_846,Bach/Fugue/bwv_846
C:\Users\eagle\MARG_research\third_party\PianistTransformer\data\midis\asap-dataset-master\Bach\Fugue\bwv_846\Shi05M.mid,asap_metadata_performance,raw_normalized,89.576,40,89576,Bach/Fugue/bwv_846/Shi05M.mid,Bach,Fugue_bwv_846,Bach/Fugue/bwv_846
C:\Users\eagle\MARG_research\third_party\PianistTransformer\data\midis\asap-dataset-master\Bach\Fugue\bwv_846\Shi05M.mid,asap_metadata_performance,raw_normalized,89.596,0,89596,Bach/Fugue/bwv_846/Shi05M.mid,Bach,Fugue_bwv_846,Bach/Fugue/bwv_846
C:\Users\eagle\MARG_research\third_party\PianistTransformer\data\midis\asap-dataset-master\Bach\Fugue\bwv_846\Shi05M.mid,asap_metadata_performance,raw_normalized,89.736,31,89736,Bach/Fugue/bwv_846/Shi05M.mid,Bach,Fugue_bwv_846,Bach/Fugue/bwv_846
C:\Users\eagle\MARG_research\third_party\PianistTransformer\data\midis\asap-dataset-master\Bach\Fugue\bwv_846\Shi05M.mid,asap_metadata_performance,raw_normalized,89.755,43,89755,Bach/Fugue/bwv_846/Shi05M.mid,Bach,Fugue_bwv_846,Bach/Fugue/bwv_846
C:\Users\eagle\MARG_research\third_party\PianistTransformer\data\midis\asap-dataset-master\Bach\Fugue\bwv_846\Shi05M.mid,asap_metadata_performance,raw_normalized,89.775,53,89775,Bach/Fugue/bwv_846/Shi05M.mid,Bach,Fugue_bwv_846,Bach/Fugue/bwv_846
C:\Users\eagle\MARG_research\third_party\PianistTransformer\data\midis\asap-dataset-master\Bach\Fugue\bwv_846\Shi05M.mid,asap_metadata_performance,raw_normalized,89.796,56,89796,Bach/Fugue/bwv_846/Shi05M.mid,Bach,Fugue_bwv_846,Bach/Fugue/bwv_846
C:\Users\eagle\MARG_research\third_party\PianistTransformer\data\midis\asap-dataset-master\Bach\Fugue\bwv_846\Shi05M.mid,asap_metadata_performance,raw_normalized,89.815,57,89815,Bach/Fugue/bwv_846/Shi05M.mid,Bach,Fugue_bwv_846,Bach/Fugue/bwv_846
C:\Users\eagle\MARG_research\third_party\PianistTransformer\data\midis\asap-dataset-master\Bach\Fugue\bwv_846\Shi05M.mid,asap_metadata_performance,raw_normalized,89.835,59,89835,Bach/Fugue/bwv_846/Shi05M.mid,Bach,Fugue_bwv_846,Bach/Fugue/bwv_846
C:\Users\eagle\MARG_research\third_party\PianistTransformer\data\midis\asap-dataset-master\Bach\Fugue\bwv_846\Shi05M.mid,asap_metadata_performance,raw_normalized,89.854,61,89854,Bach/Fugue/bwv_846/Shi05M.mid,Bach,Fugue_bwv_846,Bach/Fugue/bwv_846
C:\Users\eagle\MARG_research\third_party\PianistTransformer\data\midis\asap-dataset-master\Bach\Fugue\bwv_846\Shi05M.mid,asap_metadata_performance,raw_normalized,89.874,63,89874,Bach/Fugue/bwv_846/Shi05M.mid,Bach,Fugue_bwv_846,Bach/Fugue/bwv_846
C:\Users\eagle\MARG_research\third_party\PianistTransformer\data\midis\asap-dataset-master\Bach\Fugue\bwv_846\Shi05M.mid,asap_metadata_performance,raw_normalized,89.893,63,89893,Bach/Fugue/bwv_846/Shi05M.mid,Bach,Fugue_bwv_846,Bach/Fugue/bwv_846
C:\Users\eagle\MARG_research\third_party\PianistTransformer\data\midis\asap-dataset-master\Bach\Fugue\bwv_846\Shi05M.mid,asap_metadata_performance,raw_normalized,89.953,64,89953,Bach/Fugue/bwv_846/Shi05M.mid,Bach,Fugue_bwv_846,Bach/Fugue/bwv_846
C:\Users\eagle\MARG_research\third_party\PianistTransformer\data\midis\asap-dataset-master\Bach\Fugue\bwv_846\Shi05M.mid,asap_metadata_performance,raw_normalized,89.973,64,89973,Bach/Fugue/bwv_846/Shi05M.mid,Bach,Fugue_bwv_846,Bach/Fugue/bwv_846
C:\Users\eagle\MARG_research\third_party\PianistTransformer\data\midis\asap-dataset-master\Bach\Fugue\bwv_846\Shi05M.mid,asap_metadata_performance,raw_normalized,90.031,65,90031,Bach/Fugue/bwv_846/Shi05M.mid,Bach,Fugue_bwv_846,Bach/Fugue/bwv_846
C:\Users\eagle\MARG_research\third_party\PianistTransformer\data\midis\asap-dataset-master\Bach\Fugue\bwv_846\Shi05M.mid,asap_metadata_performance,raw_normalized,90.052,66,90052,Bach/Fugue/bwv_846/Shi05M.mid,Bach,Fugue_bwv_846,Bach/Fugue/bwv_846
C:\Users\eagle\MARG_research\third_party\PianistTransformer\data\midis\asap-dataset-master\Bach\Fugue\bwv_846\Shi05M.mid,asap_metadata_performance,raw_normalized,90.072,68,90072,Bach/Fugue/bwv_846/Shi05M.mid,Bach,Fugue_bwv_846,Bach/Fugue/bwv_846
C:\Users\eagle\MARG_research\third_party\PianistTransformer\data\midis\asap-dataset-master\Bach\Fugue\bwv_846\Shi05M.mid,asap_metadata_performance,raw_normalized,90.091,71,90091,Bach/Fugue/bwv_846/Shi05M.mid,Bach,Fugue_bwv_846,Bach/Fugue/bwv_846
C:\Users\eagle\MARG_research\third_party\PianistTransformer\data\midis\asap-dataset-master\Bach\Fugue\bwv_846\Shi05M.mid,asap_metadata_performance,raw_normalized,90.112,72,90112,Bach/Fugue/bwv_846/Shi05M.mid,Bach,Fugue_bwv_846,Bach/Fugue/bwv_846
C:\Users\eagle\MARG_research\third_party\PianistTransformer\data\midis\asap-dataset-master\Bach\Fugue\bwv_846\Shi05M.mid,asap_metadata_performance,raw_normalized,90.132,74,90132,Bach/Fugue/bwv_846/Shi05M.mid,Bach,Fugue_bwv_846,Bach/Fugue/bwv_846
C:\Users\eagle\MARG_research\third_party\PianistTransformer\data\midis\asap-dataset-master\Bach\Fugue\bwv_846\Shi05M.mid,asap_metadata_performance,raw_normalized,90.151,75,90151,Bach/Fugue/bwv_846/Shi05M.mid,Bach,Fugue_bwv_846,Bach/Fugue/bwv_846
C:\Users\eagle\MARG_research\third_party\PianistTransformer\data\midis\asap-dataset-master\Bach\Fugue\bwv_846\Shi05M.mid,asap_metadata_performance,raw_normalized,90.171,78,90171,Bach/Fugue/bwv_846/Shi05M.mid,Bach,Fugue_bwv_846,Bach/Fugue/bwv_846
C:\Users\eagle\MARG_research\third_party\PianistTransformer\data\midis\asap-dataset-master\Bach\Fugue\bwv_846\Shi05M.mid,asap_metadata_performance,raw_normalized,90.19,81,90190,Bach/Fugue/bwv_846/Shi05M.mid,Bach,Fugue_bwv_846,Bach/Fugue/bwv_846
C:\Users\eagle\MARG_research\third_party\PianistTransformer\data\midis\asap-dataset-master\Bach\Fugue\bwv_846\Shi05M.mid,asap_metadata_performance,raw_normalized,90.211,84,90211,Bach/Fugue/bwv_846/Shi05M.mid,Bach,Fugue_bwv_846,Bach/Fugue/bwv_846
C:\Users\eagle\MARG_research\third_party\PianistTransformer\data\midis\asap-dataset-master\Bach\Fugue\bwv_846\Shi05M.mid,asap_metadata_performance,raw_normalized,90.23,85,90230,Bach/Fugue/bwv_846/Shi05M.mid,Bach,Fugue_bwv_846,Bach/Fugue/bwv_846
C:\Users\eagle\MARG_research\third_party\PianistTransformer\data\midis\asap-dataset-master\Bach\Fugue\bwv_846\Shi05M.mid,asap_metadata_performance,raw_normalized,90.26,87,90260,Bach/Fugue/bwv_846/Shi05M.mid,Bach,Fugue_bwv_846,Bach/Fugue/bwv_846
C:\Users\eagle\MARG_research\third_party\PianistTransformer\data\midis\asap-dataset-master\Bach\Fugue\bwv_846\Shi05M.mid,asap_metadata_performance,raw_normalized,90.28,89,90280,Bach/Fugue/bwv_846/Shi05M.mid,Bach,Fugue_bwv_846,Bach/Fugue/bwv_846
C:\Users\eagle\MARG_research\third_party\PianistTransformer\data\midis\asap-dataset-master\Bach\Fugue\bwv_846\Shi05M.mid,asap_metadata_performance,raw_normalized,90.298,93,90298,Bach/Fugue/bwv_846/Shi05M.mid,Bach,Fugue_bwv_846,Bach/Fugue/bwv_846
C:\Users\eagle\MARG_research\third_party\PianistTransformer\data\midis\asap-dataset-master\Bach\Fugue\bwv_846\Shi05M.mid,asap_metadata_performance,raw_normalized,90.319,96,90319,Bach/Fugue/bwv_846/Shi05M.mid,Bach,Fugue_bwv_846,Bach/Fugue/bwv_846
C:\Users\eagle\MARG_research\third_party\PianistTransformer\data\midis\asap-dataset-master\Bach\Fugue\bwv_846\Shi05M.mid,asap_metadata_performance,raw_normalized,90.339,99,90339,Bach/Fugue/bwv_846/Shi05M.mid,Bach,Fugue_bwv_846,Bach/Fugue/bwv_846
C:\Users\eagle\MARG_research\third_party\PianistTransformer\data\midis\asap-dataset-master\Bach\Fugue\bwv_846\Shi05M.mid,asap_metadata_performance,raw_normalized,90.358,102,90358,Bach/Fugue/bwv_846/Shi05M.mid,Bach,Fugue_bwv_846,Bach/Fugue/bwv_846
C:\Users\eagle\MARG_research\third_party\PianistTransformer\data\midis\asap-dataset-master\Bach\Fugue\bwv_846\Shi05M.mid,asap_metadata_performance,raw_normalized,90.397,104,90397,Bach/Fugue/bwv_846/Shi05M.mid,Bach,Fugue_bwv_846,Bach/Fugue/bwv_846
C:\Users\eagle\MARG_research\third_party\PianistTransformer\data\midis\asap-dataset-master\Bach\Fugue\bwv_846\Shi05M.mid,asap_metadata_performance,raw_normalized,90.577,97,90577,Bach/Fugue/bwv_846/Shi05M.mid,Bach,Fugue_bwv_846,Bach/Fugue/bwv_846
C:\Users\eagle\MARG_research\third_party\PianistTransformer\data\midis\asap-dataset-master\Bach\Fugue\bwv_846\Shi05M.mid,asap_metadata_performance,raw_normalized,90.596,85,90596,Bach/Fugue/bwv_846/Shi05M.mid,Bach,Fugue_bwv_846,Bach/Fugue/bwv_846
C:\Users\eagle\MARG_research\third_party\PianistTransformer\data\midis\asap-dataset-master\Bach\Fugue\bwv_846\Shi05M.mid,asap_metadata_performance,raw_normalized,90.616,71,90616,Bach/Fugue/bwv_846/Shi05M.mid,Bach,Fugue_bwv_846,Bach/Fugue/bwv_846
C:\Users\eagle\MARG_research\third_party\PianistTransformer\data\midis\asap-dataset-master\Bach\Fugue\bwv_846\Shi05M.mid,asap_metadata_performance,raw_normalized,90.637,58,90637,Bach/Fugue/bwv_846/Shi05M.mid,Bach,Fugue_bwv_846,Bach/Fugue/bwv_846
C:\Users\eagle\MARG_research\third_party\PianistTransformer\data\midis\asap-dataset-master\Bach\Fugue\bwv_846\Shi05M.mid,asap_metadata_performance,raw_normalized,90.655,51,90655,Bach/Fugue/bwv_846/Shi05M.mid,Bach,Fugue_bwv_846,Bach/Fugue/bwv_846
C:\Users\eagle\MARG_research\third_party\PianistTransformer\data\midis\asap-dataset-master\Bach\Fugue\bwv_846\Shi05M.mid,asap_metadata_performance,raw_normalized,90.674,59,90674,Bach/Fugue/bwv_846/Shi05M.mid,Bach,Fugue_bwv_846,Bach/Fugue/bwv_846
C:\Users\eagle\MARG_research\third_party\PianistTransformer\data\midis\asap-dataset-master\Bach\Fugue\bwv_846\Shi05M.mid,asap_metadata_performance,raw_normalized,90.695,66,90695,Bach/Fugue/bwv_846/Shi05M.mid,Bach,Fugue_bwv_846,Bach/Fugue/bwv_846
C:\Users\eagle\MARG_research\third_party\PianistTransformer\data\midis\asap-dataset-master\Bach\Fugue\bwv_846\Shi05M.mid,asap_metadata_performance,raw_normalized,90.715,73,90715,Bach/Fugue/bwv_846/Shi05M.mid,Bach,Fugue_bwv_846,Bach/Fugue/bwv_846
C:\Users\eagle\MARG_research\third_party\PianistTransformer\data\midis\asap-dataset-master\Bach\Fugue\bwv_846\Shi05M.mid,asap_metadata_performance,raw_normalized,90.734,82,90734,Bach/Fugue/bwv_846/Shi05M.mid,Bach,Fugue_bwv_846,Bach/Fugue/bwv_846
C:\Users\eagle\MARG_research\third_party\PianistTransformer\data\midis\asap-dataset-master\Bach\Fugue\bwv_846\Shi05M.mid,asap_metadata_performance,raw_normalized,90.757,89,90757,Bach/Fugue/bwv_846/Shi05M.mid,Bach,Fugue_bwv_846,Bach/Fugue/bwv_846
C:\Users\eagle\MARG_research\third_party\PianistTransformer\data\midis\asap-dataset-master\Bach\Fugue\bwv_846\Shi05M.mid,asap_metadata_performance,raw_normalized,90.776,92,90776,Bach/Fugue/bwv_846/Shi05M.mid,Bach,Fugue_bwv_846,Bach/Fugue/bwv_846
C:\Users\eagle\MARG_research\third_party\PianistTransformer\data\midis\asap-dataset-master\Bach\Fugue\bwv_846\Shi05M.mid,asap_metadata_performance,raw_normalized,90.796,93,90796,Bach/Fugue/bwv_846/Shi05M.mid,Bach,Fugue_bwv_846,Bach/Fugue/bwv_846
C:\Users\eagle\MARG_research\third_party\PianistTransformer\data\midis\asap-dataset-master\Bach\Fugue\bwv_846\Shi05M.mid,asap_metadata_performance,raw_normalized,90.836,92,90836,Bach/Fugue/bwv_846/Shi05M.mid,Bach,Fugue_bwv_846,Bach/Fugue/bwv_846
C:\Users\eagle\MARG_research\third_party\PianistTransformer\data\midis\asap-dataset-master\Bach\Fugue\bwv_846\Shi05M.mid,asap_metadata_performance,raw_normalized,90.973,92,90973,Bach/Fugue/bwv_846/Shi05M.mid,Bach,Fugue_bwv_846,Bach/Fugue/bwv_846
C:\Users\eagle\MARG_research\third_party\PianistTransformer\data\midis\asap-dataset-master\Bach\Fugue\bwv_846\Shi05M.mid,asap_metadata_performance,raw_normalized,90.993,91,90993,Bach/Fugue/bwv_846/Shi05M.mid,Bach,Fugue_bwv_846,Bach/Fugue/bwv_846
C:\Users\eagle\MARG_research\third_party\PianistTransformer\data\midis\asap-dataset-master\Bach\Fugue\bwv_846\Shi05M.mid,asap_metadata_performance,raw_normalized,91.013,91,91013,Bach/Fugue/bwv_846/Shi05M.mid,Bach,Fugue_bwv_846,Bach/Fugue/bwv_846
C:\Users\eagle\MARG_research\third_party\PianistTransformer\data\midis\asap-dataset-master\Bach\Fugue\bwv_846\Shi05M.mid,asap_metadata_performance,raw_normalized,91.031,90,91031,Bach/Fugue/bwv_846/Shi05M.mid,Bach,Fugue_bwv_846,Bach/Fugue/bwv_846
C:\Users\eagle\MARG_research\third_party\PianistTransformer\data\midis\asap-dataset-master\Bach\Fugue\bwv_846\Shi05M.mid,asap_metadata_performance,raw_normalized,91.052,90,91052,Bach/Fugue/bwv_846/Shi05M.mid,Bach,Fugue_bwv_846,Bach/Fugue/bwv_846
C:\Users\eagle\MARG_research\third_party\PianistTransformer\data\midis\asap-dataset-master\Bach\Fugue\bwv_846\Shi05M.mid,asap_metadata_performance,raw_normalized,91.072,89,91072,Bach/Fugue/bwv_846/Shi05M.mid,Bach,Fugue_bwv_846,Bach/Fugue/bwv_846
C:\Users\eagle\MARG_research\third_party\PianistTransformer\data\midis\asap-dataset-master\Bach\Fugue\bwv_846\Shi05M.mid,asap_metadata_performance,raw_normalized,91.13,89,91130,Bach/Fugue/bwv_846/Shi05M.mid,Bach,Fugue_bwv_846,Bach/Fugue/bwv_846
C:\Users\eagle\MARG_research\third_party\PianistTransformer\data\midis\asap-dataset-master\Bach\Fugue\bwv_846\Shi05M.mid,asap_metadata_performance,raw_normalized,91.151,88,91151,Bach/Fugue/bwv_846/Shi05M.mid,Bach,Fugue_bwv_846,Bach/Fugue/bwv_846
C:\Users\eagle\MARG_research\third_party\PianistTransformer\data\midis\asap-dataset-master\Bach\Fugue\bwv_846\Shi05M.mid,asap_metadata_performance,raw_normalized,91.171,87,91171,Bach/Fugue/bwv_846/Shi05M.mid,Bach,Fugue_bwv_846,Bach/Fugue/bwv_846
C:\Users\eagle\MARG_research\third_party\PianistTransformer\data\midis\asap-dataset-master\Bach\Fugue\bwv_846\Shi05M.mid,asap_metadata_performance,raw_normalized,91.19,86,91190,Bach/Fugue/bwv_846/Shi05M.mid,Bach,Fugue_bwv_846,Bach/Fugue/bwv_846
C:\Users\eagle\MARG_research\third_party\PianistTransformer\data\midis\asap-dataset-master\Bach\Fugue\bwv_846\Shi05M.mid,asap_metadata_performance,raw_normalized,91.211,84,91211,Bach/Fugue/bwv_846/Shi05M.mid,Bach,Fugue_bwv_846,Bach/Fugue/bwv_846
C:\Users\eagle\MARG_research\third_party\PianistTransformer\data\midis\asap-dataset-master\Bach\Fugue\bwv_846\Shi05M.mid,asap_metadata_performance,raw_normalized,91.229,81,91229,Bach/Fugue/bwv_846/Shi05M.mid,Bach,Fugue_bwv_846,Bach/Fugue/bwv_846
C:\Users\eagle\MARG_research\third_party\PianistTransformer\data\midis\asap-dataset-master\Bach\Fugue\bwv_846\Shi05M.mid,asap_metadata_performance,raw_normalized,91.26,78,91260,Bach/Fugue/bwv_846/Shi05M.mid,Bach,Fugue_bwv_846,Bach/Fugue/bwv_846
C:\Users\eagle\MARG_research\third_party\PianistTransformer\data\midis\asap-dataset-master\Bach\Fugue\bwv_846\Shi05M.mid,asap_metadata_performance,raw_normalized,91.28,76,91280,Bach/Fugue/bwv_846/Shi05M.mid,Bach,Fugue_bwv_846,Bach/Fugue/bwv_846
C:\Users\eagle\MARG_research\third_party\PianistTransformer\data\midis\asap-dataset-master\Bach\Fugue\bwv_846\Shi05M.mid,asap_metadata_performance,raw_normalized,91.298,73,91298,Bach/Fugue/bwv_846/Shi05M.mid,Bach,Fugue_bwv_846,Bach/Fugue/bwv_846
C:\Users\eagle\MARG_research\third_party\PianistTransformer\data\midis\asap-dataset-master\Bach\Fugue\bwv_846\Shi05M.mid,asap_metadata_performance,raw_normalized,91.319,70,91319,Bach/Fugue/bwv_846/Shi05M.mid,Bach,Fugue_bwv_846,Bach/Fugue/bwv_846
C:\Users\eagle\MARG_research\third_party\PianistTransformer\data\midis\asap-dataset-master\Bach\Fugue\bwv_846\Shi05M.mid,asap_metadata_performance,raw_normalized,91.339,66,91339,Bach/Fugue/bwv_846/Shi05M.mid,Bach,Fugue_bwv_846,Bach/Fugue/bwv_846
C:\Users\eagle\MARG_research\third_party\PianistTransformer\data\midis\asap-dataset-master\Bach\Fugue\bwv_846\Shi05M.mid,asap_metadata_performance,raw_normalized,91.359,61,91359,Bach/Fugue/bwv_846/Shi05M.mid,Bach,Fugue_bwv_846,Bach/Fugue/bwv_846
C:\Users\eagle\MARG_research\third_party\PianistTransformer\data\midis\asap-dataset-master\Bach\Fugue\bwv_846\Shi05M.mid,asap_metadata_performance,raw_normalized,91.379,57,91379,Bach/Fugue/bwv_846/Shi05M.mid,Bach,Fugue_bwv_846,Bach/Fugue/bwv_846
C:\Users\eagle\MARG_research\third_party\PianistTransformer\data\midis\asap-dataset-master\Bach\Fugue\bwv_846\Shi05M.mid,asap_metadata_performance,raw_normalized,91.397,54,91397,Bach/Fugue/bwv_846/Shi05M.mid,Bach,Fugue_bwv_846,Bach/Fugue/bwv_846
C:\Users\eagle\MARG_research\third_party\PianistTransformer\data\midis\asap-dataset-master\Bach\Fugue\bwv_846\Shi05M.mid,asap_metadata_performance,raw_normalized,91.418,53,91418,Bach/Fugue/bwv_846/Shi05M.mid,Bach,Fugue_bwv_846,Bach/Fugue/bwv_846
C:\Users\eagle\MARG_research\third_party\PianistTransformer\data\midis\asap-dataset-master\Bach\Fugue\bwv_846\Shi05M.mid,asap_metadata_performance,raw_normalized,91.438,51,91438,Bach/Fugue/bwv_846/Shi05M.mid,Bach,Fugue_bwv_846,Bach/Fugue/bwv_846
C:\Users\eagle\MARG_research\third_party\PianistTransformer\data\midis\asap-dataset-master\Bach\Fugue\bwv_846\Shi05M.mid,asap_metadata_performance,raw_normalized,91.458,48,91458,Bach/Fugue/bwv_846/Shi05M.mid,Bach,Fugue_bwv_846,Bach/Fugue/bwv_846
C:\Users\eagle\MARG_research\third_party\PianistTransformer\data\midis\asap-dataset-master\Bach\Fugue\bwv_846\Shi05M.mid,asap_metadata_performance,raw_normalized,91.478,46,91478,Bach/Fugue/bwv_846/Shi05M.mid,Bach,Fugue_bwv_846,Bach/Fugue/bwv_846
C:\Users\eagle\MARG_research\third_party\PianistTransformer\data\midis\asap-dataset-master\Bach\Fugue\bwv_846\Shi05M.mid,asap_metadata_performance,raw_normalized,91.496,45,91496,Bach/Fugue/bwv_846/Shi05M.mid,Bach,Fugue_bwv_846,Bach/Fugue/bwv_846
C:\Users\eagle\MARG_research\third_party\PianistTransformer\data\midis\asap-dataset-master\Bach\Fugue\bwv_846\Shi05M.mid,asap_metadata_performance,raw_normalized,91.517,44,91517,Bach/Fugue/bwv_846/Shi05M.mid,Bach,Fugue_bwv_846,Bach/Fugue/bwv_846
C:\Users\eagle\MARG_research\third_party\PianistTransformer\data\midis\asap-dataset-master\Bach\Fugue\bwv_846\Shi05M.mid,asap_metadata_performance,raw_normalized,91.577,44,91577,Bach/Fugue/bwv_846/Shi05M.mid,Bach,Fugue_bwv_846,Bach/Fugue/bwv_846
C:\Users\eagle\MARG_research\third_party\PianistTransformer\data\midis\asap-dataset-master\Bach\Fugue\bwv_846\Shi05M.mid,asap_metadata_performance,raw_normalized,91.596,43,91596,Bach/Fugue/bwv_846/Shi05M.mid,Bach,Fugue_bwv_846,Bach/Fugue/bwv_846
C:\Users\eagle\MARG_research\third_party\PianistTransformer\data\midis\asap-dataset-master\Bach\Fugue\bwv_846\Shi05M.mid,asap_metadata_performance,raw_normalized,91.617,43,91617,Bach/Fugue/bwv_846/Shi05M.mid,Bach,Fugue_bwv_846,Bach/Fugue/bwv_846
C:\Users\eagle\MARG_research\third_party\PianistTransformer\data\midis\asap-dataset-master\Bach\Fugue\bwv_846\Shi05M.mid,asap_metadata_performance,raw_normalized,91.736,42,91736,Bach/Fugue/bwv_846/Shi05M.mid,Bach,Fugue_bwv_846,Bach/Fugue/bwv_846
C:\Users\eagle\MARG_research\third_party\PianistTransformer\data\midis\asap-dataset-master\Bach\Fugue\bwv_846\Shi05M.mid,asap_metadata_performance,raw_normalized,91.914,42,91914,Bach/Fugue/bwv_846/Shi05M.mid,Bach,Fugue_bwv_846,Bach/Fugue/bwv_846
C:\Users\eagle\MARG_research\third_party\PianistTransformer\data\midis\asap-dataset-master\Bach\Fugue\bwv_846\Shi05M.mid,asap_metadata_performance,raw_normalized,91.993,41,91993,Bach/Fugue/bwv_846/Shi05M.mid,Bach,Fugue_bwv_846,Bach/Fugue/bwv_846
C:\Users\eagle\MARG_research\third_party\PianistTransformer\data\midis\asap-dataset-master\Bach\Fugue\bwv_846\Shi05M.mid,asap_metadata_performance,raw_normalized,92.034,41,92034,Bach/Fugue/bwv_846/Shi05M.mid,Bach,Fugue_bwv_846,Bach/Fugue/bwv_846
C:\Users\eagle\MARG_research\third_party\PianistTransformer\data\midis\asap-dataset-master\Bach\Fugue\bwv_846\Shi05M.mid,asap_metadata_performance,raw_normalized,92.052,40,92052,Bach/Fugue/bwv_846/Shi05M.mid,Bach,Fugue_bwv_846,Bach/Fugue/bwv_846
C:\Users\eagle\MARG_research\third_party\PianistTransformer\data\midis\asap-dataset-master\Bach\Fugue\bwv_846\Shi05M.mid,asap_metadata_performance,raw_normalized,92.072,39,92072,Bach/Fugue/bwv_846/Shi05M.mid,Bach,Fugue_bwv_846,Bach/Fugue/bwv_846
C:\Users\eagle\MARG_research\third_party\PianistTransformer\data\midis\asap-dataset-master\Bach\Fugue\bwv_846\Shi05M.mid,asap_metadata_performance,raw_normalized,92.092,38,92092,Bach/Fugue/bwv_846/Shi05M.mid,Bach,Fugue_bwv_846,Bach/Fugue/bwv_846
C:\Users\eagle\MARG_research\third_party\PianistTransformer\data\midis\asap-dataset-master\Bach\Fugue\bwv_846\Shi05M.mid,asap_metadata_performance,raw_normalized,92.112,37,92112,Bach/Fugue/bwv_846/Shi05M.mid,Bach,Fugue_bwv_846,Bach/Fugue/bwv_846
C:\Users\eagle\MARG_research\third_party\PianistTransformer\data\midis\asap-dataset-master\Bach\Fugue\bwv_846\Shi05M.mid,asap_metadata_performance,raw_normalized,92.13,36,92130,Bach/Fugue/bwv_846/Shi05M.mid,Bach,Fugue_bwv_846,Bach/Fugue/bwv_846
C:\Users\eagle\MARG_research\third_party\PianistTransformer\data\midis\asap-dataset-master\Bach\Fugue\bwv_846\Shi05M.mid,asap_metadata_performance,raw_normalized,92.151,34,92151,Bach/Fugue/bwv_846/Shi05M.mid,Bach,Fugue_bwv_846,Bach/Fugue/bwv_846
C:\Users\eagle\MARG_research\third_party\PianistTransformer\data\midis\asap-dataset-master\Bach\Fugue\bwv_846\Shi05M.mid,asap_metadata_performance,raw_normalized,92.171,32,92171,Bach/Fugue/bwv_846/Shi05M.mid,Bach,Fugue_bwv_846,Bach/Fugue/bwv_846
C:\Users\eagle\MARG_research\third_party\PianistTransformer\data\midis\asap-dataset-master\Bach\Fugue\bwv_846\Shi05M.mid,asap_metadata_performance,raw_normalized,92.191,0,92191,Bach/Fugue/bwv_846/Shi05M.mid,Bach,Fugue_bwv_846,Bach/Fugue/bwv_846
C:\Users\eagle\MARG_research\third_party\PianistTransformer\data\midis\asap-dataset-master\Bach\Fugue\bwv_846\Shi05M.mid,asap_metadata_performance,raw_normalized,92.674,31,92674,Bach/Fugue/bwv_846/Shi05M.mid,Bach,Fugue_bwv_846,Bach/Fugue/bwv_846
C:\Users\eagle\MARG_research\third_party\PianistTransformer\data\midis\asap-dataset-master\Bach\Fugue\bwv_846\Shi05M.mid,asap_metadata_performance,raw_normalized,92.694,46,92694,Bach/Fugue/bwv_846/Shi05M.mid,Bach,Fugue_bwv_846,Bach/Fugue/bwv_846
C:\Users\eagle\MARG_research\third_party\PianistTransformer\data\midis\asap-dataset-master\Bach\Fugue\bwv_846\Shi05M.mid,asap_metadata_performance,raw_normalized,92.715,62,92715,Bach/Fugue/bwv_846/Shi05M.mid,Bach,Fugue_bwv_846,Bach/Fugue/bwv_846
C:\Users\eagle\MARG_research\third_party\PianistTransformer\data\midis\asap-dataset-master\Bach\Fugue\bwv_846\Shi05M.mid,asap_metadata_performance,raw_normalized,92.734,71,92734,Bach/Fugue/bwv_846/Shi05M.mid,Bach,Fugue_bwv_846,Bach/Fugue/bwv_846
C:\Users\eagle\MARG_research\third_party\PianistTransformer\data\midis\asap-dataset-master\Bach\Fugue\bwv_846\Shi05M.mid,asap_metadata_performance,raw_normalized,92.754,80,92754,Bach/Fugue/bwv_846/Shi05M.mid,Bach,Fugue_bwv_846,Bach/Fugue/bwv_846
C:\Users\eagle\MARG_research\third_party\PianistTransformer\data\midis\asap-dataset-master\Bach\Fugue\bwv_846\Shi05M.mid,asap_metadata_performance,raw_normalized,92.775,93,92775,Bach/Fugue/bwv_846/Shi05M.mid,Bach,Fugue_bwv_846,Bach/Fugue/bwv_846
C:\Users\eagle\MARG_research\third_party\PianistTransformer\data\midis\asap-dataset-master\Bach\Fugue\bwv_846\Shi05M.mid,asap_metadata_performance,raw_normalized,92.794,106,92794,Bach/Fugue/bwv_846/Shi05M.mid,Bach,Fugue_bwv_846,Bach/Fugue/bwv_846
C:\Users\eagle\MARG_research\third_party\PianistTransformer\data\midis\asap-dataset-master\Bach\Fugue\bwv_846\Shi05M.mid,asap_metadata_performance,raw_normalized,92.815,127,92815,Bach/Fugue/bwv_846/Shi05M.mid,Bach,Fugue_bwv_846,Bach/Fugue/bwv_846
C:\Users\eagle\MARG_research\third_party\PianistTransformer\data\midis\asap-dataset-master\Bach\Fugue\bwv_846\Shi05M.mid,asap_metadata_performance,raw_normalized,93.379,115,93379,Bach/Fugue/bwv_846/Shi05M.mid,Bach,Fugue_bwv_846,Bach/Fugue/bwv_846
C:\Users\eagle\MARG_research\third_party\PianistTransformer\data\midis\asap-dataset-master\Bach\Fugue\bwv_846\Shi05M.mid,asap_metadata_performance,raw_normalized,93.4,91,93400,Bach/Fugue/bwv_846/Shi05M.mid,Bach,Fugue_bwv_846,Bach/Fugue/bwv_846
C:\Users\eagle\MARG_research\third_party\PianistTransformer\data\midis\asap-dataset-master\Bach\Fugue\bwv_846\Shi05M.mid,asap_metadata_performance,raw_normalized,93.419,74,93419,Bach/Fugue/bwv_846/Shi05M.mid,Bach,Fugue_bwv_846,Bach/Fugue/bwv_846
C:\Users\eagle\MARG_research\third_party\PianistTransformer\data\midis\asap-dataset-master\Bach\Fugue\bwv_846\Shi05M.mid,asap_metadata_performance,raw_normalized,93.44,60,93440,Bach/Fugue/bwv_846/Shi05M.mid,Bach,Fugue_bwv_846,Bach/Fugue/bwv_846
C:\Users\eagle\MARG_research\third_party\PianistTransformer\data\midis\asap-dataset-master\Bach\Fugue\bwv_846\Shi05M.mid,asap_metadata_performance,raw_normalized,93.46,36,93460,Bach/Fugue/bwv_846/Shi05M.mid,Bach,Fugue_bwv_846,Bach/Fugue/bwv_846
C:\Users\eagle\MARG_research\third_party\PianistTransformer\data\midis\asap-dataset-master\Bach\Fugue\bwv_846\Shi05M.mid,asap_metadata_performance,raw_normalized,93.479,0,93479,Bach/Fugue/bwv_846/Shi05M.mid,Bach,Fugue_bwv_846,Bach/Fugue/bwv_846
C:\Users\eagle\MARG_research\third_party\PianistTransformer\data\midis\asap-dataset-master\Bach\Fugue\bwv_846\Shi05M.mid,asap_metadata_performance,raw_normalized,93.538,35,93538,Bach/Fugue/bwv_846/Shi05M.mid,Bach,Fugue_bwv_846,Bach/Fugue/bwv_846
C:\Users\eagle\MARG_research\third_party\PianistTransformer\data\midis\asap-dataset-master\Bach\Fugue\bwv_846\Shi05M.mid,asap_metadata_performance,raw_normalized,93.559,48,93559,Bach/Fugue/bwv_846/Shi05M.mid,Bach,Fugue_bwv_846,Bach/Fugue/bwv_846
C:\Users\eagle\MARG_research\third_party\PianistTransformer\data\midis\asap-dataset-master\Bach\Fugue\bwv_846\Shi05M.mid,asap_metadata_performance,raw_normalized,93.578,60,93578,Bach/Fugue/bwv_846/Shi05M.mid,Bach,Fugue_bwv_846,Bach/Fugue/bwv_846
C:\Users\eagle\MARG_research\third_party\PianistTransformer\data\midis\asap-dataset-master\Bach\Fugue\bwv_846\Shi05M.mid,asap_metadata_performance,raw_normalized,93.598,66,93598,Bach/Fugue/bwv_846/Shi05M.mid,Bach,Fugue_bwv_846,Bach/Fugue/bwv_846
C:\Users\eagle\MARG_research\third_party\PianistTransformer\data\midis\asap-dataset-master\Bach\Fugue\bwv_846\Shi05M.mid,asap_metadata_performance,raw_normalized,93.617,71,93617,Bach/Fugue/bwv_846/Shi05M.mid,Bach,Fugue_bwv_846,Bach/Fugue/bwv_846
C:\Users\eagle\MARG_research\third_party\PianistTransformer\data\midis\asap-dataset-master\Bach\Fugue\bwv_846\Shi05M.mid,asap_metadata_performance,raw_normalized,93.637,79,93637,Bach/Fugue/bwv_846/Shi05M.mid,Bach,Fugue_bwv_846,Bach/Fugue/bwv_846
C:\Users\eagle\MARG_research\third_party\PianistTransformer\data\midis\asap-dataset-master\Bach\Fugue\bwv_846\Shi05M.mid,asap_metadata_performance,raw_normalized,93.656,88,93656,Bach/Fugue/bwv_846/Shi05M.mid,Bach,Fugue_bwv_846,Bach/Fugue/bwv_846
C:\Users\eagle\MARG_research\third_party\PianistTransformer\data\midis\asap-dataset-master\Bach\Fugue\bwv_846\Shi05M.mid,asap_metadata_performance,raw_normalized,93.676,103,93676,Bach/Fugue/bwv_846/Shi05M.mid,Bach,Fugue_bwv_846,Bach/Fugue/bwv_846
C:\Users\eagle\MARG_research\third_party\PianistTransformer\data\midis\asap-dataset-master\Bach\Fugue\bwv_846\Shi05M.mid,asap_metadata_performance,raw_normalized,93.695,127,93695,Bach/Fugue/bwv_846/Shi05M.mid,Bach,Fugue_bwv_846,Bach/Fugue/bwv_846
C:\Users\eagle\MARG_research\third_party\PianistTransformer\data\midis\asap-dataset-master\Bach\Fugue\bwv_846\Shi05M.mid,asap_metadata_performance,raw_normalized,94.539,100,94539,Bach/Fugue/bwv_846/Shi05M.mid,Bach,Fugue_bwv_846,Bach/Fugue/bwv_846
C:\Users\eagle\MARG_research\third_party\PianistTransformer\data\midis\asap-dataset-master\Bach\Fugue\bwv_846\Shi05M.mid,asap_metadata_performance,raw_normalized,94.557,87,94557,Bach/Fugue/bwv_846/Shi05M.mid,Bach,Fugue_bwv_846,Bach/Fugue/bwv_846
C:\Users\eagle\MARG_research\third_party\PianistTransformer\data\midis\asap-dataset-master\Bach\Fugue\bwv_846\Shi05M.mid,asap_metadata_performance,raw_normalized,94.577,75,94577,Bach/Fugue/bwv_846/Shi05M.mid,Bach,Fugue_bwv_846,Bach/Fugue/bwv_846
C:\Users\eagle\MARG_research\third_party\PianistTransformer\data\midis\asap-dataset-master\Bach\Fugue\bwv_846\Shi05M.mid,asap_metadata_performance,raw_normalized,94.598,67,94598,Bach/Fugue/bwv_846/Shi05M.mid,Bach,Fugue_bwv_846,Bach/Fugue/bwv_846
C:\Users\eagle\MARG_research\third_party\PianistTransformer\data\midis\asap-dataset-master\Bach\Fugue\bwv_846\Shi05M.mid,asap_metadata_performance,raw_normalized,94.617,60,94617,Bach/Fugue/bwv_846/Shi05M.mid,Bach,Fugue_bwv_846,Bach/Fugue/bwv_846
C:\Users\eagle\MARG_research\third_party\PianistTransformer\data\midis\asap-dataset-master\Bach\Fugue\bwv_846\Shi05M.mid,asap_metadata_performance,raw_normalized,94.638,56,94638,Bach/Fugue/bwv_846/Shi05M.mid,Bach,Fugue_bwv_846,Bach/Fugue/bwv_846
C:\Users\eagle\MARG_research\third_party\PianistTransformer\data\midis\asap-dataset-master\Bach\Fugue\bwv_846\Shi05M.mid,asap_metadata_performance,raw_normalized,94.656,55,94656,Bach/Fugue/bwv_846/Shi05M.mid,Bach,Fugue_bwv_846,Bach/Fugue/bwv_846
C:\Users\eagle\MARG_research\third_party\PianistTransformer\data\midis\asap-dataset-master\Bach\Fugue\bwv_846\Shi05M.mid,asap_metadata_performance,raw_normalized,94.676,54,94676,Bach/Fugue/bwv_846/Shi05M.mid,Bach,Fugue_bwv_846,Bach/Fugue/bwv_846
C:\Users\eagle\MARG_research\third_party\PianistTransformer\data\midis\asap-dataset-master\Bach\Fugue\bwv_846\Shi05M.mid,asap_metadata_performance,raw_normalized,94.697,53,94697,Bach/Fugue/bwv_846/Shi05M.mid,Bach,Fugue_bwv_846,Bach/Fugue/bwv_846
C:\Users\eagle\MARG_research\third_party\PianistTransformer\data\midis\asap-dataset-master\Bach\Fugue\bwv_846\Shi05M.mid,asap_metadata_performance,raw_normalized,94.716,50,94716,Bach/Fugue/bwv_846/Shi05M.mid,Bach,Fugue_bwv_846,Bach/Fugue/bwv_846
C:\Users\eagle\MARG_research\third_party\PianistTransformer\data\midis\asap-dataset-master\Bach\Fugue\bwv_846\Shi05M.mid,asap_metadata_performance,raw_normalized,94.736,45,94736,Bach/Fugue/bwv_846/Shi05M.mid,Bach,Fugue_bwv_846,Bach/Fugue/bwv_846
C:\Users\eagle\MARG_research\third_party\PianistTransformer\data\midis\asap-dataset-master\Bach\Fugue\bwv_846\Shi05M.mid,asap_metadata_performance,raw_normalized,94.755,39,94755,Bach/Fugue/bwv_846/Shi05M.mid,Bach,Fugue_bwv_846,Bach/Fugue/bwv_846
C:\Users\eagle\MARG_research\third_party\PianistTransformer\data\midis\asap-dataset-master\Bach\Fugue\bwv_846\Shi05M.mid,asap_metadata_performance,raw_normalized,94.775,33,94775,Bach/Fugue/bwv_846/Shi05M.mid,Bach,Fugue_bwv_846,Bach/Fugue/bwv_846
C:\Users\eagle\MARG_research\third_party\PianistTransformer\data\midis\asap-dataset-master\Bach\Fugue\bwv_846\Shi05M.mid,asap_metadata_performance,raw_normalized,94.796,0,94796,Bach/Fugue/bwv_846/Shi05M.mid,Bach,Fugue_bwv_846,Bach/Fugue/bwv_846
C:\Users\eagle\MARG_research\third_party\PianistTransformer\data\midis\asap-dataset-master\Bach\Fugue\bwv_846\Shi05M.mid,asap_metadata_performance,raw_normalized,94.992,30,94992,Bach/Fugue/bwv_846/Shi05M.mid,Bach,Fugue_bwv_846,Bach/Fugue/bwv_846
C:\Users\eagle\MARG_research\third_party\PianistTransformer\data\midis\asap-dataset-master\Bach\Fugue\bwv_846\Shi05M.mid,asap_metadata_performance,raw_normalized,95.052,32,95052,Bach/Fugue/bwv_846/Shi05M.mid,Bach,Fugue_bwv_846,Bach/Fugue/bwv_846
C:\Users\eagle\MARG_research\third_party\PianistTransformer\data\midis\asap-dataset-master\Bach\Fugue\bwv_846\Shi05M.mid,asap_metadata_performance,raw_normalized,95.072,32,95072,Bach/Fugue/bwv_846/Shi05M.mid,Bach,Fugue_bwv_846,Bach/Fugue/bwv_846
C:\Users\eagle\MARG_research\third_party\PianistTransformer\data\midis\asap-dataset-master\Bach\Fugue\bwv_846\Shi05M.mid,asap_metadata_performance,raw_normalized,95.091,33,95091,Bach/Fugue/bwv_846/Shi05M.mid,Bach,Fugue_bwv_846,Bach/Fugue/bwv_846
C:\Users\eagle\MARG_research\third_party\PianistTransformer\data\midis\asap-dataset-master\Bach\Fugue\bwv_846\Shi05M.mid,asap_metadata_performance,raw_normalized,95.112,34,95112,Bach/Fugue/bwv_846/Shi05M.mid,Bach,Fugue_bwv_846,Bach/Fugue/bwv_846
C:\Users\eagle\MARG_research\third_party\PianistTransformer\data\midis\asap-dataset-master\Bach\Fugue\bwv_846\Shi05M.mid,asap_metadata_performance,raw_normalized,95.151,34,95151,Bach/Fugue/bwv_846/Shi05M.mid,Bach,Fugue_bwv_846,Bach/Fugue/bwv_846
C:\Users\eagle\MARG_research\third_party\PianistTransformer\data\midis\asap-dataset-master\Bach\Fugue\bwv_846\Shi05M.mid,asap_metadata_performance,raw_normalized,95.171,35,95171,Bach/Fugue/bwv_846/Shi05M.mid,Bach,Fugue_bwv_846,Bach/Fugue/bwv_846
C:\Users\eagle\MARG_research\third_party\PianistTransformer\data\midis\asap-dataset-master\Bach\Fugue\bwv_846\Shi05M.mid,asap_metadata_performance,raw_normalized,95.19,38,95190,Bach/Fugue/bwv_846/Shi05M.mid,Bach,Fugue_bwv_846,Bach/Fugue/bwv_846
C:\Users\eagle\MARG_research\third_party\PianistTransformer\data\midis\asap-dataset-master\Bach\Fugue\bwv_846\Shi05M.mid,asap_metadata_performance,raw_normalized,95.211,43,95211,Bach/Fugue/bwv_846/Shi05M.mid,Bach,Fugue_bwv_846,Bach/Fugue/bwv_846
C:\Users\eagle\MARG_research\third_party\PianistTransformer\data\midis\asap-dataset-master\Bach\Fugue\bwv_846\Shi05M.mid,asap_metadata_performance,raw_normalized,95.23,52,95230,Bach/Fugue/bwv_846/Shi05M.mid,Bach,Fugue_bwv_846,Bach/Fugue/bwv_846
C:\Users\eagle\MARG_research\third_party\PianistTransformer\data\midis\asap-dataset-master\Bach\Fugue\bwv_846\Shi05M.mid,asap_metadata_performance,raw_normalized,95.26,60,95260,Bach/Fugue/bwv_846/Shi05M.mid,Bach,Fugue_bwv_846,Bach/Fugue/bwv_846
C:\Users\eagle\MARG_research\third_party\PianistTransformer\data\midis\asap-dataset-master\Bach\Fugue\bwv_846\Shi05M.mid,asap_metadata_performance,raw_normalized,95.28,65,95280,Bach/Fugue/bwv_846/Shi05M.mid,Bach,Fugue_bwv_846,Bach/Fugue/bwv_846
C:\Users\eagle\MARG_research\third_party\PianistTransformer\data\midis\asap-dataset-master\Bach\Fugue\bwv_846\Shi05M.mid,asap_metadata_performance,raw_normalized,95.299,70,95299,Bach/Fugue/bwv_846/Shi05M.mid,Bach,Fugue_bwv_846,Bach/Fugue/bwv_846
C:\Users\eagle\MARG_research\third_party\PianistTransformer\data\midis\asap-dataset-master\Bach\Fugue\bwv_846\Shi05M.mid,asap_metadata_performance,raw_normalized,95.32,76,95320,Bach/Fugue/bwv_846/Shi05M.mid,Bach,Fugue_bwv_846,Bach/Fugue/bwv_846
C:\Users\eagle\MARG_research\third_party\PianistTransformer\data\midis\asap-dataset-master\Bach\Fugue\bwv_846\Shi05M.mid,asap_metadata_performance,raw_normalized,95.339,83,95339,Bach/Fugue/bwv_846/Shi05M.mid,Bach,Fugue_bwv_846,Bach/Fugue/bwv_846
C:\Users\eagle\MARG_research\third_party\PianistTransformer\data\midis\asap-dataset-master\Bach\Fugue\bwv_846\Shi05M.mid,asap_metadata_performance,raw_normalized,95.358,91,95358,Bach/Fugue/bwv_846/Shi05M.mid,Bach,Fugue_bwv_846,Bach/Fugue/bwv_846
C:\Users\eagle\MARG_research\third_party\PianistTransformer\data\midis\asap-dataset-master\Bach\Fugue\bwv_846\Shi05M.mid,asap_metadata_performance,raw_normalized,95.379,101,95379,Bach/Fugue/bwv_846/Shi05M.mid,Bach,Fugue_bwv_846,Bach/Fugue/bwv_846
C:\Users\eagle\MARG_research\third_party\PianistTransformer\data\midis\asap-dataset-master\Bach\Fugue\bwv_846\Shi05M.mid,asap_metadata_performance,raw_normalized,95.398,111,95398,Bach/Fugue/bwv_846/Shi05M.mid,Bach,Fugue_bwv_846,Bach/Fugue/bwv_846
C:\Users\eagle\MARG_research\third_party\PianistTransformer\data\midis\asap-dataset-master\Bach\Fugue\bwv_846\Shi05M.mid,asap_metadata_performance,raw_normalized,95.419,127,95419,Bach/Fugue/bwv_846/Shi05M.mid,Bach,Fugue_bwv_846,Bach/Fugue/bwv_846
C:\Users\eagle\MARG_research\third_party\PianistTransformer\data\midis\asap-dataset-master\Bach\Fugue\bwv_846\Shi05M.mid,asap_metadata_performance,raw_normalized,95.835,98,95835,Bach/Fugue/bwv_846/Shi05M.mid,Bach,Fugue_bwv_846,Bach/Fugue/bwv_846
C:\Users\eagle\MARG_research\third_party\PianistTransformer\data\midis\asap-dataset-master\Bach\Fugue\bwv_846\Shi05M.mid,asap_metadata_performance,raw_normalized,95.853,81,95853,Bach/Fugue/bwv_846/Shi05M.mid,Bach,Fugue_bwv_846,Bach/Fugue/bwv_846
C:\Users\eagle\MARG_research\third_party\PianistTransformer\data\midis\asap-dataset-master\Bach\Fugue\bwv_846\Shi05M.mid,asap_metadata_performance,raw_normalized,95.872,65,95872,Bach/Fugue/bwv_846/Shi05M.mid,Bach,Fugue_bwv_846,Bach/Fugue/bwv_846
C:\Users\eagle\MARG_research\third_party\PianistTransformer\data\midis\asap-dataset-master\Bach\Fugue\bwv_846\Shi05M.mid,asap_metadata_performance,raw_normalized,95.893,43,95893,Bach/Fugue/bwv_846/Shi05M.mid,Bach,Fugue_bwv_846,Bach/Fugue/bwv_846
C:\Users\eagle\MARG_research\third_party\PianistTransformer\data\midis\asap-dataset-master\Bach\Fugue\bwv_846\Shi05M.mid,asap_metadata_performance,raw_normalized,95.913,0,95913,Bach/Fugue/bwv_846/Shi05M.mid,Bach,Fugue_bwv_846,Bach/Fugue/bwv_846
C:\Users\eagle\MARG_research\third_party\PianistTransformer\data\midis\asap-dataset-master\Bach\Fugue\bwv_846\Shi05M.mid,asap_metadata_performance,raw_normalized,95.953,34,95953,Bach/Fugue/bwv_846/Shi05M.mid,Bach,Fugue_bwv_846,Bach/Fugue/bwv_846
C:\Users\eagle\MARG_research\third_party\PianistTransformer\data\midis\asap-dataset-master\Bach\Fugue\bwv_846\Shi05M.mid,asap_metadata_performance,raw_normalized,95.971,48,95971,Bach/Fugue/bwv_846/Shi05M.mid,Bach,Fugue_bwv_846,Bach/Fugue/bwv_846
C:\Users\eagle\MARG_research\third_party\PianistTransformer\data\midis\asap-dataset-master\Bach\Fugue\bwv_846\Shi05M.mid,asap_metadata_performance,raw_normalized,95.992,61,95992,Bach/Fugue/bwv_846/Shi05M.mid,Bach,Fugue_bwv_846,Bach/Fugue/bwv_846
C:\Users\eagle\MARG_research\third_party\PianistTransformer\data\midis\asap-dataset-master\Bach\Fugue\bwv_846\Shi05M.mid,asap_metadata_performance,raw_normalized,96.012,67,96012,Bach/Fugue/bwv_846/Shi05M.mid,Bach,Fugue_bwv_846,Bach/Fugue/bwv_846
C:\Users\eagle\MARG_research\third_party\PianistTransformer\data\midis\asap-dataset-master\Bach\Fugue\bwv_846\Shi05M.mid,asap_metadata_performance,raw_normalized,96.03,75,96030,Bach/Fugue/bwv_846/Shi05M.mid,Bach,Fugue_bwv_846,Bach/Fugue/bwv_846
C:\Users\eagle\MARG_research\third_party\PianistTransformer\data\midis\asap-dataset-master\Bach\Fugue\bwv_846\Shi05M.mid,asap_metadata_performance,raw_normalized,96.052,82,96052,Bach/Fugue/bwv_846/Shi05M.mid,Bach,Fugue_bwv_846,Bach/Fugue/bwv_846
C:\Users\eagle\MARG_research\third_party\PianistTransformer\data\midis\asap-dataset-master\Bach\Fugue\bwv_846\Shi05M.mid,asap_metadata_performance,raw_normalized,96.072,91,96072,Bach/Fugue/bwv_846/Shi05M.mid,Bach,Fugue_bwv_846,Bach/Fugue/bwv_846
C:\Users\eagle\MARG_research\third_party\PianistTransformer\data\midis\asap-dataset-master\Bach\Fugue\bwv_846\Shi05M.mid,asap_metadata_performance,raw_normalized,96.094,100,96094,Bach/Fugue/bwv_846/Shi05M.mid,Bach,Fugue_bwv_846,Bach/Fugue/bwv_846
C:\Users\eagle\MARG_research\third_party\PianistTransformer\data\midis\asap-dataset-master\Bach\Fugue\bwv_846\Shi05M.mid,asap_metadata_performance,raw_normalized,96.113,108,96113,Bach/Fugue/bwv_846/Shi05M.mid,Bach,Fugue_bwv_846,Bach/Fugue/bwv_846
C:\Users\eagle\MARG_research\third_party\PianistTransformer\data\midis\asap-dataset-master\Bach\Fugue\bwv_846\Shi05M.mid,asap_metadata_performance,raw_normalized,96.133,114,96133,Bach/Fugue/bwv_846/Shi05M.mid,Bach,Fugue_bwv_846,Bach/Fugue/bwv_846
C:\Users\eagle\MARG_research\third_party\PianistTransformer\data\midis\asap-dataset-master\Bach\Fugue\bwv_846\Shi05M.mid,asap_metadata_performance,raw_normalized,96.152,117,96152,Bach/Fugue/bwv_846/Shi05M.mid,Bach,Fugue_bwv_846,Bach/Fugue/bwv_846
C:\Users\eagle\MARG_research\third_party\PianistTransformer\data\midis\asap-dataset-master\Bach\Fugue\bwv_846\Shi05M.mid,asap_metadata_performance,raw_normalized,96.439,114,96439,Bach/Fugue/bwv_846/Shi05M.mid,Bach,Fugue_bwv_846,Bach/Fugue/bwv_846
C:\Users\eagle\MARG_research\third_party\PianistTransformer\data\midis\asap-dataset-master\Bach\Fugue\bwv_846\Shi05M.mid,asap_metadata_performance,raw_normalized,96.46,105,96460,Bach/Fugue/bwv_846/Shi05M.mid,Bach,Fugue_bwv_846,Bach/Fugue/bwv_846
C:\Users\eagle\MARG_research\third_party\PianistTransformer\data\midis\asap-dataset-master\Bach\Fugue\bwv_846\Shi05M.mid,asap_metadata_performance,raw_normalized,96.479,93,96479,Bach/Fugue/bwv_846/Shi05M.mid,Bach,Fugue_bwv_846,Bach/Fugue/bwv_846
C:\Users\eagle\MARG_research\third_party\PianistTransformer\data\midis\asap-dataset-master\Bach\Fugue\bwv_846\Shi05M.mid,asap_metadata_performance,raw_normalized,96.499,80,96499,Bach/Fugue/bwv_846/Shi05M.mid,Bach,Fugue_bwv_846,Bach/Fugue/bwv_846
C:\Users\eagle\MARG_research\third_party\PianistTransformer\data\midis\asap-dataset-master\Bach\Fugue\bwv_846\Shi05M.mid,asap_metadata_performance,raw_normalized,96.52,67,96520,Bach/Fugue/bwv_846/Shi05M.mid,Bach,Fugue_bwv_846,Bach/Fugue/bwv_846
C:\Users\eagle\MARG_research\third_party\PianistTransformer\data\midis\asap-dataset-master\Bach\Fugue\bwv_846\Shi05M.mid,asap_metadata_performance,raw_normalized,96.538,57,96538,Bach/Fugue/bwv_846/Shi05M.mid,Bach,Fugue_bwv_846,Bach/Fugue/bwv_846
C:\Users\eagle\MARG_research\third_party\PianistTransformer\data\midis\asap-dataset-master\Bach\Fugue\bwv_846\Shi05M.mid,asap_metadata_performance,raw_normalized,96.557,53,96557,Bach/Fugue/bwv_846/Shi05M.mid,Bach,Fugue_bwv_846,Bach/Fugue/bwv_846
C:\Users\eagle\MARG_research\third_party\PianistTransformer\data\midis\asap-dataset-master\Bach\Fugue\bwv_846\Shi05M.mid,asap_metadata_performance,raw_normalized,96.578,61,96578,Bach/Fugue/bwv_846/Shi05M.mid,Bach,Fugue_bwv_846,Bach/Fugue/bwv_846
C:\Users\eagle\MARG_research\third_party\PianistTransformer\data\midis\asap-dataset-master\Bach\Fugue\bwv_846\Shi05M.mid,asap_metadata_performance,raw_normalized,96.596,66,96596,Bach/Fugue/bwv_846/Shi05M.mid,Bach,Fugue_bwv_846,Bach/Fugue/bwv_846
C:\Users\eagle\MARG_research\third_party\PianistTransformer\data\midis\asap-dataset-master\Bach\Fugue\bwv_846\Shi05M.mid,asap_metadata_performance,raw_normalized,96.617,73,96617,Bach/Fugue/bwv_846/Shi05M.mid,Bach,Fugue_bwv_846,Bach/Fugue/bwv_846
C:\Users\eagle\MARG_research\third_party\PianistTransformer\data\midis\asap-dataset-master\Bach\Fugue\bwv_846\Shi05M.mid,asap_metadata_performance,raw_normalized,96.637,82,96637,Bach/Fugue/bwv_846/Shi05M.mid,Bach,Fugue_bwv_846,Bach/Fugue/bwv_846
C:\Users\eagle\MARG_research\third_party\PianistTransformer\data\midis\asap-dataset-master\Bach\Fugue\bwv_846\Shi05M.mid,asap_metadata_performance,raw_normalized,96.656,89,96656,Bach/Fugue/bwv_846/Shi05M.mid,Bach,Fugue_bwv_846,Bach/Fugue/bwv_846
C:\Users\eagle\MARG_research\third_party\PianistTransformer\data\midis\asap-dataset-master\Bach\Fugue\bwv_846\Shi05M.mid,asap_metadata_performance,raw_normalized,96.677,94,96677,Bach/Fugue/bwv_846/Shi05M.mid,Bach,Fugue_bwv_846,Bach/Fugue/bwv_846
C:\Users\eagle\MARG_research\third_party\PianistTransformer\data\midis\asap-dataset-master\Bach\Fugue\bwv_846\Shi05M.mid,asap_metadata_performance,raw_normalized,96.695,103,96695,Bach/Fugue/bwv_846/Shi05M.mid,Bach,Fugue_bwv_846,Bach/Fugue/bwv_846
C:\Users\eagle\MARG_research\third_party\PianistTransformer\data\midis\asap-dataset-master\Bach\Fugue\bwv_846\Shi05M.mid,asap_metadata_performance,raw_normalized,96.715,113,96715,Bach/Fugue/bwv_846/Shi05M.mid,Bach,Fugue_bwv_846,Bach/Fugue/bwv_846
C:\Users\eagle\MARG_research\third_party\PianistTransformer\data\midis\asap-dataset-master\Bach\Fugue\bwv_846\Shi05M.mid,asap_metadata_performance,raw_normalized,96.736,127,96736,Bach/Fugue/bwv_846/Shi05M.mid,Bach,Fugue_bwv_846,Bach/Fugue/bwv_846
C:\Users\eagle\MARG_research\third_party\PianistTransformer\data\midis\asap-dataset-master\Bach\Fugue\bwv_846\Shi05M.mid,asap_metadata_performance,raw_normalized,97.052,107,97052,Bach/Fugue/bwv_846/Shi05M.mid,Bach,Fugue_bwv_846,Bach/Fugue/bwv_846
C:\Users\eagle\MARG_research\third_party\PianistTransformer\data\midis\asap-dataset-master\Bach\Fugue\bwv_846\Shi05M.mid,asap_metadata_performance,raw_normalized,97.072,93,97072,Bach/Fugue/bwv_846/Shi05M.mid,Bach,Fugue_bwv_846,Bach/Fugue/bwv_846
C:\Users\eagle\MARG_research\third_party\PianistTransformer\data\midis\asap-dataset-master\Bach\Fugue\bwv_846\Shi05M.mid,asap_metadata_performance,raw_normalized,97.092,78,97092,Bach/Fugue/bwv_846/Shi05M.mid,Bach,Fugue_bwv_846,Bach/Fugue/bwv_846
C:\Users\eagle\MARG_research\third_party\PianistTransformer\data\midis\asap-dataset-master\Bach\Fugue\bwv_846\Shi05M.mid,asap_metadata_performance,raw_normalized,97.112,65,97112,Bach/Fugue/bwv_846/Shi05M.mid,Bach,Fugue_bwv_846,Bach/Fugue/bwv_846
C:\Users\eagle\MARG_research\third_party\PianistTransformer\data\midis\asap-dataset-master\Bach\Fugue\bwv_846\Shi05M.mid,asap_metadata_performance,raw_normalized,97.13,49,97130,Bach/Fugue/bwv_846/Shi05M.mid,Bach,Fugue_bwv_846,Bach/Fugue/bwv_846
C:\Users\eagle\MARG_research\third_party\PianistTransformer\data\midis\asap-dataset-master\Bach\Fugue\bwv_846\Shi05M.mid,asap_metadata_performance,raw_normalized,97.152,0,97152,Bach/Fugue/bwv_846/Shi05M.mid,Bach,Fugue_bwv_846,Bach/Fugue/bwv_846
C:\Users\eagle\MARG_research\third_party\PianistTransformer\data\midis\asap-dataset-master\Bach\Fugue\bwv_846\Shi05M.mid,asap_metadata_performance,raw_normalized,97.193,34,97193,Bach/Fugue/bwv_846/Shi05M.mid,Bach,Fugue_bwv_846,Bach/Fugue/bwv_846
C:\Users\eagle\MARG_research\third_party\PianistTransformer\data\midis\asap-dataset-master\Bach\Fugue\bwv_846\Shi05M.mid,asap_metadata_performance,raw_normalized,97.212,47,97212,Bach/Fugue/bwv_846/Shi05M.mid,Bach,Fugue_bwv_846,Bach/Fugue/bwv_846
C:\Users\eagle\MARG_research\third_party\PianistTransformer\data\midis\asap-dataset-master\Bach\Fugue\bwv_846\Shi05M.mid,asap_metadata_performance,raw_normalized,97.232,62,97232,Bach/Fugue/bwv_846/Shi05M.mid,Bach,Fugue_bwv_846,Bach/Fugue/bwv_846
C:\Users\eagle\MARG_research\third_party\PianistTransformer\data\midis\asap-dataset-master\Bach\Fugue\bwv_846\Shi05M.mid,asap_metadata_performance,raw_normalized,97.26,70,97260,Bach/Fugue/bwv_846/Shi05M.mid,Bach,Fugue_bwv_846,Bach/Fugue/bwv_846
C:\Users\eagle\MARG_research\third_party\PianistTransformer\data\midis\asap-dataset-master\Bach\Fugue\bwv_846\Shi05M.mid,asap_metadata_performance,raw_normalized,97.28,76,97280,Bach/Fugue/bwv_846/Shi05M.mid,Bach,Fugue_bwv_846,Bach/Fugue/bwv_846
C:\Users\eagle\MARG_research\third_party\PianistTransformer\data\midis\asap-dataset-master\Bach\Fugue\bwv_846\Shi05M.mid,asap_metadata_performance,raw_normalized,97.301,82,97301,Bach/Fugue/bwv_846/Shi05M.mid,Bach,Fugue_bwv_846,Bach/Fugue/bwv_846
C:\Users\eagle\MARG_research\third_party\PianistTransformer\data\midis\asap-dataset-master\Bach\Fugue\bwv_846\Shi05M.mid,asap_metadata_performance,raw_normalized,97.32,86,97320,Bach/Fugue/bwv_846/Shi05M.mid,Bach,Fugue_bwv_846,Bach/Fugue/bwv_846
C:\Users\eagle\MARG_research\third_party\PianistTransformer\data\midis\asap-dataset-master\Bach\Fugue\bwv_846\Shi05M.mid,asap_metadata_performance,raw_normalized,97.34,91,97340,Bach/Fugue/bwv_846/Shi05M.mid,Bach,Fugue_bwv_846,Bach/Fugue/bwv_846
C:\Users\eagle\MARG_research\third_party\PianistTransformer\data\midis\asap-dataset-master\Bach\Fugue\bwv_846\Shi05M.mid,asap_metadata_performance,raw_normalized,97.361,94,97361,Bach/Fugue/bwv_846/Shi05M.mid,Bach,Fugue_bwv_846,Bach/Fugue/bwv_846
C:\Users\eagle\MARG_research\third_party\PianistTransformer\data\midis\asap-dataset-master\Bach\Fugue\bwv_846\Shi05M.mid,asap_metadata_performance,raw_normalized,97.38,94,97380,Bach/Fugue/bwv_846/Shi05M.mid,Bach,Fugue_bwv_846,Bach/Fugue/bwv_846
C:\Users\eagle\MARG_research\third_party\PianistTransformer\data\midis\asap-dataset-master\Bach\Fugue\bwv_846\Shi05M.mid,asap_metadata_performance,raw_normalized,97.658,94,97658,Bach/Fugue/bwv_846/Shi05M.mid,Bach,Fugue_bwv_846,Bach/Fugue/bwv_846
C:\Users\eagle\MARG_research\third_party\PianistTransformer\data\midis\asap-dataset-master\Bach\Fugue\bwv_846\Shi05M.mid,asap_metadata_performance,raw_normalized,97.677,92,97677,Bach/Fugue/bwv_846/Shi05M.mid,Bach,Fugue_bwv_846,Bach/Fugue/bwv_846
C:\Users\eagle\MARG_research\third_party\PianistTransformer\data\midis\asap-dataset-master\Bach\Fugue\bwv_846\Shi05M.mid,asap_metadata_performance,raw_normalized,97.695,86,97695,Bach/Fugue/bwv_846/Shi05M.mid,Bach,Fugue_bwv_846,Bach/Fugue/bwv_846
C:\Users\eagle\MARG_research\third_party\PianistTransformer\data\midis\asap-dataset-master\Bach\Fugue\bwv_846\Shi05M.mid,asap_metadata_performance,raw_normalized,97.716,76,97716,Bach/Fugue/bwv_846/Shi05M.mid,Bach,Fugue_bwv_846,Bach/Fugue/bwv_846
C:\Users\eagle\MARG_research\third_party\PianistTransformer\data\midis\asap-dataset-master\Bach\Fugue\bwv_846\Shi05M.mid,asap_metadata_performance,raw_normalized,97.736,65,97736,Bach/Fugue/bwv_846/Shi05M.mid,Bach,Fugue_bwv_846,Bach/Fugue/bwv_846
C:\Users\eagle\MARG_research\third_party\PianistTransformer\data\midis\asap-dataset-master\Bach\Fugue\bwv_846\Shi05M.mid,asap_metadata_performance,raw_normalized,97.755,53,97755,Bach/Fugue/bwv_846/Shi05M.mid,Bach,Fugue_bwv_846,Bach/Fugue/bwv_846
C:\Users\eagle\MARG_research\third_party\PianistTransformer\data\midis\asap-dataset-master\Bach\Fugue\bwv_846\Shi05M.mid,asap_metadata_performance,raw_normalized,97.776,55,97776,Bach/Fugue/bwv_846/Shi05M.mid,Bach,Fugue_bwv_846,Bach/Fugue/bwv_846
C:\Users\eagle\MARG_research\third_party\PianistTransformer\data\midis\asap-dataset-master\Bach\Fugue\bwv_846\Shi05M.mid,asap_metadata_performance,raw_normalized,97.794,62,97794,Bach/Fugue/bwv_846/Shi05M.mid,Bach,Fugue_bwv_846,Bach/Fugue/bwv_846
C:\Users\eagle\MARG_research\third_party\PianistTransformer\data\midis\asap-dataset-master\Bach\Fugue\bwv_846\Shi05M.mid,asap_metadata_performance,raw_normalized,97.815,66,97815,Bach/Fugue/bwv_846/Shi05M.mid,Bach,Fugue_bwv_846,Bach/Fugue/bwv_846
C:\Users\eagle\MARG_research\third_party\PianistTransformer\data\midis\asap-dataset-master\Bach\Fugue\bwv_846\Shi05M.mid,asap_metadata_performance,raw_normalized,97.835,69,97835,Bach/Fugue/bwv_846/Shi05M.mid,Bach,Fugue_bwv_846,Bach/Fugue/bwv_846
C:\Users\eagle\MARG_research\third_party\PianistTransformer\data\midis\asap-dataset-master\Bach\Fugue\bwv_846\Shi05M.mid,asap_metadata_performance,raw_normalized,97.854,72,97854,Bach/Fugue/bwv_846/Shi05M.mid,Bach,Fugue_bwv_846,Bach/Fugue/bwv_846
C:\Users\eagle\MARG_research\third_party\PianistTransformer\data\midis\asap-dataset-master\Bach\Fugue\bwv_846\Shi05M.mid,asap_metadata_performance,raw_normalized,97.875,74,97875,Bach/Fugue/bwv_846/Shi05M.mid,Bach,Fugue_bwv_846,Bach/Fugue/bwv_846
C:\Users\eagle\MARG_research\third_party\PianistTransformer\data\midis\asap-dataset-master\Bach\Fugue\bwv_846\Shi05M.mid,asap_metadata_performance,raw_normalized,97.893,74,97893,Bach/Fugue/bwv_846/Shi05M.mid,Bach,Fugue_bwv_846,Bach/Fugue/bwv_846
C:\Users\eagle\MARG_research\third_party\PianistTransformer\data\midis\asap-dataset-master\Bach\Fugue\bwv_846\Shi05M.mid,asap_metadata_performance,raw_normalized,97.913,75,97913,Bach/Fugue/bwv_846/Shi05M.mid,Bach,Fugue_bwv_846,Bach/Fugue/bwv_846
C:\Users\eagle\MARG_research\third_party\PianistTransformer\data\midis\asap-dataset-master\Bach\Fugue\bwv_846\Shi05M.mid,asap_metadata_performance,raw_normalized,98.013,74,98013,Bach/Fugue/bwv_846/Shi05M.mid,Bach,Fugue_bwv_846,Bach/Fugue/bwv_846
C:\Users\eagle\MARG_research\third_party\PianistTransformer\data\midis\asap-dataset-master\Bach\Fugue\bwv_846\Shi05M.mid,asap_metadata_performance,raw_normalized,98.034,74,98034,Bach/Fugue/bwv_846/Shi05M.mid,Bach,Fugue_bwv_846,Bach/Fugue/bwv_846
C:\Users\eagle\MARG_research\third_party\PianistTransformer\data\midis\asap-dataset-master\Bach\Fugue\bwv_846\Shi05M.mid,asap_metadata_performance,raw_normalized,98.148,73,98148,Bach/Fugue/bwv_846/Shi05M.mid,Bach,Fugue_bwv_846,Bach/Fugue/bwv_846
C:\Users\eagle\MARG_research\third_party\PianistTransformer\data\midis\asap-dataset-master\Bach\Fugue\bwv_846\Shi05M.mid,asap_metadata_performance,raw_normalized,98.168,72,98168,Bach/Fugue/bwv_846/Shi05M.mid,Bach,Fugue_bwv_846,Bach/Fugue/bwv_846
C:\Users\eagle\MARG_research\third_party\PianistTransformer\data\midis\asap-dataset-master\Bach\Fugue\bwv_846\Shi05M.mid,asap_metadata_performance,raw_normalized,98.189,69,98189,Bach/Fugue/bwv_846/Shi05M.mid,Bach,Fugue_bwv_846,Bach/Fugue/bwv_846
C:\Users\eagle\MARG_research\third_party\PianistTransformer\data\midis\asap-dataset-master\Bach\Fugue\bwv_846\Shi05M.mid,asap_metadata_performance,raw_normalized,98.208,63,98208,Bach/Fugue/bwv_846/Shi05M.mid,Bach,Fugue_bwv_846,Bach/Fugue/bwv_846
C:\Users\eagle\MARG_research\third_party\PianistTransformer\data\midis\asap-dataset-master\Bach\Fugue\bwv_846\Shi05M.mid,asap_metadata_performance,raw_normalized,98.229,55,98229,Bach/Fugue/bwv_846/Shi05M.mid,Bach,Fugue_bwv_846,Bach/Fugue/bwv_846
C:\Users\eagle\MARG_research\third_party\PianistTransformer\data\midis\asap-dataset-master\Bach\Fugue\bwv_846\Shi05M.mid,asap_metadata_performance,raw_normalized,98.258,46,98258,Bach/Fugue/bwv_846/Shi05M.mid,Bach,Fugue_bwv_846,Bach/Fugue/bwv_846
C:\Users\eagle\MARG_research\third_party\PianistTransformer\data\midis\asap-dataset-master\Bach\Fugue\bwv_846\Shi05M.mid,asap_metadata_performance,raw_normalized,98.277,42,98277,Bach/Fugue/bwv_846/Shi05M.mid,Bach,Fugue_bwv_846,Bach/Fugue/bwv_846
C:\Users\eagle\MARG_research\third_party\PianistTransformer\data\midis\asap-dataset-master\Bach\Fugue\bwv_846\Shi05M.mid,asap_metadata_performance,raw_normalized,98.298,41,98298,Bach/Fugue/bwv_846/Shi05M.mid,Bach,Fugue_bwv_846,Bach/Fugue/bwv_846
C:\Users\eagle\MARG_research\third_party\PianistTransformer\data\midis\asap-dataset-master\Bach\Fugue\bwv_846\Shi05M.mid,asap_metadata_performance,raw_normalized,98.318,43,98318,Bach/Fugue/bwv_846/Shi05M.mid,Bach,Fugue_bwv_846,Bach/Fugue/bwv_846
C:\Users\eagle\MARG_research\third_party\PianistTransformer\data\midis\asap-dataset-master\Bach\Fugue\bwv_846\Shi05M.mid,asap_metadata_performance,raw_normalized,98.337,48,98337,Bach/Fugue/bwv_846/Shi05M.mid,Bach,Fugue_bwv_846,Bach/Fugue/bwv_846
C:\Users\eagle\MARG_research\third_party\PianistTransformer\data\midis\asap-dataset-master\Bach\Fugue\bwv_846\Shi05M.mid,asap_metadata_performance,raw_normalized,98.357,58,98357,Bach/Fugue/bwv_846/Shi05M.mid,Bach,Fugue_bwv_846,Bach/Fugue/bwv_846
C:\Users\eagle\MARG_research\third_party\PianistTransformer\data\midis\asap-dataset-master\Bach\Fugue\bwv_846\Shi05M.mid,asap_metadata_performance,raw_normalized,98.376,65,98376,Bach/Fugue/bwv_846/Shi05M.mid,Bach,Fugue_bwv_846,Bach/Fugue/bwv_846
C:\Users\eagle\MARG_research\third_party\PianistTransformer\data\midis\asap-dataset-master\Bach\Fugue\bwv_846\Shi05M.mid,asap_metadata_performance,raw_normalized,98.397,71,98397,Bach/Fugue/bwv_846/Shi05M.mid,Bach,Fugue_bwv_846,Bach/Fugue/bwv_846
C:\Users\eagle\MARG_research\third_party\PianistTransformer\data\midis\asap-dataset-master\Bach\Fugue\bwv_846\Shi05M.mid,asap_metadata_performance,raw_normalized,98.417,77,98417,Bach/Fugue/bwv_846/Shi05M.mid,Bach,Fugue_bwv_846,Bach/Fugue/bwv_846
C:\Users\eagle\MARG_research\third_party\PianistTransformer\data\midis\asap-dataset-master\Bach\Fugue\bwv_846\Shi05M.mid,asap_metadata_performance,raw_normalized,98.436,82,98436,Bach/Fugue/bwv_846/Shi05M.mid,Bach,Fugue_bwv_846,Bach/Fugue/bwv_846
C:\Users\eagle\MARG_research\third_party\PianistTransformer\data\midis\asap-dataset-master\Bach\Fugue\bwv_846\Shi05M.mid,asap_metadata_performance,raw_normalized,98.457,84,98457,Bach/Fugue/bwv_846/Shi05M.mid,Bach,Fugue_bwv_846,Bach/Fugue/bwv_846
C:\Users\eagle\MARG_research\third_party\PianistTransformer\data\midis\asap-dataset-master\Bach\Fugue\bwv_846\Shi05M.mid,asap_metadata_performance,raw_normalized,98.477,87,98477,Bach/Fugue/bwv_846/Shi05M.mid,Bach,Fugue_bwv_846,Bach/Fugue/bwv_846
C:\Users\eagle\MARG_research\third_party\PianistTransformer\data\midis\asap-dataset-master\Bach\Fugue\bwv_846\Shi05M.mid,asap_metadata_performance,raw_normalized,98.496,89,98496,Bach/Fugue/bwv_846/Shi05M.mid,Bach,Fugue_bwv_846,Bach/Fugue/bwv_846
C:\Users\eagle\MARG_research\third_party\PianistTransformer\data\midis\asap-dataset-master\Bach\Fugue\bwv_846\Shi05M.mid,asap_metadata_performance,raw_normalized,98.576,88,98576,Bach/Fugue/bwv_846/Shi05M.mid,Bach,Fugue_bwv_846,Bach/Fugue/bwv_846
C:\Users\eagle\MARG_research\third_party\PianistTransformer\data\midis\asap-dataset-master\Bach\Fugue\bwv_846\Shi05M.mid,asap_metadata_performance,raw_normalized,98.595,87,98595,Bach/Fugue/bwv_846/Shi05M.mid,Bach,Fugue_bwv_846,Bach/Fugue/bwv_846
C:\Users\eagle\MARG_research\third_party\PianistTransformer\data\midis\asap-dataset-master\Bach\Fugue\bwv_846\Shi05M.mid,asap_metadata_performance,raw_normalized,98.616,86,98616,Bach/Fugue/bwv_846/Shi05M.mid,Bach,Fugue_bwv_846,Bach/Fugue/bwv_846
C:\Users\eagle\MARG_research\third_party\PianistTransformer\data\midis\asap-dataset-master\Bach\Fugue\bwv_846\Shi05M.mid,asap_metadata_performance,raw_normalized,98.634,85,98634,Bach/Fugue/bwv_846/Shi05M.mid,Bach,Fugue_bwv_846,Bach/Fugue/bwv_846
C:\Users\eagle\MARG_research\third_party\PianistTransformer\data\midis\asap-dataset-master\Bach\Fugue\bwv_846\Shi05M.mid,asap_metadata_performance,raw_normalized,98.655,85,98655,Bach/Fugue/bwv_846/Shi05M.mid,Bach,Fugue_bwv_846,Bach/Fugue/bwv_846
C:\Users\eagle\MARG_research\third_party\PianistTransformer\data\midis\asap-dataset-master\Bach\Fugue\bwv_846\Shi05M.mid,asap_metadata_performance,raw_normalized,98.674,84,98674,Bach/Fugue/bwv_846/Shi05M.mid,Bach,Fugue_bwv_846,Bach/Fugue/bwv_846
C:\Users\eagle\MARG_research\third_party\PianistTransformer\data\midis\asap-dataset-master\Bach\Fugue\bwv_846\Shi05M.mid,asap_metadata_performance,raw_normalized,98.693,83,98693,Bach/Fugue/bwv_846/Shi05M.mid,Bach,Fugue_bwv_846,Bach/Fugue/bwv_846
C:\Users\eagle\MARG_research\third_party\PianistTransformer\data\midis\asap-dataset-master\Bach\Fugue\bwv_846\Shi05M.mid,asap_metadata_performance,raw_normalized,98.714,82,98714,Bach/Fugue/bwv_846/Shi05M.mid,Bach,Fugue_bwv_846,Bach/Fugue/bwv_846
C:\Users\eagle\MARG_research\third_party\PianistTransformer\data\midis\asap-dataset-master\Bach\Fugue\bwv_846\Shi05M.mid,asap_metadata_performance,raw_normalized,98.733,81,98733,Bach/Fugue/bwv_846/Shi05M.mid,Bach,Fugue_bwv_846,Bach/Fugue/bwv_846
C:\Users\eagle\MARG_research\third_party\PianistTransformer\data\midis\asap-dataset-master\Bach\Fugue\bwv_846\Shi05M.mid,asap_metadata_performance,raw_normalized,98.753,80,98753,Bach/Fugue/bwv_846/Shi05M.mid,Bach,Fugue_bwv_846,Bach/Fugue/bwv_846
C:\Users\eagle\MARG_research\third_party\PianistTransformer\data\midis\asap-dataset-master\Bach\Fugue\bwv_846\Shi05M.mid,asap_metadata_performance,raw_normalized,98.773,80,98773,Bach/Fugue/bwv_846/Shi05M.mid,Bach,Fugue_bwv_846,Bach/Fugue/bwv_846
C:\Users\eagle\MARG_research\third_party\PianistTransformer\data\midis\asap-dataset-master\Bach\Fugue\bwv_846\Shi05M.mid,asap_metadata_performance,raw_normalized,98.792,79,98792,Bach/Fugue/bwv_846/Shi05M.mid,Bach,Fugue_bwv_846,Bach/Fugue/bwv_846
C:\Users\eagle\MARG_research\third_party\PianistTransformer\data\midis\asap-dataset-master\Bach\Fugue\bwv_846\Shi05M.mid,asap_metadata_performance,raw_normalized,98.812,78,98812,Bach/Fugue/bwv_846/Shi05M.mid,Bach,Fugue_bwv_846,Bach/Fugue/bwv_846
C:\Users\eagle\MARG_research\third_party\PianistTransformer\data\midis\asap-dataset-master\Bach\Fugue\bwv_846\Shi05M.mid,asap_metadata_performance,raw_normalized,98.832,77,98832,Bach/Fugue/bwv_846/Shi05M.mid,Bach,Fugue_bwv_846,Bach/Fugue/bwv_846
C:\Users\eagle\MARG_research\third_party\PianistTransformer\data\midis\asap-dataset-master\Bach\Fugue\bwv_846\Shi05M.mid,asap_metadata_performance,raw_normalized,98.852,76,98852,Bach/Fugue/bwv_846/Shi05M.mid,Bach,Fugue_bwv_846,Bach/Fugue/bwv_846
C:\Users\eagle\MARG_research\third_party\PianistTransformer\data\midis\asap-dataset-master\Bach\Fugue\bwv_846\Shi05M.mid,asap_metadata_performance,raw_normalized,98.872,75,98872,Bach/Fugue/bwv_846/Shi05M.mid,Bach,Fugue_bwv_846,Bach/Fugue/bwv_846
C:\Users\eagle\MARG_research\third_party\PianistTransformer\data\midis\asap-dataset-master\Bach\Fugue\bwv_846\Shi05M.mid,asap_metadata_performance,raw_normalized,98.891,73,98891,Bach/Fugue/bwv_846/Shi05M.mid,Bach,Fugue_bwv_846,Bach/Fugue/bwv_846
C:\Users\eagle\MARG_research\third_party\PianistTransformer\data\midis\asap-dataset-master\Bach\Fugue\bwv_846\Shi05M.mid,asap_metadata_performance,raw_normalized,98.91,72,98910,Bach/Fugue/bwv_846/Shi05M.mid,Bach,Fugue_bwv_846,Bach/Fugue/bwv_846
C:\Users\eagle\MARG_research\third_party\PianistTransformer\data\midis\asap-dataset-master\Bach\Fugue\bwv_846\Shi05M.mid,asap_metadata_performance,raw_normalized,98.931,69,98931,Bach/Fugue/bwv_846/Shi05M.mid,Bach,Fugue_bwv_846,Bach/Fugue/bwv_846
C:\Users\eagle\MARG_research\third_party\PianistTransformer\data\midis\asap-dataset-master\Bach\Fugue\bwv_846\Shi05M.mid,asap_metadata_performance,raw_normalized,98.949,67,98949,Bach/Fugue/bwv_846/Shi05M.mid,Bach,Fugue_bwv_846,Bach/Fugue/bwv_846
C:\Users\eagle\MARG_research\third_party\PianistTransformer\data\midis\asap-dataset-master\Bach\Fugue\bwv_846\Shi05M.mid,asap_metadata_performance,raw_normalized,98.97,65,98970,Bach/Fugue/bwv_846/Shi05M.mid,Bach,Fugue_bwv_846,Bach/Fugue/bwv_846
C:\Users\eagle\MARG_research\third_party\PianistTransformer\data\midis\asap-dataset-master\Bach\Fugue\bwv_846\Shi05M.mid,asap_metadata_performance,raw_normalized,98.99,62,98990,Bach/Fugue/bwv_846/Shi05M.mid,Bach,Fugue_bwv_846,Bach/Fugue/bwv_846
C:\Users\eagle\MARG_research\third_party\PianistTransformer\data\midis\asap-dataset-master\Bach\Fugue\bwv_846\Shi05M.mid,asap_metadata_performance,raw_normalized,99.009,60,99009,Bach/Fugue/bwv_846/Shi05M.mid,Bach,Fugue_bwv_846,Bach/Fugue/bwv_846
C:\Users\eagle\MARG_research\third_party\PianistTransformer\data\midis\asap-dataset-master\Bach\Fugue\bwv_846\Shi05M.mid,asap_metadata_performance,raw_normalized,99.03,56,99030,Bach/Fugue/bwv_846/Shi05M.mid,Bach,Fugue_bwv_846,Bach/Fugue/bwv_846
C:\Users\eagle\MARG_research\third_party\PianistTransformer\data\midis\asap-dataset-master\Bach\Fugue\bwv_846\Shi05M.mid,asap_metadata_performance,raw_normalized,99.049,53,99049,Bach/Fugue/bwv_846/Shi05M.mid,Bach,Fugue_bwv_846,Bach/Fugue/bwv_846
C:\Users\eagle\MARG_research\third_party\PianistTransformer\data\midis\asap-dataset-master\Bach\Fugue\bwv_846\Shi05M.mid,asap_metadata_performance,raw_normalized,99.069,50,99069,Bach/Fugue/bwv_846/Shi05M.mid,Bach,Fugue_bwv_846,Bach/Fugue/bwv_846
C:\Users\eagle\MARG_research\third_party\PianistTransformer\data\midis\asap-dataset-master\Bach\Fugue\bwv_846\Shi05M.mid,asap_metadata_performance,raw_normalized,99.09,49,99090,Bach/Fugue/bwv_846/Shi05M.mid,Bach,Fugue_bwv_846,Bach/Fugue/bwv_846
C:\Users\eagle\MARG_research\third_party\PianistTransformer\data\midis\asap-dataset-master\Bach\Fugue\bwv_846\Shi05M.mid,asap_metadata_performance,raw_normalized,99.109,48,99109,Bach/Fugue/bwv_846/Shi05M.mid,Bach,Fugue_bwv_846,Bach/Fugue/bwv_846
C:\Users\eagle\MARG_research\third_party\PianistTransformer\data\midis\asap-dataset-master\Bach\Fugue\bwv_846\Shi05M.mid,asap_metadata_performance,raw_normalized,99.129,47,99129,Bach/Fugue/bwv_846/Shi05M.mid,Bach,Fugue_bwv_846,Bach/Fugue/bwv_846
C:\Users\eagle\MARG_research\third_party\PianistTransformer\data\midis\asap-dataset-master\Bach\Fugue\bwv_846\Shi05M.mid,asap_metadata_performance,raw_normalized,99.148,45,99148,Bach/Fugue/bwv_846/Shi05M.mid,Bach,Fugue_bwv_846,Bach/Fugue/bwv_846
C:\Users\eagle\MARG_research\third_party\PianistTransformer\data\midis\asap-dataset-master\Bach\Fugue\bwv_846\Shi05M.mid,asap_metadata_performance,raw_normalized,99.168,43,99168,Bach/Fugue/bwv_846/Shi05M.mid,Bach,Fugue_bwv_846,Bach/Fugue/bwv_846
C:\Users\eagle\MARG_research\third_party\PianistTransformer\data\midis\asap-dataset-master\Bach\Fugue\bwv_846\Shi05M.mid,asap_metadata_performance,raw_normalized,99.189,41,99189,Bach/Fugue/bwv_846/Shi05M.mid,Bach,Fugue_bwv_846,Bach/Fugue/bwv_846
C:\Users\eagle\MARG_research\third_party\PianistTransformer\data\midis\asap-dataset-master\Bach\Fugue\bwv_846\Shi05M.mid,asap_metadata_performance,raw_normalized,99.208,40,99208,Bach/Fugue/bwv_846/Shi05M.mid,Bach,Fugue_bwv_846,Bach/Fugue/bwv_846
C:\Users\eagle\MARG_research\third_party\PianistTransformer\data\midis\asap-dataset-master\Bach\Fugue\bwv_846\Shi05M.mid,asap_metadata_performance,raw_normalized,99.228,39,99228,Bach/Fugue/bwv_846/Shi05M.mid,Bach,Fugue_bwv_846,Bach/Fugue/bwv_846
C:\Users\eagle\MARG_research\third_party\PianistTransformer\data\midis\asap-dataset-master\Bach\Fugue\bwv_846\Shi05M.mid,asap_metadata_performance,raw_normalized,99.257,38,99257,Bach/Fugue/bwv_846/Shi05M.mid,Bach,Fugue_bwv_846,Bach/Fugue/bwv_846
C:\Users\eagle\MARG_research\third_party\PianistTransformer\data\midis\asap-dataset-master\Bach\Fugue\bwv_846\Shi05M.mid,asap_metadata_performance,raw_normalized,99.276,36,99276,Bach/Fugue/bwv_846/Shi05M.mid,Bach,Fugue_bwv_846,Bach/Fugue/bwv_846
C:\Users\eagle\MARG_research\third_party\PianistTransformer\data\midis\asap-dataset-master\Bach\Fugue\bwv_846\Shi05M.mid,asap_metadata_performance,raw_normalized,99.298,33,99298,Bach/Fugue/bwv_846/Shi05M.mid,Bach,Fugue_bwv_846,Bach/Fugue/bwv_846
C:\Users\eagle\MARG_research\third_party\PianistTransformer\data\midis\asap-dataset-master\Bach\Fugue\bwv_846\Shi05M.mid,asap_metadata_performance,raw_normalized,99.318,0,99318,Bach/Fugue/bwv_846/Shi05M.mid,Bach,Fugue_bwv_846,Bach/Fugue/bwv_846
C:\Users\eagle\MARG_research\third_party\PianistTransformer\data\midis\asap-dataset-master\Bach\Fugue\bwv_846\Shi05M.mid,asap_metadata_performance,raw_normalized,99.634,42,99634,Bach/Fugue/bwv_846/Shi05M.mid,Bach,Fugue_bwv_846,Bach/Fugue/bwv_846
C:\Users\eagle\MARG_research\third_party\PianistTransformer\data\midis\asap-dataset-master\Bach\Fugue\bwv_846\Shi05M.mid,asap_metadata_performance,raw_normalized,99.655,58,99655,Bach/Fugue/bwv_846/Shi05M.mid,Bach,Fugue_bwv_846,Bach/Fugue/bwv_846
C:\Users\eagle\MARG_research\third_party\PianistTransformer\data\midis\asap-dataset-master\Bach\Fugue\bwv_846\Shi05M.mid,asap_metadata_performance,raw_normalized,99.674,67,99674,Bach/Fugue/bwv_846/Shi05M.mid,Bach,Fugue_bwv_846,Bach/Fugue/bwv_846
C:\Users\eagle\MARG_research\third_party\PianistTransformer\data\midis\asap-dataset-master\Bach\Fugue\bwv_846\Shi05M.mid,asap_metadata_performance,raw_normalized,99.694,72,99694,Bach/Fugue/bwv_846/Shi05M.mid,Bach,Fugue_bwv_846,Bach/Fugue/bwv_846
C:\Users\eagle\MARG_research\third_party\PianistTransformer\data\midis\asap-dataset-master\Bach\Fugue\bwv_846\Shi05M.mid,asap_metadata_performance,raw_normalized,99.715,78,99715,Bach/Fugue/bwv_846/Shi05M.mid,Bach,Fugue_bwv_846,Bach/Fugue/bwv_846
C:\Users\eagle\MARG_research\third_party\PianistTransformer\data\midis\asap-dataset-master\Bach\Fugue\bwv_846\Shi05M.mid,asap_metadata_performance,raw_normalized,99.733,86,99733,Bach/Fugue/bwv_846/Shi05M.mid,Bach,Fugue_bwv_846,Bach/Fugue/bwv_846
C:\Users\eagle\MARG_research\third_party\PianistTransformer\data\midis\asap-dataset-master\Bach\Fugue\bwv_846\Shi05M.mid,asap_metadata_performance,raw_normalized,99.754,97,99754,Bach/Fugue/bwv_846/Shi05M.mid,Bach,Fugue_bwv_846,Bach/Fugue/bwv_846
C:\Users\eagle\MARG_research\third_party\PianistTransformer\data\midis\asap-dataset-master\Bach\Fugue\bwv_846\Shi05M.mid,asap_metadata_performance,raw_normalized,99.773,108,99773,Bach/Fugue/bwv_846/Shi05M.mid,Bach,Fugue_bwv_846,Bach/Fugue/bwv_846
C:\Users\eagle\MARG_research\third_party\PianistTransformer\data\midis\asap-dataset-master\Bach\Fugue\bwv_846\Shi05M.mid,asap_metadata_performance,raw_normalized,99.792,127,99792,Bach/Fugue/bwv_846/Shi05M.mid,Bach,Fugue_bwv_846,Bach/Fugue/bwv_846
C:\Users\eagle\MARG_research\third_party\PianistTransformer\data\midis\asap-dataset-master\Bach\Fugue\bwv_846\Shi05M.mid,asap_metadata_performance,raw_normalized,100.129,114,100129,Bach/Fugue/bwv_846/Shi05M.mid,Bach,Fugue_bwv_846,Bach/Fugue/bwv_846
C:\Users\eagle\MARG_research\third_party\PianistTransformer\data\midis\asap-dataset-master\Bach\Fugue\bwv_846\Shi05M.mid,asap_metadata_performance,raw_normalized,100.148,101,100148,Bach/Fugue/bwv_846/Shi05M.mid,Bach,Fugue_bwv_846,Bach/Fugue/bwv_846
C:\Users\eagle\MARG_research\third_party\PianistTransformer\data\midis\asap-dataset-master\Bach\Fugue\bwv_846\Shi05M.mid,asap_metadata_performance,raw_normalized,100.168,89,100168,Bach/Fugue/bwv_846/Shi05M.mid,Bach,Fugue_bwv_846,Bach/Fugue/bwv_846
C:\Users\eagle\MARG_research\third_party\PianistTransformer\data\midis\asap-dataset-master\Bach\Fugue\bwv_846\Shi05M.mid,asap_metadata_performance,raw_normalized,100.188,77,100188,Bach/Fugue/bwv_846/Shi05M.mid,Bach,Fugue_bwv_846,Bach/Fugue/bwv_846
C:\Users\eagle\MARG_research\third_party\PianistTransformer\data\midis\asap-dataset-master\Bach\Fugue\bwv_846\Shi05M.mid,asap_metadata_performance,raw_normalized,100.207,66,100207,Bach/Fugue/bwv_846/Shi05M.mid,Bach,Fugue_bwv_846,Bach/Fugue/bwv_846
C:\Users\eagle\MARG_research\third_party\PianistTransformer\data\midis\asap-dataset-master\Bach\Fugue\bwv_846\Shi05M.mid,asap_metadata_performance,raw_normalized,100.228,56,100228,Bach/Fugue/bwv_846/Shi05M.mid,Bach,Fugue_bwv_846,Bach/Fugue/bwv_846
C:\Users\eagle\MARG_research\third_party\PianistTransformer\data\midis\asap-dataset-master\Bach\Fugue\bwv_846\Shi05M.mid,asap_metadata_performance,raw_normalized,100.257,52,100257,Bach/Fugue/bwv_846/Shi05M.mid,Bach,Fugue_bwv_846,Bach/Fugue/bwv_846
C:\Users\eagle\MARG_research\third_party\PianistTransformer\data\midis\asap-dataset-master\Bach\Fugue\bwv_846\Shi05M.mid,asap_metadata_performance,raw_normalized,100.277,56,100277,Bach/Fugue/bwv_846/Shi05M.mid,Bach,Fugue_bwv_846,Bach/Fugue/bwv_846
C:\Users\eagle\MARG_research\third_party\PianistTransformer\data\midis\asap-dataset-master\Bach\Fugue\bwv_846\Shi05M.mid,asap_metadata_performance,raw_normalized,100.297,60,100297,Bach/Fugue/bwv_846/Shi05M.mid,Bach,Fugue_bwv_846,Bach/Fugue/bwv_846
C:\Users\eagle\MARG_research\third_party\PianistTransformer\data\midis\asap-dataset-master\Bach\Fugue\bwv_846\Shi05M.mid,asap_metadata_performance,raw_normalized,100.316,62,100316,Bach/Fugue/bwv_846/Shi05M.mid,Bach,Fugue_bwv_846,Bach/Fugue/bwv_846
C:\Users\eagle\MARG_research\third_party\PianistTransformer\data\midis\asap-dataset-master\Bach\Fugue\bwv_846\Shi05M.mid,asap_metadata_performance,raw_normalized,100.336,66,100336,Bach/Fugue/bwv_846/Shi05M.mid,Bach,Fugue_bwv_846,Bach/Fugue/bwv_846
C:\Users\eagle\MARG_research\third_party\PianistTransformer\data\midis\asap-dataset-master\Bach\Fugue\bwv_846\Shi05M.mid,asap_metadata_performance,raw_normalized,100.357,74,100357,Bach/Fugue/bwv_846/Shi05M.mid,Bach,Fugue_bwv_846,Bach/Fugue/bwv_846
C:\Users\eagle\MARG_research\third_party\PianistTransformer\data\midis\asap-dataset-master\Bach\Fugue\bwv_846\Shi05M.mid,asap_metadata_performance,raw_normalized,100.378,85,100378,Bach/Fugue/bwv_846/Shi05M.mid,Bach,Fugue_bwv_846,Bach/Fugue/bwv_846
C:\Users\eagle\MARG_research\third_party\PianistTransformer\data\midis\asap-dataset-master\Bach\Fugue\bwv_846\Shi05M.mid,asap_metadata_performance,raw_normalized,100.397,100,100397,Bach/Fugue/bwv_846/Shi05M.mid,Bach,Fugue_bwv_846,Bach/Fugue/bwv_846
C:\Users\eagle\MARG_research\third_party\PianistTransformer\data\midis\asap-dataset-master\Bach\Fugue\bwv_846\Shi05M.mid,asap_metadata_performance,raw_normalized,100.417,127,100417,Bach/Fugue/bwv_846/Shi05M.mid,Bach,Fugue_bwv_846,Bach/Fugue/bwv_846
C:\Users\eagle\MARG_research\third_party\PianistTransformer\data\midis\asap-dataset-master\Bach\Fugue\bwv_846\Shi05M.mid,asap_metadata_performance,raw_normalized,100.815,106,100815,Bach/Fugue/bwv_846/Shi05M.mid,Bach,Fugue_bwv_846,Bach/Fugue/bwv_846
C:\Users\eagle\MARG_research\third_party\PianistTransformer\data\midis\asap-dataset-master\Bach\Fugue\bwv_846\Shi05M.mid,asap_metadata_performance,raw_normalized,100.836,83,100836,Bach/Fugue/bwv_846/Shi05M.mid,Bach,Fugue_bwv_846,Bach/Fugue/bwv_846
C:\Users\eagle\MARG_research\third_party\PianistTransformer\data\midis\asap-dataset-master\Bach\Fugue\bwv_846\Shi05M.mid,asap_metadata_performance,raw_normalized,100.855,68,100855,Bach/Fugue/bwv_846/Shi05M.mid,Bach,Fugue_bwv_846,Bach/Fugue/bwv_846
C:\Users\eagle\MARG_research\third_party\PianistTransformer\data\midis\asap-dataset-master\Bach\Fugue\bwv_846\Shi05M.mid,asap_metadata_performance,raw_normalized,100.875,52,100875,Bach/Fugue/bwv_846/Shi05M.mid,Bach,Fugue_bwv_846,Bach/Fugue/bwv_846
C:\Users\eagle\MARG_research\third_party\PianistTransformer\data\midis\asap-dataset-master\Bach\Fugue\bwv_846\Shi05M.mid,asap_metadata_performance,raw_normalized,100.895,34,100895,Bach/Fugue/bwv_846/Shi05M.mid,Bach,Fugue_bwv_846,Bach/Fugue/bwv_846
C:\Users\eagle\MARG_research\third_party\PianistTransformer\data\midis\asap-dataset-master\Bach\Fugue\bwv_846\Shi05M.mid,asap_metadata_performance,raw_normalized,100.914,31,100914,Bach/Fugue/bwv_846/Shi05M.mid,Bach,Fugue_bwv_846,Bach/Fugue/bwv_846
C:\Users\eagle\MARG_research\third_party\PianistTransformer\data\midis\asap-dataset-master\Bach\Fugue\bwv_846\Shi05M.mid,asap_metadata_performance,raw_normalized,100.934,34,100934,Bach/Fugue/bwv_846/Shi05M.mid,Bach,Fugue_bwv_846,Bach/Fugue/bwv_846
C:\Users\eagle\MARG_research\third_party\PianistTransformer\data\midis\asap-dataset-master\Bach\Fugue\bwv_846\Shi05M.mid,asap_metadata_performance,raw_normalized,100.954,48,100954,Bach/Fugue/bwv_846/Shi05M.mid,Bach,Fugue_bwv_846,Bach/Fugue/bwv_846
C:\Users\eagle\MARG_research\third_party\PianistTransformer\data\midis\asap-dataset-master\Bach\Fugue\bwv_846\Shi05M.mid,asap_metadata_performance,raw_normalized,100.974,59,100974,Bach/Fugue/bwv_846/Shi05M.mid,Bach,Fugue_bwv_846,Bach/Fugue/bwv_846
C:\Users\eagle\MARG_research\third_party\PianistTransformer\data\midis\asap-dataset-master\Bach\Fugue\bwv_846\Shi05M.mid,asap_metadata_performance,raw_normalized,100.993,66,100993,Bach/Fugue/bwv_846/Shi05M.mid,Bach,Fugue_bwv_846,Bach/Fugue/bwv_846
C:\Users\eagle\MARG_research\third_party\PianistTransformer\data\midis\asap-dataset-master\Bach\Fugue\bwv_846\Shi05M.mid,asap_metadata_performance,raw_normalized,101.013,72,101013,Bach/Fugue/bwv_846/Shi05M.mid,Bach,Fugue_bwv_846,Bach/Fugue/bwv_846
C:\Users\eagle\MARG_research\third_party\PianistTransformer\data\midis\asap-dataset-master\Bach\Fugue\bwv_846\Shi05M.mid,asap_metadata_performance,raw_normalized,101.033,79,101033,Bach/Fugue/bwv_846/Shi05M.mid,Bach,Fugue_bwv_846,Bach/Fugue/bwv_846
C:\Users\eagle\MARG_research\third_party\PianistTransformer\data\midis\asap-dataset-master\Bach\Fugue\bwv_846\Shi05M.mid,asap_metadata_performance,raw_normalized,101.051,88,101051,Bach/Fugue/bwv_846/Shi05M.mid,Bach,Fugue_bwv_846,Bach/Fugue/bwv_846
C:\Users\eagle\MARG_research\third_party\PianistTransformer\data\midis\asap-dataset-master\Bach\Fugue\bwv_846\Shi05M.mid,asap_metadata_performance,raw_normalized,101.07,99,101070,Bach/Fugue/bwv_846/Shi05M.mid,Bach,Fugue_bwv_846,Bach/Fugue/bwv_846
C:\Users\eagle\MARG_research\third_party\PianistTransformer\data\midis\asap-dataset-master\Bach\Fugue\bwv_846\Shi05M.mid,asap_metadata_performance,raw_normalized,101.09,127,101090,Bach/Fugue/bwv_846/Shi05M.mid,Bach,Fugue_bwv_846,Bach/Fugue/bwv_846
C:\Users\eagle\MARG_research\third_party\PianistTransformer\data\midis\asap-dataset-master\Bach\Fugue\bwv_846\Shi05M.mid,asap_metadata_performance,raw_normalized,101.458,100,101458,Bach/Fugue/bwv_846/Shi05M.mid,Bach,Fugue_bwv_846,Bach/Fugue/bwv_846
C:\Users\eagle\MARG_research\third_party\PianistTransformer\data\midis\asap-dataset-master\Bach\Fugue\bwv_846\Shi05M.mid,asap_metadata_performance,raw_normalized,101.478,83,101478,Bach/Fugue/bwv_846/Shi05M.mid,Bach,Fugue_bwv_846,Bach/Fugue/bwv_846
C:\Users\eagle\MARG_research\third_party\PianistTransformer\data\midis\asap-dataset-master\Bach\Fugue\bwv_846\Shi05M.mid,asap_metadata_performance,raw_normalized,101.497,65,101497,Bach/Fugue/bwv_846/Shi05M.mid,Bach,Fugue_bwv_846,Bach/Fugue/bwv_846
C:\Users\eagle\MARG_research\third_party\PianistTransformer\data\midis\asap-dataset-master\Bach\Fugue\bwv_846\Shi05M.mid,asap_metadata_performance,raw_normalized,101.518,46,101518,Bach/Fugue/bwv_846/Shi05M.mid,Bach,Fugue_bwv_846,Bach/Fugue/bwv_846
C:\Users\eagle\MARG_research\third_party\PianistTransformer\data\midis\asap-dataset-master\Bach\Fugue\bwv_846\Shi05M.mid,asap_metadata_performance,raw_normalized,101.538,0,101538,Bach/Fugue/bwv_846/Shi05M.mid,Bach,Fugue_bwv_846,Bach/Fugue/bwv_846
C:\Users\eagle\MARG_research\third_party\PianistTransformer\data\midis\asap-dataset-master\Bach\Fugue\bwv_846\Shi05M.mid,asap_metadata_performance,raw_normalized,101.635,35,101635,Bach/Fugue/bwv_846/Shi05M.mid,Bach,Fugue_bwv_846,Bach/Fugue/bwv_846
C:\Users\eagle\MARG_research\third_party\PianistTransformer\data\midis\asap-dataset-master\Bach\Fugue\bwv_846\Shi05M.mid,asap_metadata_performance,raw_normalized,101.655,51,101655,Bach/Fugue/bwv_846/Shi05M.mid,Bach,Fugue_bwv_846,Bach/Fugue/bwv_846
C:\Users\eagle\MARG_research\third_party\PianistTransformer\data\midis\asap-dataset-master\Bach\Fugue\bwv_846\Shi05M.mid,asap_metadata_performance,raw_normalized,101.676,62,101676,Bach/Fugue/bwv_846/Shi05M.mid,Bach,Fugue_bwv_846,Bach/Fugue/bwv_846
C:\Users\eagle\MARG_research\third_party\PianistTransformer\data\midis\asap-dataset-master\Bach\Fugue\bwv_846\Shi05M.mid,asap_metadata_performance,raw_normalized,101.695,66,101695,Bach/Fugue/bwv_846/Shi05M.mid,Bach,Fugue_bwv_846,Bach/Fugue/bwv_846
C:\Users\eagle\MARG_research\third_party\PianistTransformer\data\midis\asap-dataset-master\Bach\Fugue\bwv_846\Shi05M.mid,asap_metadata_performance,raw_normalized,101.715,69,101715,Bach/Fugue/bwv_846/Shi05M.mid,Bach,Fugue_bwv_846,Bach/Fugue/bwv_846
C:\Users\eagle\MARG_research\third_party\PianistTransformer\data\midis\asap-dataset-master\Bach\Fugue\bwv_846\Shi05M.mid,asap_metadata_performance,raw_normalized,101.736,74,101736,Bach/Fugue/bwv_846/Shi05M.mid,Bach,Fugue_bwv_846,Bach/Fugue/bwv_846
C:\Users\eagle\MARG_research\third_party\PianistTransformer\data\midis\asap-dataset-master\Bach\Fugue\bwv_846\Shi05M.mid,asap_metadata_performance,raw_normalized,101.755,86,101755,Bach/Fugue/bwv_846/Shi05M.mid,Bach,Fugue_bwv_846,Bach/Fugue/bwv_846
C:\Users\eagle\MARG_research\third_party\PianistTransformer\data\midis\asap-dataset-master\Bach\Fugue\bwv_846\Shi05M.mid,asap_metadata_performance,raw_normalized,101.776,100,101776,Bach/Fugue/bwv_846/Shi05M.mid,Bach,Fugue_bwv_846,Bach/Fugue/bwv_846
C:\Users\eagle\MARG_research\third_party\PianistTransformer\data\midis\asap-dataset-master\Bach\Fugue\bwv_846\Shi05M.mid,asap_metadata_performance,raw_normalized,101.796,127,101796,Bach/Fugue/bwv_846/Shi05M.mid,Bach,Fugue_bwv_846,Bach/Fugue/bwv_846
C:\Users\eagle\MARG_research\third_party\PianistTransformer\data\midis\asap-dataset-master\Bach\Fugue\bwv_846\Shi05M.mid,asap_metadata_performance,raw_normalized,102.052,95,102052,Bach/Fugue/bwv_846/Shi05M.mid,Bach,Fugue_bwv_846,Bach/Fugue/bwv_846
C:\Users\eagle\MARG_research\third_party\PianistTransformer\data\midis\asap-dataset-master\Bach\Fugue\bwv_846\Shi05M.mid,asap_metadata_performance,raw_normalized,102.07,76,102070,Bach/Fugue/bwv_846/Shi05M.mid,Bach,Fugue_bwv_846,Bach/Fugue/bwv_846
C:\Users\eagle\MARG_research\third_party\PianistTransformer\data\midis\asap-dataset-master\Bach\Fugue\bwv_846\Shi05M.mid,asap_metadata_performance,raw_normalized,102.091,64,102091,Bach/Fugue/bwv_846/Shi05M.mid,Bach,Fugue_bwv_846,Bach/Fugue/bwv_846
C:\Users\eagle\MARG_research\third_party\PianistTransformer\data\midis\asap-dataset-master\Bach\Fugue\bwv_846\Shi05M.mid,asap_metadata_performance,raw_normalized,102.111,60,102111,Bach/Fugue/bwv_846/Shi05M.mid,Bach,Fugue_bwv_846,Bach/Fugue/bwv_846
C:\Users\eagle\MARG_research\third_party\PianistTransformer\data\midis\asap-dataset-master\Bach\Fugue\bwv_846\Shi05M.mid,asap_metadata_performance,raw_normalized,102.13,64,102130,Bach/Fugue/bwv_846/Shi05M.mid,Bach,Fugue_bwv_846,Bach/Fugue/bwv_846
C:\Users\eagle\MARG_research\third_party\PianistTransformer\data\midis\asap-dataset-master\Bach\Fugue\bwv_846\Shi05M.mid,asap_metadata_performance,raw_normalized,102.15,69,102150,Bach/Fugue/bwv_846/Shi05M.mid,Bach,Fugue_bwv_846,Bach/Fugue/bwv_846
C:\Users\eagle\MARG_research\third_party\PianistTransformer\data\midis\asap-dataset-master\Bach\Fugue\bwv_846\Shi05M.mid,asap_metadata_performance,raw_normalized,102.169,77,102169,Bach/Fugue/bwv_846/Shi05M.mid,Bach,Fugue_bwv_846,Bach/Fugue/bwv_846
C:\Users\eagle\MARG_research\third_party\PianistTransformer\data\midis\asap-dataset-master\Bach\Fugue\bwv_846\Shi05M.mid,asap_metadata_performance,raw_normalized,102.19,88,102190,Bach/Fugue/bwv_846/Shi05M.mid,Bach,Fugue_bwv_846,Bach/Fugue/bwv_846
C:\Users\eagle\MARG_research\third_party\PianistTransformer\data\midis\asap-dataset-master\Bach\Fugue\bwv_846\Shi05M.mid,asap_metadata_performance,raw_normalized,102.21,98,102210,Bach/Fugue/bwv_846/Shi05M.mid,Bach,Fugue_bwv_846,Bach/Fugue/bwv_846
C:\Users\eagle\MARG_research\third_party\PianistTransformer\data\midis\asap-dataset-master\Bach\Fugue\bwv_846\Shi05M.mid,asap_metadata_performance,raw_normalized,102.229,109,102229,Bach/Fugue/bwv_846/Shi05M.mid,Bach,Fugue_bwv_846,Bach/Fugue/bwv_846
C:\Users\eagle\MARG_research\third_party\PianistTransformer\data\midis\asap-dataset-master\Bach\Fugue\bwv_846\Shi05M.mid,asap_metadata_performance,raw_normalized,102.259,127,102259,Bach/Fugue/bwv_846/Shi05M.mid,Bach,Fugue_bwv_846,Bach/Fugue/bwv_846
C:\Users\eagle\MARG_research\third_party\PianistTransformer\data\midis\asap-dataset-master\Bach\Fugue\bwv_846\Shi05M.mid,asap_metadata_performance,raw_normalized,102.6,113,102600,Bach/Fugue/bwv_846/Shi05M.mid,Bach,Fugue_bwv_846,Bach/Fugue/bwv_846
C:\Users\eagle\MARG_research\third_party\PianistTransformer\data\midis\asap-dataset-master\Bach\Fugue\bwv_846\Shi05M.mid,asap_metadata_performance,raw_normalized,102.62,92,102620,Bach/Fugue/bwv_846/Shi05M.mid,Bach,Fugue_bwv_846,Bach/Fugue/bwv_846
C:\Users\eagle\MARG_research\third_party\PianistTransformer\data\midis\asap-dataset-master\Bach\Fugue\bwv_846\Shi05M.mid,asap_metadata_performance,raw_normalized,102.638,75,102638,Bach/Fugue/bwv_846/Shi05M.mid,Bach,Fugue_bwv_846,Bach/Fugue/bwv_846
C:\Users\eagle\MARG_research\third_party\PianistTransformer\data\midis\asap-dataset-master\Bach\Fugue\bwv_846\Shi05M.mid,asap_metadata_performance,raw_normalized,102.659,60,102659,Bach/Fugue/bwv_846/Shi05M.mid,Bach,Fugue_bwv_846,Bach/Fugue/bwv_846
C:\Users\eagle\MARG_research\third_party\PianistTransformer\data\midis\asap-dataset-master\Bach\Fugue\bwv_846\Shi05M.mid,asap_metadata_performance,raw_normalized,102.678,36,102678,Bach/Fugue/bwv_846/Shi05M.mid,Bach,Fugue_bwv_846,Bach/Fugue/bwv_846
C:\Users\eagle\MARG_research\third_party\PianistTransformer\data\midis\asap-dataset-master\Bach\Fugue\bwv_846\Shi05M.mid,asap_metadata_performance,raw_normalized,102.699,32,102699,Bach/Fugue/bwv_846/Shi05M.mid,Bach,Fugue_bwv_846,Bach/Fugue/bwv_846
C:\Users\eagle\MARG_research\third_party\PianistTransformer\data\midis\asap-dataset-master\Bach\Fugue\bwv_846\Shi05M.mid,asap_metadata_performance,raw_normalized,102.719,47,102719,Bach/Fugue/bwv_846/Shi05M.mid,Bach,Fugue_bwv_846,Bach/Fugue/bwv_846
C:\Users\eagle\MARG_research\third_party\PianistTransformer\data\midis\asap-dataset-master\Bach\Fugue\bwv_846\Shi05M.mid,asap_metadata_performance,raw_normalized,102.737,62,102737,Bach/Fugue/bwv_846/Shi05M.mid,Bach,Fugue_bwv_846,Bach/Fugue/bwv_846
C:\Users\eagle\MARG_research\third_party\PianistTransformer\data\midis\asap-dataset-master\Bach\Fugue\bwv_846\Shi05M.mid,asap_metadata_performance,raw_normalized,102.758,71,102758,Bach/Fugue/bwv_846/Shi05M.mid,Bach,Fugue_bwv_846,Bach/Fugue/bwv_846
C:\Users\eagle\MARG_research\third_party\PianistTransformer\data\midis\asap-dataset-master\Bach\Fugue\bwv_846\Shi05M.mid,asap_metadata_performance,raw_normalized,102.777,81,102777,Bach/Fugue/bwv_846/Shi05M.mid,Bach,Fugue_bwv_846,Bach/Fugue/bwv_846
C:\Users\eagle\MARG_research\third_party\PianistTransformer\data\midis\asap-dataset-master\Bach\Fugue\bwv_846\Shi05M.mid,asap_metadata_performance,raw_normalized,102.797,92,102797,Bach/Fugue/bwv_846/Shi05M.mid,Bach,Fugue_bwv_846,Bach/Fugue/bwv_846
C:\Users\eagle\MARG_research\third_party\PianistTransformer\data\midis\asap-dataset-master\Bach\Fugue\bwv_846\Shi05M.mid,asap_metadata_performance,raw_normalized,102.818,99,102818,Bach/Fugue/bwv_846/Shi05M.mid,Bach,Fugue_bwv_846,Bach/Fugue/bwv_846
C:\Users\eagle\MARG_research\third_party\PianistTransformer\data\midis\asap-dataset-master\Bach\Fugue\bwv_846\Shi05M.mid,asap_metadata_performance,raw_normalized,102.837,114,102837,Bach/Fugue/bwv_846/Shi05M.mid,Bach,Fugue_bwv_846,Bach/Fugue/bwv_846
C:\Users\eagle\MARG_research\third_party\PianistTransformer\data\midis\asap-dataset-master\Bach\Fugue\bwv_846\Shi05M.mid,asap_metadata_performance,raw_normalized,102.858,127,102858,Bach/Fugue/bwv_846/Shi05M.mid,Bach,Fugue_bwv_846,Bach/Fugue/bwv_846
C:\Users\eagle\MARG_research\third_party\PianistTransformer\data\midis\asap-dataset-master\Bach\Fugue\bwv_846\Shi05M.mid,asap_metadata_performance,raw_normalized,103.233,95,103233,Bach/Fugue/bwv_846/Shi05M.mid,Bach,Fugue_bwv_846,Bach/Fugue/bwv_846
C:\Users\eagle\MARG_research\third_party\PianistTransformer\data\midis\asap-dataset-master\Bach\Fugue\bwv_846\Shi05M.mid,asap_metadata_performance,raw_normalized,103.253,74,103253,Bach/Fugue/bwv_846/Shi05M.mid,Bach,Fugue_bwv_846,Bach/Fugue/bwv_846
C:\Users\eagle\MARG_research\third_party\PianistTransformer\data\midis\asap-dataset-master\Bach\Fugue\bwv_846\Shi05M.mid,asap_metadata_performance,raw_normalized,103.283,58,103283,Bach/Fugue/bwv_846/Shi05M.mid,Bach,Fugue_bwv_846,Bach/Fugue/bwv_846
C:\Users\eagle\MARG_research\third_party\PianistTransformer\data\midis\asap-dataset-master\Bach\Fugue\bwv_846\Shi05M.mid,asap_metadata_performance,raw_normalized,103.302,32,103302,Bach/Fugue/bwv_846/Shi05M.mid,Bach,Fugue_bwv_846,Bach/Fugue/bwv_846
C:\Users\eagle\MARG_research\third_party\PianistTransformer\data\midis\asap-dataset-master\Bach\Fugue\bwv_846\Shi05M.mid,asap_metadata_performance,raw_normalized,103.322,0,103322,Bach/Fugue/bwv_846/Shi05M.mid,Bach,Fugue_bwv_846,Bach/Fugue/bwv_846
C:\Users\eagle\MARG_research\third_party\PianistTransformer\data\midis\asap-dataset-master\Bach\Fugue\bwv_846\Shi05M.mid,asap_metadata_performance,raw_normalized,103.362,39,103362,Bach/Fugue/bwv_846/Shi05M.mid,Bach,Fugue_bwv_846,Bach/Fugue/bwv_846
C:\Users\eagle\MARG_research\third_party\PianistTransformer\data\midis\asap-dataset-master\Bach\Fugue\bwv_846\Shi05M.mid,asap_metadata_performance,raw_normalized,103.382,52,103382,Bach/Fugue/bwv_846/Shi05M.mid,Bach,Fugue_bwv_846,Bach/Fugue/bwv_846
C:\Users\eagle\MARG_research\third_party\PianistTransformer\data\midis\asap-dataset-master\Bach\Fugue\bwv_846\Shi05M.mid,asap_metadata_performance,raw_normalized,103.401,62,103401,Bach/Fugue/bwv_846/Shi05M.mid,Bach,Fugue_bwv_846,Bach/Fugue/bwv_846
C:\Users\eagle\MARG_research\third_party\PianistTransformer\data\midis\asap-dataset-master\Bach\Fugue\bwv_846\Shi05M.mid,asap_metadata_performance,raw_normalized,103.421,68,103421,Bach/Fugue/bwv_846/Shi05M.mid,Bach,Fugue_bwv_846,Bach/Fugue/bwv_846
C:\Users\eagle\MARG_research\third_party\PianistTransformer\data\midis\asap-dataset-master\Bach\Fugue\bwv_846\Shi05M.mid,asap_metadata_performance,raw_normalized,103.44,74,103440,Bach/Fugue/bwv_846/Shi05M.mid,Bach,Fugue_bwv_846,Bach/Fugue/bwv_846
C:\Users\eagle\MARG_research\third_party\PianistTransformer\data\midis\asap-dataset-master\Bach\Fugue\bwv_846\Shi05M.mid,asap_metadata_performance,raw_normalized,103.46,81,103460,Bach/Fugue/bwv_846/Shi05M.mid,Bach,Fugue_bwv_846,Bach/Fugue/bwv_846
C:\Users\eagle\MARG_research\third_party\PianistTransformer\data\midis\asap-dataset-master\Bach\Fugue\bwv_846\Shi05M.mid,asap_metadata_performance,raw_normalized,103.48,87,103480,Bach/Fugue/bwv_846/Shi05M.mid,Bach,Fugue_bwv_846,Bach/Fugue/bwv_846
C:\Users\eagle\MARG_research\third_party\PianistTransformer\data\midis\asap-dataset-master\Bach\Fugue\bwv_846\Shi05M.mid,asap_metadata_performance,raw_normalized,103.5,95,103500,Bach/Fugue/bwv_846/Shi05M.mid,Bach,Fugue_bwv_846,Bach/Fugue/bwv_846
C:\Users\eagle\MARG_research\third_party\PianistTransformer\data\midis\asap-dataset-master\Bach\Fugue\bwv_846\Shi05M.mid,asap_metadata_performance,raw_normalized,103.52,100,103520,Bach/Fugue/bwv_846/Shi05M.mid,Bach,Fugue_bwv_846,Bach/Fugue/bwv_846
C:\Users\eagle\MARG_research\third_party\PianistTransformer\data\midis\asap-dataset-master\Bach\Fugue\bwv_846\Shi05M.mid,asap_metadata_performance,raw_normalized,103.539,103,103539,Bach/Fugue/bwv_846/Shi05M.mid,Bach,Fugue_bwv_846,Bach/Fugue/bwv_846
C:\Users\eagle\MARG_research\third_party\PianistTransformer\data\midis\asap-dataset-master\Bach\Fugue\bwv_846\Shi05M.mid,asap_metadata_performance,raw_normalized,103.56,105,103560,Bach/Fugue/bwv_846/Shi05M.mid,Bach,Fugue_bwv_846,Bach/Fugue/bwv_846
C:\Users\eagle\MARG_research\third_party\PianistTransformer\data\midis\asap-dataset-master\Bach\Fugue\bwv_846\Shi05M.mid,asap_metadata_performance,raw_normalized,103.6,108,103600,Bach/Fugue/bwv_846/Shi05M.mid,Bach,Fugue_bwv_846,Bach/Fugue/bwv_846
C:\Users\eagle\MARG_research\third_party\PianistTransformer\data\midis\asap-dataset-master\Bach\Fugue\bwv_846\Shi05M.mid,asap_metadata_performance,raw_normalized,103.62,112,103620,Bach/Fugue/bwv_846/Shi05M.mid,Bach,Fugue_bwv_846,Bach/Fugue/bwv_846
C:\Users\eagle\MARG_research\third_party\PianistTransformer\data\midis\asap-dataset-master\Bach\Fugue\bwv_846\Shi05M.mid,asap_metadata_performance,raw_normalized,103.641,127,103641,Bach/Fugue/bwv_846/Shi05M.mid,Bach,Fugue_bwv_846,Bach/Fugue/bwv_846
C:\Users\eagle\MARG_research\third_party\PianistTransformer\data\midis\asap-dataset-master\Bach\Fugue\bwv_846\Shi05M.mid,asap_metadata_performance,raw_normalized,103.777,109,103777,Bach/Fugue/bwv_846/Shi05M.mid,Bach,Fugue_bwv_846,Bach/Fugue/bwv_846
C:\Users\eagle\MARG_research\third_party\PianistTransformer\data\midis\asap-dataset-master\Bach\Fugue\bwv_846\Shi05M.mid,asap_metadata_performance,raw_normalized,103.798,88,103798,Bach/Fugue/bwv_846/Shi05M.mid,Bach,Fugue_bwv_846,Bach/Fugue/bwv_846
C:\Users\eagle\MARG_research\third_party\PianistTransformer\data\midis\asap-dataset-master\Bach\Fugue\bwv_846\Shi05M.mid,asap_metadata_performance,raw_normalized,103.818,70,103818,Bach/Fugue/bwv_846/Shi05M.mid,Bach,Fugue_bwv_846,Bach/Fugue/bwv_846
C:\Users\eagle\MARG_research\third_party\PianistTransformer\data\midis\asap-dataset-master\Bach\Fugue\bwv_846\Shi05M.mid,asap_metadata_performance,raw_normalized,103.836,53,103836,Bach/Fugue/bwv_846/Shi05M.mid,Bach,Fugue_bwv_846,Bach/Fugue/bwv_846
C:\Users\eagle\MARG_research\third_party\PianistTransformer\data\midis\asap-dataset-master\Bach\Fugue\bwv_846\Shi05M.mid,asap_metadata_performance,raw_normalized,103.857,43,103857,Bach/Fugue/bwv_846/Shi05M.mid,Bach,Fugue_bwv_846,Bach/Fugue/bwv_846
C:\Users\eagle\MARG_research\third_party\PianistTransformer\data\midis\asap-dataset-master\Bach\Fugue\bwv_846\Shi05M.mid,asap_metadata_performance,raw_normalized,103.876,53,103876,Bach/Fugue/bwv_846/Shi05M.mid,Bach,Fugue_bwv_846,Bach/Fugue/bwv_846
C:\Users\eagle\MARG_research\third_party\PianistTransformer\data\midis\asap-dataset-master\Bach\Fugue\bwv_846\Shi05M.mid,asap_metadata_performance,raw_normalized,103.897,62,103897,Bach/Fugue/bwv_846/Shi05M.mid,Bach,Fugue_bwv_846,Bach/Fugue/bwv_846
C:\Users\eagle\MARG_research\third_party\PianistTransformer\data\midis\asap-dataset-master\Bach\Fugue\bwv_846\Shi05M.mid,asap_metadata_performance,raw_normalized,103.917,67,103917,Bach/Fugue/bwv_846/Shi05M.mid,Bach,Fugue_bwv_846,Bach/Fugue/bwv_846
C:\Users\eagle\MARG_research\third_party\PianistTransformer\data\midis\asap-dataset-master\Bach\Fugue\bwv_846\Shi05M.mid,asap_metadata_performance,raw_normalized,103.935,72,103935,Bach/Fugue/bwv_846/Shi05M.mid,Bach,Fugue_bwv_846,Bach/Fugue/bwv_846
C:\Users\eagle\MARG_research\third_party\PianistTransformer\data\midis\asap-dataset-master\Bach\Fugue\bwv_846\Shi05M.mid,asap_metadata_performance,raw_normalized,103.956,77,103956,Bach/Fugue/bwv_846/Shi05M.mid,Bach,Fugue_bwv_846,Bach/Fugue/bwv_846
C:\Users\eagle\MARG_research\third_party\PianistTransformer\data\midis\asap-dataset-master\Bach\Fugue\bwv_846\Shi05M.mid,asap_metadata_performance,raw_normalized,103.975,81,103975,Bach/Fugue/bwv_846/Shi05M.mid,Bach,Fugue_bwv_846,Bach/Fugue/bwv_846
C:\Users\eagle\MARG_research\third_party\PianistTransformer\data\midis\asap-dataset-master\Bach\Fugue\bwv_846\Shi05M.mid,asap_metadata_performance,raw_normalized,103.995,83,103995,Bach/Fugue/bwv_846/Shi05M.mid,Bach,Fugue_bwv_846,Bach/Fugue/bwv_846
C:\Users\eagle\MARG_research\third_party\PianistTransformer\data\midis\asap-dataset-master\Bach\Fugue\bwv_846\Shi05M.mid,asap_metadata_performance,raw_normalized,104.016,84,104016,Bach/Fugue/bwv_846/Shi05M.mid,Bach,Fugue_bwv_846,Bach/Fugue/bwv_846
C:\Users\eagle\MARG_research\third_party\PianistTransformer\data\midis\asap-dataset-master\Bach\Fugue\bwv_846\Shi05M.mid,asap_metadata_performance,raw_normalized,104.214,83,104214,Bach/Fugue/bwv_846/Shi05M.mid,Bach,Fugue_bwv_846,Bach/Fugue/bwv_846
C:\Users\eagle\MARG_research\third_party\PianistTransformer\data\midis\asap-dataset-master\Bach\Fugue\bwv_846\Shi05M.mid,asap_metadata_performance,raw_normalized,104.259,83,104259,Bach/Fugue/bwv_846/Shi05M.mid,Bach,Fugue_bwv_846,Bach/Fugue/bwv_846
C:\Users\eagle\MARG_research\third_party\PianistTransformer\data\midis\asap-dataset-master\Bach\Fugue\bwv_846\Shi05M.mid,asap_metadata_performance,raw_normalized,104.299,82,104299,Bach/Fugue/bwv_846/Shi05M.mid,Bach,Fugue_bwv_846,Bach/Fugue/bwv_846
C:\Users\eagle\MARG_research\third_party\PianistTransformer\data\midis\asap-dataset-master\Bach\Fugue\bwv_846\Shi05M.mid,asap_metadata_performance,raw_normalized,104.339,81,104339,Bach/Fugue/bwv_846/Shi05M.mid,Bach,Fugue_bwv_846,Bach/Fugue/bwv_846
C:\Users\eagle\MARG_research\third_party\PianistTransformer\data\midis\asap-dataset-master\Bach\Fugue\bwv_846\Shi05M.mid,asap_metadata_performance,raw_normalized,104.358,79,104358,Bach/Fugue/bwv_846/Shi05M.mid,Bach,Fugue_bwv_846,Bach/Fugue/bwv_846
C:\Users\eagle\MARG_research\third_party\PianistTransformer\data\midis\asap-dataset-master\Bach\Fugue\bwv_846\Shi05M.mid,asap_metadata_performance,raw_normalized,104.379,76,104379,Bach/Fugue/bwv_846/Shi05M.mid,Bach,Fugue_bwv_846,Bach/Fugue/bwv_846
C:\Users\eagle\MARG_research\third_party\PianistTransformer\data\midis\asap-dataset-master\Bach\Fugue\bwv_846\Shi05M.mid,asap_metadata_performance,raw_normalized,104.398,71,104398,Bach/Fugue/bwv_846/Shi05M.mid,Bach,Fugue_bwv_846,Bach/Fugue/bwv_846
C:\Users\eagle\MARG_research\third_party\PianistTransformer\data\midis\asap-dataset-master\Bach\Fugue\bwv_846\Shi05M.mid,asap_metadata_performance,raw_normalized,104.418,61,104418,Bach/Fugue/bwv_846/Shi05M.mid,Bach,Fugue_bwv_846,Bach/Fugue/bwv_846
C:\Users\eagle\MARG_research\third_party\PianistTransformer\data\midis\asap-dataset-master\Bach\Fugue\bwv_846\Shi05M.mid,asap_metadata_performance,raw_normalized,104.438,45,104438,Bach/Fugue/bwv_846/Shi05M.mid,Bach,Fugue_bwv_846,Bach/Fugue/bwv_846
C:\Users\eagle\MARG_research\third_party\PianistTransformer\data\midis\asap-dataset-master\Bach\Fugue\bwv_846\Shi05M.mid,asap_metadata_performance,raw_normalized,104.457,0,104457,Bach/Fugue/bwv_846/Shi05M.mid,Bach,Fugue_bwv_846,Bach/Fugue/bwv_846
C:\Users\eagle\MARG_research\third_party\PianistTransformer\data\midis\asap-dataset-master\Bach\Fugue\bwv_846\Shi05M.mid,asap_metadata_performance,raw_normalized,104.536,36,104536,Bach/Fugue/bwv_846/Shi05M.mid,Bach,Fugue_bwv_846,Bach/Fugue/bwv_846
C:\Users\eagle\MARG_research\third_party\PianistTransformer\data\midis\asap-dataset-master\Bach\Fugue\bwv_846\Shi05M.mid,asap_metadata_performance,raw_normalized,104.556,51,104556,Bach/Fugue/bwv_846/Shi05M.mid,Bach,Fugue_bwv_846,Bach/Fugue/bwv_846
C:\Users\eagle\MARG_research\third_party\PianistTransformer\data\midis\asap-dataset-master\Bach\Fugue\bwv_846\Shi05M.mid,asap_metadata_performance,raw_normalized,104.576,61,104576,Bach/Fugue/bwv_846/Shi05M.mid,Bach,Fugue_bwv_846,Bach/Fugue/bwv_846
C:\Users\eagle\MARG_research\third_party\PianistTransformer\data\midis\asap-dataset-master\Bach\Fugue\bwv_846\Shi05M.mid,asap_metadata_performance,raw_normalized,104.596,64,104596,Bach/Fugue/bwv_846/Shi05M.mid,Bach,Fugue_bwv_846,Bach/Fugue/bwv_846
C:\Users\eagle\MARG_research\third_party\PianistTransformer\data\midis\asap-dataset-master\Bach\Fugue\bwv_846\Shi05M.mid,asap_metadata_performance,raw_normalized,104.616,66,104616,Bach/Fugue/bwv_846/Shi05M.mid,Bach,Fugue_bwv_846,Bach/Fugue/bwv_846
C:\Users\eagle\MARG_research\third_party\PianistTransformer\data\midis\asap-dataset-master\Bach\Fugue\bwv_846\Shi05M.mid,asap_metadata_performance,raw_normalized,104.638,69,104638,Bach/Fugue/bwv_846/Shi05M.mid,Bach,Fugue_bwv_846,Bach/Fugue/bwv_846
C:\Users\eagle\MARG_research\third_party\PianistTransformer\data\midis\asap-dataset-master\Bach\Fugue\bwv_846\Shi05M.mid,asap_metadata_performance,raw_normalized,104.656,73,104656,Bach/Fugue/bwv_846/Shi05M.mid,Bach,Fugue_bwv_846,Bach/Fugue/bwv_846
C:\Users\eagle\MARG_research\third_party\PianistTransformer\data\midis\asap-dataset-master\Bach\Fugue\bwv_846\Shi05M.mid,asap_metadata_performance,raw_normalized,104.676,77,104676,Bach/Fugue/bwv_846/Shi05M.mid,Bach,Fugue_bwv_846,Bach/Fugue/bwv_846
C:\Users\eagle\MARG_research\third_party\PianistTransformer\data\midis\asap-dataset-master\Bach\Fugue\bwv_846\Shi05M.mid,asap_metadata_performance,raw_normalized,104.697,81,104697,Bach/Fugue/bwv_846/Shi05M.mid,Bach,Fugue_bwv_846,Bach/Fugue/bwv_846
C:\Users\eagle\MARG_research\third_party\PianistTransformer\data\midis\asap-dataset-master\Bach\Fugue\bwv_846\Shi05M.mid,asap_metadata_performance,raw_normalized,104.716,83,104716,Bach/Fugue/bwv_846/Shi05M.mid,Bach,Fugue_bwv_846,Bach/Fugue/bwv_846
C:\Users\eagle\MARG_research\third_party\PianistTransformer\data\midis\asap-dataset-master\Bach\Fugue\bwv_846\Shi05M.mid,asap_metadata_performance,raw_normalized,104.734,85,104734,Bach/Fugue/bwv_846/Shi05M.mid,Bach,Fugue_bwv_846,Bach/Fugue/bwv_846
C:\Users\eagle\MARG_research\third_party\PianistTransformer\data\midis\asap-dataset-master\Bach\Fugue\bwv_846\Shi05M.mid,asap_metadata_performance,raw_normalized,104.755,86,104755,Bach/Fugue/bwv_846/Shi05M.mid,Bach,Fugue_bwv_846,Bach/Fugue/bwv_846
C:\Users\eagle\MARG_research\third_party\PianistTransformer\data\midis\asap-dataset-master\Bach\Fugue\bwv_846\Shi05M.mid,asap_metadata_performance,raw_normalized,104.775,87,104775,Bach/Fugue/bwv_846/Shi05M.mid,Bach,Fugue_bwv_846,Bach/Fugue/bwv_846
C:\Users\eagle\MARG_research\third_party\PianistTransformer\data\midis\asap-dataset-master\Bach\Fugue\bwv_846\Shi05M.mid,asap_metadata_performance,raw_normalized,104.796,88,104796,Bach/Fugue/bwv_846/Shi05M.mid,Bach,Fugue_bwv_846,Bach/Fugue/bwv_846
C:\Users\eagle\MARG_research\third_party\PianistTransformer\data\midis\asap-dataset-master\Bach\Fugue\bwv_846\Shi05M.mid,asap_metadata_performance,raw_normalized,104.815,89,104815,Bach/Fugue/bwv_846/Shi05M.mid,Bach,Fugue_bwv_846,Bach/Fugue/bwv_846
C:\Users\eagle\MARG_research\third_party\PianistTransformer\data\midis\asap-dataset-master\Bach\Fugue\bwv_846\Shi05M.mid,asap_metadata_performance,raw_normalized,104.833,90,104833,Bach/Fugue/bwv_846/Shi05M.mid,Bach,Fugue_bwv_846,Bach/Fugue/bwv_846
C:\Users\eagle\MARG_research\third_party\PianistTransformer\data\midis\asap-dataset-master\Bach\Fugue\bwv_846\Shi05M.mid,asap_metadata_performance,raw_normalized,104.893,90,104893,Bach/Fugue/bwv_846/Shi05M.mid,Bach,Fugue_bwv_846,Bach/Fugue/bwv_846
C:\Users\eagle\MARG_research\third_party\PianistTransformer\data\midis\asap-dataset-master\Bach\Fugue\bwv_846\Shi05M.mid,asap_metadata_performance,raw_normalized,105.031,89,105031,Bach/Fugue/bwv_846/Shi05M.mid,Bach,Fugue_bwv_846,Bach/Fugue/bwv_846
C:\Users\eagle\MARG_research\third_party\PianistTransformer\data\midis\asap-dataset-master\Bach\Fugue\bwv_846\Shi05M.mid,asap_metadata_performance,raw_normalized,105.052,85,105052,Bach/Fugue/bwv_846/Shi05M.mid,Bach,Fugue_bwv_846,Bach/Fugue/bwv_846
C:\Users\eagle\MARG_research\third_party\PianistTransformer\data\midis\asap-dataset-master\Bach\Fugue\bwv_846\Shi05M.mid,asap_metadata_performance,raw_normalized,105.072,78,105072,Bach/Fugue/bwv_846/Shi05M.mid,Bach,Fugue_bwv_846,Bach/Fugue/bwv_846
C:\Users\eagle\MARG_research\third_party\PianistTransformer\data\midis\asap-dataset-master\Bach\Fugue\bwv_846\Shi05M.mid,asap_metadata_performance,raw_normalized,105.091,66,105091,Bach/Fugue/bwv_846/Shi05M.mid,Bach,Fugue_bwv_846,Bach/Fugue/bwv_846
C:\Users\eagle\MARG_research\third_party\PianistTransformer\data\midis\asap-dataset-master\Bach\Fugue\bwv_846\Shi05M.mid,asap_metadata_performance,raw_normalized,105.112,54,105112,Bach/Fugue/bwv_846/Shi05M.mid,Bach,Fugue_bwv_846,Bach/Fugue/bwv_846
C:\Users\eagle\MARG_research\third_party\PianistTransformer\data\midis\asap-dataset-master\Bach\Fugue\bwv_846\Shi05M.mid,asap_metadata_performance,raw_normalized,105.132,42,105132,Bach/Fugue/bwv_846/Shi05M.mid,Bach,Fugue_bwv_846,Bach/Fugue/bwv_846
C:\Users\eagle\MARG_research\third_party\PianistTransformer\data\midis\asap-dataset-master\Bach\Fugue\bwv_846\Shi05M.mid,asap_metadata_performance,raw_normalized,105.171,48,105171,Bach/Fugue/bwv_846/Shi05M.mid,Bach,Fugue_bwv_846,Bach/Fugue/bwv_846
C:\Users\eagle\MARG_research\third_party\PianistTransformer\data\midis\asap-dataset-master\Bach\Fugue\bwv_846\Shi05M.mid,asap_metadata_performance,raw_normalized,105.19,56,105190,Bach/Fugue/bwv_846/Shi05M.mid,Bach,Fugue_bwv_846,Bach/Fugue/bwv_846
C:\Users\eagle\MARG_research\third_party\PianistTransformer\data\midis\asap-dataset-master\Bach\Fugue\bwv_846\Shi05M.mid,asap_metadata_performance,raw_normalized,105.211,64,105211,Bach/Fugue/bwv_846/Shi05M.mid,Bach,Fugue_bwv_846,Bach/Fugue/bwv_846
C:\Users\eagle\MARG_research\third_party\PianistTransformer\data\midis\asap-dataset-master\Bach\Fugue\bwv_846\Shi05M.mid,asap_metadata_performance,raw_normalized,105.23,69,105230,Bach/Fugue/bwv_846/Shi05M.mid,Bach,Fugue_bwv_846,Bach/Fugue/bwv_846
C:\Users\eagle\MARG_research\third_party\PianistTransformer\data\midis\asap-dataset-master\Bach\Fugue\bwv_846\Shi05M.mid,asap_metadata_performance,raw_normalized,105.258,75,105258,Bach/Fugue/bwv_846/Shi05M.mid,Bach,Fugue_bwv_846,Bach/Fugue/bwv_846
C:\Users\eagle\MARG_research\third_party\PianistTransformer\data\midis\asap-dataset-master\Bach\Fugue\bwv_846\Shi05M.mid,asap_metadata_performance,raw_normalized,105.279,82,105279,Bach/Fugue/bwv_846/Shi05M.mid,Bach,Fugue_bwv_846,Bach/Fugue/bwv_846
C:\Users\eagle\MARG_research\third_party\PianistTransformer\data\midis\asap-dataset-master\Bach\Fugue\bwv_846\Shi05M.mid,asap_metadata_performance,raw_normalized,105.298,87,105298,Bach/Fugue/bwv_846/Shi05M.mid,Bach,Fugue_bwv_846,Bach/Fugue/bwv_846
C:\Users\eagle\MARG_research\third_party\PianistTransformer\data\midis\asap-dataset-master\Bach\Fugue\bwv_846\Shi05M.mid,asap_metadata_performance,raw_normalized,105.319,92,105319,Bach/Fugue/bwv_846/Shi05M.mid,Bach,Fugue_bwv_846,Bach/Fugue/bwv_846
C:\Users\eagle\MARG_research\third_party\PianistTransformer\data\midis\asap-dataset-master\Bach\Fugue\bwv_846\Shi05M.mid,asap_metadata_performance,raw_normalized,105.339,95,105339,Bach/Fugue/bwv_846/Shi05M.mid,Bach,Fugue_bwv_846,Bach/Fugue/bwv_846
C:\Users\eagle\MARG_research\third_party\PianistTransformer\data\midis\asap-dataset-master\Bach\Fugue\bwv_846\Shi05M.mid,asap_metadata_performance,raw_normalized,105.358,98,105358,Bach/Fugue/bwv_846/Shi05M.mid,Bach,Fugue_bwv_846,Bach/Fugue/bwv_846
C:\Users\eagle\MARG_research\third_party\PianistTransformer\data\midis\asap-dataset-master\Bach\Fugue\bwv_846\Shi05M.mid,asap_metadata_performance,raw_normalized,105.379,101,105379,Bach/Fugue/bwv_846/Shi05M.mid,Bach,Fugue_bwv_846,Bach/Fugue/bwv_846
C:\Users\eagle\MARG_research\third_party\PianistTransformer\data\midis\asap-dataset-master\Bach\Fugue\bwv_846\Shi05M.mid,asap_metadata_performance,raw_normalized,105.397,104,105397,Bach/Fugue/bwv_846/Shi05M.mid,Bach,Fugue_bwv_846,Bach/Fugue/bwv_846
C:\Users\eagle\MARG_research\third_party\PianistTransformer\data\midis\asap-dataset-master\Bach\Fugue\bwv_846\Shi05M.mid,asap_metadata_performance,raw_normalized,105.418,106,105418,Bach/Fugue/bwv_846/Shi05M.mid,Bach,Fugue_bwv_846,Bach/Fugue/bwv_846
C:\Users\eagle\MARG_research\third_party\PianistTransformer\data\midis\asap-dataset-master\Bach\Fugue\bwv_846\Shi05M.mid,asap_metadata_performance,raw_normalized,105.478,109,105478,Bach/Fugue/bwv_846/Shi05M.mid,Bach,Fugue_bwv_846,Bach/Fugue/bwv_846
C:\Users\eagle\MARG_research\third_party\PianistTransformer\data\midis\asap-dataset-master\Bach\Fugue\bwv_846\Shi05M.mid,asap_metadata_performance,raw_normalized,105.517,111,105517,Bach/Fugue/bwv_846/Shi05M.mid,Bach,Fugue_bwv_846,Bach/Fugue/bwv_846
C:\Users\eagle\MARG_research\third_party\PianistTransformer\data\midis\asap-dataset-master\Bach\Fugue\bwv_846\Shi05M.mid,asap_metadata_performance,raw_normalized,105.596,107,105596,Bach/Fugue/bwv_846/Shi05M.mid,Bach,Fugue_bwv_846,Bach/Fugue/bwv_846
C:\Users\eagle\MARG_research\third_party\PianistTransformer\data\midis\asap-dataset-master\Bach\Fugue\bwv_846\Shi05M.mid,asap_metadata_performance,raw_normalized,105.615,98,105615,Bach/Fugue/bwv_846/Shi05M.mid,Bach,Fugue_bwv_846,Bach/Fugue/bwv_846
C:\Users\eagle\MARG_research\third_party\PianistTransformer\data\midis\asap-dataset-master\Bach\Fugue\bwv_846\Shi05M.mid,asap_metadata_performance,raw_normalized,105.635,87,105635,Bach/Fugue/bwv_846/Shi05M.mid,Bach,Fugue_bwv_846,Bach/Fugue/bwv_846
C:\Users\eagle\MARG_research\third_party\PianistTransformer\data\midis\asap-dataset-master\Bach\Fugue\bwv_846\Shi05M.mid,asap_metadata_performance,raw_normalized,105.655,75,105655,Bach/Fugue/bwv_846/Shi05M.mid,Bach,Fugue_bwv_846,Bach/Fugue/bwv_846
C:\Users\eagle\MARG_research\third_party\PianistTransformer\data\midis\asap-dataset-master\Bach\Fugue\bwv_846\Shi05M.mid,asap_metadata_performance,raw_normalized,105.674,63,105674,Bach/Fugue/bwv_846/Shi05M.mid,Bach,Fugue_bwv_846,Bach/Fugue/bwv_846
C:\Users\eagle\MARG_research\third_party\PianistTransformer\data\midis\asap-dataset-master\Bach\Fugue\bwv_846\Shi05M.mid,asap_metadata_performance,raw_normalized,105.697,47,105697,Bach/Fugue/bwv_846/Shi05M.mid,Bach,Fugue_bwv_846,Bach/Fugue/bwv_846
C:\Users\eagle\MARG_research\third_party\PianistTransformer\data\midis\asap-dataset-master\Bach\Fugue\bwv_846\Shi05M.mid,asap_metadata_performance,raw_normalized,105.716,0,105716,Bach/Fugue/bwv_846/Shi05M.mid,Bach,Fugue_bwv_846,Bach/Fugue/bwv_846
C:\Users\eagle\MARG_research\third_party\PianistTransformer\data\midis\asap-dataset-master\Bach\Fugue\bwv_846\Shi05M.mid,asap_metadata_performance,raw_normalized,105.755,34,105755,Bach/Fugue/bwv_846/Shi05M.mid,Bach,Fugue_bwv_846,Bach/Fugue/bwv_846
C:\Users\eagle\MARG_research\third_party\PianistTransformer\data\midis\asap-dataset-master\Bach\Fugue\bwv_846\Shi05M.mid,asap_metadata_performance,raw_normalized,105.775,46,105775,Bach/Fugue/bwv_846/Shi05M.mid,Bach,Fugue_bwv_846,Bach/Fugue/bwv_846
C:\Users\eagle\MARG_research\third_party\PianistTransformer\data\midis\asap-dataset-master\Bach\Fugue\bwv_846\Shi05M.mid,asap_metadata_performance,raw_normalized,105.796,60,105796,Bach/Fugue/bwv_846/Shi05M.mid,Bach,Fugue_bwv_846,Bach/Fugue/bwv_846
C:\Users\eagle\MARG_research\third_party\PianistTransformer\data\midis\asap-dataset-master\Bach\Fugue\bwv_846\Shi05M.mid,asap_metadata_performance,raw_normalized,105.815,67,105815,Bach/Fugue/bwv_846/Shi05M.mid,Bach,Fugue_bwv_846,Bach/Fugue/bwv_846
C:\Users\eagle\MARG_research\third_party\PianistTransformer\data\midis\asap-dataset-master\Bach\Fugue\bwv_846\Shi05M.mid,asap_metadata_performance,raw_normalized,105.835,71,105835,Bach/Fugue/bwv_846/Shi05M.mid,Bach,Fugue_bwv_846,Bach/Fugue/bwv_846
C:\Users\eagle\MARG_research\third_party\PianistTransformer\data\midis\asap-dataset-master\Bach\Fugue\bwv_846\Shi05M.mid,asap_metadata_performance,raw_normalized,105.854,76,105854,Bach/Fugue/bwv_846/Shi05M.mid,Bach,Fugue_bwv_846,Bach/Fugue/bwv_846
C:\Users\eagle\MARG_research\third_party\PianistTransformer\data\midis\asap-dataset-master\Bach\Fugue\bwv_846\Shi05M.mid,asap_metadata_performance,raw_normalized,105.874,79,105874,Bach/Fugue/bwv_846/Shi05M.mid,Bach,Fugue_bwv_846,Bach/Fugue/bwv_846
C:\Users\eagle\MARG_research\third_party\PianistTransformer\data\midis\asap-dataset-master\Bach\Fugue\bwv_846\Shi05M.mid,asap_metadata_performance,raw_normalized,105.895,82,105895,Bach/Fugue/bwv_846/Shi05M.mid,Bach,Fugue_bwv_846,Bach/Fugue/bwv_846
C:\Users\eagle\MARG_research\third_party\PianistTransformer\data\midis\asap-dataset-master\Bach\Fugue\bwv_846\Shi05M.mid,asap_metadata_performance,raw_normalized,105.914,83,105914,Bach/Fugue/bwv_846/Shi05M.mid,Bach,Fugue_bwv_846,Bach/Fugue/bwv_846
C:\Users\eagle\MARG_research\third_party\PianistTransformer\data\midis\asap-dataset-master\Bach\Fugue\bwv_846\Shi05M.mid,asap_metadata_performance,raw_normalized,105.932,84,105932,Bach/Fugue/bwv_846/Shi05M.mid,Bach,Fugue_bwv_846,Bach/Fugue/bwv_846
C:\Users\eagle\MARG_research\third_party\PianistTransformer\data\midis\asap-dataset-master\Bach\Fugue\bwv_846\Shi05M.mid,asap_metadata_performance,raw_normalized,105.953,85,105953,Bach/Fugue/bwv_846/Shi05M.mid,Bach,Fugue_bwv_846,Bach/Fugue/bwv_846
C:\Users\eagle\MARG_research\third_party\PianistTransformer\data\midis\asap-dataset-master\Bach\Fugue\bwv_846\Shi05M.mid,asap_metadata_performance,raw_normalized,105.973,88,105973,Bach/Fugue/bwv_846/Shi05M.mid,Bach,Fugue_bwv_846,Bach/Fugue/bwv_846
C:\Users\eagle\MARG_research\third_party\PianistTransformer\data\midis\asap-dataset-master\Bach\Fugue\bwv_846\Shi05M.mid,asap_metadata_performance,raw_normalized,105.993,92,105993,Bach/Fugue/bwv_846/Shi05M.mid,Bach,Fugue_bwv_846,Bach/Fugue/bwv_846
C:\Users\eagle\MARG_research\third_party\PianistTransformer\data\midis\asap-dataset-master\Bach\Fugue\bwv_846\Shi05M.mid,asap_metadata_performance,raw_normalized,106.013,95,106013,Bach/Fugue/bwv_846/Shi05M.mid,Bach,Fugue_bwv_846,Bach/Fugue/bwv_846
C:\Users\eagle\MARG_research\third_party\PianistTransformer\data\midis\asap-dataset-master\Bach\Fugue\bwv_846\Shi05M.mid,asap_metadata_performance,raw_normalized,106.031,97,106031,Bach/Fugue/bwv_846/Shi05M.mid,Bach,Fugue_bwv_846,Bach/Fugue/bwv_846
C:\Users\eagle\MARG_research\third_party\PianistTransformer\data\midis\asap-dataset-master\Bach\Fugue\bwv_846\Shi05M.mid,asap_metadata_performance,raw_normalized,106.112,101,106112,Bach/Fugue/bwv_846/Shi05M.mid,Bach,Fugue_bwv_846,Bach/Fugue/bwv_846
C:\Users\eagle\MARG_research\third_party\PianistTransformer\data\midis\asap-dataset-master\Bach\Fugue\bwv_846\Shi05M.mid,asap_metadata_performance,raw_normalized,106.132,104,106132,Bach/Fugue/bwv_846/Shi05M.mid,Bach,Fugue_bwv_846,Bach/Fugue/bwv_846
C:\Users\eagle\MARG_research\third_party\PianistTransformer\data\midis\asap-dataset-master\Bach\Fugue\bwv_846\Shi05M.mid,asap_metadata_performance,raw_normalized,106.23,101,106230,Bach/Fugue/bwv_846/Shi05M.mid,Bach,Fugue_bwv_846,Bach/Fugue/bwv_846
C:\Users\eagle\MARG_research\third_party\PianistTransformer\data\midis\asap-dataset-master\Bach\Fugue\bwv_846\Shi05M.mid,asap_metadata_performance,raw_normalized,106.262,94,106262,Bach/Fugue/bwv_846/Shi05M.mid,Bach,Fugue_bwv_846,Bach/Fugue/bwv_846
C:\Users\eagle\MARG_research\third_party\PianistTransformer\data\midis\asap-dataset-master\Bach\Fugue\bwv_846\Shi05M.mid,asap_metadata_performance,raw_normalized,106.281,83,106281,Bach/Fugue/bwv_846/Shi05M.mid,Bach,Fugue_bwv_846,Bach/Fugue/bwv_846
C:\Users\eagle\MARG_research\third_party\PianistTransformer\data\midis\asap-dataset-master\Bach\Fugue\bwv_846\Shi05M.mid,asap_metadata_performance,raw_normalized,106.299,67,106299,Bach/Fugue/bwv_846/Shi05M.mid,Bach,Fugue_bwv_846,Bach/Fugue/bwv_846
C:\Users\eagle\MARG_research\third_party\PianistTransformer\data\midis\asap-dataset-master\Bach\Fugue\bwv_846\Shi05M.mid,asap_metadata_performance,raw_normalized,106.32,50,106320,Bach/Fugue/bwv_846/Shi05M.mid,Bach,Fugue_bwv_846,Bach/Fugue/bwv_846
C:\Users\eagle\MARG_research\third_party\PianistTransformer\data\midis\asap-dataset-master\Bach\Fugue\bwv_846\Shi05M.mid,asap_metadata_performance,raw_normalized,106.34,0,106340,Bach/Fugue/bwv_846/Shi05M.mid,Bach,Fugue_bwv_846,Bach/Fugue/bwv_846
C:\Users\eagle\MARG_research\third_party\PianistTransformer\data\midis\asap-dataset-master\Bach\Fugue\bwv_846\Shi05M.mid,asap_metadata_performance,raw_normalized,106.419,40,106419,Bach/Fugue/bwv_846/Shi05M.mid,Bach,Fugue_bwv_846,Bach/Fugue/bwv_846
C:\Users\eagle\MARG_research\third_party\PianistTransformer\data\midis\asap-dataset-master\Bach\Fugue\bwv_846\Shi05M.mid,asap_metadata_performance,raw_normalized,106.439,58,106439,Bach/Fugue/bwv_846/Shi05M.mid,Bach,Fugue_bwv_846,Bach/Fugue/bwv_846
C:\Users\eagle\MARG_research\third_party\PianistTransformer\data\midis\asap-dataset-master\Bach\Fugue\bwv_846\Shi05M.mid,asap_metadata_performance,raw_normalized,106.458,65,106458,Bach/Fugue/bwv_846/Shi05M.mid,Bach,Fugue_bwv_846,Bach/Fugue/bwv_846
C:\Users\eagle\MARG_research\third_party\PianistTransformer\data\midis\asap-dataset-master\Bach\Fugue\bwv_846\Shi05M.mid,asap_metadata_performance,raw_normalized,106.478,68,106478,Bach/Fugue/bwv_846/Shi05M.mid,Bach,Fugue_bwv_846,Bach/Fugue/bwv_846
C:\Users\eagle\MARG_research\third_party\PianistTransformer\data\midis\asap-dataset-master\Bach\Fugue\bwv_846\Shi05M.mid,asap_metadata_performance,raw_normalized,106.497,72,106497,Bach/Fugue/bwv_846/Shi05M.mid,Bach,Fugue_bwv_846,Bach/Fugue/bwv_846
C:\Users\eagle\MARG_research\third_party\PianistTransformer\data\midis\asap-dataset-master\Bach\Fugue\bwv_846\Shi05M.mid,asap_metadata_performance,raw_normalized,106.518,75,106518,Bach/Fugue/bwv_846/Shi05M.mid,Bach,Fugue_bwv_846,Bach/Fugue/bwv_846
C:\Users\eagle\MARG_research\third_party\PianistTransformer\data\midis\asap-dataset-master\Bach\Fugue\bwv_846\Shi05M.mid,asap_metadata_performance,raw_normalized,106.536,79,106536,Bach/Fugue/bwv_846/Shi05M.mid,Bach,Fugue_bwv_846,Bach/Fugue/bwv_846
C:\Users\eagle\MARG_research\third_party\PianistTransformer\data\midis\asap-dataset-master\Bach\Fugue\bwv_846\Shi05M.mid,asap_metadata_performance,raw_normalized,106.556,83,106556,Bach/Fugue/bwv_846/Shi05M.mid,Bach,Fugue_bwv_846,Bach/Fugue/bwv_846
C:\Users\eagle\MARG_research\third_party\PianistTransformer\data\midis\asap-dataset-master\Bach\Fugue\bwv_846\Shi05M.mid,asap_metadata_performance,raw_normalized,106.577,85,106577,Bach/Fugue/bwv_846/Shi05M.mid,Bach,Fugue_bwv_846,Bach/Fugue/bwv_846
C:\Users\eagle\MARG_research\third_party\PianistTransformer\data\midis\asap-dataset-master\Bach\Fugue\bwv_846\Shi05M.mid,asap_metadata_performance,raw_normalized,106.596,87,106596,Bach/Fugue/bwv_846/Shi05M.mid,Bach,Fugue_bwv_846,Bach/Fugue/bwv_846
C:\Users\eagle\MARG_research\third_party\PianistTransformer\data\midis\asap-dataset-master\Bach\Fugue\bwv_846\Shi05M.mid,asap_metadata_performance,raw_normalized,106.617,91,106617,Bach/Fugue/bwv_846/Shi05M.mid,Bach,Fugue_bwv_846,Bach/Fugue/bwv_846
C:\Users\eagle\MARG_research\third_party\PianistTransformer\data\midis\asap-dataset-master\Bach\Fugue\bwv_846\Shi05M.mid,asap_metadata_performance,raw_normalized,106.635,95,106635,Bach/Fugue/bwv_846/Shi05M.mid,Bach,Fugue_bwv_846,Bach/Fugue/bwv_846
C:\Users\eagle\MARG_research\third_party\PianistTransformer\data\midis\asap-dataset-master\Bach\Fugue\bwv_846\Shi05M.mid,asap_metadata_performance,raw_normalized,106.655,97,106655,Bach/Fugue/bwv_846/Shi05M.mid,Bach,Fugue_bwv_846,Bach/Fugue/bwv_846
C:\Users\eagle\MARG_research\third_party\PianistTransformer\data\midis\asap-dataset-master\Bach\Fugue\bwv_846\Shi05M.mid,asap_metadata_performance,raw_normalized,106.715,101,106715,Bach/Fugue/bwv_846/Shi05M.mid,Bach,Fugue_bwv_846,Bach/Fugue/bwv_846
C:\Users\eagle\MARG_research\third_party\PianistTransformer\data\midis\asap-dataset-master\Bach\Fugue\bwv_846\Shi05M.mid,asap_metadata_performance,raw_normalized,106.736,109,106736,Bach/Fugue/bwv_846/Shi05M.mid,Bach,Fugue_bwv_846,Bach/Fugue/bwv_846
C:\Users\eagle\MARG_research\third_party\PianistTransformer\data\midis\asap-dataset-master\Bach\Fugue\bwv_846\Shi05M.mid,asap_metadata_performance,raw_normalized,106.755,118,106755,Bach/Fugue/bwv_846/Shi05M.mid,Bach,Fugue_bwv_846,Bach/Fugue/bwv_846
C:\Users\eagle\MARG_research\third_party\PianistTransformer\data\midis\asap-dataset-master\Bach\Fugue\bwv_846\Shi05M.mid,asap_metadata_performance,raw_normalized,106.776,123,106776,Bach/Fugue/bwv_846/Shi05M.mid,Bach,Fugue_bwv_846,Bach/Fugue/bwv_846
C:\Users\eagle\MARG_research\third_party\PianistTransformer\data\midis\asap-dataset-master\Bach\Fugue\bwv_846\Shi05M.mid,asap_metadata_performance,raw_normalized,106.854,114,106854,Bach/Fugue/bwv_846/Shi05M.mid,Bach,Fugue_bwv_846,Bach/Fugue/bwv_846
C:\Users\eagle\MARG_research\third_party\PianistTransformer\data\midis\asap-dataset-master\Bach\Fugue\bwv_846\Shi05M.mid,asap_metadata_performance,raw_normalized,106.875,97,106875,Bach/Fugue/bwv_846/Shi05M.mid,Bach,Fugue_bwv_846,Bach/Fugue/bwv_846
C:\Users\eagle\MARG_research\third_party\PianistTransformer\data\midis\asap-dataset-master\Bach\Fugue\bwv_846\Shi05M.mid,asap_metadata_performance,raw_normalized,106.895,79,106895,Bach/Fugue/bwv_846/Shi05M.mid,Bach,Fugue_bwv_846,Bach/Fugue/bwv_846
C:\Users\eagle\MARG_research\third_party\PianistTransformer\data\midis\asap-dataset-master\Bach\Fugue\bwv_846\Shi05M.mid,asap_metadata_performance,raw_normalized,106.914,61,106914,Bach/Fugue/bwv_846/Shi05M.mid,Bach,Fugue_bwv_846,Bach/Fugue/bwv_846
C:\Users\eagle\MARG_research\third_party\PianistTransformer\data\midis\asap-dataset-master\Bach\Fugue\bwv_846\Shi05M.mid,asap_metadata_performance,raw_normalized,106.931,0,106931,Bach/Fugue/bwv_846/Shi05M.mid,Bach,Fugue_bwv_846,Bach/Fugue/bwv_846
C:\Users\eagle\MARG_research\third_party\PianistTransformer\data\midis\asap-dataset-master\Bach\Fugue\bwv_846\Shi05M.mid,asap_metadata_performance,raw_normalized,107.089,33,107089,Bach/Fugue/bwv_846/Shi05M.mid,Bach,Fugue_bwv_846,Bach/Fugue/bwv_846
C:\Users\eagle\MARG_research\third_party\PianistTransformer\data\midis\asap-dataset-master\Bach\Fugue\bwv_846\Shi05M.mid,asap_metadata_performance,raw_normalized,107.109,52,107109,Bach/Fugue/bwv_846/Shi05M.mid,Bach,Fugue_bwv_846,Bach/Fugue/bwv_846
C:\Users\eagle\MARG_research\third_party\PianistTransformer\data\midis\asap-dataset-master\Bach\Fugue\bwv_846\Shi05M.mid,asap_metadata_performance,raw_normalized,107.129,61,107129,Bach/Fugue/bwv_846/Shi05M.mid,Bach,Fugue_bwv_846,Bach/Fugue/bwv_846
C:\Users\eagle\MARG_research\third_party\PianistTransformer\data\midis\asap-dataset-master\Bach\Fugue\bwv_846\Shi05M.mid,asap_metadata_performance,raw_normalized,107.15,64,107150,Bach/Fugue/bwv_846/Shi05M.mid,Bach,Fugue_bwv_846,Bach/Fugue/bwv_846
C:\Users\eagle\MARG_research\third_party\PianistTransformer\data\midis\asap-dataset-master\Bach\Fugue\bwv_846\Shi05M.mid,asap_metadata_performance,raw_normalized,107.169,66,107169,Bach/Fugue/bwv_846/Shi05M.mid,Bach,Fugue_bwv_846,Bach/Fugue/bwv_846
C:\Users\eagle\MARG_research\third_party\PianistTransformer\data\midis\asap-dataset-master\Bach\Fugue\bwv_846\Shi05M.mid,asap_metadata_performance,raw_normalized,107.188,71,107188,Bach/Fugue/bwv_846/Shi05M.mid,Bach,Fugue_bwv_846,Bach/Fugue/bwv_846
C:\Users\eagle\MARG_research\third_party\PianistTransformer\data\midis\asap-dataset-master\Bach\Fugue\bwv_846\Shi05M.mid,asap_metadata_performance,raw_normalized,107.208,80,107208,Bach/Fugue/bwv_846/Shi05M.mid,Bach,Fugue_bwv_846,Bach/Fugue/bwv_846
C:\Users\eagle\MARG_research\third_party\PianistTransformer\data\midis\asap-dataset-master\Bach\Fugue\bwv_846\Shi05M.mid,asap_metadata_performance,raw_normalized,107.228,89,107228,Bach/Fugue/bwv_846/Shi05M.mid,Bach,Fugue_bwv_846,Bach/Fugue/bwv_846
C:\Users\eagle\MARG_research\third_party\PianistTransformer\data\midis\asap-dataset-master\Bach\Fugue\bwv_846\Shi05M.mid,asap_metadata_performance,raw_normalized,107.258,95,107258,Bach/Fugue/bwv_846/Shi05M.mid,Bach,Fugue_bwv_846,Bach/Fugue/bwv_846
C:\Users\eagle\MARG_research\third_party\PianistTransformer\data\midis\asap-dataset-master\Bach\Fugue\bwv_846\Shi05M.mid,asap_metadata_performance,raw_normalized,107.277,101,107277,Bach/Fugue/bwv_846/Shi05M.mid,Bach,Fugue_bwv_846,Bach/Fugue/bwv_846
C:\Users\eagle\MARG_research\third_party\PianistTransformer\data\midis\asap-dataset-master\Bach\Fugue\bwv_846\Shi05M.mid,asap_metadata_performance,raw_normalized,107.297,106,107297,Bach/Fugue/bwv_846/Shi05M.mid,Bach,Fugue_bwv_846,Bach/Fugue/bwv_846
C:\Users\eagle\MARG_research\third_party\PianistTransformer\data\midis\asap-dataset-master\Bach\Fugue\bwv_846\Shi05M.mid,asap_metadata_performance,raw_normalized,107.318,112,107318,Bach/Fugue/bwv_846/Shi05M.mid,Bach,Fugue_bwv_846,Bach/Fugue/bwv_846
C:\Users\eagle\MARG_research\third_party\PianistTransformer\data\midis\asap-dataset-master\Bach\Fugue\bwv_846\Shi05M.mid,asap_metadata_performance,raw_normalized,107.337,115,107337,Bach/Fugue/bwv_846/Shi05M.mid,Bach,Fugue_bwv_846,Bach/Fugue/bwv_846
C:\Users\eagle\MARG_research\third_party\PianistTransformer\data\midis\asap-dataset-master\Bach\Fugue\bwv_846\Shi05M.mid,asap_metadata_performance,raw_normalized,107.673,113,107673,Bach/Fugue/bwv_846/Shi05M.mid,Bach,Fugue_bwv_846,Bach/Fugue/bwv_846
C:\Users\eagle\MARG_research\third_party\PianistTransformer\data\midis\asap-dataset-master\Bach\Fugue\bwv_846\Shi05M.mid,asap_metadata_performance,raw_normalized,107.712,111,107712,Bach/Fugue/bwv_846/Shi05M.mid,Bach,Fugue_bwv_846,Bach/Fugue/bwv_846
C:\Users\eagle\MARG_research\third_party\PianistTransformer\data\midis\asap-dataset-master\Bach\Fugue\bwv_846\Shi05M.mid,asap_metadata_performance,raw_normalized,108.031,107,108031,Bach/Fugue/bwv_846/Shi05M.mid,Bach,Fugue_bwv_846,Bach/Fugue/bwv_846
C:\Users\eagle\MARG_research\third_party\PianistTransformer\data\midis\asap-dataset-master\Bach\Fugue\bwv_846\Shi05M.mid,asap_metadata_performance,raw_normalized,108.051,98,108051,Bach/Fugue/bwv_846/Shi05M.mid,Bach,Fugue_bwv_846,Bach/Fugue/bwv_846
C:\Users\eagle\MARG_research\third_party\PianistTransformer\data\midis\asap-dataset-master\Bach\Fugue\bwv_846\Shi05M.mid,asap_metadata_performance,raw_normalized,108.07,86,108070,Bach/Fugue/bwv_846/Shi05M.mid,Bach,Fugue_bwv_846,Bach/Fugue/bwv_846
C:\Users\eagle\MARG_research\third_party\PianistTransformer\data\midis\asap-dataset-master\Bach\Fugue\bwv_846\Shi05M.mid,asap_metadata_performance,raw_normalized,108.09,73,108090,Bach/Fugue/bwv_846/Shi05M.mid,Bach,Fugue_bwv_846,Bach/Fugue/bwv_846
C:\Users\eagle\MARG_research\third_party\PianistTransformer\data\midis\asap-dataset-master\Bach\Fugue\bwv_846\Shi05M.mid,asap_metadata_performance,raw_normalized,108.109,61,108109,Bach/Fugue/bwv_846/Shi05M.mid,Bach,Fugue_bwv_846,Bach/Fugue/bwv_846
C:\Users\eagle\MARG_research\third_party\PianistTransformer\data\midis\asap-dataset-master\Bach\Fugue\bwv_846\Shi05M.mid,asap_metadata_performance,raw_normalized,108.129,46,108129,Bach/Fugue/bwv_846/Shi05M.mid,Bach,Fugue_bwv_846,Bach/Fugue/bwv_846
C:\Users\eagle\MARG_research\third_party\PianistTransformer\data\midis\asap-dataset-master\Bach\Fugue\bwv_846\Shi05M.mid,asap_metadata_performance,raw_normalized,108.15,32,108150,Bach/Fugue/bwv_846/Shi05M.mid,Bach,Fugue_bwv_846,Bach/Fugue/bwv_846
C:\Users\eagle\MARG_research\third_party\PianistTransformer\data\midis\asap-dataset-master\Bach\Fugue\bwv_846\Shi05M.mid,asap_metadata_performance,raw_normalized,108.169,34,108169,Bach/Fugue/bwv_846/Shi05M.mid,Bach,Fugue_bwv_846,Bach/Fugue/bwv_846
C:\Users\eagle\MARG_research\third_party\PianistTransformer\data\midis\asap-dataset-master\Bach\Fugue\bwv_846\Shi05M.mid,asap_metadata_performance,raw_normalized,108.189,47,108189,Bach/Fugue/bwv_846/Shi05M.mid,Bach,Fugue_bwv_846,Bach/Fugue/bwv_846
C:\Users\eagle\MARG_research\third_party\PianistTransformer\data\midis\asap-dataset-master\Bach\Fugue\bwv_846\Shi05M.mid,asap_metadata_performance,raw_normalized,108.208,61,108208,Bach/Fugue/bwv_846/Shi05M.mid,Bach,Fugue_bwv_846,Bach/Fugue/bwv_846
C:\Users\eagle\MARG_research\third_party\PianistTransformer\data\midis\asap-dataset-master\Bach\Fugue\bwv_846\Shi05M.mid,asap_metadata_performance,raw_normalized,108.228,68,108228,Bach/Fugue/bwv_846/Shi05M.mid,Bach,Fugue_bwv_846,Bach/Fugue/bwv_846
C:\Users\eagle\MARG_research\third_party\PianistTransformer\data\midis\asap-dataset-master\Bach\Fugue\bwv_846\Shi05M.mid,asap_metadata_performance,raw_normalized,108.258,74,108258,Bach/Fugue/bwv_846/Shi05M.mid,Bach,Fugue_bwv_846,Bach/Fugue/bwv_846
C:\Users\eagle\MARG_research\third_party\PianistTransformer\data\midis\asap-dataset-master\Bach\Fugue\bwv_846\Shi05M.mid,asap_metadata_performance,raw_normalized,108.277,82,108277,Bach/Fugue/bwv_846/Shi05M.mid,Bach,Fugue_bwv_846,Bach/Fugue/bwv_846
C:\Users\eagle\MARG_research\third_party\PianistTransformer\data\midis\asap-dataset-master\Bach\Fugue\bwv_846\Shi05M.mid,asap_metadata_performance,raw_normalized,108.297,97,108297,Bach/Fugue/bwv_846/Shi05M.mid,Bach,Fugue_bwv_846,Bach/Fugue/bwv_846
C:\Users\eagle\MARG_research\third_party\PianistTransformer\data\midis\asap-dataset-master\Bach\Fugue\bwv_846\Shi05M.mid,asap_metadata_performance,raw_normalized,108.316,126,108316,Bach/Fugue/bwv_846/Shi05M.mid,Bach,Fugue_bwv_846,Bach/Fugue/bwv_846
C:\Users\eagle\MARG_research\third_party\PianistTransformer\data\midis\asap-dataset-master\Bach\Fugue\bwv_846\Shi05M.mid,asap_metadata_performance,raw_normalized,108.732,100,108732,Bach/Fugue/bwv_846/Shi05M.mid,Bach,Fugue_bwv_846,Bach/Fugue/bwv_846
C:\Users\eagle\MARG_research\third_party\PianistTransformer\data\midis\asap-dataset-master\Bach\Fugue\bwv_846\Shi05M.mid,asap_metadata_performance,raw_normalized,108.751,80,108751,Bach/Fugue/bwv_846/Shi05M.mid,Bach,Fugue_bwv_846,Bach/Fugue/bwv_846
C:\Users\eagle\MARG_research\third_party\PianistTransformer\data\midis\asap-dataset-master\Bach\Fugue\bwv_846\Shi05M.mid,asap_metadata_performance,raw_normalized,108.772,66,108772,Bach/Fugue/bwv_846/Shi05M.mid,Bach,Fugue_bwv_846,Bach/Fugue/bwv_846
C:\Users\eagle\MARG_research\third_party\PianistTransformer\data\midis\asap-dataset-master\Bach\Fugue\bwv_846\Shi05M.mid,asap_metadata_performance,raw_normalized,108.792,56,108792,Bach/Fugue/bwv_846/Shi05M.mid,Bach,Fugue_bwv_846,Bach/Fugue/bwv_846
C:\Users\eagle\MARG_research\third_party\PianistTransformer\data\midis\asap-dataset-master\Bach\Fugue\bwv_846\Shi05M.mid,asap_metadata_performance,raw_normalized,108.812,52,108812,Bach/Fugue/bwv_846/Shi05M.mid,Bach,Fugue_bwv_846,Bach/Fugue/bwv_846
C:\Users\eagle\MARG_research\third_party\PianistTransformer\data\midis\asap-dataset-master\Bach\Fugue\bwv_846\Shi05M.mid,asap_metadata_performance,raw_normalized,108.831,57,108831,Bach/Fugue/bwv_846/Shi05M.mid,Bach,Fugue_bwv_846,Bach/Fugue/bwv_846
C:\Users\eagle\MARG_research\third_party\PianistTransformer\data\midis\asap-dataset-master\Bach\Fugue\bwv_846\Shi05M.mid,asap_metadata_performance,raw_normalized,108.85,64,108850,Bach/Fugue/bwv_846/Shi05M.mid,Bach,Fugue_bwv_846,Bach/Fugue/bwv_846
C:\Users\eagle\MARG_research\third_party\PianistTransformer\data\midis\asap-dataset-master\Bach\Fugue\bwv_846\Shi05M.mid,asap_metadata_performance,raw_normalized,108.871,72,108871,Bach/Fugue/bwv_846/Shi05M.mid,Bach,Fugue_bwv_846,Bach/Fugue/bwv_846
C:\Users\eagle\MARG_research\third_party\PianistTransformer\data\midis\asap-dataset-master\Bach\Fugue\bwv_846\Shi05M.mid,asap_metadata_performance,raw_normalized,108.892,89,108892,Bach/Fugue/bwv_846/Shi05M.mid,Bach,Fugue_bwv_846,Bach/Fugue/bwv_846
C:\Users\eagle\MARG_research\third_party\PianistTransformer\data\midis\asap-dataset-master\Bach\Fugue\bwv_846\Shi05M.mid,asap_metadata_performance,raw_normalized,108.911,127,108911,Bach/Fugue/bwv_846/Shi05M.mid,Bach,Fugue_bwv_846,Bach/Fugue/bwv_846
C:\Users\eagle\MARG_research\third_party\PianistTransformer\data\midis\asap-dataset-master\Bach\Fugue\bwv_846\Shi05M.mid,asap_metadata_performance,raw_normalized,109.436,117,109436,Bach/Fugue/bwv_846/Shi05M.mid,Bach,Fugue_bwv_846,Bach/Fugue/bwv_846
C:\Users\eagle\MARG_research\third_party\PianistTransformer\data\midis\asap-dataset-master\Bach\Fugue\bwv_846\Shi05M.mid,asap_metadata_performance,raw_normalized,109.454,92,109454,Bach/Fugue/bwv_846/Shi05M.mid,Bach,Fugue_bwv_846,Bach/Fugue/bwv_846
C:\Users\eagle\MARG_research\third_party\PianistTransformer\data\midis\asap-dataset-master\Bach\Fugue\bwv_846\Shi05M.mid,asap_metadata_performance,raw_normalized,109.474,74,109474,Bach/Fugue/bwv_846/Shi05M.mid,Bach,Fugue_bwv_846,Bach/Fugue/bwv_846
C:\Users\eagle\MARG_research\third_party\PianistTransformer\data\midis\asap-dataset-master\Bach\Fugue\bwv_846\Shi05M.mid,asap_metadata_performance,raw_normalized,109.495,62,109495,Bach/Fugue/bwv_846/Shi05M.mid,Bach,Fugue_bwv_846,Bach/Fugue/bwv_846
C:\Users\eagle\MARG_research\third_party\PianistTransformer\data\midis\asap-dataset-master\Bach\Fugue\bwv_846\Shi05M.mid,asap_metadata_performance,raw_normalized,109.514,48,109514,Bach/Fugue/bwv_846/Shi05M.mid,Bach,Fugue_bwv_846,Bach/Fugue/bwv_846
C:\Users\eagle\MARG_research\third_party\PianistTransformer\data\midis\asap-dataset-master\Bach\Fugue\bwv_846\Shi05M.mid,asap_metadata_performance,raw_normalized,109.534,39,109534,Bach/Fugue/bwv_846/Shi05M.mid,Bach,Fugue_bwv_846,Bach/Fugue/bwv_846
C:\Users\eagle\MARG_research\third_party\PianistTransformer\data\midis\asap-dataset-master\Bach\Fugue\bwv_846\Shi05M.mid,asap_metadata_performance,raw_normalized,109.573,44,109573,Bach/Fugue/bwv_846/Shi05M.mid,Bach,Fugue_bwv_846,Bach/Fugue/bwv_846
C:\Users\eagle\MARG_research\third_party\PianistTransformer\data\midis\asap-dataset-master\Bach\Fugue\bwv_846\Shi05M.mid,asap_metadata_performance,raw_normalized,109.594,51,109594,Bach/Fugue/bwv_846/Shi05M.mid,Bach,Fugue_bwv_846,Bach/Fugue/bwv_846
C:\Users\eagle\MARG_research\third_party\PianistTransformer\data\midis\asap-dataset-master\Bach\Fugue\bwv_846\Shi05M.mid,asap_metadata_performance,raw_normalized,109.613,56,109613,Bach/Fugue/bwv_846/Shi05M.mid,Bach,Fugue_bwv_846,Bach/Fugue/bwv_846
C:\Users\eagle\MARG_research\third_party\PianistTransformer\data\midis\asap-dataset-master\Bach\Fugue\bwv_846\Shi05M.mid,asap_metadata_performance,raw_normalized,109.633,62,109633,Bach/Fugue/bwv_846/Shi05M.mid,Bach,Fugue_bwv_846,Bach/Fugue/bwv_846
C:\Users\eagle\MARG_research\third_party\PianistTransformer\data\midis\asap-dataset-master\Bach\Fugue\bwv_846\Shi05M.mid,asap_metadata_performance,raw_normalized,109.652,68,109652,Bach/Fugue/bwv_846/Shi05M.mid,Bach,Fugue_bwv_846,Bach/Fugue/bwv_846
C:\Users\eagle\MARG_research\third_party\PianistTransformer\data\midis\asap-dataset-master\Bach\Fugue\bwv_846\Shi05M.mid,asap_metadata_performance,raw_normalized,109.672,76,109672,Bach/Fugue/bwv_846/Shi05M.mid,Bach,Fugue_bwv_846,Bach/Fugue/bwv_846
C:\Users\eagle\MARG_research\third_party\PianistTransformer\data\midis\asap-dataset-master\Bach\Fugue\bwv_846\Shi05M.mid,asap_metadata_performance,raw_normalized,109.691,86,109691,Bach/Fugue/bwv_846/Shi05M.mid,Bach,Fugue_bwv_846,Bach/Fugue/bwv_846
C:\Users\eagle\MARG_research\third_party\PianistTransformer\data\midis\asap-dataset-master\Bach\Fugue\bwv_846\Shi05M.mid,asap_metadata_performance,raw_normalized,109.712,100,109712,Bach/Fugue/bwv_846/Shi05M.mid,Bach,Fugue_bwv_846,Bach/Fugue/bwv_846
C:\Users\eagle\MARG_research\third_party\PianistTransformer\data\midis\asap-dataset-master\Bach\Fugue\bwv_846\Shi05M.mid,asap_metadata_performance,raw_normalized,109.73,127,109730,Bach/Fugue/bwv_846/Shi05M.mid,Bach,Fugue_bwv_846,Bach/Fugue/bwv_846
C:\Users\eagle\MARG_research\third_party\PianistTransformer\data\midis\asap-dataset-master\Bach\Fugue\bwv_846\Shi05M.mid,asap_metadata_performance,raw_normalized,110.029,93,110029,Bach/Fugue/bwv_846/Shi05M.mid,Bach,Fugue_bwv_846,Bach/Fugue/bwv_846
C:\Users\eagle\MARG_research\third_party\PianistTransformer\data\midis\asap-dataset-master\Bach\Fugue\bwv_846\Shi05M.mid,asap_metadata_performance,raw_normalized,110.049,75,110049,Bach/Fugue/bwv_846/Shi05M.mid,Bach,Fugue_bwv_846,Bach/Fugue/bwv_846
C:\Users\eagle\MARG_research\third_party\PianistTransformer\data\midis\asap-dataset-master\Bach\Fugue\bwv_846\Shi05M.mid,asap_metadata_performance,raw_normalized,110.07,62,110070,Bach/Fugue/bwv_846/Shi05M.mid,Bach,Fugue_bwv_846,Bach/Fugue/bwv_846
C:\Users\eagle\MARG_research\third_party\PianistTransformer\data\midis\asap-dataset-master\Bach\Fugue\bwv_846\Shi05M.mid,asap_metadata_performance,raw_normalized,110.09,52,110090,Bach/Fugue/bwv_846/Shi05M.mid,Bach,Fugue_bwv_846,Bach/Fugue/bwv_846
C:\Users\eagle\MARG_research\third_party\PianistTransformer\data\midis\asap-dataset-master\Bach\Fugue\bwv_846\Shi05M.mid,asap_metadata_performance,raw_normalized,110.109,56,110109,Bach/Fugue/bwv_846/Shi05M.mid,Bach,Fugue_bwv_846,Bach/Fugue/bwv_846
C:\Users\eagle\MARG_research\third_party\PianistTransformer\data\midis\asap-dataset-master\Bach\Fugue\bwv_846\Shi05M.mid,asap_metadata_performance,raw_normalized,110.129,62,110129,Bach/Fugue/bwv_846/Shi05M.mid,Bach,Fugue_bwv_846,Bach/Fugue/bwv_846
C:\Users\eagle\MARG_research\third_party\PianistTransformer\data\midis\asap-dataset-master\Bach\Fugue\bwv_846\Shi05M.mid,asap_metadata_performance,raw_normalized,110.148,70,110148,Bach/Fugue/bwv_846/Shi05M.mid,Bach,Fugue_bwv_846,Bach/Fugue/bwv_846
C:\Users\eagle\MARG_research\third_party\PianistTransformer\data\midis\asap-dataset-master\Bach\Fugue\bwv_846\Shi05M.mid,asap_metadata_performance,raw_normalized,110.169,86,110169,Bach/Fugue/bwv_846/Shi05M.mid,Bach,Fugue_bwv_846,Bach/Fugue/bwv_846
C:\Users\eagle\MARG_research\third_party\PianistTransformer\data\midis\asap-dataset-master\Bach\Fugue\bwv_846\Shi05M.mid,asap_metadata_performance,raw_normalized,110.189,127,110189,Bach/Fugue/bwv_846/Shi05M.mid,Bach,Fugue_bwv_846,Bach/Fugue/bwv_846
C:\Users\eagle\MARG_research\third_party\PianistTransformer\data\midis\asap-dataset-master\Bach\Fugue\bwv_846\Shi05M.mid,asap_metadata_performance,raw_normalized,110.714,106,110714,Bach/Fugue/bwv_846/Shi05M.mid,Bach,Fugue_bwv_846,Bach/Fugue/bwv_846
C:\Users\eagle\MARG_research\third_party\PianistTransformer\data\midis\asap-dataset-master\Bach\Fugue\bwv_846\Shi05M.mid,asap_metadata_performance,raw_normalized,110.733,76,110733,Bach/Fugue/bwv_846/Shi05M.mid,Bach,Fugue_bwv_846,Bach/Fugue/bwv_846
C:\Users\eagle\MARG_research\third_party\PianistTransformer\data\midis\asap-dataset-master\Bach\Fugue\bwv_846\Shi05M.mid,asap_metadata_performance,raw_normalized,110.753,53,110753,Bach/Fugue/bwv_846/Shi05M.mid,Bach,Fugue_bwv_846,Bach/Fugue/bwv_846
C:\Users\eagle\MARG_research\third_party\PianistTransformer\data\midis\asap-dataset-master\Bach\Fugue\bwv_846\Shi05M.mid,asap_metadata_performance,raw_normalized,110.772,0,110772,Bach/Fugue/bwv_846/Shi05M.mid,Bach,Fugue_bwv_846,Bach/Fugue/bwv_846
C:\Users\eagle\MARG_research\third_party\PianistTransformer\data\midis\asap-dataset-master\Bach\Fugue\bwv_846\Shi05M.mid,asap_metadata_performance,raw_normalized,110.852,35,110852,Bach/Fugue/bwv_846/Shi05M.mid,Bach,Fugue_bwv_846,Bach/Fugue/bwv_846
C:\Users\eagle\MARG_research\third_party\PianistTransformer\data\midis\asap-dataset-master\Bach\Fugue\bwv_846\Shi05M.mid,asap_metadata_performance,raw_normalized,110.871,58,110871,Bach/Fugue/bwv_846/Shi05M.mid,Bach,Fugue_bwv_846,Bach/Fugue/bwv_846
C:\Users\eagle\MARG_research\third_party\PianistTransformer\data\midis\asap-dataset-master\Bach\Fugue\bwv_846\Shi05M.mid,asap_metadata_performance,raw_normalized,110.891,67,110891,Bach/Fugue/bwv_846/Shi05M.mid,Bach,Fugue_bwv_846,Bach/Fugue/bwv_846
C:\Users\eagle\MARG_research\third_party\PianistTransformer\data\midis\asap-dataset-master\Bach\Fugue\bwv_846\Shi05M.mid,asap_metadata_performance,raw_normalized,110.911,72,110911,Bach/Fugue/bwv_846/Shi05M.mid,Bach,Fugue_bwv_846,Bach/Fugue/bwv_846
C:\Users\eagle\MARG_research\third_party\PianistTransformer\data\midis\asap-dataset-master\Bach\Fugue\bwv_846\Shi05M.mid,asap_metadata_performance,raw_normalized,110.93,76,110930,Bach/Fugue/bwv_846/Shi05M.mid,Bach,Fugue_bwv_846,Bach/Fugue/bwv_846
C:\Users\eagle\MARG_research\third_party\PianistTransformer\data\midis\asap-dataset-master\Bach\Fugue\bwv_846\Shi05M.mid,asap_metadata_performance,raw_normalized,110.951,80,110951,Bach/Fugue/bwv_846/Shi05M.mid,Bach,Fugue_bwv_846,Bach/Fugue/bwv_846
C:\Users\eagle\MARG_research\third_party\PianistTransformer\data\midis\asap-dataset-master\Bach\Fugue\bwv_846\Shi05M.mid,asap_metadata_performance,raw_normalized,110.97,85,110970,Bach/Fugue/bwv_846/Shi05M.mid,Bach,Fugue_bwv_846,Bach/Fugue/bwv_846
C:\Users\eagle\MARG_research\third_party\PianistTransformer\data\midis\asap-dataset-master\Bach\Fugue\bwv_846\Shi05M.mid,asap_metadata_performance,raw_normalized,110.988,91,110988,Bach/Fugue/bwv_846/Shi05M.mid,Bach,Fugue_bwv_846,Bach/Fugue/bwv_846
C:\Users\eagle\MARG_research\third_party\PianistTransformer\data\midis\asap-dataset-master\Bach\Fugue\bwv_846\Shi05M.mid,asap_metadata_performance,raw_normalized,111.009,97,111009,Bach/Fugue/bwv_846/Shi05M.mid,Bach,Fugue_bwv_846,Bach/Fugue/bwv_846
C:\Users\eagle\MARG_research\third_party\PianistTransformer\data\midis\asap-dataset-master\Bach\Fugue\bwv_846\Shi05M.mid,asap_metadata_performance,raw_normalized,111.031,102,111031,Bach/Fugue/bwv_846/Shi05M.mid,Bach,Fugue_bwv_846,Bach/Fugue/bwv_846
C:\Users\eagle\MARG_research\third_party\PianistTransformer\data\midis\asap-dataset-master\Bach\Fugue\bwv_846\Shi05M.mid,asap_metadata_performance,raw_normalized,111.049,107,111049,Bach/Fugue/bwv_846/Shi05M.mid,Bach,Fugue_bwv_846,Bach/Fugue/bwv_846
C:\Users\eagle\MARG_research\third_party\PianistTransformer\data\midis\asap-dataset-master\Bach\Fugue\bwv_846\Shi05M.mid,asap_metadata_performance,raw_normalized,111.07,111,111070,Bach/Fugue/bwv_846/Shi05M.mid,Bach,Fugue_bwv_846,Bach/Fugue/bwv_846
C:\Users\eagle\MARG_research\third_party\PianistTransformer\data\midis\asap-dataset-master\Bach\Fugue\bwv_846\Shi05M.mid,asap_metadata_performance,raw_normalized,111.09,116,111090,Bach/Fugue/bwv_846/Shi05M.mid,Bach,Fugue_bwv_846,Bach/Fugue/bwv_846
C:\Users\eagle\MARG_research\third_party\PianistTransformer\data\midis\asap-dataset-master\Bach\Fugue\bwv_846\Shi05M.mid,asap_metadata_performance,raw_normalized,111.111,127,111111,Bach/Fugue/bwv_846/Shi05M.mid,Bach,Fugue_bwv_846,Bach/Fugue/bwv_846
C:\Users\eagle\MARG_research\third_party\PianistTransformer\data\midis\asap-dataset-master\Bach\Fugue\bwv_846\Shi05M.mid,asap_metadata_performance,raw_normalized,111.298,115,111298,Bach/Fugue/bwv_846/Shi05M.mid,Bach,Fugue_bwv_846,Bach/Fugue/bwv_846
C:\Users\eagle\MARG_research\third_party\PianistTransformer\data\midis\asap-dataset-master\Bach\Fugue\bwv_846\Shi05M.mid,asap_metadata_performance,raw_normalized,111.319,93,111319,Bach/Fugue/bwv_846/Shi05M.mid,Bach,Fugue_bwv_846,Bach/Fugue/bwv_846
C:\Users\eagle\MARG_research\third_party\PianistTransformer\data\midis\asap-dataset-master\Bach\Fugue\bwv_846\Shi05M.mid,asap_metadata_performance,raw_normalized,111.337,76,111337,Bach/Fugue/bwv_846/Shi05M.mid,Bach,Fugue_bwv_846,Bach/Fugue/bwv_846
C:\Users\eagle\MARG_research\third_party\PianistTransformer\data\midis\asap-dataset-master\Bach\Fugue\bwv_846\Shi05M.mid,asap_metadata_performance,raw_normalized,111.357,61,111357,Bach/Fugue/bwv_846/Shi05M.mid,Bach,Fugue_bwv_846,Bach/Fugue/bwv_846
C:\Users\eagle\MARG_research\third_party\PianistTransformer\data\midis\asap-dataset-master\Bach\Fugue\bwv_846\Shi05M.mid,asap_metadata_performance,raw_normalized,111.378,51,111378,Bach/Fugue/bwv_846/Shi05M.mid,Bach,Fugue_bwv_846,Bach/Fugue/bwv_846
C:\Users\eagle\MARG_research\third_party\PianistTransformer\data\midis\asap-dataset-master\Bach\Fugue\bwv_846\Shi05M.mid,asap_metadata_performance,raw_normalized,111.396,56,111396,Bach/Fugue/bwv_846/Shi05M.mid,Bach,Fugue_bwv_846,Bach/Fugue/bwv_846
C:\Users\eagle\MARG_research\third_party\PianistTransformer\data\midis\asap-dataset-master\Bach\Fugue\bwv_846\Shi05M.mid,asap_metadata_performance,raw_normalized,111.417,62,111417,Bach/Fugue/bwv_846/Shi05M.mid,Bach,Fugue_bwv_846,Bach/Fugue/bwv_846
C:\Users\eagle\MARG_research\third_party\PianistTransformer\data\midis\asap-dataset-master\Bach\Fugue\bwv_846\Shi05M.mid,asap_metadata_performance,raw_normalized,111.436,69,111436,Bach/Fugue/bwv_846/Shi05M.mid,Bach,Fugue_bwv_846,Bach/Fugue/bwv_846
C:\Users\eagle\MARG_research\third_party\PianistTransformer\data\midis\asap-dataset-master\Bach\Fugue\bwv_846\Shi05M.mid,asap_metadata_performance,raw_normalized,111.456,83,111456,Bach/Fugue/bwv_846/Shi05M.mid,Bach,Fugue_bwv_846,Bach/Fugue/bwv_846
C:\Users\eagle\MARG_research\third_party\PianistTransformer\data\midis\asap-dataset-master\Bach\Fugue\bwv_846\Shi05M.mid,asap_metadata_performance,raw_normalized,111.477,127,111477,Bach/Fugue/bwv_846/Shi05M.mid,Bach,Fugue_bwv_846,Bach/Fugue/bwv_846
C:\Users\eagle\MARG_research\third_party\PianistTransformer\data\midis\asap-dataset-master\Bach\Fugue\bwv_846\Shi05M.mid,asap_metadata_performance,raw_normalized,111.917,86,111917,Bach/Fugue/bwv_846/Shi05M.mid,Bach,Fugue_bwv_846,Bach/Fugue/bwv_846
C:\Users\eagle\MARG_research\third_party\PianistTransformer\data\midis\asap-dataset-master\Bach\Fugue\bwv_846\Shi05M.mid,asap_metadata_performance,raw_normalized,111.936,66,111936,Bach/Fugue/bwv_846/Shi05M.mid,Bach,Fugue_bwv_846,Bach/Fugue/bwv_846
C:\Users\eagle\MARG_research\third_party\PianistTransformer\data\midis\asap-dataset-master\Bach\Fugue\bwv_846\Shi05M.mid,asap_metadata_performance,raw_normalized,111.956,44,111956,Bach/Fugue/bwv_846/Shi05M.mid,Bach,Fugue_bwv_846,Bach/Fugue/bwv_846
C:\Users\eagle\MARG_research\third_party\PianistTransformer\data\midis\asap-dataset-master\Bach\Fugue\bwv_846\Shi05M.mid,asap_metadata_performance,raw_normalized,111.977,0,111977,Bach/Fugue/bwv_846/Shi05M.mid,Bach,Fugue_bwv_846,Bach/Fugue/bwv_846
C:\Users\eagle\MARG_research\third_party\PianistTransformer\data\midis\asap-dataset-master\Bach\Fugue\bwv_846\Shi05M.mid,asap_metadata_performance,raw_normalized,111.996,41,111996,Bach/Fugue/bwv_846/Shi05M.mid,Bach,Fugue_bwv_846,Bach/Fugue/bwv_846
C:\Users\eagle\MARG_research\third_party\PianistTransformer\data\midis\asap-dataset-master\Bach\Fugue\bwv_846\Shi05M.mid,asap_metadata_performance,raw_normalized,112.016,59,112016,Bach/Fugue/bwv_846/Shi05M.mid,Bach,Fugue_bwv_846,Bach/Fugue/bwv_846
C:\Users\eagle\MARG_research\third_party\PianistTransformer\data\midis\asap-dataset-master\Bach\Fugue\bwv_846\Shi05M.mid,asap_metadata_performance,raw_normalized,112.035,68,112035,Bach/Fugue/bwv_846/Shi05M.mid,Bach,Fugue_bwv_846,Bach/Fugue/bwv_846
C:\Users\eagle\MARG_research\third_party\PianistTransformer\data\midis\asap-dataset-master\Bach\Fugue\bwv_846\Shi05M.mid,asap_metadata_performance,raw_normalized,112.055,77,112055,Bach/Fugue/bwv_846/Shi05M.mid,Bach,Fugue_bwv_846,Bach/Fugue/bwv_846
C:\Users\eagle\MARG_research\third_party\PianistTransformer\data\midis\asap-dataset-master\Bach\Fugue\bwv_846\Shi05M.mid,asap_metadata_performance,raw_normalized,112.076,87,112076,Bach/Fugue/bwv_846/Shi05M.mid,Bach,Fugue_bwv_846,Bach/Fugue/bwv_846
C:\Users\eagle\MARG_research\third_party\PianistTransformer\data\midis\asap-dataset-master\Bach\Fugue\bwv_846\Shi05M.mid,asap_metadata_performance,raw_normalized,112.096,97,112096,Bach/Fugue/bwv_846/Shi05M.mid,Bach,Fugue_bwv_846,Bach/Fugue/bwv_846
C:\Users\eagle\MARG_research\third_party\PianistTransformer\data\midis\asap-dataset-master\Bach\Fugue\bwv_846\Shi05M.mid,asap_metadata_performance,raw_normalized,112.116,107,112116,Bach/Fugue/bwv_846/Shi05M.mid,Bach,Fugue_bwv_846,Bach/Fugue/bwv_846
C:\Users\eagle\MARG_research\third_party\PianistTransformer\data\midis\asap-dataset-master\Bach\Fugue\bwv_846\Shi05M.mid,asap_metadata_performance,raw_normalized,112.137,118,112137,Bach/Fugue/bwv_846/Shi05M.mid,Bach,Fugue_bwv_846,Bach/Fugue/bwv_846
C:\Users\eagle\MARG_research\third_party\PianistTransformer\data\midis\asap-dataset-master\Bach\Fugue\bwv_846\Shi05M.mid,asap_metadata_performance,raw_normalized,112.155,127,112155,Bach/Fugue/bwv_846/Shi05M.mid,Bach,Fugue_bwv_846,Bach/Fugue/bwv_846
C:\Users\eagle\MARG_research\third_party\PianistTransformer\data\midis\asap-dataset-master\Bach\Fugue\bwv_846\Shi05M.mid,asap_metadata_performance,raw_normalized,112.54,93,112540,Bach/Fugue/bwv_846/Shi05M.mid,Bach,Fugue_bwv_846,Bach/Fugue/bwv_846
C:\Users\eagle\MARG_research\third_party\PianistTransformer\data\midis\asap-dataset-master\Bach\Fugue\bwv_846\Shi05M.mid,asap_metadata_performance,raw_normalized,112.561,86,112561,Bach/Fugue/bwv_846/Shi05M.mid,Bach,Fugue_bwv_846,Bach/Fugue/bwv_846
C:\Users\eagle\MARG_research\third_party\PianistTransformer\data\midis\asap-dataset-master\Bach\Fugue\bwv_846\Shi05M.mid,asap_metadata_performance,raw_normalized,112.581,88,112581,Bach/Fugue/bwv_846/Shi05M.mid,Bach,Fugue_bwv_846,Bach/Fugue/bwv_846
C:\Users\eagle\MARG_research\third_party\PianistTransformer\data\midis\asap-dataset-master\Bach\Fugue\bwv_846\Shi05M.mid,asap_metadata_performance,raw_normalized,112.6,93,112600,Bach/Fugue/bwv_846/Shi05M.mid,Bach,Fugue_bwv_846,Bach/Fugue/bwv_846
C:\Users\eagle\MARG_research\third_party\PianistTransformer\data\midis\asap-dataset-master\Bach\Fugue\bwv_846\Shi05M.mid,asap_metadata_performance,raw_normalized,112.62,101,112620,Bach/Fugue/bwv_846/Shi05M.mid,Bach,Fugue_bwv_846,Bach/Fugue/bwv_846
C:\Users\eagle\MARG_research\third_party\PianistTransformer\data\midis\asap-dataset-master\Bach\Fugue\bwv_846\Shi05M.mid,asap_metadata_performance,raw_normalized,112.639,120,112639,Bach/Fugue/bwv_846/Shi05M.mid,Bach,Fugue_bwv_846,Bach/Fugue/bwv_846
C:\Users\eagle\MARG_research\third_party\PianistTransformer\data\midis\asap-dataset-master\Bach\Fugue\bwv_846\Shi05M.mid,asap_metadata_performance,raw_normalized,112.661,127,112661,Bach/Fugue/bwv_846/Shi05M.mid,Bach,Fugue_bwv_846,Bach/Fugue/bwv_846
C:\Users\eagle\MARG_research\third_party\PianistTransformer\data\midis\asap-dataset-master\Bach\Fugue\bwv_846\Shi05M.mid,asap_metadata_performance,raw_normalized,113.268,100,113268,Bach/Fugue/bwv_846/Shi05M.mid,Bach,Fugue_bwv_846,Bach/Fugue/bwv_846
C:\Users\eagle\MARG_research\third_party\PianistTransformer\data\midis\asap-dataset-master\Bach\Fugue\bwv_846\Shi05M.mid,asap_metadata_performance,raw_normalized,113.288,81,113288,Bach/Fugue/bwv_846/Shi05M.mid,Bach,Fugue_bwv_846,Bach/Fugue/bwv_846
C:\Users\eagle\MARG_research\third_party\PianistTransformer\data\midis\asap-dataset-master\Bach\Fugue\bwv_846\Shi05M.mid,asap_metadata_performance,raw_normalized,113.307,67,113307,Bach/Fugue/bwv_846/Shi05M.mid,Bach,Fugue_bwv_846,Bach/Fugue/bwv_846
C:\Users\eagle\MARG_research\third_party\PianistTransformer\data\midis\asap-dataset-master\Bach\Fugue\bwv_846\Shi05M.mid,asap_metadata_performance,raw_normalized,113.328,55,113328,Bach/Fugue/bwv_846/Shi05M.mid,Bach,Fugue_bwv_846,Bach/Fugue/bwv_846
C:\Users\eagle\MARG_research\third_party\PianistTransformer\data\midis\asap-dataset-master\Bach\Fugue\bwv_846\Shi05M.mid,asap_metadata_performance,raw_normalized,113.346,52,113346,Bach/Fugue/bwv_846/Shi05M.mid,Bach,Fugue_bwv_846,Bach/Fugue/bwv_846
C:\Users\eagle\MARG_research\third_party\PianistTransformer\data\midis\asap-dataset-master\Bach\Fugue\bwv_846\Shi05M.mid,asap_metadata_performance,raw_normalized,113.366,58,113366,Bach/Fugue/bwv_846/Shi05M.mid,Bach,Fugue_bwv_846,Bach/Fugue/bwv_846
C:\Users\eagle\MARG_research\third_party\PianistTransformer\data\midis\asap-dataset-master\Bach\Fugue\bwv_846\Shi05M.mid,asap_metadata_performance,raw_normalized,113.387,63,113387,Bach/Fugue/bwv_846/Shi05M.mid,Bach,Fugue_bwv_846,Bach/Fugue/bwv_846
C:\Users\eagle\MARG_research\third_party\PianistTransformer\data\midis\asap-dataset-master\Bach\Fugue\bwv_846\Shi05M.mid,asap_metadata_performance,raw_normalized,113.406,68,113406,Bach/Fugue/bwv_846/Shi05M.mid,Bach,Fugue_bwv_846,Bach/Fugue/bwv_846
C:\Users\eagle\MARG_research\third_party\PianistTransformer\data\midis\asap-dataset-master\Bach\Fugue\bwv_846\Shi05M.mid,asap_metadata_performance,raw_normalized,113.427,74,113427,Bach/Fugue/bwv_846/Shi05M.mid,Bach,Fugue_bwv_846,Bach/Fugue/bwv_846
C:\Users\eagle\MARG_research\third_party\PianistTransformer\data\midis\asap-dataset-master\Bach\Fugue\bwv_846\Shi05M.mid,asap_metadata_performance,raw_normalized,113.445,79,113445,Bach/Fugue/bwv_846/Shi05M.mid,Bach,Fugue_bwv_846,Bach/Fugue/bwv_846
C:\Users\eagle\MARG_research\third_party\PianistTransformer\data\midis\asap-dataset-master\Bach\Fugue\bwv_846\Shi05M.mid,asap_metadata_performance,raw_normalized,113.465,81,113465,Bach/Fugue/bwv_846/Shi05M.mid,Bach,Fugue_bwv_846,Bach/Fugue/bwv_846
C:\Users\eagle\MARG_research\third_party\PianistTransformer\data\midis\asap-dataset-master\Bach\Fugue\bwv_846\Shi05M.mid,asap_metadata_performance,raw_normalized,113.525,80,113525,Bach/Fugue/bwv_846/Shi05M.mid,Bach,Fugue_bwv_846,Bach/Fugue/bwv_846
C:\Users\eagle\MARG_research\third_party\PianistTransformer\data\midis\asap-dataset-master\Bach\Fugue\bwv_846\Shi05M.mid,asap_metadata_performance,raw_normalized,113.544,79,113544,Bach/Fugue/bwv_846/Shi05M.mid,Bach,Fugue_bwv_846,Bach/Fugue/bwv_846
C:\Users\eagle\MARG_research\third_party\PianistTransformer\data\midis\asap-dataset-master\Bach\Fugue\bwv_846\Shi05M.mid,asap_metadata_performance,raw_normalized,113.564,78,113564,Bach/Fugue/bwv_846/Shi05M.mid,Bach,Fugue_bwv_846,Bach/Fugue/bwv_846
C:\Users\eagle\MARG_research\third_party\PianistTransformer\data\midis\asap-dataset-master\Bach\Fugue\bwv_846\Shi05M.mid,asap_metadata_performance,raw_normalized,113.585,77,113585,Bach/Fugue/bwv_846/Shi05M.mid,Bach,Fugue_bwv_846,Bach/Fugue/bwv_846
C:\Users\eagle\MARG_research\third_party\PianistTransformer\data\midis\asap-dataset-master\Bach\Fugue\bwv_846\Shi05M.mid,asap_metadata_performance,raw_normalized,113.604,77,113604,Bach/Fugue/bwv_846/Shi05M.mid,Bach,Fugue_bwv_846,Bach/Fugue/bwv_846
C:\Users\eagle\MARG_research\third_party\PianistTransformer\data\midis\asap-dataset-master\Bach\Fugue\bwv_846\Shi05M.mid,asap_metadata_performance,raw_normalized,113.645,76,113645,Bach/Fugue/bwv_846/Shi05M.mid,Bach,Fugue_bwv_846,Bach/Fugue/bwv_846
C:\Users\eagle\MARG_research\third_party\PianistTransformer\data\midis\asap-dataset-master\Bach\Fugue\bwv_846\Shi05M.mid,asap_metadata_performance,raw_normalized,113.723,76,113723,Bach/Fugue/bwv_846/Shi05M.mid,Bach,Fugue_bwv_846,Bach/Fugue/bwv_846
C:\Users\eagle\MARG_research\third_party\PianistTransformer\data\midis\asap-dataset-master\Bach\Fugue\bwv_846\Shi05M.mid,asap_metadata_performance,raw_normalized,113.781,75,113781,Bach/Fugue/bwv_846/Shi05M.mid,Bach,Fugue_bwv_846,Bach/Fugue/bwv_846
C:\Users\eagle\MARG_research\third_party\PianistTransformer\data\midis\asap-dataset-master\Bach\Fugue\bwv_846\Shi05M.mid,asap_metadata_performance,raw_normalized,113.802,74,113802,Bach/Fugue/bwv_846/Shi05M.mid,Bach,Fugue_bwv_846,Bach/Fugue/bwv_846
C:\Users\eagle\MARG_research\third_party\PianistTransformer\data\midis\asap-dataset-master\Bach\Fugue\bwv_846\Shi05M.mid,asap_metadata_performance,raw_normalized,113.822,73,113822,Bach/Fugue/bwv_846/Shi05M.mid,Bach,Fugue_bwv_846,Bach/Fugue/bwv_846
C:\Users\eagle\MARG_research\third_party\PianistTransformer\data\midis\asap-dataset-master\Bach\Fugue\bwv_846\Shi05M.mid,asap_metadata_performance,raw_normalized,113.842,73,113842,Bach/Fugue/bwv_846/Shi05M.mid,Bach,Fugue_bwv_846,Bach/Fugue/bwv_846
C:\Users\eagle\MARG_research\third_party\PianistTransformer\data\midis\asap-dataset-master\Bach\Fugue\bwv_846\Shi05M.mid,asap_metadata_performance,raw_normalized,113.861,72,113861,Bach/Fugue/bwv_846/Shi05M.mid,Bach,Fugue_bwv_846,Bach/Fugue/bwv_846
C:\Users\eagle\MARG_research\third_party\PianistTransformer\data\midis\asap-dataset-master\Bach\Fugue\bwv_846\Shi05M.mid,asap_metadata_performance,raw_normalized,113.88,69,113880,Bach/Fugue/bwv_846/Shi05M.mid,Bach,Fugue_bwv_846,Bach/Fugue/bwv_846
C:\Users\eagle\MARG_research\third_party\PianistTransformer\data\midis\asap-dataset-master\Bach\Fugue\bwv_846\Shi05M.mid,asap_metadata_performance,raw_normalized,113.901,65,113901,Bach/Fugue/bwv_846/Shi05M.mid,Bach,Fugue_bwv_846,Bach/Fugue/bwv_846
C:\Users\eagle\MARG_research\third_party\PianistTransformer\data\midis\asap-dataset-master\Bach\Fugue\bwv_846\Shi05M.mid,asap_metadata_performance,raw_normalized,113.921,62,113921,Bach/Fugue/bwv_846/Shi05M.mid,Bach,Fugue_bwv_846,Bach/Fugue/bwv_846
C:\Users\eagle\MARG_research\third_party\PianistTransformer\data\midis\asap-dataset-master\Bach\Fugue\bwv_846\Shi05M.mid,asap_metadata_performance,raw_normalized,113.939,60,113939,Bach/Fugue/bwv_846/Shi05M.mid,Bach,Fugue_bwv_846,Bach/Fugue/bwv_846
C:\Users\eagle\MARG_research\third_party\PianistTransformer\data\midis\asap-dataset-master\Bach\Fugue\bwv_846\Shi05M.mid,asap_metadata_performance,raw_normalized,113.96,59,113960,Bach/Fugue/bwv_846/Shi05M.mid,Bach,Fugue_bwv_846,Bach/Fugue/bwv_846
C:\Users\eagle\MARG_research\third_party\PianistTransformer\data\midis\asap-dataset-master\Bach\Fugue\bwv_846\Shi05M.mid,asap_metadata_performance,raw_normalized,113.979,58,113979,Bach/Fugue/bwv_846/Shi05M.mid,Bach,Fugue_bwv_846,Bach/Fugue/bwv_846
C:\Users\eagle\MARG_research\third_party\PianistTransformer\data\midis\asap-dataset-master\Bach\Fugue\bwv_846\Shi05M.mid,asap_metadata_performance,raw_normalized,114.0,56,114000,Bach/Fugue/bwv_846/Shi05M.mid,Bach,Fugue_bwv_846,Bach/Fugue/bwv_846
C:\Users\eagle\MARG_research\third_party\PianistTransformer\data\midis\asap-dataset-master\Bach\Fugue\bwv_846\Shi05M.mid,asap_metadata_performance,raw_normalized,114.02,53,114020,Bach/Fugue/bwv_846/Shi05M.mid,Bach,Fugue_bwv_846,Bach/Fugue/bwv_846
C:\Users\eagle\MARG_research\third_party\PianistTransformer\data\midis\asap-dataset-master\Bach\Fugue\bwv_846\Shi05M.mid,asap_metadata_performance,raw_normalized,114.038,51,114038,Bach/Fugue/bwv_846/Shi05M.mid,Bach,Fugue_bwv_846,Bach/Fugue/bwv_846
C:\Users\eagle\MARG_research\third_party\PianistTransformer\data\midis\asap-dataset-master\Bach\Fugue\bwv_846\Shi05M.mid,asap_metadata_performance,raw_normalized,114.059,50,114059,Bach/Fugue/bwv_846/Shi05M.mid,Bach,Fugue_bwv_846,Bach/Fugue/bwv_846
C:\Users\eagle\MARG_research\third_party\PianistTransformer\data\midis\asap-dataset-master\Bach\Fugue\bwv_846\Shi05M.mid,asap_metadata_performance,raw_normalized,114.078,49,114078,Bach/Fugue/bwv_846/Shi05M.mid,Bach,Fugue_bwv_846,Bach/Fugue/bwv_846
C:\Users\eagle\MARG_research\third_party\PianistTransformer\data\midis\asap-dataset-master\Bach\Fugue\bwv_846\Shi05M.mid,asap_metadata_performance,raw_normalized,114.099,49,114099,Bach/Fugue/bwv_846/Shi05M.mid,Bach,Fugue_bwv_846,Bach/Fugue/bwv_846
C:\Users\eagle\MARG_research\third_party\PianistTransformer\data\midis\asap-dataset-master\Bach\Fugue\bwv_846\Shi05M.mid,asap_metadata_performance,raw_normalized,114.118,48,114118,Bach/Fugue/bwv_846/Shi05M.mid,Bach,Fugue_bwv_846,Bach/Fugue/bwv_846
C:\Users\eagle\MARG_research\third_party\PianistTransformer\data\midis\asap-dataset-master\Bach\Fugue\bwv_846\Shi05M.mid,asap_metadata_performance,raw_normalized,114.137,46,114137,Bach/Fugue/bwv_846/Shi05M.mid,Bach,Fugue_bwv_846,Bach/Fugue/bwv_846
C:\Users\eagle\MARG_research\third_party\PianistTransformer\data\midis\asap-dataset-master\Bach\Fugue\bwv_846\Shi05M.mid,asap_metadata_performance,raw_normalized,114.158,45,114158,Bach/Fugue/bwv_846/Shi05M.mid,Bach,Fugue_bwv_846,Bach/Fugue/bwv_846
C:\Users\eagle\MARG_research\third_party\PianistTransformer\data\midis\asap-dataset-master\Bach\Fugue\bwv_846\Shi05M.mid,asap_metadata_performance,raw_normalized,114.177,44,114177,Bach/Fugue/bwv_846/Shi05M.mid,Bach,Fugue_bwv_846,Bach/Fugue/bwv_846
C:\Users\eagle\MARG_research\third_party\PianistTransformer\data\midis\asap-dataset-master\Bach\Fugue\bwv_846\Shi05M.mid,asap_metadata_performance,raw_normalized,114.267,43,114267,Bach/Fugue/bwv_846/Shi05M.mid,Bach,Fugue_bwv_846,Bach/Fugue/bwv_846
C:\Users\eagle\MARG_research\third_party\PianistTransformer\data\midis\asap-dataset-master\Bach\Fugue\bwv_846\Shi05M.mid,asap_metadata_performance,raw_normalized,114.286,42,114286,Bach/Fugue/bwv_846/Shi05M.mid,Bach,Fugue_bwv_846,Bach/Fugue/bwv_846
C:\Users\eagle\MARG_research\third_party\PianistTransformer\data\midis\asap-dataset-master\Bach\Fugue\bwv_846\Shi05M.mid,asap_metadata_performance,raw_normalized,114.345,42,114345,Bach/Fugue/bwv_846/Shi05M.mid,Bach,Fugue_bwv_846,Bach/Fugue/bwv_846
C:\Users\eagle\MARG_research\third_party\PianistTransformer\data\midis\asap-dataset-master\Bach\Fugue\bwv_846\Shi05M.mid,asap_metadata_performance,raw_normalized,114.366,41,114366,Bach/Fugue/bwv_846/Shi05M.mid,Bach,Fugue_bwv_846,Bach/Fugue/bwv_846
C:\Users\eagle\MARG_research\third_party\PianistTransformer\data\midis\asap-dataset-master\Bach\Fugue\bwv_846\Shi05M.mid,asap_metadata_performance,raw_normalized,114.385,37,114385,Bach/Fugue/bwv_846/Shi05M.mid,Bach,Fugue_bwv_846,Bach/Fugue/bwv_846
C:\Users\eagle\MARG_research\third_party\PianistTransformer\data\midis\asap-dataset-master\Bach\Fugue\bwv_846\Shi05M.mid,asap_metadata_performance,raw_normalized,114.405,34,114405,Bach/Fugue/bwv_846/Shi05M.mid,Bach,Fugue_bwv_846,Bach/Fugue/bwv_846
C:\Users\eagle\MARG_research\third_party\PianistTransformer\data\midis\asap-dataset-master\Bach\Fugue\bwv_846\Shi05M.mid,asap_metadata_performance,raw_normalized,114.461,34,114461,Bach/Fugue/bwv_846/Shi05M.mid,Bach,Fugue_bwv_846,Bach/Fugue/bwv_846
C:\Users\eagle\MARG_research\third_party\PianistTransformer\data\midis\asap-dataset-master\Bach\Fugue\bwv_846\Shi05M.mid,asap_metadata_performance,raw_normalized,114.501,33,114501,Bach/Fugue/bwv_846/Shi05M.mid,Bach,Fugue_bwv_846,Bach/Fugue/bwv_846
C:\Users\eagle\MARG_research\third_party\PianistTransformer\data\midis\asap-dataset-master\Bach\Fugue\bwv_846\Shi05M.mid,asap_metadata_performance,raw_normalized,114.56,33,114560,Bach/Fugue/bwv_846/Shi05M.mid,Bach,Fugue_bwv_846,Bach/Fugue/bwv_846
C:\Users\eagle\MARG_research\third_party\PianistTransformer\data\midis\asap-dataset-master\Bach\Fugue\bwv_846\Shi05M.mid,asap_metadata_performance,raw_normalized,114.6,34,114600,Bach/Fugue/bwv_846/Shi05M.mid,Bach,Fugue_bwv_846,Bach/Fugue/bwv_846
C:\Users\eagle\MARG_research\third_party\PianistTransformer\data\midis\asap-dataset-master\Bach\Fugue\bwv_846\Shi05M.mid,asap_metadata_performance,raw_normalized,114.641,35,114641,Bach/Fugue/bwv_846/Shi05M.mid,Bach,Fugue_bwv_846,Bach/Fugue/bwv_846
C:\Users\eagle\MARG_research\third_party\PianistTransformer\data\midis\asap-dataset-master\Bach\Fugue\bwv_846\Shi05M.mid,asap_metadata_performance,raw_normalized,114.66,37,114660,Bach/Fugue/bwv_846/Shi05M.mid,Bach,Fugue_bwv_846,Bach/Fugue/bwv_846
C:\Users\eagle\MARG_research\third_party\PianistTransformer\data\midis\asap-dataset-master\Bach\Fugue\bwv_846\Shi05M.mid,asap_metadata_performance,raw_normalized,114.681,39,114681,Bach/Fugue/bwv_846/Shi05M.mid,Bach,Fugue_bwv_846,Bach/Fugue/bwv_846
C:\Users\eagle\MARG_research\third_party\PianistTransformer\data\midis\asap-dataset-master\Bach\Fugue\bwv_846\Shi05M.mid,asap_metadata_performance,raw_normalized,114.699,41,114699,Bach/Fugue/bwv_846/Shi05M.mid,Bach,Fugue_bwv_846,Bach/Fugue/bwv_846
C:\Users\eagle\MARG_research\third_party\PianistTransformer\data\midis\asap-dataset-master\Bach\Fugue\bwv_846\Shi05M.mid,asap_metadata_performance,raw_normalized,114.719,44,114719,Bach/Fugue/bwv_846/Shi05M.mid,Bach,Fugue_bwv_846,Bach/Fugue/bwv_846
C:\Users\eagle\MARG_research\third_party\PianistTransformer\data\midis\asap-dataset-master\Bach\Fugue\bwv_846\Shi05M.mid,asap_metadata_performance,raw_normalized,114.74,49,114740,Bach/Fugue/bwv_846/Shi05M.mid,Bach,Fugue_bwv_846,Bach/Fugue/bwv_846
C:\Users\eagle\MARG_research\third_party\PianistTransformer\data\midis\asap-dataset-master\Bach\Fugue\bwv_846\Shi05M.mid,asap_metadata_performance,raw_normalized,114.758,55,114758,Bach/Fugue/bwv_846/Shi05M.mid,Bach,Fugue_bwv_846,Bach/Fugue/bwv_846
C:\Users\eagle\MARG_research\third_party\PianistTransformer\data\midis\asap-dataset-master\Bach\Fugue\bwv_846\Shi05M.mid,asap_metadata_performance,raw_normalized,114.777,60,114777,Bach/Fugue/bwv_846/Shi05M.mid,Bach,Fugue_bwv_846,Bach/Fugue/bwv_846
C:\Users\eagle\MARG_research\third_party\PianistTransformer\data\midis\asap-dataset-master\Bach\Fugue\bwv_846\Shi05M.mid,asap_metadata_performance,raw_normalized,114.798,64,114798,Bach/Fugue/bwv_846/Shi05M.mid,Bach,Fugue_bwv_846,Bach/Fugue/bwv_846
C:\Users\eagle\MARG_research\third_party\PianistTransformer\data\midis\asap-dataset-master\Bach\Fugue\bwv_846\Shi05M.mid,asap_metadata_performance,raw_normalized,114.818,68,114818,Bach/Fugue/bwv_846/Shi05M.mid,Bach,Fugue_bwv_846,Bach/Fugue/bwv_846
C:\Users\eagle\MARG_research\third_party\PianistTransformer\data\midis\asap-dataset-master\Bach\Fugue\bwv_846\Shi05M.mid,asap_metadata_performance,raw_normalized,114.839,73,114839,Bach/Fugue/bwv_846/Shi05M.mid,Bach,Fugue_bwv_846,Bach/Fugue/bwv_846
C:\Users\eagle\MARG_research\third_party\PianistTransformer\data\midis\asap-dataset-master\Bach\Fugue\bwv_846\Shi05M.mid,asap_metadata_performance,raw_normalized,114.857,77,114857,Bach/Fugue/bwv_846/Shi05M.mid,Bach,Fugue_bwv_846,Bach/Fugue/bwv_846
C:\Users\eagle\MARG_research\third_party\PianistTransformer\data\midis\asap-dataset-master\Bach\Fugue\bwv_846\Shi05M.mid,asap_metadata_performance,raw_normalized,114.876,80,114876,Bach/Fugue/bwv_846/Shi05M.mid,Bach,Fugue_bwv_846,Bach/Fugue/bwv_846
C:\Users\eagle\MARG_research\third_party\PianistTransformer\data\midis\asap-dataset-master\Bach\Fugue\bwv_846\Shi05M.mid,asap_metadata_performance,raw_normalized,114.897,83,114897,Bach/Fugue/bwv_846/Shi05M.mid,Bach,Fugue_bwv_846,Bach/Fugue/bwv_846
C:\Users\eagle\MARG_research\third_party\PianistTransformer\data\midis\asap-dataset-master\Bach\Fugue\bwv_846\Shi05M.mid,asap_metadata_performance,raw_normalized,114.917,85,114917,Bach/Fugue/bwv_846/Shi05M.mid,Bach,Fugue_bwv_846,Bach/Fugue/bwv_846
C:\Users\eagle\MARG_research\third_party\PianistTransformer\data\midis\asap-dataset-master\Bach\Fugue\bwv_846\Shi05M.mid,asap_metadata_performance,raw_normalized,114.936,87,114936,Bach/Fugue/bwv_846/Shi05M.mid,Bach,Fugue_bwv_846,Bach/Fugue/bwv_846
C:\Users\eagle\MARG_research\third_party\PianistTransformer\data\midis\asap-dataset-master\Bach\Fugue\bwv_846\Shi05M.mid,asap_metadata_performance,raw_normalized,115.074,86,115074,Bach/Fugue/bwv_846/Shi05M.mid,Bach,Fugue_bwv_846,Bach/Fugue/bwv_846
C:\Users\eagle\MARG_research\third_party\PianistTransformer\data\midis\asap-dataset-master\Bach\Fugue\bwv_846\Shi05M.mid,asap_metadata_performance,raw_normalized,115.094,86,115094,Bach/Fugue/bwv_846/Shi05M.mid,Bach,Fugue_bwv_846,Bach/Fugue/bwv_846
C:\Users\eagle\MARG_research\third_party\PianistTransformer\data\midis\asap-dataset-master\Bach\Fugue\bwv_846\Shi05M.mid,asap_metadata_performance,raw_normalized,115.115,84,115115,Bach/Fugue/bwv_846/Shi05M.mid,Bach,Fugue_bwv_846,Bach/Fugue/bwv_846
C:\Users\eagle\MARG_research\third_party\PianistTransformer\data\midis\asap-dataset-master\Bach\Fugue\bwv_846\Shi05M.mid,asap_metadata_performance,raw_normalized,115.134,83,115134,Bach/Fugue/bwv_846/Shi05M.mid,Bach,Fugue_bwv_846,Bach/Fugue/bwv_846
C:\Users\eagle\MARG_research\third_party\PianistTransformer\data\midis\asap-dataset-master\Bach\Fugue\bwv_846\Shi05M.mid,asap_metadata_performance,raw_normalized,115.155,80,115155,Bach/Fugue/bwv_846/Shi05M.mid,Bach,Fugue_bwv_846,Bach/Fugue/bwv_846
C:\Users\eagle\MARG_research\third_party\PianistTransformer\data\midis\asap-dataset-master\Bach\Fugue\bwv_846\Shi05M.mid,asap_metadata_performance,raw_normalized,115.174,78,115174,Bach/Fugue/bwv_846/Shi05M.mid,Bach,Fugue_bwv_846,Bach/Fugue/bwv_846
C:\Users\eagle\MARG_research\third_party\PianistTransformer\data\midis\asap-dataset-master\Bach\Fugue\bwv_846\Shi05M.mid,asap_metadata_performance,raw_normalized,115.193,75,115193,Bach/Fugue/bwv_846/Shi05M.mid,Bach,Fugue_bwv_846,Bach/Fugue/bwv_846
C:\Users\eagle\MARG_research\third_party\PianistTransformer\data\midis\asap-dataset-master\Bach\Fugue\bwv_846\Shi05M.mid,asap_metadata_performance,raw_normalized,115.214,74,115214,Bach/Fugue/bwv_846/Shi05M.mid,Bach,Fugue_bwv_846,Bach/Fugue/bwv_846
C:\Users\eagle\MARG_research\third_party\PianistTransformer\data\midis\asap-dataset-master\Bach\Fugue\bwv_846\Shi05M.mid,asap_metadata_performance,raw_normalized,115.233,73,115233,Bach/Fugue/bwv_846/Shi05M.mid,Bach,Fugue_bwv_846,Bach/Fugue/bwv_846
C:\Users\eagle\MARG_research\third_party\PianistTransformer\data\midis\asap-dataset-master\Bach\Fugue\bwv_846\Shi05M.mid,asap_metadata_performance,raw_normalized,115.263,71,115263,Bach/Fugue/bwv_846/Shi05M.mid,Bach,Fugue_bwv_846,Bach/Fugue/bwv_846
C:\Users\eagle\MARG_research\third_party\PianistTransformer\data\midis\asap-dataset-master\Bach\Fugue\bwv_846\Shi05M.mid,asap_metadata_performance,raw_normalized,115.283,69,115283,Bach/Fugue/bwv_846/Shi05M.mid,Bach,Fugue_bwv_846,Bach/Fugue/bwv_846
C:\Users\eagle\MARG_research\third_party\PianistTransformer\data\midis\asap-dataset-master\Bach\Fugue\bwv_846\Shi05M.mid,asap_metadata_performance,raw_normalized,115.305,65,115305,Bach/Fugue/bwv_846/Shi05M.mid,Bach,Fugue_bwv_846,Bach/Fugue/bwv_846
C:\Users\eagle\MARG_research\third_party\PianistTransformer\data\midis\asap-dataset-master\Bach\Fugue\bwv_846\Shi05M.mid,asap_metadata_performance,raw_normalized,115.324,62,115324,Bach/Fugue/bwv_846/Shi05M.mid,Bach,Fugue_bwv_846,Bach/Fugue/bwv_846
C:\Users\eagle\MARG_research\third_party\PianistTransformer\data\midis\asap-dataset-master\Bach\Fugue\bwv_846\Shi05M.mid,asap_metadata_performance,raw_normalized,115.342,60,115342,Bach/Fugue/bwv_846/Shi05M.mid,Bach,Fugue_bwv_846,Bach/Fugue/bwv_846
C:\Users\eagle\MARG_research\third_party\PianistTransformer\data\midis\asap-dataset-master\Bach\Fugue\bwv_846\Shi05M.mid,asap_metadata_performance,raw_normalized,115.359,59,115359,Bach/Fugue/bwv_846/Shi05M.mid,Bach,Fugue_bwv_846,Bach/Fugue/bwv_846
C:\Users\eagle\MARG_research\third_party\PianistTransformer\data\midis\asap-dataset-master\Bach\Fugue\bwv_846\Shi05M.mid,asap_metadata_performance,raw_normalized,115.38,58,115380,Bach/Fugue/bwv_846/Shi05M.mid,Bach,Fugue_bwv_846,Bach/Fugue/bwv_846
C:\Users\eagle\MARG_research\third_party\PianistTransformer\data\midis\asap-dataset-master\Bach\Fugue\bwv_846\Shi05M.mid,asap_metadata_performance,raw_normalized,115.4,58,115400,Bach/Fugue/bwv_846/Shi05M.mid,Bach,Fugue_bwv_846,Bach/Fugue/bwv_846
C:\Users\eagle\MARG_research\third_party\PianistTransformer\data\midis\asap-dataset-master\Bach\Fugue\bwv_846\Shi05M.mid,asap_metadata_performance,raw_normalized,115.419,57,115419,Bach/Fugue/bwv_846/Shi05M.mid,Bach,Fugue_bwv_846,Bach/Fugue/bwv_846
C:\Users\eagle\MARG_research\third_party\PianistTransformer\data\midis\asap-dataset-master\Bach\Fugue\bwv_846\Shi05M.mid,asap_metadata_performance,raw_normalized,115.439,57,115439,Bach/Fugue/bwv_846/Shi05M.mid,Bach,Fugue_bwv_846,Bach/Fugue/bwv_846
C:\Users\eagle\MARG_research\third_party\PianistTransformer\data\midis\asap-dataset-master\Bach\Fugue\bwv_846\Shi05M.mid,asap_metadata_performance,raw_normalized,115.458,56,115458,Bach/Fugue/bwv_846/Shi05M.mid,Bach,Fugue_bwv_846,Bach/Fugue/bwv_846
C:\Users\eagle\MARG_research\third_party\PianistTransformer\data\midis\asap-dataset-master\Bach\Fugue\bwv_846\Shi05M.mid,asap_metadata_performance,raw_normalized,115.479,56,115479,Bach/Fugue/bwv_846/Shi05M.mid,Bach,Fugue_bwv_846,Bach/Fugue/bwv_846
C:\Users\eagle\MARG_research\third_party\PianistTransformer\data\midis\asap-dataset-master\Bach\Fugue\bwv_846\Shi05M.mid,asap_metadata_performance,raw_normalized,115.578,55,115578,Bach/Fugue/bwv_846/Shi05M.mid,Bach,Fugue_bwv_846,Bach/Fugue/bwv_846
C:\Users\eagle\MARG_research\third_party\PianistTransformer\data\midis\asap-dataset-master\Bach\Fugue\bwv_846\Shi05M.mid,asap_metadata_performance,raw_normalized,115.596,54,115596,Bach/Fugue/bwv_846/Shi05M.mid,Bach,Fugue_bwv_846,Bach/Fugue/bwv_846
C:\Users\eagle\MARG_research\third_party\PianistTransformer\data\midis\asap-dataset-master\Bach\Fugue\bwv_846\Shi05M.mid,asap_metadata_performance,raw_normalized,115.616,54,115616,Bach/Fugue/bwv_846/Shi05M.mid,Bach,Fugue_bwv_846,Bach/Fugue/bwv_846
C:\Users\eagle\MARG_research\third_party\PianistTransformer\data\midis\asap-dataset-master\Bach\Fugue\bwv_846\Shi05M.mid,asap_metadata_performance,raw_normalized,115.676,53,115676,Bach/Fugue/bwv_846/Shi05M.mid,Bach,Fugue_bwv_846,Bach/Fugue/bwv_846
C:\Users\eagle\MARG_research\third_party\PianistTransformer\data\midis\asap-dataset-master\Bach\Fugue\bwv_846\Shi05M.mid,asap_metadata_performance,raw_normalized,115.716,53,115716,Bach/Fugue/bwv_846/Shi05M.mid,Bach,Fugue_bwv_846,Bach/Fugue/bwv_846
C:\Users\eagle\MARG_research\third_party\PianistTransformer\data\midis\asap-dataset-master\Bach\Fugue\bwv_846\Shi05M.mid,asap_metadata_performance,raw_normalized,115.737,52,115737,Bach/Fugue/bwv_846/Shi05M.mid,Bach,Fugue_bwv_846,Bach/Fugue/bwv_846
C:\Users\eagle\MARG_research\third_party\PianistTransformer\data\midis\asap-dataset-master\Bach\Fugue\bwv_846\Shi05M.mid,asap_metadata_performance,raw_normalized,115.757,51,115757,Bach/Fugue/bwv_846/Shi05M.mid,Bach,Fugue_bwv_846,Bach/Fugue/bwv_846
C:\Users\eagle\MARG_research\third_party\PianistTransformer\data\midis\asap-dataset-master\Bach\Fugue\bwv_846\Shi05M.mid,asap_metadata_performance,raw_normalized,115.776,50,115776,Bach/Fugue/bwv_846/Shi05M.mid,Bach,Fugue_bwv_846,Bach/Fugue/bwv_846
C:\Users\eagle\MARG_research\third_party\PianistTransformer\data\midis\asap-dataset-master\Bach\Fugue\bwv_846\Shi05M.mid,asap_metadata_performance,raw_normalized,115.796,50,115796,Bach/Fugue/bwv_846/Shi05M.mid,Bach,Fugue_bwv_846,Bach/Fugue/bwv_846
C:\Users\eagle\MARG_research\third_party\PianistTransformer\data\midis\asap-dataset-master\Bach\Fugue\bwv_846\Shi05M.mid,asap_metadata_performance,raw_normalized,115.855,49,115855,Bach/Fugue/bwv_846/Shi05M.mid,Bach,Fugue_bwv_846,Bach/Fugue/bwv_846
C:\Users\eagle\MARG_research\third_party\PianistTransformer\data\midis\asap-dataset-master\Bach\Fugue\bwv_846\Shi05M.mid,asap_metadata_performance,raw_normalized,115.874,48,115874,Bach/Fugue/bwv_846/Shi05M.mid,Bach,Fugue_bwv_846,Bach/Fugue/bwv_846
C:\Users\eagle\MARG_research\third_party\PianistTransformer\data\midis\asap-dataset-master\Bach\Fugue\bwv_846\Shi05M.mid,asap_metadata_performance,raw_normalized,115.895,48,115895,Bach/Fugue/bwv_846/Shi05M.mid,Bach,Fugue_bwv_846,Bach/Fugue/bwv_846
C:\Users\eagle\MARG_research\third_party\PianistTransformer\data\midis\asap-dataset-master\Bach\Fugue\bwv_846\Shi05M.mid,asap_metadata_performance,raw_normalized,115.914,47,115914,Bach/Fugue/bwv_846/Shi05M.mid,Bach,Fugue_bwv_846,Bach/Fugue/bwv_846
C:\Users\eagle\MARG_research\third_party\PianistTransformer\data\midis\asap-dataset-master\Bach\Fugue\bwv_846\Shi05M.mid,asap_metadata_performance,raw_normalized,115.934,46,115934,Bach/Fugue/bwv_846/Shi05M.mid,Bach,Fugue_bwv_846,Bach/Fugue/bwv_846
C:\Users\eagle\MARG_research\third_party\PianistTransformer\data\midis\asap-dataset-master\Bach\Fugue\bwv_846\Shi05M.mid,asap_metadata_performance,raw_normalized,115.953,46,115953,Bach/Fugue/bwv_846/Shi05M.mid,Bach,Fugue_bwv_846,Bach/Fugue/bwv_846
C:\Users\eagle\MARG_research\third_party\PianistTransformer\data\midis\asap-dataset-master\Bach\Fugue\bwv_846\Shi05M.mid,asap_metadata_performance,raw_normalized,115.973,45,115973,Bach/Fugue/bwv_846/Shi05M.mid,Bach,Fugue_bwv_846,Bach/Fugue/bwv_846
C:\Users\eagle\MARG_research\third_party\PianistTransformer\data\midis\asap-dataset-master\Bach\Fugue\bwv_846\Shi05M.mid,asap_metadata_performance,raw_normalized,115.993,44,115993,Bach/Fugue/bwv_846/Shi05M.mid,Bach,Fugue_bwv_846,Bach/Fugue/bwv_846
C:\Users\eagle\MARG_research\third_party\PianistTransformer\data\midis\asap-dataset-master\Bach\Fugue\bwv_846\Shi05M.mid,asap_metadata_performance,raw_normalized,116.013,41,116013,Bach/Fugue/bwv_846/Shi05M.mid,Bach,Fugue_bwv_846,Bach/Fugue/bwv_846
C:\Users\eagle\MARG_research\third_party\PianistTransformer\data\midis\asap-dataset-master\Bach\Fugue\bwv_846\Shi05M.mid,asap_metadata_performance,raw_normalized,116.031,39,116031,Bach/Fugue/bwv_846/Shi05M.mid,Bach,Fugue_bwv_846,Bach/Fugue/bwv_846
C:\Users\eagle\MARG_research\third_party\PianistTransformer\data\midis\asap-dataset-master\Bach\Fugue\bwv_846\Shi05M.mid,asap_metadata_performance,raw_normalized,116.052,35,116052,Bach/Fugue/bwv_846/Shi05M.mid,Bach,Fugue_bwv_846,Bach/Fugue/bwv_846
C:\Users\eagle\MARG_research\third_party\PianistTransformer\data\midis\asap-dataset-master\Bach\Fugue\bwv_846\Shi05M.mid,asap_metadata_performance,raw_normalized,116.072,33,116072,Bach/Fugue/bwv_846/Shi05M.mid,Bach,Fugue_bwv_846,Bach/Fugue/bwv_846
C:\Users\eagle\MARG_research\third_party\PianistTransformer\data\midis\asap-dataset-master\Bach\Fugue\bwv_846\Shi05M.mid,asap_metadata_performance,raw_normalized,116.091,32,116091,Bach/Fugue/bwv_846/Shi05M.mid,Bach,Fugue_bwv_846,Bach/Fugue/bwv_846
C:\Users\eagle\MARG_research\third_party\PianistTransformer\data\midis\asap-dataset-master\Bach\Fugue\bwv_846\Shi05M.mid,asap_metadata_performance,raw_normalized,116.13,0,116130,Bach/Fugue/bwv_846/Shi05M.mid,Bach,Fugue_bwv_846,Bach/Fugue/bwv_846
C:\Users\eagle\MARG_research\third_party\PianistTransformer\data\midis\asap-dataset-master\Bach\Fugue\bwv_846\Shi05M.mid,asap_metadata_performance,raw_normalized,117.073,32,117073,Bach/Fugue/bwv_846/Shi05M.mid,Bach,Fugue_bwv_846,Bach/Fugue/bwv_846
C:\Users\eagle\MARG_research\third_party\PianistTransformer\data\midis\asap-dataset-master\Bach\Fugue\bwv_846\Shi05M.mid,asap_metadata_performance,raw_normalized,117.094,34,117094,Bach/Fugue/bwv_846/Shi05M.mid,Bach,Fugue_bwv_846,Bach/Fugue/bwv_846
C:\Users\eagle\MARG_research\third_party\PianistTransformer\data\midis\asap-dataset-master\Bach\Fugue\bwv_846\Shi05M.mid,asap_metadata_performance,raw_normalized,117.113,38,117113,Bach/Fugue/bwv_846/Shi05M.mid,Bach,Fugue_bwv_846,Bach/Fugue/bwv_846
C:\Users\eagle\MARG_research\third_party\PianistTransformer\data\midis\asap-dataset-master\Bach\Fugue\bwv_846\Shi05M.mid,asap_metadata_performance,raw_normalized,117.132,44,117132,Bach/Fugue/bwv_846/Shi05M.mid,Bach,Fugue_bwv_846,Bach/Fugue/bwv_846
C:\Users\eagle\MARG_research\third_party\PianistTransformer\data\midis\asap-dataset-master\Bach\Fugue\bwv_846\Shi05M.mid,asap_metadata_performance,raw_normalized,117.152,54,117152,Bach/Fugue/bwv_846/Shi05M.mid,Bach,Fugue_bwv_846,Bach/Fugue/bwv_846
C:\Users\eagle\MARG_research\third_party\PianistTransformer\data\midis\asap-dataset-master\Bach\Fugue\bwv_846\Shi05M.mid,asap_metadata_performance,raw_normalized,117.172,62,117172,Bach/Fugue/bwv_846/Shi05M.mid,Bach,Fugue_bwv_846,Bach/Fugue/bwv_846
C:\Users\eagle\MARG_research\third_party\PianistTransformer\data\midis\asap-dataset-master\Bach\Fugue\bwv_846\Shi05M.mid,asap_metadata_performance,raw_normalized,117.193,65,117193,Bach/Fugue/bwv_846/Shi05M.mid,Bach,Fugue_bwv_846,Bach/Fugue/bwv_846
C:\Users\eagle\MARG_research\third_party\PianistTransformer\data\midis\asap-dataset-master\Bach\Fugue\bwv_846\Shi05M.mid,asap_metadata_performance,raw_normalized,117.212,70,117212,Bach/Fugue/bwv_846/Shi05M.mid,Bach,Fugue_bwv_846,Bach/Fugue/bwv_846
C:\Users\eagle\MARG_research\third_party\PianistTransformer\data\midis\asap-dataset-master\Bach\Fugue\bwv_846\Shi05M.mid,asap_metadata_performance,raw_normalized,117.23,75,117230,Bach/Fugue/bwv_846/Shi05M.mid,Bach,Fugue_bwv_846,Bach/Fugue/bwv_846
C:\Users\eagle\MARG_research\third_party\PianistTransformer\data\midis\asap-dataset-master\Bach\Fugue\bwv_846\Shi05M.mid,asap_metadata_performance,raw_normalized,117.262,83,117262,Bach/Fugue/bwv_846/Shi05M.mid,Bach,Fugue_bwv_846,Bach/Fugue/bwv_846
C:\Users\eagle\MARG_research\third_party\PianistTransformer\data\midis\asap-dataset-master\Bach\Fugue\bwv_846\Shi05M.mid,asap_metadata_performance,raw_normalized,117.28,94,117280,Bach/Fugue/bwv_846/Shi05M.mid,Bach,Fugue_bwv_846,Bach/Fugue/bwv_846
C:\Users\eagle\MARG_research\third_party\PianistTransformer\data\midis\asap-dataset-master\Bach\Fugue\bwv_846\Shi05M.mid,asap_metadata_performance,raw_normalized,117.301,112,117301,Bach/Fugue/bwv_846/Shi05M.mid,Bach,Fugue_bwv_846,Bach/Fugue/bwv_846
C:\Users\eagle\MARG_research\third_party\PianistTransformer\data\midis\asap-dataset-master\Bach\Fugue\bwv_846\Shi05M.mid,asap_metadata_performance,raw_normalized,117.32,127,117320,Bach/Fugue/bwv_846/Shi05M.mid,Bach,Fugue_bwv_846,Bach/Fugue/bwv_846
C:\Users\eagle\MARG_research\third_party\PianistTransformer\data\midis\asap-dataset-master\Bach\Fugue\bwv_846\Shi05M.mid,asap_metadata_performance,raw_normalized,117.935,102,117935,Bach/Fugue/bwv_846/Shi05M.mid,Bach,Fugue_bwv_846,Bach/Fugue/bwv_846
C:\Users\eagle\MARG_research\third_party\PianistTransformer\data\midis\asap-dataset-master\Bach\Fugue\bwv_846\Shi05M.mid,asap_metadata_performance,raw_normalized,117.953,83,117953,Bach/Fugue/bwv_846/Shi05M.mid,Bach,Fugue_bwv_846,Bach/Fugue/bwv_846
C:\Users\eagle\MARG_research\third_party\PianistTransformer\data\midis\asap-dataset-master\Bach\Fugue\bwv_846\Shi05M.mid,asap_metadata_performance,raw_normalized,117.974,67,117974,Bach/Fugue/bwv_846/Shi05M.mid,Bach,Fugue_bwv_846,Bach/Fugue/bwv_846
C:\Users\eagle\MARG_research\third_party\PianistTransformer\data\midis\asap-dataset-master\Bach\Fugue\bwv_846\Shi05M.mid,asap_metadata_performance,raw_normalized,117.993,50,117993,Bach/Fugue/bwv_846/Shi05M.mid,Bach,Fugue_bwv_846,Bach/Fugue/bwv_846
C:\Users\eagle\MARG_research\third_party\PianistTransformer\data\midis\asap-dataset-master\Bach\Fugue\bwv_846\Shi05M.mid,asap_metadata_performance,raw_normalized,118.013,0,118013,Bach/Fugue/bwv_846/Shi05M.mid,Bach,Fugue_bwv_846,Bach/Fugue/bwv_846
C:\Users\eagle\MARG_research\third_party\PianistTransformer\data\midis\asap-dataset-master\Bach\Fugue\bwv_846\Shi05M.mid,asap_metadata_performance,raw_normalized,118.193,41,118193,Bach/Fugue/bwv_846/Shi05M.mid,Bach,Fugue_bwv_846,Bach/Fugue/bwv_846
C:\Users\eagle\MARG_research\third_party\PianistTransformer\data\midis\asap-dataset-master\Bach\Fugue\bwv_846\Shi05M.mid,asap_metadata_performance,raw_normalized,118.211,57,118211,Bach/Fugue/bwv_846/Shi05M.mid,Bach,Fugue_bwv_846,Bach/Fugue/bwv_846
C:\Users\eagle\MARG_research\third_party\PianistTransformer\data\midis\asap-dataset-master\Bach\Fugue\bwv_846\Shi05M.mid,asap_metadata_performance,raw_normalized,118.232,65,118232,Bach/Fugue/bwv_846/Shi05M.mid,Bach,Fugue_bwv_846,Bach/Fugue/bwv_846
C:\Users\eagle\MARG_research\third_party\PianistTransformer\data\midis\asap-dataset-master\Bach\Fugue\bwv_846\Shi05M.mid,asap_metadata_performance,raw_normalized,118.26,69,118260,Bach/Fugue/bwv_846/Shi05M.mid,Bach,Fugue_bwv_846,Bach/Fugue/bwv_846
C:\Users\eagle\MARG_research\third_party\PianistTransformer\data\midis\asap-dataset-master\Bach\Fugue\bwv_846\Shi05M.mid,asap_metadata_performance,raw_normalized,118.28,76,118280,Bach/Fugue/bwv_846/Shi05M.mid,Bach,Fugue_bwv_846,Bach/Fugue/bwv_846
C:\Users\eagle\MARG_research\third_party\PianistTransformer\data\midis\asap-dataset-master\Bach\Fugue\bwv_846\Shi05M.mid,asap_metadata_performance,raw_normalized,118.301,86,118301,Bach/Fugue/bwv_846/Shi05M.mid,Bach,Fugue_bwv_846,Bach/Fugue/bwv_846
C:\Users\eagle\MARG_research\third_party\PianistTransformer\data\midis\asap-dataset-master\Bach\Fugue\bwv_846\Shi05M.mid,asap_metadata_performance,raw_normalized,118.32,104,118320,Bach/Fugue/bwv_846/Shi05M.mid,Bach,Fugue_bwv_846,Bach/Fugue/bwv_846
C:\Users\eagle\MARG_research\third_party\PianistTransformer\data\midis\asap-dataset-master\Bach\Fugue\bwv_846\Shi05M.mid,asap_metadata_performance,raw_normalized,118.34,127,118340,Bach/Fugue/bwv_846/Shi05M.mid,Bach,Fugue_bwv_846,Bach/Fugue/bwv_846
C:\Users\eagle\MARG_research\third_party\PianistTransformer\data\midis\asap-dataset-master\Bach\Fugue\bwv_846\Shi05M.mid,asap_metadata_performance,raw_normalized,118.948,111,118948,Bach/Fugue/bwv_846/Shi05M.mid,Bach,Fugue_bwv_846,Bach/Fugue/bwv_846
C:\Users\eagle\MARG_research\third_party\PianistTransformer\data\midis\asap-dataset-master\Bach\Fugue\bwv_846\Shi05M.mid,asap_metadata_performance,raw_normalized,118.967,103,118967,Bach/Fugue/bwv_846/Shi05M.mid,Bach,Fugue_bwv_846,Bach/Fugue/bwv_846
C:\Users\eagle\MARG_research\third_party\PianistTransformer\data\midis\asap-dataset-master\Bach\Fugue\bwv_846\Shi05M.mid,asap_metadata_performance,raw_normalized,118.988,98,118988,Bach/Fugue/bwv_846/Shi05M.mid,Bach,Fugue_bwv_846,Bach/Fugue/bwv_846
C:\Users\eagle\MARG_research\third_party\PianistTransformer\data\midis\asap-dataset-master\Bach\Fugue\bwv_846\Shi05M.mid,asap_metadata_performance,raw_normalized,119.027,96,119027,Bach/Fugue/bwv_846/Shi05M.mid,Bach,Fugue_bwv_846,Bach/Fugue/bwv_846
C:\Users\eagle\MARG_research\third_party\PianistTransformer\data\midis\asap-dataset-master\Bach\Fugue\bwv_846\Shi05M.mid,asap_metadata_performance,raw_normalized,119.047,95,119047,Bach/Fugue/bwv_846/Shi05M.mid,Bach,Fugue_bwv_846,Bach/Fugue/bwv_846
C:\Users\eagle\MARG_research\third_party\PianistTransformer\data\midis\asap-dataset-master\Bach\Fugue\bwv_846\Shi05M.mid,asap_metadata_performance,raw_normalized,119.066,94,119066,Bach/Fugue/bwv_846/Shi05M.mid,Bach,Fugue_bwv_846,Bach/Fugue/bwv_846
C:\Users\eagle\MARG_research\third_party\PianistTransformer\data\midis\asap-dataset-master\Bach\Fugue\bwv_846\Shi05M.mid,asap_metadata_performance,raw_normalized,119.087,93,119087,Bach/Fugue/bwv_846/Shi05M.mid,Bach,Fugue_bwv_846,Bach/Fugue/bwv_846
C:\Users\eagle\MARG_research\third_party\PianistTransformer\data\midis\asap-dataset-master\Bach\Fugue\bwv_846\Shi05M.mid,asap_metadata_performance,raw_normalized,119.107,92,119107,Bach/Fugue/bwv_846/Shi05M.mid,Bach,Fugue_bwv_846,Bach/Fugue/bwv_846
C:\Users\eagle\MARG_research\third_party\PianistTransformer\data\midis\asap-dataset-master\Bach\Fugue\bwv_846\Shi05M.mid,asap_metadata_performance,raw_normalized,119.126,92,119126,Bach/Fugue/bwv_846/Shi05M.mid,Bach,Fugue_bwv_846,Bach/Fugue/bwv_846
C:\Users\eagle\MARG_research\third_party\PianistTransformer\data\midis\asap-dataset-master\Bach\Fugue\bwv_846\Shi05M.mid,asap_metadata_performance,raw_normalized,119.146,91,119146,Bach/Fugue/bwv_846/Shi05M.mid,Bach,Fugue_bwv_846,Bach/Fugue/bwv_846
C:\Users\eagle\MARG_research\third_party\PianistTransformer\data\midis\asap-dataset-master\Bach\Fugue\bwv_846\Shi05M.mid,asap_metadata_performance,raw_normalized,119.165,91,119165,Bach/Fugue/bwv_846/Shi05M.mid,Bach,Fugue_bwv_846,Bach/Fugue/bwv_846
C:\Users\eagle\MARG_research\third_party\PianistTransformer\data\midis\asap-dataset-master\Bach\Fugue\bwv_846\Shi05M.mid,asap_metadata_performance,raw_normalized,119.186,89,119186,Bach/Fugue/bwv_846/Shi05M.mid,Bach,Fugue_bwv_846,Bach/Fugue/bwv_846
C:\Users\eagle\MARG_research\third_party\PianistTransformer\data\midis\asap-dataset-master\Bach\Fugue\bwv_846\Shi05M.mid,asap_metadata_performance,raw_normalized,119.206,88,119206,Bach/Fugue/bwv_846/Shi05M.mid,Bach,Fugue_bwv_846,Bach/Fugue/bwv_846
C:\Users\eagle\MARG_research\third_party\PianistTransformer\data\midis\asap-dataset-master\Bach\Fugue\bwv_846\Shi05M.mid,asap_metadata_performance,raw_normalized,119.225,88,119225,Bach/Fugue/bwv_846/Shi05M.mid,Bach,Fugue_bwv_846,Bach/Fugue/bwv_846
C:\Users\eagle\MARG_research\third_party\PianistTransformer\data\midis\asap-dataset-master\Bach\Fugue\bwv_846\Shi05M.mid,asap_metadata_performance,raw_normalized,119.296,87,119296,Bach/Fugue/bwv_846/Shi05M.mid,Bach,Fugue_bwv_846,Bach/Fugue/bwv_846
C:\Users\eagle\MARG_research\third_party\PianistTransformer\data\midis\asap-dataset-master\Bach\Fugue\bwv_846\Shi05M.mid,asap_metadata_performance,raw_normalized,119.333,87,119333,Bach/Fugue/bwv_846/Shi05M.mid,Bach,Fugue_bwv_846,Bach/Fugue/bwv_846
C:\Users\eagle\MARG_research\third_party\PianistTransformer\data\midis\asap-dataset-master\Bach\Fugue\bwv_846\Shi05M.mid,asap_metadata_performance,raw_normalized,119.354,86,119354,Bach/Fugue/bwv_846/Shi05M.mid,Bach,Fugue_bwv_846,Bach/Fugue/bwv_846
C:\Users\eagle\MARG_research\third_party\PianistTransformer\data\midis\asap-dataset-master\Bach\Fugue\bwv_846\Shi05M.mid,asap_metadata_performance,raw_normalized,119.395,86,119395,Bach/Fugue/bwv_846/Shi05M.mid,Bach,Fugue_bwv_846,Bach/Fugue/bwv_846
C:\Users\eagle\MARG_research\third_party\PianistTransformer\data\midis\asap-dataset-master\Bach\Fugue\bwv_846\Shi05M.mid,asap_metadata_performance,raw_normalized,119.432,85,119432,Bach/Fugue/bwv_846/Shi05M.mid,Bach,Fugue_bwv_846,Bach/Fugue/bwv_846
C:\Users\eagle\MARG_research\third_party\PianistTransformer\data\midis\asap-dataset-master\Bach\Fugue\bwv_846\Shi05M.mid,asap_metadata_performance,raw_normalized,119.453,84,119453,Bach/Fugue/bwv_846/Shi05M.mid,Bach,Fugue_bwv_846,Bach/Fugue/bwv_846
C:\Users\eagle\MARG_research\third_party\PianistTransformer\data\midis\asap-dataset-master\Bach\Fugue\bwv_846\Shi05M.mid,asap_metadata_performance,raw_normalized,119.473,83,119473,Bach/Fugue/bwv_846/Shi05M.mid,Bach,Fugue_bwv_846,Bach/Fugue/bwv_846
C:\Users\eagle\MARG_research\third_party\PianistTransformer\data\midis\asap-dataset-master\Bach\Fugue\bwv_846\Shi05M.mid,asap_metadata_performance,raw_normalized,119.492,83,119492,Bach/Fugue/bwv_846/Shi05M.mid,Bach,Fugue_bwv_846,Bach/Fugue/bwv_846
C:\Users\eagle\MARG_research\third_party\PianistTransformer\data\midis\asap-dataset-master\Bach\Fugue\bwv_846\Shi05M.mid,asap_metadata_performance,raw_normalized,119.513,82,119513,Bach/Fugue/bwv_846/Shi05M.mid,Bach,Fugue_bwv_846,Bach/Fugue/bwv_846
C:\Users\eagle\MARG_research\third_party\PianistTransformer\data\midis\asap-dataset-master\Bach\Fugue\bwv_846\Shi05M.mid,asap_metadata_performance,raw_normalized,119.533,82,119533,Bach/Fugue/bwv_846/Shi05M.mid,Bach,Fugue_bwv_846,Bach/Fugue/bwv_846
C:\Users\eagle\MARG_research\third_party\PianistTransformer\data\midis\asap-dataset-master\Bach\Fugue\bwv_846\Shi05M.mid,asap_metadata_performance,raw_normalized,119.553,81,119553,Bach/Fugue/bwv_846/Shi05M.mid,Bach,Fugue_bwv_846,Bach/Fugue/bwv_846
C:\Users\eagle\MARG_research\third_party\PianistTransformer\data\midis\asap-dataset-master\Bach\Fugue\bwv_846\Shi05M.mid,asap_metadata_performance,raw_normalized,119.573,80,119573,Bach/Fugue/bwv_846/Shi05M.mid,Bach,Fugue_bwv_846,Bach/Fugue/bwv_846
C:\Users\eagle\MARG_research\third_party\PianistTransformer\data\midis\asap-dataset-master\Bach\Fugue\bwv_846\Shi05M.mid,asap_metadata_performance,raw_normalized,119.592,80,119592,Bach/Fugue/bwv_846/Shi05M.mid,Bach,Fugue_bwv_846,Bach/Fugue/bwv_846
C:\Users\eagle\MARG_research\third_party\PianistTransformer\data\midis\asap-dataset-master\Bach\Fugue\bwv_846\Shi05M.mid,asap_metadata_performance,raw_normalized,119.613,78,119613,Bach/Fugue/bwv_846/Shi05M.mid,Bach,Fugue_bwv_846,Bach/Fugue/bwv_846
C:\Users\eagle\MARG_research\third_party\PianistTransformer\data\midis\asap-dataset-master\Bach\Fugue\bwv_846\Shi05M.mid,asap_metadata_performance,raw_normalized,119.632,77,119632,Bach/Fugue/bwv_846/Shi05M.mid,Bach,Fugue_bwv_846,Bach/Fugue/bwv_846
C:\Users\eagle\MARG_research\third_party\PianistTransformer\data\midis\asap-dataset-master\Bach\Fugue\bwv_846\Shi05M.mid,asap_metadata_performance,raw_normalized,119.651,76,119651,Bach/Fugue/bwv_846/Shi05M.mid,Bach,Fugue_bwv_846,Bach/Fugue/bwv_846
C:\Users\eagle\MARG_research\third_party\PianistTransformer\data\midis\asap-dataset-master\Bach\Fugue\bwv_846\Shi05M.mid,asap_metadata_performance,raw_normalized,119.672,75,119672,Bach/Fugue/bwv_846/Shi05M.mid,Bach,Fugue_bwv_846,Bach/Fugue/bwv_846
C:\Users\eagle\MARG_research\third_party\PianistTransformer\data\midis\asap-dataset-master\Bach\Fugue\bwv_846\Shi05M.mid,asap_metadata_performance,raw_normalized,119.691,73,119691,Bach/Fugue/bwv_846/Shi05M.mid,Bach,Fugue_bwv_846,Bach/Fugue/bwv_846
C:\Users\eagle\MARG_research\third_party\PianistTransformer\data\midis\asap-dataset-master\Bach\Fugue\bwv_846\Shi05M.mid,asap_metadata_performance,raw_normalized,119.712,71,119712,Bach/Fugue/bwv_846/Shi05M.mid,Bach,Fugue_bwv_846,Bach/Fugue/bwv_846
C:\Users\eagle\MARG_research\third_party\PianistTransformer\data\midis\asap-dataset-master\Bach\Fugue\bwv_846\Shi05M.mid,asap_metadata_performance,raw_normalized,119.732,68,119732,Bach/Fugue/bwv_846/Shi05M.mid,Bach,Fugue_bwv_846,Bach/Fugue/bwv_846
C:\Users\eagle\MARG_research\third_party\PianistTransformer\data\midis\asap-dataset-master\Bach\Fugue\bwv_846\Shi05M.mid,asap_metadata_performance,raw_normalized,119.751,66,119751,Bach/Fugue/bwv_846/Shi05M.mid,Bach,Fugue_bwv_846,Bach/Fugue/bwv_846
C:\Users\eagle\MARG_research\third_party\PianistTransformer\data\midis\asap-dataset-master\Bach\Fugue\bwv_846\Shi05M.mid,asap_metadata_performance,raw_normalized,119.771,65,119771,Bach/Fugue/bwv_846/Shi05M.mid,Bach,Fugue_bwv_846,Bach/Fugue/bwv_846
C:\Users\eagle\MARG_research\third_party\PianistTransformer\data\midis\asap-dataset-master\Bach\Fugue\bwv_846\Shi05M.mid,asap_metadata_performance,raw_normalized,119.79,64,119790,Bach/Fugue/bwv_846/Shi05M.mid,Bach,Fugue_bwv_846,Bach/Fugue/bwv_846
C:\Users\eagle\MARG_research\third_party\PianistTransformer\data\midis\asap-dataset-master\Bach\Fugue\bwv_846\Shi05M.mid,asap_metadata_performance,raw_normalized,119.811,62,119811,Bach/Fugue/bwv_846/Shi05M.mid,Bach,Fugue_bwv_846,Bach/Fugue/bwv_846
C:\Users\eagle\MARG_research\third_party\PianistTransformer\data\midis\asap-dataset-master\Bach\Fugue\bwv_846\Shi05M.mid,asap_metadata_performance,raw_normalized,119.831,61,119831,Bach/Fugue/bwv_846/Shi05M.mid,Bach,Fugue_bwv_846,Bach/Fugue/bwv_846
C:\Users\eagle\MARG_research\third_party\PianistTransformer\data\midis\asap-dataset-master\Bach\Fugue\bwv_846\Shi05M.mid,asap_metadata_performance,raw_normalized,119.85,61,119850,Bach/Fugue/bwv_846/Shi05M.mid,Bach,Fugue_bwv_846,Bach/Fugue/bwv_846
C:\Users\eagle\MARG_research\third_party\PianistTransformer\data\midis\asap-dataset-master\Bach\Fugue\bwv_846\Shi05M.mid,asap_metadata_performance,raw_normalized,119.889,60,119889,Bach/Fugue/bwv_846/Shi05M.mid,Bach,Fugue_bwv_846,Bach/Fugue/bwv_846
C:\Users\eagle\MARG_research\third_party\PianistTransformer\data\midis\asap-dataset-master\Bach\Fugue\bwv_846\Shi05M.mid,asap_metadata_performance,raw_normalized,119.909,60,119909,Bach/Fugue/bwv_846/Shi05M.mid,Bach,Fugue_bwv_846,Bach/Fugue/bwv_846
C:\Users\eagle\MARG_research\third_party\PianistTransformer\data\midis\asap-dataset-master\Bach\Fugue\bwv_846\Shi05M.mid,asap_metadata_performance,raw_normalized,119.93,59,119930,Bach/Fugue/bwv_846/Shi05M.mid,Bach,Fugue_bwv_846,Bach/Fugue/bwv_846
C:\Users\eagle\MARG_research\third_party\PianistTransformer\data\midis\asap-dataset-master\Bach\Fugue\bwv_846\Shi05M.mid,asap_metadata_performance,raw_normalized,119.949,58,119949,Bach/Fugue/bwv_846/Shi05M.mid,Bach,Fugue_bwv_846,Bach/Fugue/bwv_846
C:\Users\eagle\MARG_research\third_party\PianistTransformer\data\midis\asap-dataset-master\Bach\Fugue\bwv_846\Shi05M.mid,asap_metadata_performance,raw_normalized,119.988,58,119988,Bach/Fugue/bwv_846/Shi05M.mid,Bach,Fugue_bwv_846,Bach/Fugue/bwv_846
C:\Users\eagle\MARG_research\third_party\PianistTransformer\data\midis\asap-dataset-master\Bach\Fugue\bwv_846\Shi05M.mid,asap_metadata_performance,raw_normalized,120.029,57,120029,Bach/Fugue/bwv_846/Shi05M.mid,Bach,Fugue_bwv_846,Bach/Fugue/bwv_846
C:\Users\eagle\MARG_research\third_party\PianistTransformer\data\midis\asap-dataset-master\Bach\Fugue\bwv_846\Shi05M.mid,asap_metadata_performance,raw_normalized,120.065,57,120065,Bach/Fugue/bwv_846/Shi05M.mid,Bach,Fugue_bwv_846,Bach/Fugue/bwv_846
C:\Users\eagle\MARG_research\third_party\PianistTransformer\data\midis\asap-dataset-master\Bach\Fugue\bwv_846\Shi05M.mid,asap_metadata_performance,raw_normalized,120.105,56,120105,Bach/Fugue/bwv_846/Shi05M.mid,Bach,Fugue_bwv_846,Bach/Fugue/bwv_846
C:\Users\eagle\MARG_research\third_party\PianistTransformer\data\midis\asap-dataset-master\Bach\Fugue\bwv_846\Shi05M.mid,asap_metadata_performance,raw_normalized,120.126,56,120126,Bach/Fugue/bwv_846/Shi05M.mid,Bach,Fugue_bwv_846,Bach/Fugue/bwv_846
C:\Users\eagle\MARG_research\third_party\PianistTransformer\data\midis\asap-dataset-master\Bach\Fugue\bwv_846\Shi05M.mid,asap_metadata_performance,raw_normalized,120.146,55,120146,Bach/Fugue/bwv_846/Shi05M.mid,Bach,Fugue_bwv_846,Bach/Fugue/bwv_846
C:\Users\eagle\MARG_research\third_party\PianistTransformer\data\midis\asap-dataset-master\Bach\Fugue\bwv_846\Shi05M.mid,asap_metadata_performance,raw_normalized,120.185,54,120185,Bach/Fugue/bwv_846/Shi05M.mid,Bach,Fugue_bwv_846,Bach/Fugue/bwv_846
C:\Users\eagle\MARG_research\third_party\PianistTransformer\data\midis\asap-dataset-master\Bach\Fugue\bwv_846\Shi05M.mid,asap_metadata_performance,raw_normalized,120.431,54,120431,Bach/Fugue/bwv_846/Shi05M.mid,Bach,Fugue_bwv_846,Bach/Fugue/bwv_846
C:\Users\eagle\MARG_research\third_party\PianistTransformer\data\midis\asap-dataset-master\Bach\Fugue\bwv_846\Shi05M.mid,asap_metadata_performance,raw_normalized,120.452,53,120452,Bach/Fugue/bwv_846/Shi05M.mid,Bach,Fugue_bwv_846,Bach/Fugue/bwv_846
C:\Users\eagle\MARG_research\third_party\PianistTransformer\data\midis\asap-dataset-master\Bach\Fugue\bwv_846\Shi05M.mid,asap_metadata_performance,raw_normalized,121.013,53,121013,Bach/Fugue/bwv_846/Shi05M.mid,Bach,Fugue_bwv_846,Bach/Fugue/bwv_846
C:\Users\eagle\MARG_research\third_party\PianistTransformer\data\midis\asap-dataset-master\Bach\Fugue\bwv_846\Shi05M.mid,asap_metadata_performance,raw_normalized,121.033,52,121033,Bach/Fugue/bwv_846/Shi05M.mid,Bach,Fugue_bwv_846,Bach/Fugue/bwv_846
C:\Users\eagle\MARG_research\third_party\PianistTransformer\data\midis\asap-dataset-master\Bach\Fugue\bwv_846\Shi05M.mid,asap_metadata_performance,raw_normalized,121.052,52,121052,Bach/Fugue/bwv_846/Shi05M.mid,Bach,Fugue_bwv_846,Bach/Fugue/bwv_846
C:\Users\eagle\MARG_research\third_party\PianistTransformer\data\midis\asap-dataset-master\Bach\Fugue\bwv_846\Shi05M.mid,asap_metadata_performance,raw_normalized,121.072,51,121072,Bach/Fugue/bwv_846/Shi05M.mid,Bach,Fugue_bwv_846,Bach/Fugue/bwv_846
C:\Users\eagle\MARG_research\third_party\PianistTransformer\data\midis\asap-dataset-master\Bach\Fugue\bwv_846\Shi05M.mid,asap_metadata_performance,raw_normalized,121.19,51,121190,Bach/Fugue/bwv_846/Shi05M.mid,Bach,Fugue_bwv_846,Bach/Fugue/bwv_846
C:\Users\eagle\MARG_research\third_party\PianistTransformer\data\midis\asap-dataset-master\Bach\Fugue\bwv_846\Shi05M.mid,asap_metadata_performance,raw_normalized,121.28,51,121280,Bach/Fugue/bwv_846/Shi05M.mid,Bach,Fugue_bwv_846,Bach/Fugue/bwv_846
C:\Users\eagle\MARG_research\third_party\PianistTransformer\data\midis\asap-dataset-master\Bach\Fugue\bwv_846\Shi05M.mid,asap_metadata_performance,raw_normalized,122.438,51,122438,Bach/Fugue/bwv_846/Shi05M.mid,Bach,Fugue_bwv_846,Bach/Fugue/bwv_846
C:\Users\eagle\MARG_research\third_party\PianistTransformer\data\midis\asap-dataset-master\Bach\Fugue\bwv_846\Shi05M.mid,asap_metadata_performance,raw_normalized,123.152,50,123152,Bach/Fugue/bwv_846/Shi05M.mid,Bach,Fugue_bwv_846,Bach/Fugue/bwv_846
C:\Users\eagle\MARG_research\third_party\PianistTransformer\data\midis\asap-dataset-master\Bach\Fugue\bwv_846\Shi05M.mid,asap_metadata_performance,raw_normalized,123.26,50,123260,Bach/Fugue/bwv_846/Shi05M.mid,Bach,Fugue_bwv_846,Bach/Fugue/bwv_846
C:\Users\eagle\MARG_research\third_party\PianistTransformer\data\midis\asap-dataset-master\Bach\Fugue\bwv_846\Shi05M.mid,asap_metadata_performance,raw_normalized,123.319,49,123319,Bach/Fugue/bwv_846/Shi05M.mid,Bach,Fugue_bwv_846,Bach/Fugue/bwv_846
C:\Users\eagle\MARG_research\third_party\PianistTransformer\data\midis\asap-dataset-master\Bach\Fugue\bwv_846\Shi05M.mid,asap_metadata_performance,raw_normalized,123.379,49,123379,Bach/Fugue/bwv_846/Shi05M.mid,Bach,Fugue_bwv_846,Bach/Fugue/bwv_846
C:\Users\eagle\MARG_research\third_party\PianistTransformer\data\midis\asap-dataset-master\Bach\Fugue\bwv_846\Shi05M.mid,asap_metadata_performance,raw_normalized,124.598,49,124598,Bach/Fugue/bwv_846/Shi05M.mid,Bach,Fugue_bwv_846,Bach/Fugue/bwv_846
C:\Users\eagle\MARG_research\third_party\PianistTransformer\data\midis\asap-dataset-master\Bach\Fugue\bwv_846\Shi05M.mid,asap_metadata_performance,raw_normalized,124.617,50,124617,Bach/Fugue/bwv_846/Shi05M.mid,Bach,Fugue_bwv_846,Bach/Fugue/bwv_846
C:\Users\eagle\MARG_research\third_party\PianistTransformer\data\midis\asap-dataset-master\Bach\Fugue\bwv_846\Shi05M.mid,asap_metadata_performance,raw_normalized,124.637,51,124637,Bach/Fugue/bwv_846/Shi05M.mid,Bach,Fugue_bwv_846,Bach/Fugue/bwv_846
C:\Users\eagle\MARG_research\third_party\PianistTransformer\data\midis\asap-dataset-master\Bach\Fugue\bwv_846\Shi05M.mid,asap_metadata_performance,raw_normalized,124.656,52,124656,Bach/Fugue/bwv_846/Shi05M.mid,Bach,Fugue_bwv_846,Bach/Fugue/bwv_846
C:\Users\eagle\MARG_research\third_party\PianistTransformer\data\midis\asap-dataset-master\Bach\Fugue\bwv_846\Shi05M.mid,asap_metadata_performance,raw_normalized,124.676,54,124676,Bach/Fugue/bwv_846/Shi05M.mid,Bach,Fugue_bwv_846,Bach/Fugue/bwv_846
C:\Users\eagle\MARG_research\third_party\PianistTransformer\data\midis\asap-dataset-master\Bach\Fugue\bwv_846\Shi05M.mid,asap_metadata_performance,raw_normalized,124.697,56,124697,Bach/Fugue/bwv_846/Shi05M.mid,Bach,Fugue_bwv_846,Bach/Fugue/bwv_846
C:\Users\eagle\MARG_research\third_party\PianistTransformer\data\midis\asap-dataset-master\Bach\Fugue\bwv_846\Shi05M.mid,asap_metadata_performance,raw_normalized,124.716,60,124716,Bach/Fugue/bwv_846/Shi05M.mid,Bach,Fugue_bwv_846,Bach/Fugue/bwv_846
C:\Users\eagle\MARG_research\third_party\PianistTransformer\data\midis\asap-dataset-master\Bach\Fugue\bwv_846\Shi05M.mid,asap_metadata_performance,raw_normalized,124.734,62,124734,Bach/Fugue/bwv_846/Shi05M.mid,Bach,Fugue_bwv_846,Bach/Fugue/bwv_846
C:\Users\eagle\MARG_research\third_party\PianistTransformer\data\midis\asap-dataset-master\Bach\Fugue\bwv_846\Shi05M.mid,asap_metadata_performance,raw_normalized,124.755,64,124755,Bach/Fugue/bwv_846/Shi05M.mid,Bach,Fugue_bwv_846,Bach/Fugue/bwv_846
C:\Users\eagle\MARG_research\third_party\PianistTransformer\data\midis\asap-dataset-master\Bach\Fugue\bwv_846\Shi05M.mid,asap_metadata_performance,raw_normalized,124.775,65,124775,Bach/Fugue/bwv_846/Shi05M.mid,Bach,Fugue_bwv_846,Bach/Fugue/bwv_846
C:\Users\eagle\MARG_research\third_party\PianistTransformer\data\midis\asap-dataset-master\Bach\Fugue\bwv_846\Shi05M.mid,asap_metadata_performance,raw_normalized,124.794,66,124794,Bach/Fugue/bwv_846/Shi05M.mid,Bach,Fugue_bwv_846,Bach/Fugue/bwv_846
C:\Users\eagle\MARG_research\third_party\PianistTransformer\data\midis\asap-dataset-master\Bach\Fugue\bwv_846\Shi05M.mid,asap_metadata_performance,raw_normalized,124.814,66,124814,Bach/Fugue/bwv_846/Shi05M.mid,Bach,Fugue_bwv_846,Bach/Fugue/bwv_846
C:\Users\eagle\MARG_research\third_party\PianistTransformer\data\midis\asap-dataset-master\Bach\Fugue\bwv_846\Shi05M.mid,asap_metadata_performance,raw_normalized,124.854,66,124854,Bach/Fugue/bwv_846/Shi05M.mid,Bach,Fugue_bwv_846,Bach/Fugue/bwv_846
C:\Users\eagle\MARG_research\third_party\PianistTransformer\data\midis\asap-dataset-master\Bach\Fugue\bwv_846\Shi05M.mid,asap_metadata_performance,raw_normalized,124.915,65,124915,Bach/Fugue/bwv_846/Shi05M.mid,Bach,Fugue_bwv_846,Bach/Fugue/bwv_846
C:\Users\eagle\MARG_research\third_party\PianistTransformer\data\midis\asap-dataset-master\Bach\Fugue\bwv_846\Shi05M.mid,asap_metadata_performance,raw_normalized,124.934,65,124934,Bach/Fugue/bwv_846/Shi05M.mid,Bach,Fugue_bwv_846,Bach/Fugue/bwv_846
C:\Users\eagle\MARG_research\third_party\PianistTransformer\data\midis\asap-dataset-master\Bach\Fugue\bwv_846\Shi05M.mid,asap_metadata_performance,raw_normalized,124.954,64,124954,Bach/Fugue/bwv_846/Shi05M.mid,Bach,Fugue_bwv_846,Bach/Fugue/bwv_846
C:\Users\eagle\MARG_research\third_party\PianistTransformer\data\midis\asap-dataset-master\Bach\Fugue\bwv_846\Shi05M.mid,asap_metadata_performance,raw_normalized,124.974,63,124974,Bach/Fugue/bwv_846/Shi05M.mid,Bach,Fugue_bwv_846,Bach/Fugue/bwv_846
C:\Users\eagle\MARG_research\third_party\PianistTransformer\data\midis\asap-dataset-master\Bach\Fugue\bwv_846\Shi05M.mid,asap_metadata_performance,raw_normalized,124.993,63,124993,Bach/Fugue/bwv_846/Shi05M.mid,Bach,Fugue_bwv_846,Bach/Fugue/bwv_846
C:\Users\eagle\MARG_research\third_party\PianistTransformer\data\midis\asap-dataset-master\Bach\Fugue\bwv_846\Shi05M.mid,asap_metadata_performance,raw_normalized,125.014,62,125014,Bach/Fugue/bwv_846/Shi05M.mid,Bach,Fugue_bwv_846,Bach/Fugue/bwv_846
C:\Users\eagle\MARG_research\third_party\PianistTransformer\data\midis\asap-dataset-master\Bach\Fugue\bwv_846\Shi05M.mid,asap_metadata_performance,raw_normalized,125.033,62,125033,Bach/Fugue/bwv_846/Shi05M.mid,Bach,Fugue_bwv_846,Bach/Fugue/bwv_846
C:\Users\eagle\MARG_research\third_party\PianistTransformer\data\midis\asap-dataset-master\Bach\Fugue\bwv_846\Shi05M.mid,asap_metadata_performance,raw_normalized,125.053,61,125053,Bach/Fugue/bwv_846/Shi05M.mid,Bach,Fugue_bwv_846,Bach/Fugue/bwv_846
C:\Users\eagle\MARG_research\third_party\PianistTransformer\data\midis\asap-dataset-master\Bach\Fugue\bwv_846\Shi05M.mid,asap_metadata_performance,raw_normalized,125.073,61,125073,Bach/Fugue/bwv_846/Shi05M.mid,Bach,Fugue_bwv_846,Bach/Fugue/bwv_846
C:\Users\eagle\MARG_research\third_party\PianistTransformer\data\midis\asap-dataset-master\Bach\Fugue\bwv_846\Shi05M.mid,asap_metadata_performance,raw_normalized,125.091,60,125091,Bach/Fugue/bwv_846/Shi05M.mid,Bach,Fugue_bwv_846,Bach/Fugue/bwv_846
C:\Users\eagle\MARG_research\third_party\PianistTransformer\data\midis\asap-dataset-master\Bach\Fugue\bwv_846\Shi05M.mid,asap_metadata_performance,raw_normalized,125.112,59,125112,Bach/Fugue/bwv_846/Shi05M.mid,Bach,Fugue_bwv_846,Bach/Fugue/bwv_846
C:\Users\eagle\MARG_research\third_party\PianistTransformer\data\midis\asap-dataset-master\Bach\Fugue\bwv_846\Shi05M.mid,asap_metadata_performance,raw_normalized,125.132,58,125132,Bach/Fugue/bwv_846/Shi05M.mid,Bach,Fugue_bwv_846,Bach/Fugue/bwv_846
C:\Users\eagle\MARG_research\third_party\PianistTransformer\data\midis\asap-dataset-master\Bach\Fugue\bwv_846\Shi05M.mid,asap_metadata_performance,raw_normalized,125.151,58,125151,Bach/Fugue/bwv_846/Shi05M.mid,Bach,Fugue_bwv_846,Bach/Fugue/bwv_846
C:\Users\eagle\MARG_research\third_party\PianistTransformer\data\midis\asap-dataset-master\Bach\Fugue\bwv_846\Shi05M.mid,asap_metadata_performance,raw_normalized,125.172,57,125172,Bach/Fugue/bwv_846/Shi05M.mid,Bach,Fugue_bwv_846,Bach/Fugue/bwv_846
C:\Users\eagle\MARG_research\third_party\PianistTransformer\data\midis\asap-dataset-master\Bach\Fugue\bwv_846\Shi05M.mid,asap_metadata_performance,raw_normalized,125.23,57,125230,Bach/Fugue/bwv_846/Shi05M.mid,Bach,Fugue_bwv_846,Bach/Fugue/bwv_846
C:\Users\eagle\MARG_research\third_party\PianistTransformer\data\midis\asap-dataset-master\Bach\Fugue\bwv_846\Shi05M.mid,asap_metadata_performance,raw_normalized,125.299,56,125299,Bach/Fugue/bwv_846/Shi05M.mid,Bach,Fugue_bwv_846,Bach/Fugue/bwv_846
C:\Users\eagle\MARG_research\third_party\PianistTransformer\data\midis\asap-dataset-master\Bach\Fugue\bwv_846\Shi05M.mid,asap_metadata_performance,raw_normalized,125.34,56,125340,Bach/Fugue/bwv_846/Shi05M.mid,Bach,Fugue_bwv_846,Bach/Fugue/bwv_846
C:\Users\eagle\MARG_research\third_party\PianistTransformer\data\midis\asap-dataset-master\Bach\Fugue\bwv_846\Shi05M.mid,asap_metadata_performance,raw_normalized,125.439,55,125439,Bach/Fugue/bwv_846/Shi05M.mid,Bach,Fugue_bwv_846,Bach/Fugue/bwv_846
C:\Users\eagle\MARG_research\third_party\PianistTransformer\data\midis\asap-dataset-master\Bach\Fugue\bwv_846\Shi05M.mid,asap_metadata_performance,raw_normalized,125.775,56,125775,Bach/Fugue/bwv_846/Shi05M.mid,Bach,Fugue_bwv_846,Bach/Fugue/bwv_846
C:\Users\eagle\MARG_research\third_party\PianistTransformer\data\midis\asap-dataset-master\Bach\Fugue\bwv_846\Shi05M.mid,asap_metadata_performance,raw_normalized,125.814,56,125814,Bach/Fugue/bwv_846/Shi05M.mid,Bach,Fugue_bwv_846,Bach/Fugue/bwv_846
C:\Users\eagle\MARG_research\third_party\PianistTransformer\data\midis\asap-dataset-master\Bach\Fugue\bwv_846\Shi05M.mid,asap_metadata_performance,raw_normalized,125.932,57,125932,Bach/Fugue/bwv_846/Shi05M.mid,Bach,Fugue_bwv_846,Bach/Fugue/bwv_846
C:\Users\eagle\MARG_research\third_party\PianistTransformer\data\midis\asap-dataset-master\Bach\Fugue\bwv_846\Shi05M.mid,asap_metadata_performance,raw_normalized,125.974,57,125974,Bach/Fugue/bwv_846/Shi05M.mid,Bach,Fugue_bwv_846,Bach/Fugue/bwv_846
C:\Users\eagle\MARG_research\third_party\PianistTransformer\data\midis\asap-dataset-master\Bach\Fugue\bwv_846\Shi05M.mid,asap_metadata_performance,raw_normalized,125.995,58,125995,Bach/Fugue/bwv_846/Shi05M.mid,Bach,Fugue_bwv_846,Bach/Fugue/bwv_846
C:\Users\eagle\MARG_research\third_party\PianistTransformer\data\midis\asap-dataset-master\Bach\Fugue\bwv_846\Shi05M.mid,asap_metadata_performance,raw_normalized,126.033,58,126033,Bach/Fugue/bwv_846/Shi05M.mid,Bach,Fugue_bwv_846,Bach/Fugue/bwv_846
C:\Users\eagle\MARG_research\third_party\PianistTransformer\data\midis\asap-dataset-master\Bach\Fugue\bwv_846\Shi05M.mid,asap_metadata_performance,raw_normalized,126.073,59,126073,Bach/Fugue/bwv_846/Shi05M.mid,Bach,Fugue_bwv_846,Bach/Fugue/bwv_846
C:\Users\eagle\MARG_research\third_party\PianistTransformer\data\midis\asap-dataset-master\Bach\Fugue\bwv_846\Shi05M.mid,asap_metadata_performance,raw_normalized,126.091,59,126091,Bach/Fugue/bwv_846/Shi05M.mid,Bach,Fugue_bwv_846,Bach/Fugue/bwv_846
C:\Users\eagle\MARG_research\third_party\PianistTransformer\data\midis\asap-dataset-master\Bach\Fugue\bwv_846\Shi05M.mid,asap_metadata_performance,raw_normalized,126.112,60,126112,Bach/Fugue/bwv_846/Shi05M.mid,Bach,Fugue_bwv_846,Bach/Fugue/bwv_846
C:\Users\eagle\MARG_research\third_party\PianistTransformer\data\midis\asap-dataset-master\Bach\Fugue\bwv_846\Shi05M.mid,asap_metadata_performance,raw_normalized,126.172,60,126172,Bach/Fugue/bwv_846/Shi05M.mid,Bach,Fugue_bwv_846,Bach/Fugue/bwv_846
C:\Users\eagle\MARG_research\third_party\PianistTransformer\data\midis\asap-dataset-master\Bach\Fugue\bwv_846\Shi05M.mid,asap_metadata_performance,raw_normalized,126.281,61,126281,Bach/Fugue/bwv_846/Shi05M.mid,Bach,Fugue_bwv_846,Bach/Fugue/bwv_846
C:\Users\eagle\MARG_research\third_party\PianistTransformer\data\midis\asap-dataset-master\Bach\Fugue\bwv_846\Shi05M.mid,asap_metadata_performance,raw_normalized,126.299,62,126299,Bach/Fugue/bwv_846/Shi05M.mid,Bach,Fugue_bwv_846,Bach/Fugue/bwv_846
C:\Users\eagle\MARG_research\third_party\PianistTransformer\data\midis\asap-dataset-master\Bach\Fugue\bwv_846\Shi05M.mid,asap_metadata_performance,raw_normalized,126.32,64,126320,Bach/Fugue/bwv_846/Shi05M.mid,Bach,Fugue_bwv_846,Bach/Fugue/bwv_846
C:\Users\eagle\MARG_research\third_party\PianistTransformer\data\midis\asap-dataset-master\Bach\Fugue\bwv_846\Shi05M.mid,asap_metadata_performance,raw_normalized,126.34,68,126340,Bach/Fugue/bwv_846/Shi05M.mid,Bach,Fugue_bwv_846,Bach/Fugue/bwv_846
C:\Users\eagle\MARG_research\third_party\PianistTransformer\data\midis\asap-dataset-master\Bach\Fugue\bwv_846\Shi05M.mid,asap_metadata_performance,raw_normalized,126.359,74,126359,Bach/Fugue/bwv_846/Shi05M.mid,Bach,Fugue_bwv_846,Bach/Fugue/bwv_846
C:\Users\eagle\MARG_research\third_party\PianistTransformer\data\midis\asap-dataset-master\Bach\Fugue\bwv_846\Shi05M.mid,asap_metadata_performance,raw_normalized,126.379,84,126379,Bach/Fugue/bwv_846/Shi05M.mid,Bach,Fugue_bwv_846,Bach/Fugue/bwv_846
C:\Users\eagle\MARG_research\third_party\PianistTransformer\data\midis\asap-dataset-master\Bach\Fugue\bwv_846\Shi05M.mid,asap_metadata_performance,raw_normalized,126.398,99,126398,Bach/Fugue/bwv_846/Shi05M.mid,Bach,Fugue_bwv_846,Bach/Fugue/bwv_846
C:\Users\eagle\MARG_research\third_party\PianistTransformer\data\midis\asap-dataset-master\Bach\Fugue\bwv_846\Shi05M.mid,asap_metadata_performance,raw_normalized,126.419,118,126419,Bach/Fugue/bwv_846/Shi05M.mid,Bach,Fugue_bwv_846,Bach/Fugue/bwv_846
C:\Users\eagle\MARG_research\third_party\PianistTransformer\data\midis\asap-dataset-master\Bach\Fugue\bwv_846\Shi05M.mid,asap_metadata_performance,raw_normalized,126.439,127,126439,Bach/Fugue/bwv_846/Shi05M.mid,Bach,Fugue_bwv_846,Bach/Fugue/bwv_846
C:\Users\eagle\MARG_research\third_party\PianistTransformer\data\midis\asap-dataset-master\Bach\Fugue\bwv_846\Shi05M.mid,asap_metadata_performance,raw_normalized,126.934,113,126934,Bach/Fugue/bwv_846/Shi05M.mid,Bach,Fugue_bwv_846,Bach/Fugue/bwv_846
C:\Users\eagle\MARG_research\third_party\PianistTransformer\data\midis\asap-dataset-master\Bach\Fugue\bwv_846\Shi05M.mid,asap_metadata_performance,raw_normalized,126.953,107,126953,Bach/Fugue/bwv_846/Shi05M.mid,Bach,Fugue_bwv_846,Bach/Fugue/bwv_846
C:\Users\eagle\MARG_research\third_party\PianistTransformer\data\midis\asap-dataset-master\Bach\Fugue\bwv_846\Shi05M.mid,asap_metadata_performance,raw_normalized,126.973,102,126973,Bach/Fugue/bwv_846/Shi05M.mid,Bach,Fugue_bwv_846,Bach/Fugue/bwv_846
C:\Users\eagle\MARG_research\third_party\PianistTransformer\data\midis\asap-dataset-master\Bach\Fugue\bwv_846\Shi05M.mid,asap_metadata_performance,raw_normalized,126.992,98,126992,Bach/Fugue/bwv_846/Shi05M.mid,Bach,Fugue_bwv_846,Bach/Fugue/bwv_846
C:\Users\eagle\MARG_research\third_party\PianistTransformer\data\midis\asap-dataset-master\Bach\Fugue\bwv_846\Shi05M.mid,asap_metadata_performance,raw_normalized,127.012,93,127012,Bach/Fugue/bwv_846/Shi05M.mid,Bach,Fugue_bwv_846,Bach/Fugue/bwv_846
C:\Users\eagle\MARG_research\third_party\PianistTransformer\data\midis\asap-dataset-master\Bach\Fugue\bwv_846\Shi05M.mid,asap_metadata_performance,raw_normalized,127.034,90,127034,Bach/Fugue/bwv_846/Shi05M.mid,Bach,Fugue_bwv_846,Bach/Fugue/bwv_846
C:\Users\eagle\MARG_research\third_party\PianistTransformer\data\midis\asap-dataset-master\Bach\Fugue\bwv_846\Shi05M.mid,asap_metadata_performance,raw_normalized,127.055,86,127055,Bach/Fugue/bwv_846/Shi05M.mid,Bach,Fugue_bwv_846,Bach/Fugue/bwv_846
C:\Users\eagle\MARG_research\third_party\PianistTransformer\data\midis\asap-dataset-master\Bach\Fugue\bwv_846\Shi05M.mid,asap_metadata_performance,raw_normalized,127.073,80,127073,Bach/Fugue/bwv_846/Shi05M.mid,Bach,Fugue_bwv_846,Bach/Fugue/bwv_846
C:\Users\eagle\MARG_research\third_party\PianistTransformer\data\midis\asap-dataset-master\Bach\Fugue\bwv_846\Shi05M.mid,asap_metadata_performance,raw_normalized,127.094,74,127094,Bach/Fugue/bwv_846/Shi05M.mid,Bach,Fugue_bwv_846,Bach/Fugue/bwv_846
C:\Users\eagle\MARG_research\third_party\PianistTransformer\data\midis\asap-dataset-master\Bach\Fugue\bwv_846\Shi05M.mid,asap_metadata_performance,raw_normalized,127.113,70,127113,Bach/Fugue/bwv_846/Shi05M.mid,Bach,Fugue_bwv_846,Bach/Fugue/bwv_846
C:\Users\eagle\MARG_research\third_party\PianistTransformer\data\midis\asap-dataset-master\Bach\Fugue\bwv_846\Shi05M.mid,asap_metadata_performance,raw_normalized,127.133,66,127133,Bach/Fugue/bwv_846/Shi05M.mid,Bach,Fugue_bwv_846,Bach/Fugue/bwv_846
C:\Users\eagle\MARG_research\third_party\PianistTransformer\data\midis\asap-dataset-master\Bach\Fugue\bwv_846\Shi05M.mid,asap_metadata_performance,raw_normalized,127.154,64,127154,Bach/Fugue/bwv_846/Shi05M.mid,Bach,Fugue_bwv_846,Bach/Fugue/bwv_846
C:\Users\eagle\MARG_research\third_party\PianistTransformer\data\midis\asap-dataset-master\Bach\Fugue\bwv_846\Shi05M.mid,asap_metadata_performance,raw_normalized,127.173,61,127173,Bach/Fugue/bwv_846/Shi05M.mid,Bach,Fugue_bwv_846,Bach/Fugue/bwv_846
C:\Users\eagle\MARG_research\third_party\PianistTransformer\data\midis\asap-dataset-master\Bach\Fugue\bwv_846\Shi05M.mid,asap_metadata_performance,raw_normalized,127.193,57,127193,Bach/Fugue/bwv_846/Shi05M.mid,Bach,Fugue_bwv_846,Bach/Fugue/bwv_846
C:\Users\eagle\MARG_research\third_party\PianistTransformer\data\midis\asap-dataset-master\Bach\Fugue\bwv_846\Shi05M.mid,asap_metadata_performance,raw_normalized,127.212,54,127212,Bach/Fugue/bwv_846/Shi05M.mid,Bach,Fugue_bwv_846,Bach/Fugue/bwv_846
C:\Users\eagle\MARG_research\third_party\PianistTransformer\data\midis\asap-dataset-master\Bach\Fugue\bwv_846\Shi05M.mid,asap_metadata_performance,raw_normalized,127.232,52,127232,Bach/Fugue/bwv_846/Shi05M.mid,Bach,Fugue_bwv_846,Bach/Fugue/bwv_846
C:\Users\eagle\MARG_research\third_party\PianistTransformer\data\midis\asap-dataset-master\Bach\Fugue\bwv_846\Shi05M.mid,asap_metadata_performance,raw_normalized,127.262,51,127262,Bach/Fugue/bwv_846/Shi05M.mid,Bach,Fugue_bwv_846,Bach/Fugue/bwv_846
C:\Users\eagle\MARG_research\third_party\PianistTransformer\data\midis\asap-dataset-master\Bach\Fugue\bwv_846\Shi05M.mid,asap_metadata_performance,raw_normalized,127.301,51,127301,Bach/Fugue/bwv_846/Shi05M.mid,Bach,Fugue_bwv_846,Bach/Fugue/bwv_846
C:\Users\eagle\MARG_research\third_party\PianistTransformer\data\midis\asap-dataset-master\Bach\Fugue\bwv_846\Shi05M.mid,asap_metadata_performance,raw_normalized,127.32,50,127320,Bach/Fugue/bwv_846/Shi05M.mid,Bach,Fugue_bwv_846,Bach/Fugue/bwv_846
C:\Users\eagle\MARG_research\third_party\PianistTransformer\data\midis\asap-dataset-master\Bach\Fugue\bwv_846\Shi05M.mid,asap_metadata_performance,raw_normalized,127.34,50,127340,Bach/Fugue/bwv_846/Shi05M.mid,Bach,Fugue_bwv_846,Bach/Fugue/bwv_846
C:\Users\eagle\MARG_research\third_party\PianistTransformer\data\midis\asap-dataset-master\Bach\Fugue\bwv_846\Shi05M.mid,asap_metadata_performance,raw_normalized,127.361,49,127361,Bach/Fugue/bwv_846/Shi05M.mid,Bach,Fugue_bwv_846,Bach/Fugue/bwv_846
C:\Users\eagle\MARG_research\third_party\PianistTransformer\data\midis\asap-dataset-master\Bach\Fugue\bwv_846\Shi05M.mid,asap_metadata_performance,raw_normalized,128.359,49,128359,Bach/Fugue/bwv_846/Shi05M.mid,Bach,Fugue_bwv_846,Bach/Fugue/bwv_846
C:\Users\eagle\MARG_research\third_party\PianistTransformer\data\midis\asap-dataset-master\Bach\Fugue\bwv_846\Shi05M.mid,asap_metadata_performance,raw_normalized,128.4,50,128400,Bach/Fugue/bwv_846/Shi05M.mid,Bach,Fugue_bwv_846,Bach/Fugue/bwv_846
C:\Users\eagle\MARG_research\third_party\PianistTransformer\data\midis\asap-dataset-master\Bach\Fugue\bwv_846\Shi05M.mid,asap_metadata_performance,raw_normalized,128.44,50,128440,Bach/Fugue/bwv_846/Shi05M.mid,Bach,Fugue_bwv_846,Bach/Fugue/bwv_846
C:\Users\eagle\MARG_research\third_party\PianistTransformer\data\midis\asap-dataset-master\Bach\Fugue\bwv_846\Shi05M.mid,asap_metadata_performance,raw_normalized,128.478,51,128478,Bach/Fugue/bwv_846/Shi05M.mid,Bach,Fugue_bwv_846,Bach/Fugue/bwv_846
C:\Users\eagle\MARG_research\third_party\PianistTransformer\data\midis\asap-dataset-master\Bach\Fugue\bwv_846\Shi05M.mid,asap_metadata_performance,raw_normalized,128.499,51,128499,Bach/Fugue/bwv_846/Shi05M.mid,Bach,Fugue_bwv_846,Bach/Fugue/bwv_846
C:\Users\eagle\MARG_research\third_party\PianistTransformer\data\midis\asap-dataset-master\Bach\Fugue\bwv_846\Shi05M.mid,asap_metadata_performance,raw_normalized,128.518,52,128518,Bach/Fugue/bwv_846/Shi05M.mid,Bach,Fugue_bwv_846,Bach/Fugue/bwv_846
C:\Users\eagle\MARG_research\third_party\PianistTransformer\data\midis\asap-dataset-master\Bach\Fugue\bwv_846\Shi05M.mid,asap_metadata_performance,raw_normalized,128.538,53,128538,Bach/Fugue/bwv_846/Shi05M.mid,Bach,Fugue_bwv_846,Bach/Fugue/bwv_846
C:\Users\eagle\MARG_research\third_party\PianistTransformer\data\midis\asap-dataset-master\Bach\Fugue\bwv_846\Shi05M.mid,asap_metadata_performance,raw_normalized,128.557,54,128557,Bach/Fugue/bwv_846/Shi05M.mid,Bach,Fugue_bwv_846,Bach/Fugue/bwv_846
C:\Users\eagle\MARG_research\third_party\PianistTransformer\data\midis\asap-dataset-master\Bach\Fugue\bwv_846\Shi05M.mid,asap_metadata_performance,raw_normalized,128.577,54,128577,Bach/Fugue/bwv_846/Shi05M.mid,Bach,Fugue_bwv_846,Bach/Fugue/bwv_846
C:\Users\eagle\MARG_research\third_party\PianistTransformer\data\midis\asap-dataset-master\Bach\Fugue\bwv_846\Shi05M.mid,asap_metadata_performance,raw_normalized,128.598,55,128598,Bach/Fugue/bwv_846/Shi05M.mid,Bach,Fugue_bwv_846,Bach/Fugue/bwv_846
C:\Users\eagle\MARG_research\third_party\PianistTransformer\data\midis\asap-dataset-master\Bach\Fugue\bwv_846\Shi05M.mid,asap_metadata_performance,raw_normalized,128.617,56,128617,Bach/Fugue/bwv_846/Shi05M.mid,Bach,Fugue_bwv_846,Bach/Fugue/bwv_846
C:\Users\eagle\MARG_research\third_party\PianistTransformer\data\midis\asap-dataset-master\Bach\Fugue\bwv_846\Shi05M.mid,asap_metadata_performance,raw_normalized,128.637,57,128637,Bach/Fugue/bwv_846/Shi05M.mid,Bach,Fugue_bwv_846,Bach/Fugue/bwv_846
C:\Users\eagle\MARG_research\third_party\PianistTransformer\data\midis\asap-dataset-master\Bach\Fugue\bwv_846\Shi05M.mid,asap_metadata_performance,raw_normalized,128.656,58,128656,Bach/Fugue/bwv_846/Shi05M.mid,Bach,Fugue_bwv_846,Bach/Fugue/bwv_846
C:\Users\eagle\MARG_research\third_party\PianistTransformer\data\midis\asap-dataset-master\Bach\Fugue\bwv_846\Shi05M.mid,asap_metadata_performance,raw_normalized,128.676,59,128676,Bach/Fugue/bwv_846/Shi05M.mid,Bach,Fugue_bwv_846,Bach/Fugue/bwv_846
C:\Users\eagle\MARG_research\third_party\PianistTransformer\data\midis\asap-dataset-master\Bach\Fugue\bwv_846\Shi05M.mid,asap_metadata_performance,raw_normalized,128.695,60,128695,Bach/Fugue/bwv_846/Shi05M.mid,Bach,Fugue_bwv_846,Bach/Fugue/bwv_846
C:\Users\eagle\MARG_research\third_party\PianistTransformer\data\midis\asap-dataset-master\Bach\Fugue\bwv_846\Shi05M.mid,asap_metadata_performance,raw_normalized,128.716,61,128716,Bach/Fugue/bwv_846/Shi05M.mid,Bach,Fugue_bwv_846,Bach/Fugue/bwv_846
C:\Users\eagle\MARG_research\third_party\PianistTransformer\data\midis\asap-dataset-master\Bach\Fugue\bwv_846\Shi05M.mid,asap_metadata_performance,raw_normalized,128.734,62,128734,Bach/Fugue/bwv_846/Shi05M.mid,Bach,Fugue_bwv_846,Bach/Fugue/bwv_846
C:\Users\eagle\MARG_research\third_party\PianistTransformer\data\midis\asap-dataset-master\Bach\Fugue\bwv_846\Shi05M.mid,asap_metadata_performance,raw_normalized,128.755,64,128755,Bach/Fugue/bwv_846/Shi05M.mid,Bach,Fugue_bwv_846,Bach/Fugue/bwv_846
C:\Users\eagle\MARG_research\third_party\PianistTransformer\data\midis\asap-dataset-master\Bach\Fugue\bwv_846\Shi05M.mid,asap_metadata_performance,raw_normalized,128.775,66,128775,Bach/Fugue/bwv_846/Shi05M.mid,Bach,Fugue_bwv_846,Bach/Fugue/bwv_846
C:\Users\eagle\MARG_research\third_party\PianistTransformer\data\midis\asap-dataset-master\Bach\Fugue\bwv_846\Shi05M.mid,asap_metadata_performance,raw_normalized,128.794,71,128794,Bach/Fugue/bwv_846/Shi05M.mid,Bach,Fugue_bwv_846,Bach/Fugue/bwv_846
C:\Users\eagle\MARG_research\third_party\PianistTransformer\data\midis\asap-dataset-master\Bach\Fugue\bwv_846\Shi05M.mid,asap_metadata_performance,raw_normalized,128.815,76,128815,Bach/Fugue/bwv_846/Shi05M.mid,Bach,Fugue_bwv_846,Bach/Fugue/bwv_846
C:\Users\eagle\MARG_research\third_party\PianistTransformer\data\midis\asap-dataset-master\Bach\Fugue\bwv_846\Shi05M.mid,asap_metadata_performance,raw_normalized,128.833,81,128833,Bach/Fugue/bwv_846/Shi05M.mid,Bach,Fugue_bwv_846,Bach/Fugue/bwv_846
C:\Users\eagle\MARG_research\third_party\PianistTransformer\data\midis\asap-dataset-master\Bach\Fugue\bwv_846\Shi05M.mid,asap_metadata_performance,raw_normalized,128.853,86,128853,Bach/Fugue/bwv_846/Shi05M.mid,Bach,Fugue_bwv_846,Bach/Fugue/bwv_846
C:\Users\eagle\MARG_research\third_party\PianistTransformer\data\midis\asap-dataset-master\Bach\Fugue\bwv_846\Shi05M.mid,asap_metadata_performance,raw_normalized,128.874,92,128874,Bach/Fugue/bwv_846/Shi05M.mid,Bach,Fugue_bwv_846,Bach/Fugue/bwv_846
C:\Users\eagle\MARG_research\third_party\PianistTransformer\data\midis\asap-dataset-master\Bach\Fugue\bwv_846\Shi05M.mid,asap_metadata_performance,raw_normalized,128.893,98,128893,Bach/Fugue/bwv_846/Shi05M.mid,Bach,Fugue_bwv_846,Bach/Fugue/bwv_846
C:\Users\eagle\MARG_research\third_party\PianistTransformer\data\midis\asap-dataset-master\Bach\Fugue\bwv_846\Shi05M.mid,asap_metadata_performance,raw_normalized,128.914,105,128914,Bach/Fugue/bwv_846/Shi05M.mid,Bach,Fugue_bwv_846,Bach/Fugue/bwv_846
C:\Users\eagle\MARG_research\third_party\PianistTransformer\data\midis\asap-dataset-master\Bach\Fugue\bwv_846\Shi05M.mid,asap_metadata_performance,raw_normalized,128.934,111,128934,Bach/Fugue/bwv_846/Shi05M.mid,Bach,Fugue_bwv_846,Bach/Fugue/bwv_846
C:\Users\eagle\MARG_research\third_party\PianistTransformer\data\midis\asap-dataset-master\Bach\Fugue\bwv_846\Shi05M.mid,asap_metadata_performance,raw_normalized,128.952,113,128952,Bach/Fugue/bwv_846/Shi05M.mid,Bach,Fugue_bwv_846,Bach/Fugue/bwv_846
C:\Users\eagle\MARG_research\third_party\PianistTransformer\data\midis\asap-dataset-master\Bach\Fugue\bwv_846\Shi05M.mid,asap_metadata_performance,raw_normalized,129.091,109,129091,Bach/Fugue/bwv_846/Shi05M.mid,Bach,Fugue_bwv_846,Bach/Fugue/bwv_846
C:\Users\eagle\MARG_research\third_party\PianistTransformer\data\midis\asap-dataset-master\Bach\Fugue\bwv_846\Shi05M.mid,asap_metadata_performance,raw_normalized,129.111,105,129111,Bach/Fugue/bwv_846/Shi05M.mid,Bach,Fugue_bwv_846,Bach/Fugue/bwv_846
C:\Users\eagle\MARG_research\third_party\PianistTransformer\data\midis\asap-dataset-master\Bach\Fugue\bwv_846\Shi05M.mid,asap_metadata_performance,raw_normalized,129.132,101,129132,Bach/Fugue/bwv_846/Shi05M.mid,Bach,Fugue_bwv_846,Bach/Fugue/bwv_846
C:\Users\eagle\MARG_research\third_party\PianistTransformer\data\midis\asap-dataset-master\Bach\Fugue\bwv_846\Shi05M.mid,asap_metadata_performance,raw_normalized,129.151,98,129151,Bach/Fugue/bwv_846/Shi05M.mid,Bach,Fugue_bwv_846,Bach/Fugue/bwv_846
C:\Users\eagle\MARG_research\third_party\PianistTransformer\data\midis\asap-dataset-master\Bach\Fugue\bwv_846\Shi05M.mid,asap_metadata_performance,raw_normalized,129.172,95,129172,Bach/Fugue/bwv_846/Shi05M.mid,Bach,Fugue_bwv_846,Bach/Fugue/bwv_846
C:\Users\eagle\MARG_research\third_party\PianistTransformer\data\midis\asap-dataset-master\Bach\Fugue\bwv_846\Shi05M.mid,asap_metadata_performance,raw_normalized,129.191,92,129191,Bach/Fugue/bwv_846/Shi05M.mid,Bach,Fugue_bwv_846,Bach/Fugue/bwv_846
C:\Users\eagle\MARG_research\third_party\PianistTransformer\data\midis\asap-dataset-master\Bach\Fugue\bwv_846\Shi05M.mid,asap_metadata_performance,raw_normalized,129.211,87,129211,Bach/Fugue/bwv_846/Shi05M.mid,Bach,Fugue_bwv_846,Bach/Fugue/bwv_846
C:\Users\eagle\MARG_research\third_party\PianistTransformer\data\midis\asap-dataset-master\Bach\Fugue\bwv_846\Shi05M.mid,asap_metadata_performance,raw_normalized,129.232,83,129232,Bach/Fugue/bwv_846/Shi05M.mid,Bach,Fugue_bwv_846,Bach/Fugue/bwv_846
C:\Users\eagle\MARG_research\third_party\PianistTransformer\data\midis\asap-dataset-master\Bach\Fugue\bwv_846\Shi05M.mid,asap_metadata_performance,raw_normalized,129.26,78,129260,Bach/Fugue/bwv_846/Shi05M.mid,Bach,Fugue_bwv_846,Bach/Fugue/bwv_846
C:\Users\eagle\MARG_research\third_party\PianistTransformer\data\midis\asap-dataset-master\Bach\Fugue\bwv_846\Shi05M.mid,asap_metadata_performance,raw_normalized,129.281,73,129281,Bach/Fugue/bwv_846/Shi05M.mid,Bach,Fugue_bwv_846,Bach/Fugue/bwv_846
C:\Users\eagle\MARG_research\third_party\PianistTransformer\data\midis\asap-dataset-master\Bach\Fugue\bwv_846\Shi05M.mid,asap_metadata_performance,raw_normalized,129.299,70,129299,Bach/Fugue/bwv_846/Shi05M.mid,Bach,Fugue_bwv_846,Bach/Fugue/bwv_846
C:\Users\eagle\MARG_research\third_party\PianistTransformer\data\midis\asap-dataset-master\Bach\Fugue\bwv_846\Shi05M.mid,asap_metadata_performance,raw_normalized,129.319,66,129319,Bach/Fugue/bwv_846/Shi05M.mid,Bach,Fugue_bwv_846,Bach/Fugue/bwv_846
C:\Users\eagle\MARG_research\third_party\PianistTransformer\data\midis\asap-dataset-master\Bach\Fugue\bwv_846\Shi05M.mid,asap_metadata_performance,raw_normalized,129.34,62,129340,Bach/Fugue/bwv_846/Shi05M.mid,Bach,Fugue_bwv_846,Bach/Fugue/bwv_846
C:\Users\eagle\MARG_research\third_party\PianistTransformer\data\midis\asap-dataset-master\Bach\Fugue\bwv_846\Shi05M.mid,asap_metadata_performance,raw_normalized,129.359,58,129359,Bach/Fugue/bwv_846/Shi05M.mid,Bach,Fugue_bwv_846,Bach/Fugue/bwv_846
C:\Users\eagle\MARG_research\third_party\PianistTransformer\data\midis\asap-dataset-master\Bach\Fugue\bwv_846\Shi05M.mid,asap_metadata_performance,raw_normalized,129.38,56,129380,Bach/Fugue/bwv_846/Shi05M.mid,Bach,Fugue_bwv_846,Bach/Fugue/bwv_846
C:\Users\eagle\MARG_research\third_party\PianistTransformer\data\midis\asap-dataset-master\Bach\Fugue\bwv_846\Shi05M.mid,asap_metadata_performance,raw_normalized,129.398,55,129398,Bach/Fugue/bwv_846/Shi05M.mid,Bach,Fugue_bwv_846,Bach/Fugue/bwv_846
C:\Users\eagle\MARG_research\third_party\PianistTransformer\data\midis\asap-dataset-master\Bach\Fugue\bwv_846\Shi05M.mid,asap_metadata_performance,raw_normalized,129.418,55,129418,Bach/Fugue/bwv_846/Shi05M.mid,Bach,Fugue_bwv_846,Bach/Fugue/bwv_846
C:\Users\eagle\MARG_research\third_party\PianistTransformer\data\midis\asap-dataset-master\Bach\Fugue\bwv_846\Shi05M.mid,asap_metadata_performance,raw_normalized,129.458,54,129458,Bach/Fugue/bwv_846/Shi05M.mid,Bach,Fugue_bwv_846,Bach/Fugue/bwv_846
C:\Users\eagle\MARG_research\third_party\PianistTransformer\data\midis\asap-dataset-master\Bach\Fugue\bwv_846\Shi05M.mid,asap_metadata_performance,raw_normalized,129.478,53,129478,Bach/Fugue/bwv_846/Shi05M.mid,Bach,Fugue_bwv_846,Bach/Fugue/bwv_846
C:\Users\eagle\MARG_research\third_party\PianistTransformer\data\midis\asap-dataset-master\Bach\Fugue\bwv_846\Shi05M.mid,asap_metadata_performance,raw_normalized,129.499,52,129499,Bach/Fugue/bwv_846/Shi05M.mid,Bach,Fugue_bwv_846,Bach/Fugue/bwv_846
C:\Users\eagle\MARG_research\third_party\PianistTransformer\data\midis\asap-dataset-master\Bach\Fugue\bwv_846\Shi05M.mid,asap_metadata_performance,raw_normalized,129.518,52,129518,Bach/Fugue/bwv_846/Shi05M.mid,Bach,Fugue_bwv_846,Bach/Fugue/bwv_846
C:\Users\eagle\MARG_research\third_party\PianistTransformer\data\midis\asap-dataset-master\Bach\Fugue\bwv_846\Shi05M.mid,asap_metadata_performance,raw_normalized,129.617,52,129617,Bach/Fugue/bwv_846/Shi05M.mid,Bach,Fugue_bwv_846,Bach/Fugue/bwv_846
C:\Users\eagle\MARG_research\third_party\PianistTransformer\data\midis\asap-dataset-master\Bach\Fugue\bwv_846\Shi05M.mid,asap_metadata_performance,raw_normalized,132.499,52,132499,Bach/Fugue/bwv_846/Shi05M.mid,Bach,Fugue_bwv_846,Bach/Fugue/bwv_846
C:\Users\eagle\MARG_research\third_party\PianistTransformer\data\midis\asap-dataset-master\Bach\Fugue\bwv_846\Shi05M.mid,asap_metadata_performance,raw_normalized,132.836,51,132836,Bach/Fugue/bwv_846/Shi05M.mid,Bach,Fugue_bwv_846,Bach/Fugue/bwv_846
C:\Users\eagle\MARG_research\third_party\PianistTransformer\data\midis\asap-dataset-master\Bach\Fugue\bwv_846\Shi05M.mid,asap_metadata_performance,raw_normalized,133.379,51,133379,Bach/Fugue/bwv_846/Shi05M.mid,Bach,Fugue_bwv_846,Bach/Fugue/bwv_846
C:\Users\eagle\MARG_research\third_party\PianistTransformer\data\midis\asap-dataset-master\Bach\Fugue\bwv_846\Shi05M.mid,asap_metadata_performance,raw_normalized,133.559,50,133559,Bach/Fugue/bwv_846/Shi05M.mid,Bach,Fugue_bwv_846,Bach/Fugue/bwv_846
C:\Users\eagle\MARG_research\third_party\PianistTransformer\data\midis\asap-dataset-master\Bach\Fugue\bwv_846\Shi05M.mid,asap_metadata_performance,raw_normalized,133.659,50,133659,Bach/Fugue/bwv_846/Shi05M.mid,Bach,Fugue_bwv_846,Bach/Fugue/bwv_846
C:\Users\eagle\MARG_research\third_party\PianistTransformer\data\midis\asap-dataset-master\Bach\Fugue\bwv_846\Shi05M.mid,asap_metadata_performance,raw_normalized,133.776,49,133776,Bach/Fugue/bwv_846/Shi05M.mid,Bach,Fugue_bwv_846,Bach/Fugue/bwv_846
C:\Users\eagle\MARG_research\third_party\PianistTransformer\data\midis\asap-dataset-master\Bach\Fugue\bwv_846\Shi05M.mid,asap_metadata_performance,raw_normalized,133.816,49,133816,Bach/Fugue/bwv_846/Shi05M.mid,Bach,Fugue_bwv_846,Bach/Fugue/bwv_846
C:\Users\eagle\MARG_research\third_party\PianistTransformer\data\midis\asap-dataset-master\Bach\Fugue\bwv_846\Shi05M.mid,asap_metadata_performance,raw_normalized,133.855,48,133855,Bach/Fugue/bwv_846/Shi05M.mid,Bach,Fugue_bwv_846,Bach/Fugue/bwv_846
C:\Users\eagle\MARG_research\third_party\PianistTransformer\data\midis\asap-dataset-master\Bach\Fugue\bwv_846\Shi05M.mid,asap_metadata_performance,raw_normalized,133.895,48,133895,Bach/Fugue/bwv_846/Shi05M.mid,Bach,Fugue_bwv_846,Bach/Fugue/bwv_846
C:\Users\eagle\MARG_research\third_party\PianistTransformer\data\midis\asap-dataset-master\Bach\Fugue\bwv_846\Shi05M.mid,asap_metadata_performance,raw_normalized,133.935,47,133935,Bach/Fugue/bwv_846/Shi05M.mid,Bach,Fugue_bwv_846,Bach/Fugue/bwv_846
C:\Users\eagle\MARG_research\third_party\PianistTransformer\data\midis\asap-dataset-master\Bach\Fugue\bwv_846\Shi05M.mid,asap_metadata_performance,raw_normalized,133.974,47,133974,Bach/Fugue/bwv_846/Shi05M.mid,Bach,Fugue_bwv_846,Bach/Fugue/bwv_846
C:\Users\eagle\MARG_research\third_party\PianistTransformer\data\midis\asap-dataset-master\Bach\Fugue\bwv_846\Shi05M.mid,asap_metadata_performance,raw_normalized,134.014,46,134014,Bach/Fugue/bwv_846/Shi05M.mid,Bach,Fugue_bwv_846,Bach/Fugue/bwv_846
C:\Users\eagle\MARG_research\third_party\PianistTransformer\data\midis\asap-dataset-master\Bach\Fugue\bwv_846\Shi05M.mid,asap_metadata_performance,raw_normalized,134.092,46,134092,Bach/Fugue/bwv_846/Shi05M.mid,Bach,Fugue_bwv_846,Bach/Fugue/bwv_846
C:\Users\eagle\MARG_research\third_party\PianistTransformer\data\midis\asap-dataset-master\Bach\Fugue\bwv_846\Shi05M.mid,asap_metadata_performance,raw_normalized,134.133,45,134133,Bach/Fugue/bwv_846/Shi05M.mid,Bach,Fugue_bwv_846,Bach/Fugue/bwv_846
C:\Users\eagle\MARG_research\third_party\PianistTransformer\data\midis\asap-dataset-master\Bach\Fugue\bwv_846\Shi05M.mid,asap_metadata_performance,raw_normalized,134.172,45,134172,Bach/Fugue/bwv_846/Shi05M.mid,Bach,Fugue_bwv_846,Bach/Fugue/bwv_846
C:\Users\eagle\MARG_research\third_party\PianistTransformer\data\midis\asap-dataset-master\Bach\Fugue\bwv_846\Shi05M.mid,asap_metadata_performance,raw_normalized,134.211,44,134211,Bach/Fugue/bwv_846/Shi05M.mid,Bach,Fugue_bwv_846,Bach/Fugue/bwv_846
C:\Users\eagle\MARG_research\third_party\PianistTransformer\data\midis\asap-dataset-master\Bach\Fugue\bwv_846\Shi05M.mid,asap_metadata_performance,raw_normalized,134.26,44,134260,Bach/Fugue/bwv_846/Shi05M.mid,Bach,Fugue_bwv_846,Bach/Fugue/bwv_846
C:\Users\eagle\MARG_research\third_party\PianistTransformer\data\midis\asap-dataset-master\Bach\Fugue\bwv_846\Shi05M.mid,asap_metadata_performance,raw_normalized,134.319,43,134319,Bach/Fugue/bwv_846/Shi05M.mid,Bach,Fugue_bwv_846,Bach/Fugue/bwv_846
C:\Users\eagle\MARG_research\third_party\PianistTransformer\data\midis\asap-dataset-master\Bach\Fugue\bwv_846\Shi05M.mid,asap_metadata_performance,raw_normalized,134.38,43,134380,Bach/Fugue/bwv_846/Shi05M.mid,Bach,Fugue_bwv_846,Bach/Fugue/bwv_846
C:\Users\eagle\MARG_research\third_party\PianistTransformer\data\midis\asap-dataset-master\Bach\Fugue\bwv_846\Shi05M.mid,asap_metadata_performance,raw_normalized,135.092,43,135092,Bach/Fugue/bwv_846/Shi05M.mid,Bach,Fugue_bwv_846,Bach/Fugue/bwv_846
C:\Users\eagle\MARG_research\third_party\PianistTransformer\data\midis\asap-dataset-master\Bach\Fugue\bwv_846\Shi05M.mid,asap_metadata_performance,raw_normalized,135.113,44,135113,Bach/Fugue/bwv_846/Shi05M.mid,Bach,Fugue_bwv_846,Bach/Fugue/bwv_846
C:\Users\eagle\MARG_research\third_party\PianistTransformer\data\midis\asap-dataset-master\Bach\Fugue\bwv_846\Shi05M.mid,asap_metadata_performance,raw_normalized,135.132,44,135132,Bach/Fugue/bwv_846/Shi05M.mid,Bach,Fugue_bwv_846,Bach/Fugue/bwv_846
C:\Users\eagle\MARG_research\third_party\PianistTransformer\data\midis\asap-dataset-master\Bach\Fugue\bwv_846\Shi05M.mid,asap_metadata_performance,raw_normalized,135.151,45,135151,Bach/Fugue/bwv_846/Shi05M.mid,Bach,Fugue_bwv_846,Bach/Fugue/bwv_846
C:\Users\eagle\MARG_research\third_party\PianistTransformer\data\midis\asap-dataset-master\Bach\Fugue\bwv_846\Shi05M.mid,asap_metadata_performance,raw_normalized,135.172,46,135172,Bach/Fugue/bwv_846/Shi05M.mid,Bach,Fugue_bwv_846,Bach/Fugue/bwv_846
C:\Users\eagle\MARG_research\third_party\PianistTransformer\data\midis\asap-dataset-master\Bach\Fugue\bwv_846\Shi05M.mid,asap_metadata_performance,raw_normalized,135.191,47,135191,Bach/Fugue/bwv_846/Shi05M.mid,Bach,Fugue_bwv_846,Bach/Fugue/bwv_846
C:\Users\eagle\MARG_research\third_party\PianistTransformer\data\midis\asap-dataset-master\Bach\Fugue\bwv_846\Shi05M.mid,asap_metadata_performance,raw_normalized,135.212,48,135212,Bach/Fugue/bwv_846/Shi05M.mid,Bach,Fugue_bwv_846,Bach/Fugue/bwv_846
C:\Users\eagle\MARG_research\third_party\PianistTransformer\data\midis\asap-dataset-master\Bach\Fugue\bwv_846\Shi05M.mid,asap_metadata_performance,raw_normalized,135.23,49,135230,Bach/Fugue/bwv_846/Shi05M.mid,Bach,Fugue_bwv_846,Bach/Fugue/bwv_846
C:\Users\eagle\MARG_research\third_party\PianistTransformer\data\midis\asap-dataset-master\Bach\Fugue\bwv_846\Shi05M.mid,asap_metadata_performance,raw_normalized,135.262,49,135262,Bach/Fugue/bwv_846/Shi05M.mid,Bach,Fugue_bwv_846,Bach/Fugue/bwv_846
C:\Users\eagle\MARG_research\third_party\PianistTransformer\data\midis\asap-dataset-master\Bach\Fugue\bwv_846\Shi05M.mid,asap_metadata_performance,raw_normalized,135.281,50,135281,Bach/Fugue/bwv_846/Shi05M.mid,Bach,Fugue_bwv_846,Bach/Fugue/bwv_846
C:\Users\eagle\MARG_research\third_party\PianistTransformer\data\midis\asap-dataset-master\Bach\Fugue\bwv_846\Shi05M.mid,asap_metadata_performance,raw_normalized,135.299,51,135299,Bach/Fugue/bwv_846/Shi05M.mid,Bach,Fugue_bwv_846,Bach/Fugue/bwv_846
C:\Users\eagle\MARG_research\third_party\PianistTransformer\data\midis\asap-dataset-master\Bach\Fugue\bwv_846\Shi05M.mid,asap_metadata_performance,raw_normalized,135.32,51,135320,Bach/Fugue/bwv_846/Shi05M.mid,Bach,Fugue_bwv_846,Bach/Fugue/bwv_846
C:\Users\eagle\MARG_research\third_party\PianistTransformer\data\midis\asap-dataset-master\Bach\Fugue\bwv_846\Shi05M.mid,asap_metadata_performance,raw_normalized,135.34,53,135340,Bach/Fugue/bwv_846/Shi05M.mid,Bach,Fugue_bwv_846,Bach/Fugue/bwv_846
C:\Users\eagle\MARG_research\third_party\PianistTransformer\data\midis\asap-dataset-master\Bach\Fugue\bwv_846\Shi05M.mid,asap_metadata_performance,raw_normalized,135.359,55,135359,Bach/Fugue/bwv_846/Shi05M.mid,Bach,Fugue_bwv_846,Bach/Fugue/bwv_846
C:\Users\eagle\MARG_research\third_party\PianistTransformer\data\midis\asap-dataset-master\Bach\Fugue\bwv_846\Shi05M.mid,asap_metadata_performance,raw_normalized,135.38,58,135380,Bach/Fugue/bwv_846/Shi05M.mid,Bach,Fugue_bwv_846,Bach/Fugue/bwv_846
C:\Users\eagle\MARG_research\third_party\PianistTransformer\data\midis\asap-dataset-master\Bach\Fugue\bwv_846\Shi05M.mid,asap_metadata_performance,raw_normalized,135.398,59,135398,Bach/Fugue/bwv_846/Shi05M.mid,Bach,Fugue_bwv_846,Bach/Fugue/bwv_846
C:\Users\eagle\MARG_research\third_party\PianistTransformer\data\midis\asap-dataset-master\Bach\Fugue\bwv_846\Shi05M.mid,asap_metadata_performance,raw_normalized,135.419,61,135419,Bach/Fugue/bwv_846/Shi05M.mid,Bach,Fugue_bwv_846,Bach/Fugue/bwv_846
C:\Users\eagle\MARG_research\third_party\PianistTransformer\data\midis\asap-dataset-master\Bach\Fugue\bwv_846\Shi05M.mid,asap_metadata_performance,raw_normalized,135.439,62,135439,Bach/Fugue/bwv_846/Shi05M.mid,Bach,Fugue_bwv_846,Bach/Fugue/bwv_846
C:\Users\eagle\MARG_research\third_party\PianistTransformer\data\midis\asap-dataset-master\Bach\Fugue\bwv_846\Shi05M.mid,asap_metadata_performance,raw_normalized,135.458,64,135458,Bach/Fugue/bwv_846/Shi05M.mid,Bach,Fugue_bwv_846,Bach/Fugue/bwv_846
C:\Users\eagle\MARG_research\third_party\PianistTransformer\data\midis\asap-dataset-master\Bach\Fugue\bwv_846\Shi05M.mid,asap_metadata_performance,raw_normalized,135.479,66,135479,Bach/Fugue/bwv_846/Shi05M.mid,Bach,Fugue_bwv_846,Bach/Fugue/bwv_846
C:\Users\eagle\MARG_research\third_party\PianistTransformer\data\midis\asap-dataset-master\Bach\Fugue\bwv_846\Shi05M.mid,asap_metadata_performance,raw_normalized,135.497,69,135497,Bach/Fugue/bwv_846/Shi05M.mid,Bach,Fugue_bwv_846,Bach/Fugue/bwv_846
C:\Users\eagle\MARG_research\third_party\PianistTransformer\data\midis\asap-dataset-master\Bach\Fugue\bwv_846\Shi05M.mid,asap_metadata_performance,raw_normalized,135.517,73,135517,Bach/Fugue/bwv_846/Shi05M.mid,Bach,Fugue_bwv_846,Bach/Fugue/bwv_846
C:\Users\eagle\MARG_research\third_party\PianistTransformer\data\midis\asap-dataset-master\Bach\Fugue\bwv_846\Shi05M.mid,asap_metadata_performance,raw_normalized,135.538,77,135538,Bach/Fugue/bwv_846/Shi05M.mid,Bach,Fugue_bwv_846,Bach/Fugue/bwv_846
C:\Users\eagle\MARG_research\third_party\PianistTransformer\data\midis\asap-dataset-master\Bach\Fugue\bwv_846\Shi05M.mid,asap_metadata_performance,raw_normalized,135.559,80,135559,Bach/Fugue/bwv_846/Shi05M.mid,Bach,Fugue_bwv_846,Bach/Fugue/bwv_846
C:\Users\eagle\MARG_research\third_party\PianistTransformer\data\midis\asap-dataset-master\Bach\Fugue\bwv_846\Shi05M.mid,asap_metadata_performance,raw_normalized,135.579,84,135579,Bach/Fugue/bwv_846/Shi05M.mid,Bach,Fugue_bwv_846,Bach/Fugue/bwv_846
C:\Users\eagle\MARG_research\third_party\PianistTransformer\data\midis\asap-dataset-master\Bach\Fugue\bwv_846\Shi05M.mid,asap_metadata_performance,raw_normalized,135.599,89,135599,Bach/Fugue/bwv_846/Shi05M.mid,Bach,Fugue_bwv_846,Bach/Fugue/bwv_846
C:\Users\eagle\MARG_research\third_party\PianistTransformer\data\midis\asap-dataset-master\Bach\Fugue\bwv_846\Shi05M.mid,asap_metadata_performance,raw_normalized,135.617,94,135617,Bach/Fugue/bwv_846/Shi05M.mid,Bach,Fugue_bwv_846,Bach/Fugue/bwv_846
C:\Users\eagle\MARG_research\third_party\PianistTransformer\data\midis\asap-dataset-master\Bach\Fugue\bwv_846\Shi05M.mid,asap_metadata_performance,raw_normalized,135.638,97,135638,Bach/Fugue/bwv_846/Shi05M.mid,Bach,Fugue_bwv_846,Bach/Fugue/bwv_846
C:\Users\eagle\MARG_research\third_party\PianistTransformer\data\midis\asap-dataset-master\Bach\Fugue\bwv_846\Shi05M.mid,asap_metadata_performance,raw_normalized,135.658,100,135658,Bach/Fugue/bwv_846/Shi05M.mid,Bach,Fugue_bwv_846,Bach/Fugue/bwv_846
C:\Users\eagle\MARG_research\third_party\PianistTransformer\data\midis\asap-dataset-master\Bach\Fugue\bwv_846\Shi05M.mid,asap_metadata_performance,raw_normalized,135.935,98,135935,Bach/Fugue/bwv_846/Shi05M.mid,Bach,Fugue_bwv_846,Bach/Fugue/bwv_846
C:\Users\eagle\MARG_research\third_party\PianistTransformer\data\midis\asap-dataset-master\Bach\Fugue\bwv_846\Shi05M.mid,asap_metadata_performance,raw_normalized,135.954,96,135954,Bach/Fugue/bwv_846/Shi05M.mid,Bach,Fugue_bwv_846,Bach/Fugue/bwv_846
C:\Users\eagle\MARG_research\third_party\PianistTransformer\data\midis\asap-dataset-master\Bach\Fugue\bwv_846\Shi05M.mid,asap_metadata_performance,raw_normalized,135.974,94,135974,Bach/Fugue/bwv_846/Shi05M.mid,Bach,Fugue_bwv_846,Bach/Fugue/bwv_846
C:\Users\eagle\MARG_research\third_party\PianistTransformer\data\midis\asap-dataset-master\Bach\Fugue\bwv_846\Shi05M.mid,asap_metadata_performance,raw_normalized,135.995,93,135995,Bach/Fugue/bwv_846/Shi05M.mid,Bach,Fugue_bwv_846,Bach/Fugue/bwv_846
C:\Users\eagle\MARG_research\third_party\PianistTransformer\data\midis\asap-dataset-master\Bach\Fugue\bwv_846\Shi05M.mid,asap_metadata_performance,raw_normalized,136.014,91,136014,Bach/Fugue/bwv_846/Shi05M.mid,Bach,Fugue_bwv_846,Bach/Fugue/bwv_846
C:\Users\eagle\MARG_research\third_party\PianistTransformer\data\midis\asap-dataset-master\Bach\Fugue\bwv_846\Shi05M.mid,asap_metadata_performance,raw_normalized,136.034,89,136034,Bach/Fugue/bwv_846/Shi05M.mid,Bach,Fugue_bwv_846,Bach/Fugue/bwv_846
C:\Users\eagle\MARG_research\third_party\PianistTransformer\data\midis\asap-dataset-master\Bach\Fugue\bwv_846\Shi05M.mid,asap_metadata_performance,raw_normalized,136.053,88,136053,Bach/Fugue/bwv_846/Shi05M.mid,Bach,Fugue_bwv_846,Bach/Fugue/bwv_846
C:\Users\eagle\MARG_research\third_party\PianistTransformer\data\midis\asap-dataset-master\Bach\Fugue\bwv_846\Shi05M.mid,asap_metadata_performance,raw_normalized,136.073,86,136073,Bach/Fugue/bwv_846/Shi05M.mid,Bach,Fugue_bwv_846,Bach/Fugue/bwv_846
C:\Users\eagle\MARG_research\third_party\PianistTransformer\data\midis\asap-dataset-master\Bach\Fugue\bwv_846\Shi05M.mid,asap_metadata_performance,raw_normalized,136.092,84,136092,Bach/Fugue/bwv_846/Shi05M.mid,Bach,Fugue_bwv_846,Bach/Fugue/bwv_846
C:\Users\eagle\MARG_research\third_party\PianistTransformer\data\midis\asap-dataset-master\Bach\Fugue\bwv_846\Shi05M.mid,asap_metadata_performance,raw_normalized,136.113,82,136113,Bach/Fugue/bwv_846/Shi05M.mid,Bach,Fugue_bwv_846,Bach/Fugue/bwv_846
C:\Users\eagle\MARG_research\third_party\PianistTransformer\data\midis\asap-dataset-master\Bach\Fugue\bwv_846\Shi05M.mid,asap_metadata_performance,raw_normalized,136.132,80,136132,Bach/Fugue/bwv_846/Shi05M.mid,Bach,Fugue_bwv_846,Bach/Fugue/bwv_846
C:\Users\eagle\MARG_research\third_party\PianistTransformer\data\midis\asap-dataset-master\Bach\Fugue\bwv_846\Shi05M.mid,asap_metadata_performance,raw_normalized,136.152,78,136152,Bach/Fugue/bwv_846/Shi05M.mid,Bach,Fugue_bwv_846,Bach/Fugue/bwv_846
C:\Users\eagle\MARG_research\third_party\PianistTransformer\data\midis\asap-dataset-master\Bach\Fugue\bwv_846\Shi05M.mid,asap_metadata_performance,raw_normalized,136.172,77,136172,Bach/Fugue/bwv_846/Shi05M.mid,Bach,Fugue_bwv_846,Bach/Fugue/bwv_846
C:\Users\eagle\MARG_research\third_party\PianistTransformer\data\midis\asap-dataset-master\Bach\Fugue\bwv_846\Shi05M.mid,asap_metadata_performance,raw_normalized,136.191,76,136191,Bach/Fugue/bwv_846/Shi05M.mid,Bach,Fugue_bwv_846,Bach/Fugue/bwv_846
C:\Users\eagle\MARG_research\third_party\PianistTransformer\data\midis\asap-dataset-master\Bach\Fugue\bwv_846\Shi05M.mid,asap_metadata_performance,raw_normalized,136.212,74,136212,Bach/Fugue/bwv_846/Shi05M.mid,Bach,Fugue_bwv_846,Bach/Fugue/bwv_846
C:\Users\eagle\MARG_research\third_party\PianistTransformer\data\midis\asap-dataset-master\Bach\Fugue\bwv_846\Shi05M.mid,asap_metadata_performance,raw_normalized,136.23,73,136230,Bach/Fugue/bwv_846/Shi05M.mid,Bach,Fugue_bwv_846,Bach/Fugue/bwv_846
C:\Users\eagle\MARG_research\third_party\PianistTransformer\data\midis\asap-dataset-master\Bach\Fugue\bwv_846\Shi05M.mid,asap_metadata_performance,raw_normalized,136.262,71,136262,Bach/Fugue/bwv_846/Shi05M.mid,Bach,Fugue_bwv_846,Bach/Fugue/bwv_846
C:\Users\eagle\MARG_research\third_party\PianistTransformer\data\midis\asap-dataset-master\Bach\Fugue\bwv_846\Shi05M.mid,asap_metadata_performance,raw_normalized,136.281,70,136281,Bach/Fugue/bwv_846/Shi05M.mid,Bach,Fugue_bwv_846,Bach/Fugue/bwv_846
C:\Users\eagle\MARG_research\third_party\PianistTransformer\data\midis\asap-dataset-master\Bach\Fugue\bwv_846\Shi05M.mid,asap_metadata_performance,raw_normalized,136.301,68,136301,Bach/Fugue/bwv_846/Shi05M.mid,Bach,Fugue_bwv_846,Bach/Fugue/bwv_846
C:\Users\eagle\MARG_research\third_party\PianistTransformer\data\midis\asap-dataset-master\Bach\Fugue\bwv_846\Shi05M.mid,asap_metadata_performance,raw_normalized,136.322,67,136322,Bach/Fugue/bwv_846/Shi05M.mid,Bach,Fugue_bwv_846,Bach/Fugue/bwv_846
C:\Users\eagle\MARG_research\third_party\PianistTransformer\data\midis\asap-dataset-master\Bach\Fugue\bwv_846\Shi05M.mid,asap_metadata_performance,raw_normalized,136.34,66,136340,Bach/Fugue/bwv_846/Shi05M.mid,Bach,Fugue_bwv_846,Bach/Fugue/bwv_846
C:\Users\eagle\MARG_research\third_party\PianistTransformer\data\midis\asap-dataset-master\Bach\Fugue\bwv_846\Shi05M.mid,asap_metadata_performance,raw_normalized,136.361,64,136361,Bach/Fugue/bwv_846/Shi05M.mid,Bach,Fugue_bwv_846,Bach/Fugue/bwv_846
C:\Users\eagle\MARG_research\third_party\PianistTransformer\data\midis\asap-dataset-master\Bach\Fugue\bwv_846\Shi05M.mid,asap_metadata_performance,raw_normalized,136.38,63,136380,Bach/Fugue/bwv_846/Shi05M.mid,Bach,Fugue_bwv_846,Bach/Fugue/bwv_846
C:\Users\eagle\MARG_research\third_party\PianistTransformer\data\midis\asap-dataset-master\Bach\Fugue\bwv_846\Shi05M.mid,asap_metadata_performance,raw_normalized,136.398,62,136398,Bach/Fugue/bwv_846/Shi05M.mid,Bach,Fugue_bwv_846,Bach/Fugue/bwv_846
C:\Users\eagle\MARG_research\third_party\PianistTransformer\data\midis\asap-dataset-master\Bach\Fugue\bwv_846\Shi05M.mid,asap_metadata_performance,raw_normalized,136.419,61,136419,Bach/Fugue/bwv_846/Shi05M.mid,Bach,Fugue_bwv_846,Bach/Fugue/bwv_846
C:\Users\eagle\MARG_research\third_party\PianistTransformer\data\midis\asap-dataset-master\Bach\Fugue\bwv_846\Shi05M.mid,asap_metadata_performance,raw_normalized,136.439,61,136439,Bach/Fugue/bwv_846/Shi05M.mid,Bach,Fugue_bwv_846,Bach/Fugue/bwv_846
C:\Users\eagle\MARG_research\third_party\PianistTransformer\data\midis\asap-dataset-master\Bach\Fugue\bwv_846\Shi05M.mid,asap_metadata_performance,raw_normalized,136.46,60,136460,Bach/Fugue/bwv_846/Shi05M.mid,Bach,Fugue_bwv_846,Bach/Fugue/bwv_846
C:\Users\eagle\MARG_research\third_party\PianistTransformer\data\midis\asap-dataset-master\Bach\Fugue\bwv_846\Shi05M.mid,asap_metadata_performance,raw_normalized,136.479,59,136479,Bach/Fugue/bwv_846/Shi05M.mid,Bach,Fugue_bwv_846,Bach/Fugue/bwv_846
C:\Users\eagle\MARG_research\third_party\PianistTransformer\data\midis\asap-dataset-master\Bach\Fugue\bwv_846\Shi05M.mid,asap_metadata_performance,raw_normalized,136.497,58,136497,Bach/Fugue/bwv_846/Shi05M.mid,Bach,Fugue_bwv_846,Bach/Fugue/bwv_846
C:\Users\eagle\MARG_research\third_party\PianistTransformer\data\midis\asap-dataset-master\Bach\Fugue\bwv_846\Shi05M.mid,asap_metadata_performance,raw_normalized,136.518,57,136518,Bach/Fugue/bwv_846/Shi05M.mid,Bach,Fugue_bwv_846,Bach/Fugue/bwv_846
C:\Users\eagle\MARG_research\third_party\PianistTransformer\data\midis\asap-dataset-master\Bach\Fugue\bwv_846\Shi05M.mid,asap_metadata_performance,raw_normalized,136.578,57,136578,Bach/Fugue/bwv_846/Shi05M.mid,Bach,Fugue_bwv_846,Bach/Fugue/bwv_846
C:\Users\eagle\MARG_research\third_party\PianistTransformer\data\midis\asap-dataset-master\Bach\Fugue\bwv_846\Shi05M.mid,asap_metadata_performance,raw_normalized,136.596,56,136596,Bach/Fugue/bwv_846/Shi05M.mid,Bach,Fugue_bwv_846,Bach/Fugue/bwv_846
C:\Users\eagle\MARG_research\third_party\PianistTransformer\data\midis\asap-dataset-master\Bach\Fugue\bwv_846\Shi05M.mid,asap_metadata_performance,raw_normalized,136.618,55,136618,Bach/Fugue/bwv_846/Shi05M.mid,Bach,Fugue_bwv_846,Bach/Fugue/bwv_846
C:\Users\eagle\MARG_research\third_party\PianistTransformer\data\midis\asap-dataset-master\Bach\Fugue\bwv_846\Shi05M.mid,asap_metadata_performance,raw_normalized,136.638,54,136638,Bach/Fugue/bwv_846/Shi05M.mid,Bach,Fugue_bwv_846,Bach/Fugue/bwv_846
C:\Users\eagle\MARG_research\third_party\PianistTransformer\data\midis\asap-dataset-master\Bach\Fugue\bwv_846\Shi05M.mid,asap_metadata_performance,raw_normalized,136.658,53,136658,Bach/Fugue/bwv_846/Shi05M.mid,Bach,Fugue_bwv_846,Bach/Fugue/bwv_846
C:\Users\eagle\MARG_research\third_party\PianistTransformer\data\midis\asap-dataset-master\Bach\Fugue\bwv_846\Shi05M.mid,asap_metadata_performance,raw_normalized,136.678,53,136678,Bach/Fugue/bwv_846/Shi05M.mid,Bach,Fugue_bwv_846,Bach/Fugue/bwv_846
C:\Users\eagle\MARG_research\third_party\PianistTransformer\data\midis\asap-dataset-master\Bach\Fugue\bwv_846\Shi05M.mid,asap_metadata_performance,raw_normalized,136.757,52,136757,Bach/Fugue/bwv_846/Shi05M.mid,Bach,Fugue_bwv_846,Bach/Fugue/bwv_846
C:\Users\eagle\MARG_research\third_party\PianistTransformer\data\midis\asap-dataset-master\Bach\Fugue\bwv_846\Shi05M.mid,asap_metadata_performance,raw_normalized,136.777,52,136777,Bach/Fugue/bwv_846/Shi05M.mid,Bach,Fugue_bwv_846,Bach/Fugue/bwv_846
C:\Users\eagle\MARG_research\third_party\PianistTransformer\data\midis\asap-dataset-master\Bach\Fugue\bwv_846\Shi05M.mid,asap_metadata_performance,raw_normalized,136.796,51,136796,Bach/Fugue/bwv_846/Shi05M.mid,Bach,Fugue_bwv_846,Bach/Fugue/bwv_846
C:\Users\eagle\MARG_research\third_party\PianistTransformer\data\midis\asap-dataset-master\Bach\Fugue\bwv_846\Shi05M.mid,asap_metadata_performance,raw_normalized,136.815,51,136815,Bach/Fugue/bwv_846/Shi05M.mid,Bach,Fugue_bwv_846,Bach/Fugue/bwv_846
C:\Users\eagle\MARG_research\third_party\PianistTransformer\data\midis\asap-dataset-master\Bach\Fugue\bwv_846\Shi05M.mid,asap_metadata_performance,raw_normalized,136.855,50,136855,Bach/Fugue/bwv_846/Shi05M.mid,Bach,Fugue_bwv_846,Bach/Fugue/bwv_846
C:\Users\eagle\MARG_research\third_party\PianistTransformer\data\midis\asap-dataset-master\Bach\Fugue\bwv_846\Shi05M.mid,asap_metadata_performance,raw_normalized,136.914,50,136914,Bach/Fugue/bwv_846/Shi05M.mid,Bach,Fugue_bwv_846,Bach/Fugue/bwv_846
C:\Users\eagle\MARG_research\third_party\PianistTransformer\data\midis\asap-dataset-master\Bach\Fugue\bwv_846\Shi05M.mid,asap_metadata_performance,raw_normalized,136.954,49,136954,Bach/Fugue/bwv_846/Shi05M.mid,Bach,Fugue_bwv_846,Bach/Fugue/bwv_846
C:\Users\eagle\MARG_research\third_party\PianistTransformer\data\midis\asap-dataset-master\Bach\Fugue\bwv_846\Shi05M.mid,asap_metadata_performance,raw_normalized,136.995,49,136995,Bach/Fugue/bwv_846/Shi05M.mid,Bach,Fugue_bwv_846,Bach/Fugue/bwv_846
C:\Users\eagle\MARG_research\third_party\PianistTransformer\data\midis\asap-dataset-master\Bach\Fugue\bwv_846\Shi05M.mid,asap_metadata_performance,raw_normalized,137.094,48,137094,Bach/Fugue/bwv_846/Shi05M.mid,Bach,Fugue_bwv_846,Bach/Fugue/bwv_846
C:\Users\eagle\MARG_research\third_party\PianistTransformer\data\midis\asap-dataset-master\Bach\Fugue\bwv_846\Shi05M.mid,asap_metadata_performance,raw_normalized,137.133,48,137133,Bach/Fugue/bwv_846/Shi05M.mid,Bach,Fugue_bwv_846,Bach/Fugue/bwv_846
C:\Users\eagle\MARG_research\third_party\PianistTransformer\data\midis\asap-dataset-master\Bach\Fugue\bwv_846\Shi05M.mid,asap_metadata_performance,raw_normalized,137.214,47,137214,Bach/Fugue/bwv_846/Shi05M.mid,Bach,Fugue_bwv_846,Bach/Fugue/bwv_846
C:\Users\eagle\MARG_research\third_party\PianistTransformer\data\midis\asap-dataset-master\Bach\Fugue\bwv_846\Shi05M.mid,asap_metadata_performance,raw_normalized,137.401,47,137401,Bach/Fugue/bwv_846/Shi05M.mid,Bach,Fugue_bwv_846,Bach/Fugue/bwv_846
C:\Users\eagle\MARG_research\third_party\PianistTransformer\data\midis\asap-dataset-master\Bach\Fugue\bwv_846\Shi05M.mid,asap_metadata_performance,raw_normalized,137.638,46,137638,Bach/Fugue/bwv_846/Shi05M.mid,Bach,Fugue_bwv_846,Bach/Fugue/bwv_846
C:\Users\eagle\MARG_research\third_party\PianistTransformer\data\midis\asap-dataset-master\Bach\Fugue\bwv_846\Shi05M.mid,asap_metadata_performance,raw_normalized,138.818,46,138818,Bach/Fugue/bwv_846/Shi05M.mid,Bach,Fugue_bwv_846,Bach/Fugue/bwv_846
C:\Users\eagle\MARG_research\third_party\PianistTransformer\data\midis\asap-dataset-master\Bach\Fugue\bwv_846\Shi05M.mid,asap_metadata_performance,raw_normalized,139.715,46,139715,Bach/Fugue/bwv_846/Shi05M.mid,Bach,Fugue_bwv_846,Bach/Fugue/bwv_846
C:\Users\eagle\MARG_research\third_party\PianistTransformer\data\midis\asap-dataset-master\Bach\Fugue\bwv_846\Shi05M.mid,asap_metadata_performance,raw_normalized,139.754,47,139754,Bach/Fugue/bwv_846/Shi05M.mid,Bach,Fugue_bwv_846,Bach/Fugue/bwv_846
C:\Users\eagle\MARG_research\third_party\PianistTransformer\data\midis\asap-dataset-master\Bach\Fugue\bwv_846\Shi05M.mid,asap_metadata_performance,raw_normalized,139.773,47,139773,Bach/Fugue/bwv_846/Shi05M.mid,Bach,Fugue_bwv_846,Bach/Fugue/bwv_846
C:\Users\eagle\MARG_research\third_party\PianistTransformer\data\midis\asap-dataset-master\Bach\Fugue\bwv_846\Shi05M.mid,asap_metadata_performance,raw_normalized,139.794,48,139794,Bach/Fugue/bwv_846/Shi05M.mid,Bach,Fugue_bwv_846,Bach/Fugue/bwv_846
C:\Users\eagle\MARG_research\third_party\PianistTransformer\data\midis\asap-dataset-master\Bach\Fugue\bwv_846\Shi05M.mid,asap_metadata_performance,raw_normalized,139.814,49,139814,Bach/Fugue/bwv_846/Shi05M.mid,Bach,Fugue_bwv_846,Bach/Fugue/bwv_846
C:\Users\eagle\MARG_research\third_party\PianistTransformer\data\midis\asap-dataset-master\Bach\Fugue\bwv_846\Shi05M.mid,asap_metadata_performance,raw_normalized,139.835,51,139835,Bach/Fugue/bwv_846/Shi05M.mid,Bach,Fugue_bwv_846,Bach/Fugue/bwv_846
C:\Users\eagle\MARG_research\third_party\PianistTransformer\data\midis\asap-dataset-master\Bach\Fugue\bwv_846\Shi05M.mid,asap_metadata_performance,raw_normalized,139.855,55,139855,Bach/Fugue/bwv_846/Shi05M.mid,Bach,Fugue_bwv_846,Bach/Fugue/bwv_846
C:\Users\eagle\MARG_research\third_party\PianistTransformer\data\midis\asap-dataset-master\Bach\Fugue\bwv_846\Shi05M.mid,asap_metadata_performance,raw_normalized,139.875,58,139875,Bach/Fugue/bwv_846/Shi05M.mid,Bach,Fugue_bwv_846,Bach/Fugue/bwv_846
C:\Users\eagle\MARG_research\third_party\PianistTransformer\data\midis\asap-dataset-master\Bach\Fugue\bwv_846\Shi05M.mid,asap_metadata_performance,raw_normalized,139.893,61,139893,Bach/Fugue/bwv_846/Shi05M.mid,Bach,Fugue_bwv_846,Bach/Fugue/bwv_846
C:\Users\eagle\MARG_research\third_party\PianistTransformer\data\midis\asap-dataset-master\Bach\Fugue\bwv_846\Shi05M.mid,asap_metadata_performance,raw_normalized,139.914,64,139914,Bach/Fugue/bwv_846/Shi05M.mid,Bach,Fugue_bwv_846,Bach/Fugue/bwv_846
C:\Users\eagle\MARG_research\third_party\PianistTransformer\data\midis\asap-dataset-master\Bach\Fugue\bwv_846\Shi05M.mid,asap_metadata_performance,raw_normalized,139.934,67,139934,Bach/Fugue/bwv_846/Shi05M.mid,Bach,Fugue_bwv_846,Bach/Fugue/bwv_846
C:\Users\eagle\MARG_research\third_party\PianistTransformer\data\midis\asap-dataset-master\Bach\Fugue\bwv_846\Shi05M.mid,asap_metadata_performance,raw_normalized,139.954,70,139954,Bach/Fugue/bwv_846/Shi05M.mid,Bach,Fugue_bwv_846,Bach/Fugue/bwv_846
C:\Users\eagle\MARG_research\third_party\PianistTransformer\data\midis\asap-dataset-master\Bach\Fugue\bwv_846\Shi05M.mid,asap_metadata_performance,raw_normalized,139.974,76,139974,Bach/Fugue/bwv_846/Shi05M.mid,Bach,Fugue_bwv_846,Bach/Fugue/bwv_846
C:\Users\eagle\MARG_research\third_party\PianistTransformer\data\midis\asap-dataset-master\Bach\Fugue\bwv_846\Shi05M.mid,asap_metadata_performance,raw_normalized,139.992,82,139992,Bach/Fugue/bwv_846/Shi05M.mid,Bach,Fugue_bwv_846,Bach/Fugue/bwv_846
C:\Users\eagle\MARG_research\third_party\PianistTransformer\data\midis\asap-dataset-master\Bach\Fugue\bwv_846\Shi05M.mid,asap_metadata_performance,raw_normalized,140.013,87,140013,Bach/Fugue/bwv_846/Shi05M.mid,Bach,Fugue_bwv_846,Bach/Fugue/bwv_846
C:\Users\eagle\MARG_research\third_party\PianistTransformer\data\midis\asap-dataset-master\Bach\Fugue\bwv_846\Shi05M.mid,asap_metadata_performance,raw_normalized,140.033,94,140033,Bach/Fugue/bwv_846/Shi05M.mid,Bach,Fugue_bwv_846,Bach/Fugue/bwv_846
C:\Users\eagle\MARG_research\third_party\PianistTransformer\data\midis\asap-dataset-master\Bach\Fugue\bwv_846\Shi05M.mid,asap_metadata_performance,raw_normalized,140.053,103,140053,Bach/Fugue/bwv_846/Shi05M.mid,Bach,Fugue_bwv_846,Bach/Fugue/bwv_846
C:\Users\eagle\MARG_research\third_party\PianistTransformer\data\midis\asap-dataset-master\Bach\Fugue\bwv_846\Shi05M.mid,asap_metadata_performance,raw_normalized,140.073,118,140073,Bach/Fugue/bwv_846/Shi05M.mid,Bach,Fugue_bwv_846,Bach/Fugue/bwv_846
C:\Users\eagle\MARG_research\third_party\PianistTransformer\data\midis\asap-dataset-master\Bach\Fugue\bwv_846\Shi05M.mid,asap_metadata_performance,raw_normalized,140.092,127,140092,Bach/Fugue/bwv_846/Shi05M.mid,Bach,Fugue_bwv_846,Bach/Fugue/bwv_846
C:\Users\eagle\MARG_research\third_party\PianistTransformer\data\midis\asap-dataset-master\Bach\Fugue\bwv_846\Shi05M.mid,asap_metadata_performance,raw_normalized,140.935,117,140935,Bach/Fugue/bwv_846/Shi05M.mid,Bach,Fugue_bwv_846,Bach/Fugue/bwv_846
C:\Users\eagle\MARG_research\third_party\PianistTransformer\data\midis\asap-dataset-master\Bach\Fugue\bwv_846\Shi05M.mid,asap_metadata_performance,raw_normalized,140.956,106,140956,Bach/Fugue/bwv_846/Shi05M.mid,Bach,Fugue_bwv_846,Bach/Fugue/bwv_846
C:\Users\eagle\MARG_research\third_party\PianistTransformer\data\midis\asap-dataset-master\Bach\Fugue\bwv_846\Shi05M.mid,asap_metadata_performance,raw_normalized,140.969,97,140969,Bach/Fugue/bwv_846/Shi05M.mid,Bach,Fugue_bwv_846,Bach/Fugue/bwv_846
C:\Users\eagle\MARG_research\third_party\PianistTransformer\data\midis\asap-dataset-master\Bach\Fugue\bwv_846\Shi05M.mid,asap_metadata_performance,raw_normalized,140.969,100,140969,Bach/Fugue/bwv_846/Shi05M.mid,Bach,Fugue_bwv_846,Bach/Fugue/bwv_846
C:\Users\eagle\MARG_research\third_party\PianistTransformer\data\midis\asap-dataset-master\Bach\Fugue\bwv_846\Shi05M.mid,asap_metadata_performance,raw_normalized,140.988,95,140988,Bach/Fugue/bwv_846/Shi05M.mid,Bach,Fugue_bwv_846,Bach/Fugue/bwv_846
C:\Users\eagle\MARG_research\third_party\PianistTransformer\data\midis\asap-dataset-master\Bach\Fugue\bwv_846\Shi05M.mid,asap_metadata_performance,raw_normalized,141.008,94,141008,Bach/Fugue/bwv_846/Shi05M.mid,Bach,Fugue_bwv_846,Bach/Fugue/bwv_846
C:\Users\eagle\MARG_research\third_party\PianistTransformer\data\midis\asap-dataset-master\Bach\Fugue\bwv_846\Shi05M.mid,asap_metadata_performance,raw_normalized,141.025,91,141025,Bach/Fugue/bwv_846/Shi05M.mid,Bach,Fugue_bwv_846,Bach/Fugue/bwv_846
C:\Users\eagle\MARG_research\third_party\PianistTransformer\data\midis\asap-dataset-master\Bach\Fugue\bwv_846\Shi05M.mid,asap_metadata_performance,raw_normalized,141.046,88,141046,Bach/Fugue/bwv_846/Shi05M.mid,Bach,Fugue_bwv_846,Bach/Fugue/bwv_846
C:\Users\eagle\MARG_research\third_party\PianistTransformer\data\midis\asap-dataset-master\Bach\Fugue\bwv_846\Shi05M.mid,asap_metadata_performance,raw_normalized,141.064,85,141064,Bach/Fugue/bwv_846/Shi05M.mid,Bach,Fugue_bwv_846,Bach/Fugue/bwv_846
C:\Users\eagle\MARG_research\third_party\PianistTransformer\data\midis\asap-dataset-master\Bach\Fugue\bwv_846\Shi05M.mid,asap_metadata_performance,raw_normalized,141.085,83,141085,Bach/Fugue/bwv_846/Shi05M.mid,Bach,Fugue_bwv_846,Bach/Fugue/bwv_846
C:\Users\eagle\MARG_research\third_party\PianistTransformer\data\midis\asap-dataset-master\Bach\Fugue\bwv_846\Shi05M.mid,asap_metadata_performance,raw_normalized,141.104,80,141104,Bach/Fugue/bwv_846/Shi05M.mid,Bach,Fugue_bwv_846,Bach/Fugue/bwv_846
C:\Users\eagle\MARG_research\third_party\PianistTransformer\data\midis\asap-dataset-master\Bach\Fugue\bwv_846\Shi05M.mid,asap_metadata_performance,raw_normalized,141.122,78,141122,Bach/Fugue/bwv_846/Shi05M.mid,Bach,Fugue_bwv_846,Bach/Fugue/bwv_846
C:\Users\eagle\MARG_research\third_party\PianistTransformer\data\midis\asap-dataset-master\Bach\Fugue\bwv_846\Shi05M.mid,asap_metadata_performance,raw_normalized,141.143,76,141143,Bach/Fugue/bwv_846/Shi05M.mid,Bach,Fugue_bwv_846,Bach/Fugue/bwv_846
C:\Users\eagle\MARG_research\third_party\PianistTransformer\data\midis\asap-dataset-master\Bach\Fugue\bwv_846\Shi05M.mid,asap_metadata_performance,raw_normalized,141.163,73,141163,Bach/Fugue/bwv_846/Shi05M.mid,Bach,Fugue_bwv_846,Bach/Fugue/bwv_846
C:\Users\eagle\MARG_research\third_party\PianistTransformer\data\midis\asap-dataset-master\Bach\Fugue\bwv_846\Shi05M.mid,asap_metadata_performance,raw_normalized,141.182,70,141182,Bach/Fugue/bwv_846/Shi05M.mid,Bach,Fugue_bwv_846,Bach/Fugue/bwv_846
C:\Users\eagle\MARG_research\third_party\PianistTransformer\data\midis\asap-dataset-master\Bach\Fugue\bwv_846\Shi05M.mid,asap_metadata_performance,raw_normalized,141.203,67,141203,Bach/Fugue/bwv_846/Shi05M.mid,Bach,Fugue_bwv_846,Bach/Fugue/bwv_846
C:\Users\eagle\MARG_research\third_party\PianistTransformer\data\midis\asap-dataset-master\Bach\Fugue\bwv_846\Shi05M.mid,asap_metadata_performance,raw_normalized,141.227,64,141227,Bach/Fugue/bwv_846/Shi05M.mid,Bach,Fugue_bwv_846,Bach/Fugue/bwv_846
C:\Users\eagle\MARG_research\third_party\PianistTransformer\data\midis\asap-dataset-master\Bach\Fugue\bwv_846\Shi05M.mid,asap_metadata_performance,raw_normalized,141.246,62,141246,Bach/Fugue/bwv_846/Shi05M.mid,Bach,Fugue_bwv_846,Bach/Fugue/bwv_846
C:\Users\eagle\MARG_research\third_party\PianistTransformer\data\midis\asap-dataset-master\Bach\Fugue\bwv_846\Shi05M.mid,asap_metadata_performance,raw_normalized,141.267,61,141267,Bach/Fugue/bwv_846/Shi05M.mid,Bach,Fugue_bwv_846,Bach/Fugue/bwv_846
C:\Users\eagle\MARG_research\third_party\PianistTransformer\data\midis\asap-dataset-master\Bach\Fugue\bwv_846\Shi05M.mid,asap_metadata_performance,raw_normalized,141.306,61,141306,Bach/Fugue/bwv_846/Shi05M.mid,Bach,Fugue_bwv_846,Bach/Fugue/bwv_846
C:\Users\eagle\MARG_research\third_party\PianistTransformer\data\midis\asap-dataset-master\Bach\Fugue\bwv_846\Shi05M.mid,asap_metadata_performance,raw_normalized,141.326,60,141326,Bach/Fugue/bwv_846/Shi05M.mid,Bach,Fugue_bwv_846,Bach/Fugue/bwv_846
C:\Users\eagle\MARG_research\third_party\PianistTransformer\data\midis\asap-dataset-master\Bach\Fugue\bwv_846\Shi05M.mid,asap_metadata_performance,raw_normalized,141.345,59,141345,Bach/Fugue/bwv_846/Shi05M.mid,Bach,Fugue_bwv_846,Bach/Fugue/bwv_846
C:\Users\eagle\MARG_research\third_party\PianistTransformer\data\midis\asap-dataset-master\Bach\Fugue\bwv_846\Shi05M.mid,asap_metadata_performance,raw_normalized,141.366,57,141366,Bach/Fugue/bwv_846/Shi05M.mid,Bach,Fugue_bwv_846,Bach/Fugue/bwv_846
C:\Users\eagle\MARG_research\third_party\PianistTransformer\data\midis\asap-dataset-master\Bach\Fugue\bwv_846\Shi05M.mid,asap_metadata_performance,raw_normalized,141.385,56,141385,Bach/Fugue/bwv_846/Shi05M.mid,Bach,Fugue_bwv_846,Bach/Fugue/bwv_846
C:\Users\eagle\MARG_research\third_party\PianistTransformer\data\midis\asap-dataset-master\Bach\Fugue\bwv_846\Shi05M.mid,asap_metadata_performance,raw_normalized,141.404,55,141404,Bach/Fugue/bwv_846/Shi05M.mid,Bach,Fugue_bwv_846,Bach/Fugue/bwv_846
C:\Users\eagle\MARG_research\third_party\PianistTransformer\data\midis\asap-dataset-master\Bach\Fugue\bwv_846\Shi05M.mid,asap_metadata_performance,raw_normalized,141.424,54,141424,Bach/Fugue/bwv_846/Shi05M.mid,Bach,Fugue_bwv_846,Bach/Fugue/bwv_846
C:\Users\eagle\MARG_research\third_party\PianistTransformer\data\midis\asap-dataset-master\Bach\Fugue\bwv_846\Shi05M.mid,asap_metadata_performance,raw_normalized,141.444,53,141444,Bach/Fugue/bwv_846/Shi05M.mid,Bach,Fugue_bwv_846,Bach/Fugue/bwv_846
C:\Users\eagle\MARG_research\third_party\PianistTransformer\data\midis\asap-dataset-master\Bach\Fugue\bwv_846\Shi05M.mid,asap_metadata_performance,raw_normalized,141.465,51,141465,Bach/Fugue/bwv_846/Shi05M.mid,Bach,Fugue_bwv_846,Bach/Fugue/bwv_846
C:\Users\eagle\MARG_research\third_party\PianistTransformer\data\midis\asap-dataset-master\Bach\Fugue\bwv_846\Shi05M.mid,asap_metadata_performance,raw_normalized,141.484,50,141484,Bach/Fugue/bwv_846/Shi05M.mid,Bach,Fugue_bwv_846,Bach/Fugue/bwv_846
C:\Users\eagle\MARG_research\third_party\PianistTransformer\data\midis\asap-dataset-master\Bach\Fugue\bwv_846\Shi05M.mid,asap_metadata_performance,raw_normalized,141.583,50,141583,Bach/Fugue/bwv_846/Shi05M.mid,Bach,Fugue_bwv_846,Bach/Fugue/bwv_846
C:\Users\eagle\MARG_research\third_party\PianistTransformer\data\midis\asap-dataset-master\Bach\Fugue\bwv_846\Shi05M.mid,asap_metadata_performance,raw_normalized,141.602,51,141602,Bach/Fugue/bwv_846/Shi05M.mid,Bach,Fugue_bwv_846,Bach/Fugue/bwv_846
C:\Users\eagle\MARG_research\third_party\PianistTransformer\data\midis\asap-dataset-master\Bach\Fugue\bwv_846\Shi05M.mid,asap_metadata_performance,raw_normalized,141.622,52,141622,Bach/Fugue/bwv_846/Shi05M.mid,Bach,Fugue_bwv_846,Bach/Fugue/bwv_846
C:\Users\eagle\MARG_research\third_party\PianistTransformer\data\midis\asap-dataset-master\Bach\Fugue\bwv_846\Shi05M.mid,asap_metadata_performance,raw_normalized,141.642,53,141642,Bach/Fugue/bwv_846/Shi05M.mid,Bach,Fugue_bwv_846,Bach/Fugue/bwv_846
C:\Users\eagle\MARG_research\third_party\PianistTransformer\data\midis\asap-dataset-master\Bach\Fugue\bwv_846\Shi05M.mid,asap_metadata_performance,raw_normalized,141.66,55,141660,Bach/Fugue/bwv_846/Shi05M.mid,Bach,Fugue_bwv_846,Bach/Fugue/bwv_846
C:\Users\eagle\MARG_research\third_party\PianistTransformer\data\midis\asap-dataset-master\Bach\Fugue\bwv_846\Shi05M.mid,asap_metadata_performance,raw_normalized,141.681,57,141681,Bach/Fugue/bwv_846/Shi05M.mid,Bach,Fugue_bwv_846,Bach/Fugue/bwv_846
C:\Users\eagle\MARG_research\third_party\PianistTransformer\data\midis\asap-dataset-master\Bach\Fugue\bwv_846\Shi05M.mid,asap_metadata_performance,raw_normalized,141.701,60,141701,Bach/Fugue/bwv_846/Shi05M.mid,Bach,Fugue_bwv_846,Bach/Fugue/bwv_846
C:\Users\eagle\MARG_research\third_party\PianistTransformer\data\midis\asap-dataset-master\Bach\Fugue\bwv_846\Shi05M.mid,asap_metadata_performance,raw_normalized,141.72,62,141720,Bach/Fugue/bwv_846/Shi05M.mid,Bach,Fugue_bwv_846,Bach/Fugue/bwv_846
C:\Users\eagle\MARG_research\third_party\PianistTransformer\data\midis\asap-dataset-master\Bach\Fugue\bwv_846\Shi05M.mid,asap_metadata_performance,raw_normalized,141.741,63,141741,Bach/Fugue/bwv_846/Shi05M.mid,Bach,Fugue_bwv_846,Bach/Fugue/bwv_846
C:\Users\eagle\MARG_research\third_party\PianistTransformer\data\midis\asap-dataset-master\Bach\Fugue\bwv_846\Shi05M.mid,asap_metadata_performance,raw_normalized,141.76,65,141760,Bach/Fugue/bwv_846/Shi05M.mid,Bach,Fugue_bwv_846,Bach/Fugue/bwv_846
C:\Users\eagle\MARG_research\third_party\PianistTransformer\data\midis\asap-dataset-master\Bach\Fugue\bwv_846\Shi05M.mid,asap_metadata_performance,raw_normalized,141.781,68,141781,Bach/Fugue/bwv_846/Shi05M.mid,Bach,Fugue_bwv_846,Bach/Fugue/bwv_846
C:\Users\eagle\MARG_research\third_party\PianistTransformer\data\midis\asap-dataset-master\Bach\Fugue\bwv_846\Shi05M.mid,asap_metadata_performance,raw_normalized,141.801,71,141801,Bach/Fugue/bwv_846/Shi05M.mid,Bach,Fugue_bwv_846,Bach/Fugue/bwv_846
C:\Users\eagle\MARG_research\third_party\PianistTransformer\data\midis\asap-dataset-master\Bach\Fugue\bwv_846\Shi05M.mid,asap_metadata_performance,raw_normalized,141.819,76,141819,Bach/Fugue/bwv_846/Shi05M.mid,Bach,Fugue_bwv_846,Bach/Fugue/bwv_846
C:\Users\eagle\MARG_research\third_party\PianistTransformer\data\midis\asap-dataset-master\Bach\Fugue\bwv_846\Shi05M.mid,asap_metadata_performance,raw_normalized,141.84,80,141840,Bach/Fugue/bwv_846/Shi05M.mid,Bach,Fugue_bwv_846,Bach/Fugue/bwv_846
C:\Users\eagle\MARG_research\third_party\PianistTransformer\data\midis\asap-dataset-master\Bach\Fugue\bwv_846\Shi05M.mid,asap_metadata_performance,raw_normalized,141.859,83,141859,Bach/Fugue/bwv_846/Shi05M.mid,Bach,Fugue_bwv_846,Bach/Fugue/bwv_846
C:\Users\eagle\MARG_research\third_party\PianistTransformer\data\midis\asap-dataset-master\Bach\Fugue\bwv_846\Shi05M.mid,asap_metadata_performance,raw_normalized,141.879,88,141879,Bach/Fugue/bwv_846/Shi05M.mid,Bach,Fugue_bwv_846,Bach/Fugue/bwv_846
C:\Users\eagle\MARG_research\third_party\PianistTransformer\data\midis\asap-dataset-master\Bach\Fugue\bwv_846\Shi05M.mid,asap_metadata_performance,raw_normalized,141.9,95,141900,Bach/Fugue/bwv_846/Shi05M.mid,Bach,Fugue_bwv_846,Bach/Fugue/bwv_846
C:\Users\eagle\MARG_research\third_party\PianistTransformer\data\midis\asap-dataset-master\Bach\Fugue\bwv_846\Shi05M.mid,asap_metadata_performance,raw_normalized,141.919,106,141919,Bach/Fugue/bwv_846/Shi05M.mid,Bach,Fugue_bwv_846,Bach/Fugue/bwv_846
C:\Users\eagle\MARG_research\third_party\PianistTransformer\data\midis\asap-dataset-master\Bach\Fugue\bwv_846\Shi05M.mid,asap_metadata_performance,raw_normalized,141.94,127,141940,Bach/Fugue/bwv_846/Shi05M.mid,Bach,Fugue_bwv_846,Bach/Fugue/bwv_846
C:\Users\eagle\MARG_research\third_party\PianistTransformer\data\midis\asap-dataset-master\Bach\Fugue\bwv_846\Shi05M.mid,asap_metadata_performance,raw_normalized,143.759,118,143759,Bach/Fugue/bwv_846/Shi05M.mid,Bach,Fugue_bwv_846,Bach/Fugue/bwv_846
C:\Users\eagle\MARG_research\third_party\PianistTransformer\data\midis\asap-dataset-master\Bach\Fugue\bwv_846\Shi05M.mid,asap_metadata_performance,raw_normalized,143.779,114,143779,Bach/Fugue/bwv_846/Shi05M.mid,Bach,Fugue_bwv_846,Bach/Fugue/bwv_846
C:\Users\eagle\MARG_research\third_party\PianistTransformer\data\midis\asap-dataset-master\Bach\Fugue\bwv_846\Shi05M.mid,asap_metadata_performance,raw_normalized,143.798,110,143798,Bach/Fugue/bwv_846/Shi05M.mid,Bach,Fugue_bwv_846,Bach/Fugue/bwv_846
C:\Users\eagle\MARG_research\third_party\PianistTransformer\data\midis\asap-dataset-master\Bach\Fugue\bwv_846\Shi05M.mid,asap_metadata_performance,raw_normalized,143.819,107,143819,Bach/Fugue/bwv_846/Shi05M.mid,Bach,Fugue_bwv_846,Bach/Fugue/bwv_846
C:\Users\eagle\MARG_research\third_party\PianistTransformer\data\midis\asap-dataset-master\Bach\Fugue\bwv_846\Shi05M.mid,asap_metadata_performance,raw_normalized,143.839,104,143839,Bach/Fugue/bwv_846/Shi05M.mid,Bach,Fugue_bwv_846,Bach/Fugue/bwv_846
C:\Users\eagle\MARG_research\third_party\PianistTransformer\data\midis\asap-dataset-master\Bach\Fugue\bwv_846\Shi05M.mid,asap_metadata_performance,raw_normalized,143.879,102,143879,Bach/Fugue/bwv_846/Shi05M.mid,Bach,Fugue_bwv_846,Bach/Fugue/bwv_846
C:\Users\eagle\MARG_research\third_party\PianistTransformer\data\midis\asap-dataset-master\Bach\Fugue\bwv_846\Shi05M.mid,asap_metadata_performance,raw_normalized,143.938,100,143938,Bach/Fugue/bwv_846/Shi05M.mid,Bach,Fugue_bwv_846,Bach/Fugue/bwv_846
C:\Users\eagle\MARG_research\third_party\PianistTransformer\data\midis\asap-dataset-master\Bach\Fugue\bwv_846\Shi05M.mid,asap_metadata_performance,raw_normalized,143.997,98,143997,Bach/Fugue/bwv_846/Shi05M.mid,Bach,Fugue_bwv_846,Bach/Fugue/bwv_846
C:\Users\eagle\MARG_research\third_party\PianistTransformer\data\midis\asap-dataset-master\Bach\Fugue\bwv_846\Shi05M.mid,asap_metadata_performance,raw_normalized,144.098,96,144098,Bach/Fugue/bwv_846/Shi05M.mid,Bach,Fugue_bwv_846,Bach/Fugue/bwv_846
C:\Users\eagle\MARG_research\third_party\PianistTransformer\data\midis\asap-dataset-master\Bach\Fugue\bwv_846\Shi05M.mid,asap_metadata_performance,raw_normalized,144.117,95,144117,Bach/Fugue/bwv_846/Shi05M.mid,Bach,Fugue_bwv_846,Bach/Fugue/bwv_846
C:\Users\eagle\MARG_research\third_party\PianistTransformer\data\midis\asap-dataset-master\Bach\Fugue\bwv_846\Shi05M.mid,asap_metadata_performance,raw_normalized,144.156,95,144156,Bach/Fugue/bwv_846/Shi05M.mid,Bach,Fugue_bwv_846,Bach/Fugue/bwv_846
C:\Users\eagle\MARG_research\third_party\PianistTransformer\data\midis\asap-dataset-master\Bach\Fugue\bwv_846\Shi05M.mid,asap_metadata_performance,raw_normalized,144.177,94,144177,Bach/Fugue/bwv_846/Shi05M.mid,Bach,Fugue_bwv_846,Bach/Fugue/bwv_846
C:\Users\eagle\MARG_research\third_party\PianistTransformer\data\midis\asap-dataset-master\Bach\Fugue\bwv_846\Shi05M.mid,asap_metadata_performance,raw_normalized,144.197,94,144197,Bach/Fugue/bwv_846/Shi05M.mid,Bach,Fugue_bwv_846,Bach/Fugue/bwv_846
C:\Users\eagle\MARG_research\third_party\PianistTransformer\data\midis\asap-dataset-master\Bach\Fugue\bwv_846\Shi05M.mid,asap_metadata_performance,raw_normalized,144.228,93,144228,Bach/Fugue/bwv_846/Shi05M.mid,Bach,Fugue_bwv_846,Bach/Fugue/bwv_846
C:\Users\eagle\MARG_research\third_party\PianistTransformer\data\midis\asap-dataset-master\Bach\Fugue\bwv_846\Shi05M.mid,asap_metadata_performance,raw_normalized,144.247,92,144247,Bach/Fugue/bwv_846/Shi05M.mid,Bach,Fugue_bwv_846,Bach/Fugue/bwv_846
C:\Users\eagle\MARG_research\third_party\PianistTransformer\data\midis\asap-dataset-master\Bach\Fugue\bwv_846\Shi05M.mid,asap_metadata_performance,raw_normalized,144.266,92,144266,Bach/Fugue/bwv_846/Shi05M.mid,Bach,Fugue_bwv_846,Bach/Fugue/bwv_846
C:\Users\eagle\MARG_research\third_party\PianistTransformer\data\midis\asap-dataset-master\Bach\Fugue\bwv_846\Shi05M.mid,asap_metadata_performance,raw_normalized,144.286,91,144286,Bach/Fugue/bwv_846/Shi05M.mid,Bach,Fugue_bwv_846,Bach/Fugue/bwv_846
C:\Users\eagle\MARG_research\third_party\PianistTransformer\data\midis\asap-dataset-master\Bach\Fugue\bwv_846\Shi05M.mid,asap_metadata_performance,raw_normalized,144.306,91,144306,Bach/Fugue/bwv_846/Shi05M.mid,Bach,Fugue_bwv_846,Bach/Fugue/bwv_846
C:\Users\eagle\MARG_research\third_party\PianistTransformer\data\midis\asap-dataset-master\Bach\Fugue\bwv_846\Shi05M.mid,asap_metadata_performance,raw_normalized,144.324,90,144324,Bach/Fugue/bwv_846/Shi05M.mid,Bach,Fugue_bwv_846,Bach/Fugue/bwv_846
C:\Users\eagle\MARG_research\third_party\PianistTransformer\data\midis\asap-dataset-master\Bach\Fugue\bwv_846\Shi05M.mid,asap_metadata_performance,raw_normalized,144.345,89,144345,Bach/Fugue/bwv_846/Shi05M.mid,Bach,Fugue_bwv_846,Bach/Fugue/bwv_846
C:\Users\eagle\MARG_research\third_party\PianistTransformer\data\midis\asap-dataset-master\Bach\Fugue\bwv_846\Shi05M.mid,asap_metadata_performance,raw_normalized,144.385,88,144385,Bach/Fugue/bwv_846/Shi05M.mid,Bach,Fugue_bwv_846,Bach/Fugue/bwv_846
C:\Users\eagle\MARG_research\third_party\PianistTransformer\data\midis\asap-dataset-master\Bach\Fugue\bwv_846\Shi05M.mid,asap_metadata_performance,raw_normalized,144.423,88,144423,Bach/Fugue/bwv_846/Shi05M.mid,Bach,Fugue_bwv_846,Bach/Fugue/bwv_846
C:\Users\eagle\MARG_research\third_party\PianistTransformer\data\midis\asap-dataset-master\Bach\Fugue\bwv_846\Shi05M.mid,asap_metadata_performance,raw_normalized,144.444,87,144444,Bach/Fugue/bwv_846/Shi05M.mid,Bach,Fugue_bwv_846,Bach/Fugue/bwv_846
C:\Users\eagle\MARG_research\third_party\PianistTransformer\data\midis\asap-dataset-master\Bach\Fugue\bwv_846\Shi05M.mid,asap_metadata_performance,raw_normalized,144.464,87,144464,Bach/Fugue/bwv_846/Shi05M.mid,Bach,Fugue_bwv_846,Bach/Fugue/bwv_846
C:\Users\eagle\MARG_research\third_party\PianistTransformer\data\midis\asap-dataset-master\Bach\Fugue\bwv_846\Shi05M.mid,asap_metadata_performance,raw_normalized,144.483,86,144483,Bach/Fugue/bwv_846/Shi05M.mid,Bach,Fugue_bwv_846,Bach/Fugue/bwv_846
C:\Users\eagle\MARG_research\third_party\PianistTransformer\data\midis\asap-dataset-master\Bach\Fugue\bwv_846\Shi05M.mid,asap_metadata_performance,raw_normalized,144.504,86,144504,Bach/Fugue/bwv_846/Shi05M.mid,Bach,Fugue_bwv_846,Bach/Fugue/bwv_846
C:\Users\eagle\MARG_research\third_party\PianistTransformer\data\midis\asap-dataset-master\Bach\Fugue\bwv_846\Shi05M.mid,asap_metadata_performance,raw_normalized,144.523,85,144523,Bach/Fugue/bwv_846/Shi05M.mid,Bach,Fugue_bwv_846,Bach/Fugue/bwv_846
C:\Users\eagle\MARG_research\third_party\PianistTransformer\data\midis\asap-dataset-master\Bach\Fugue\bwv_846\Shi05M.mid,asap_metadata_performance,raw_normalized,144.543,85,144543,Bach/Fugue/bwv_846/Shi05M.mid,Bach,Fugue_bwv_846,Bach/Fugue/bwv_846
C:\Users\eagle\MARG_research\third_party\PianistTransformer\data\midis\asap-dataset-master\Bach\Fugue\bwv_846\Shi05M.mid,asap_metadata_performance,raw_normalized,144.562,84,144562,Bach/Fugue/bwv_846/Shi05M.mid,Bach,Fugue_bwv_846,Bach/Fugue/bwv_846
C:\Users\eagle\MARG_research\third_party\PianistTransformer\data\midis\asap-dataset-master\Bach\Fugue\bwv_846\Shi05M.mid,asap_metadata_performance,raw_normalized,144.582,84,144582,Bach/Fugue/bwv_846/Shi05M.mid,Bach,Fugue_bwv_846,Bach/Fugue/bwv_846
C:\Users\eagle\MARG_research\third_party\PianistTransformer\data\midis\asap-dataset-master\Bach\Fugue\bwv_846\Shi05M.mid,asap_metadata_performance,raw_normalized,144.603,83,144603,Bach/Fugue/bwv_846/Shi05M.mid,Bach,Fugue_bwv_846,Bach/Fugue/bwv_846
C:\Users\eagle\MARG_research\third_party\PianistTransformer\data\midis\asap-dataset-master\Bach\Fugue\bwv_846\Shi05M.mid,asap_metadata_performance,raw_normalized,144.643,83,144643,Bach/Fugue/bwv_846/Shi05M.mid,Bach,Fugue_bwv_846,Bach/Fugue/bwv_846
C:\Users\eagle\MARG_research\third_party\PianistTransformer\data\midis\asap-dataset-master\Bach\Fugue\bwv_846\Shi05M.mid,asap_metadata_performance,raw_normalized,144.721,82,144721,Bach/Fugue/bwv_846/Shi05M.mid,Bach,Fugue_bwv_846,Bach/Fugue/bwv_846
C:\Users\eagle\MARG_research\third_party\PianistTransformer\data\midis\asap-dataset-master\Bach\Fugue\bwv_846\Shi05M.mid,asap_metadata_performance,raw_normalized,144.76,82,144760,Bach/Fugue/bwv_846/Shi05M.mid,Bach,Fugue_bwv_846,Bach/Fugue/bwv_846
C:\Users\eagle\MARG_research\third_party\PianistTransformer\data\midis\asap-dataset-master\Bach\Fugue\bwv_846\Shi05M.mid,asap_metadata_performance,raw_normalized,144.82,81,144820,Bach/Fugue/bwv_846/Shi05M.mid,Bach,Fugue_bwv_846,Bach/Fugue/bwv_846
C:\Users\eagle\MARG_research\third_party\PianistTransformer\data\midis\asap-dataset-master\Bach\Fugue\bwv_846\Shi05M.mid,asap_metadata_performance,raw_normalized,144.879,81,144879,Bach/Fugue/bwv_846/Shi05M.mid,Bach,Fugue_bwv_846,Bach/Fugue/bwv_846
C:\Users\eagle\MARG_research\third_party\PianistTransformer\data\midis\asap-dataset-master\Bach\Fugue\bwv_846\Shi05M.mid,asap_metadata_performance,raw_normalized,144.997,80,144997,Bach/Fugue/bwv_846/Shi05M.mid,Bach,Fugue_bwv_846,Bach/Fugue/bwv_846
C:\Users\eagle\MARG_research\third_party\PianistTransformer\data\midis\asap-dataset-master\Bach\Fugue\bwv_846\Shi05M.mid,asap_metadata_performance,raw_normalized,145.077,80,145077,Bach/Fugue/bwv_846/Shi05M.mid,Bach,Fugue_bwv_846,Bach/Fugue/bwv_846
C:\Users\eagle\MARG_research\third_party\PianistTransformer\data\midis\asap-dataset-master\Bach\Fugue\bwv_846\Shi05M.mid,asap_metadata_performance,raw_normalized,145.118,79,145118,Bach/Fugue/bwv_846/Shi05M.mid,Bach,Fugue_bwv_846,Bach/Fugue/bwv_846
C:\Users\eagle\MARG_research\third_party\PianistTransformer\data\midis\asap-dataset-master\Bach\Fugue\bwv_846\Shi05M.mid,asap_metadata_performance,raw_normalized,145.177,79,145177,Bach/Fugue/bwv_846/Shi05M.mid,Bach,Fugue_bwv_846,Bach/Fugue/bwv_846
C:\Users\eagle\MARG_research\third_party\PianistTransformer\data\midis\asap-dataset-master\Bach\Fugue\bwv_846\Shi05M.mid,asap_metadata_performance,raw_normalized,145.247,78,145247,Bach/Fugue/bwv_846/Shi05M.mid,Bach,Fugue_bwv_846,Bach/Fugue/bwv_846
C:\Users\eagle\MARG_research\third_party\PianistTransformer\data\midis\asap-dataset-master\Bach\Fugue\bwv_846\Shi05M.mid,asap_metadata_performance,raw_normalized,145.306,78,145306,Bach/Fugue/bwv_846/Shi05M.mid,Bach,Fugue_bwv_846,Bach/Fugue/bwv_846
C:\Users\eagle\MARG_research\third_party\PianistTransformer\data\midis\asap-dataset-master\Bach\Fugue\bwv_846\Shi05M.mid,asap_metadata_performance,raw_normalized,145.345,77,145345,Bach/Fugue/bwv_846/Shi05M.mid,Bach,Fugue_bwv_846,Bach/Fugue/bwv_846
C:\Users\eagle\MARG_research\third_party\PianistTransformer\data\midis\asap-dataset-master\Bach\Fugue\bwv_846\Shi05M.mid,asap_metadata_performance,raw_normalized,145.385,77,145385,Bach/Fugue/bwv_846/Shi05M.mid,Bach,Fugue_bwv_846,Bach/Fugue/bwv_846
C:\Users\eagle\MARG_research\third_party\PianistTransformer\data\midis\asap-dataset-master\Bach\Fugue\bwv_846\Shi05M.mid,asap_metadata_performance,raw_normalized,145.464,76,145464,Bach/Fugue/bwv_846/Shi05M.mid,Bach,Fugue_bwv_846,Bach/Fugue/bwv_846
C:\Users\eagle\MARG_research\third_party\PianistTransformer\data\midis\asap-dataset-master\Bach\Fugue\bwv_846\Shi05M.mid,asap_metadata_performance,raw_normalized,145.504,76,145504,Bach/Fugue/bwv_846/Shi05M.mid,Bach,Fugue_bwv_846,Bach/Fugue/bwv_846
C:\Users\eagle\MARG_research\third_party\PianistTransformer\data\midis\asap-dataset-master\Bach\Fugue\bwv_846\Shi05M.mid,asap_metadata_performance,raw_normalized,145.543,75,145543,Bach/Fugue/bwv_846/Shi05M.mid,Bach,Fugue_bwv_846,Bach/Fugue/bwv_846
C:\Users\eagle\MARG_research\third_party\PianistTransformer\data\midis\asap-dataset-master\Bach\Fugue\bwv_846\Shi05M.mid,asap_metadata_performance,raw_normalized,145.582,75,145582,Bach/Fugue/bwv_846/Shi05M.mid,Bach,Fugue_bwv_846,Bach/Fugue/bwv_846
C:\Users\eagle\MARG_research\third_party\PianistTransformer\data\midis\asap-dataset-master\Bach\Fugue\bwv_846\Shi05M.mid,asap_metadata_performance,raw_normalized,145.621,74,145621,Bach/Fugue/bwv_846/Shi05M.mid,Bach,Fugue_bwv_846,Bach/Fugue/bwv_846
C:\Users\eagle\MARG_research\third_party\PianistTransformer\data\midis\asap-dataset-master\Bach\Fugue\bwv_846\Shi05M.mid,asap_metadata_performance,raw_normalized,145.681,74,145681,Bach/Fugue/bwv_846/Shi05M.mid,Bach,Fugue_bwv_846,Bach/Fugue/bwv_846
C:\Users\eagle\MARG_research\third_party\PianistTransformer\data\midis\asap-dataset-master\Bach\Fugue\bwv_846\Shi05M.mid,asap_metadata_performance,raw_normalized,145.742,73,145742,Bach/Fugue/bwv_846/Shi05M.mid,Bach,Fugue_bwv_846,Bach/Fugue/bwv_846
C:\Users\eagle\MARG_research\third_party\PianistTransformer\data\midis\asap-dataset-master\Bach\Fugue\bwv_846\Shi05M.mid,asap_metadata_performance,raw_normalized,145.781,73,145781,Bach/Fugue/bwv_846/Shi05M.mid,Bach,Fugue_bwv_846,Bach/Fugue/bwv_846
C:\Users\eagle\MARG_research\third_party\PianistTransformer\data\midis\asap-dataset-master\Bach\Fugue\bwv_846\Shi05M.mid,asap_metadata_performance,raw_normalized,145.82,72,145820,Bach/Fugue/bwv_846/Shi05M.mid,Bach,Fugue_bwv_846,Bach/Fugue/bwv_846
C:\Users\eagle\MARG_research\third_party\PianistTransformer\data\midis\asap-dataset-master\Bach\Fugue\bwv_846\Shi05M.mid,asap_metadata_performance,raw_normalized,145.841,72,145841,Bach/Fugue/bwv_846/Shi05M.mid,Bach,Fugue_bwv_846,Bach/Fugue/bwv_846
C:\Users\eagle\MARG_research\third_party\PianistTransformer\data\midis\asap-dataset-master\Bach\Fugue\bwv_846\Shi05M.mid,asap_metadata_performance,raw_normalized,145.9,71,145900,Bach/Fugue/bwv_846/Shi05M.mid,Bach,Fugue_bwv_846,Bach/Fugue/bwv_846
C:\Users\eagle\MARG_research\third_party\PianistTransformer\data\midis\asap-dataset-master\Bach\Fugue\bwv_846\Shi05M.mid,asap_metadata_performance,raw_normalized,145.939,71,145939,Bach/Fugue/bwv_846/Shi05M.mid,Bach,Fugue_bwv_846,Bach/Fugue/bwv_846
C:\Users\eagle\MARG_research\third_party\PianistTransformer\data\midis\asap-dataset-master\Bach\Fugue\bwv_846\Shi05M.mid,asap_metadata_performance,raw_normalized,145.958,70,145958,Bach/Fugue/bwv_846/Shi05M.mid,Bach,Fugue_bwv_846,Bach/Fugue/bwv_846
C:\Users\eagle\MARG_research\third_party\PianistTransformer\data\midis\asap-dataset-master\Bach\Fugue\bwv_846\Shi05M.mid,asap_metadata_performance,raw_normalized,145.978,70,145978,Bach/Fugue/bwv_846/Shi05M.mid,Bach,Fugue_bwv_846,Bach/Fugue/bwv_846
C:\Users\eagle\MARG_research\third_party\PianistTransformer\data\midis\asap-dataset-master\Bach\Fugue\bwv_846\Shi05M.mid,asap_metadata_performance,raw_normalized,146.038,69,146038,Bach/Fugue/bwv_846/Shi05M.mid,Bach,Fugue_bwv_846,Bach/Fugue/bwv_846
C:\Users\eagle\MARG_research\third_party\PianistTransformer\data\midis\asap-dataset-master\Bach\Fugue\bwv_846\Shi05M.mid,asap_metadata_performance,raw_normalized,146.096,68,146096,Bach/Fugue/bwv_846/Shi05M.mid,Bach,Fugue_bwv_846,Bach/Fugue/bwv_846
C:\Users\eagle\MARG_research\third_party\PianistTransformer\data\midis\asap-dataset-master\Bach\Fugue\bwv_846\Shi05M.mid,asap_metadata_performance,raw_normalized,146.135,68,146135,Bach/Fugue/bwv_846/Shi05M.mid,Bach,Fugue_bwv_846,Bach/Fugue/bwv_846
C:\Users\eagle\MARG_research\third_party\PianistTransformer\data\midis\asap-dataset-master\Bach\Fugue\bwv_846\Shi05M.mid,asap_metadata_performance,raw_normalized,146.156,67,146156,Bach/Fugue/bwv_846/Shi05M.mid,Bach,Fugue_bwv_846,Bach/Fugue/bwv_846
C:\Users\eagle\MARG_research\third_party\PianistTransformer\data\midis\asap-dataset-master\Bach\Fugue\bwv_846\Shi05M.mid,asap_metadata_performance,raw_normalized,146.227,67,146227,Bach/Fugue/bwv_846/Shi05M.mid,Bach,Fugue_bwv_846,Bach/Fugue/bwv_846
C:\Users\eagle\MARG_research\third_party\PianistTransformer\data\midis\asap-dataset-master\Bach\Fugue\bwv_846\Shi05M.mid,asap_metadata_performance,raw_normalized,146.246,66,146246,Bach/Fugue/bwv_846/Shi05M.mid,Bach,Fugue_bwv_846,Bach/Fugue/bwv_846
C:\Users\eagle\MARG_research\third_party\PianistTransformer\data\midis\asap-dataset-master\Bach\Fugue\bwv_846\Shi05M.mid,asap_metadata_performance,raw_normalized,146.267,66,146267,Bach/Fugue/bwv_846/Shi05M.mid,Bach,Fugue_bwv_846,Bach/Fugue/bwv_846
C:\Users\eagle\MARG_research\third_party\PianistTransformer\data\midis\asap-dataset-master\Bach\Fugue\bwv_846\Shi05M.mid,asap_metadata_performance,raw_normalized,146.327,65,146327,Bach/Fugue/bwv_846/Shi05M.mid,Bach,Fugue_bwv_846,Bach/Fugue/bwv_846
C:\Users\eagle\MARG_research\third_party\PianistTransformer\data\midis\asap-dataset-master\Bach\Fugue\bwv_846\Shi05M.mid,asap_metadata_performance,raw_normalized,146.366,65,146366,Bach/Fugue/bwv_846/Shi05M.mid,Bach,Fugue_bwv_846,Bach/Fugue/bwv_846
C:\Users\eagle\MARG_research\third_party\PianistTransformer\data\midis\asap-dataset-master\Bach\Fugue\bwv_846\Shi05M.mid,asap_metadata_performance,raw_normalized,146.402,64,146402,Bach/Fugue/bwv_846/Shi05M.mid,Bach,Fugue_bwv_846,Bach/Fugue/bwv_846
C:\Users\eagle\MARG_research\third_party\PianistTransformer\data\midis\asap-dataset-master\Bach\Fugue\bwv_846\Shi05M.mid,asap_metadata_performance,raw_normalized,146.422,64,146422,Bach/Fugue/bwv_846/Shi05M.mid,Bach,Fugue_bwv_846,Bach/Fugue/bwv_846
C:\Users\eagle\MARG_research\third_party\PianistTransformer\data\midis\asap-dataset-master\Bach\Fugue\bwv_846\Shi05M.mid,asap_metadata_performance,raw_normalized,146.441,63,146441,Bach/Fugue/bwv_846/Shi05M.mid,Bach,Fugue_bwv_846,Bach/Fugue/bwv_846
C:\Users\eagle\MARG_research\third_party\PianistTransformer\data\midis\asap-dataset-master\Bach\Fugue\bwv_846\Shi05M.mid,asap_metadata_performance,raw_normalized,146.482,63,146482,Bach/Fugue/bwv_846/Shi05M.mid,Bach,Fugue_bwv_846,Bach/Fugue/bwv_846
C:\Users\eagle\MARG_research\third_party\PianistTransformer\data\midis\asap-dataset-master\Bach\Fugue\bwv_846\Shi05M.mid,asap_metadata_performance,raw_normalized,146.54,62,146540,Bach/Fugue/bwv_846/Shi05M.mid,Bach,Fugue_bwv_846,Bach/Fugue/bwv_846
C:\Users\eagle\MARG_research\third_party\PianistTransformer\data\midis\asap-dataset-master\Bach\Fugue\bwv_846\Shi05M.mid,asap_metadata_performance,raw_normalized,146.581,61,146581,Bach/Fugue/bwv_846/Shi05M.mid,Bach,Fugue_bwv_846,Bach/Fugue/bwv_846
C:\Users\eagle\MARG_research\third_party\PianistTransformer\data\midis\asap-dataset-master\Bach\Fugue\bwv_846\Shi05M.mid,asap_metadata_performance,raw_normalized,146.618,61,146618,Bach/Fugue/bwv_846/Shi05M.mid,Bach,Fugue_bwv_846,Bach/Fugue/bwv_846
C:\Users\eagle\MARG_research\third_party\PianistTransformer\data\midis\asap-dataset-master\Bach\Fugue\bwv_846\Shi05M.mid,asap_metadata_performance,raw_normalized,146.717,60,146717,Bach/Fugue/bwv_846/Shi05M.mid,Bach,Fugue_bwv_846,Bach/Fugue/bwv_846
C:\Users\eagle\MARG_research\third_party\PianistTransformer\data\midis\asap-dataset-master\Bach\Fugue\bwv_846\Shi05M.mid,asap_metadata_performance,raw_normalized,146.758,60,146758,Bach/Fugue/bwv_846/Shi05M.mid,Bach,Fugue_bwv_846,Bach/Fugue/bwv_846
C:\Users\eagle\MARG_research\third_party\PianistTransformer\data\midis\asap-dataset-master\Bach\Fugue\bwv_846\Shi05M.mid,asap_metadata_performance,raw_normalized,146.777,59,146777,Bach/Fugue/bwv_846/Shi05M.mid,Bach,Fugue_bwv_846,Bach/Fugue/bwv_846
C:\Users\eagle\MARG_research\third_party\PianistTransformer\data\midis\asap-dataset-master\Bach\Fugue\bwv_846\Shi05M.mid,asap_metadata_performance,raw_normalized,146.798,59,146798,Bach/Fugue/bwv_846/Shi05M.mid,Bach,Fugue_bwv_846,Bach/Fugue/bwv_846
C:\Users\eagle\MARG_research\third_party\PianistTransformer\data\midis\asap-dataset-master\Bach\Fugue\bwv_846\Shi05M.mid,asap_metadata_performance,raw_normalized,146.818,58,146818,Bach/Fugue/bwv_846/Shi05M.mid,Bach,Fugue_bwv_846,Bach/Fugue/bwv_846
C:\Users\eagle\MARG_research\third_party\PianistTransformer\data\midis\asap-dataset-master\Bach\Fugue\bwv_846\Shi05M.mid,asap_metadata_performance,raw_normalized,146.836,57,146836,Bach/Fugue/bwv_846/Shi05M.mid,Bach,Fugue_bwv_846,Bach/Fugue/bwv_846
C:\Users\eagle\MARG_research\third_party\PianistTransformer\data\midis\asap-dataset-master\Bach\Fugue\bwv_846\Shi05M.mid,asap_metadata_performance,raw_normalized,146.876,57,146876,Bach/Fugue/bwv_846/Shi05M.mid,Bach,Fugue_bwv_846,Bach/Fugue/bwv_846
C:\Users\eagle\MARG_research\third_party\PianistTransformer\data\midis\asap-dataset-master\Bach\Fugue\bwv_846\Shi05M.mid,asap_metadata_performance,raw_normalized,146.897,56,146897,Bach/Fugue/bwv_846/Shi05M.mid,Bach,Fugue_bwv_846,Bach/Fugue/bwv_846
C:\Users\eagle\MARG_research\third_party\PianistTransformer\data\midis\asap-dataset-master\Bach\Fugue\bwv_846\Shi05M.mid,asap_metadata_performance,raw_normalized,146.917,55,146917,Bach/Fugue/bwv_846/Shi05M.mid,Bach,Fugue_bwv_846,Bach/Fugue/bwv_846
C:\Users\eagle\MARG_research\third_party\PianistTransformer\data\midis\asap-dataset-master\Bach\Fugue\bwv_846\Shi05M.mid,asap_metadata_performance,raw_normalized,146.936,54,146936,Bach/Fugue/bwv_846/Shi05M.mid,Bach,Fugue_bwv_846,Bach/Fugue/bwv_846
C:\Users\eagle\MARG_research\third_party\PianistTransformer\data\midis\asap-dataset-master\Bach\Fugue\bwv_846\Shi05M.mid,asap_metadata_performance,raw_normalized,146.956,54,146956,Bach/Fugue/bwv_846/Shi05M.mid,Bach,Fugue_bwv_846,Bach/Fugue/bwv_846
C:\Users\eagle\MARG_research\third_party\PianistTransformer\data\midis\asap-dataset-master\Bach\Fugue\bwv_846\Shi05M.mid,asap_metadata_performance,raw_normalized,146.975,53,146975,Bach/Fugue/bwv_846/Shi05M.mid,Bach,Fugue_bwv_846,Bach/Fugue/bwv_846
C:\Users\eagle\MARG_research\third_party\PianistTransformer\data\midis\asap-dataset-master\Bach\Fugue\bwv_846\Shi05M.mid,asap_metadata_performance,raw_normalized,146.996,52,146996,Bach/Fugue/bwv_846/Shi05M.mid,Bach,Fugue_bwv_846,Bach/Fugue/bwv_846
C:\Users\eagle\MARG_research\third_party\PianistTransformer\data\midis\asap-dataset-master\Bach\Fugue\bwv_846\Shi05M.mid,asap_metadata_performance,raw_normalized,147.017,51,147017,Bach/Fugue/bwv_846/Shi05M.mid,Bach,Fugue_bwv_846,Bach/Fugue/bwv_846
C:\Users\eagle\MARG_research\third_party\PianistTransformer\data\midis\asap-dataset-master\Bach\Fugue\bwv_846\Shi05M.mid,asap_metadata_performance,raw_normalized,147.035,48,147035,Bach/Fugue/bwv_846/Shi05M.mid,Bach,Fugue_bwv_846,Bach/Fugue/bwv_846
C:\Users\eagle\MARG_research\third_party\PianistTransformer\data\midis\asap-dataset-master\Bach\Fugue\bwv_846\Shi05M.mid,asap_metadata_performance,raw_normalized,147.056,44,147056,Bach/Fugue/bwv_846/Shi05M.mid,Bach,Fugue_bwv_846,Bach/Fugue/bwv_846
C:\Users\eagle\MARG_research\third_party\PianistTransformer\data\midis\asap-dataset-master\Bach\Fugue\bwv_846\Shi05M.mid,asap_metadata_performance,raw_normalized,147.076,41,147076,Bach/Fugue/bwv_846/Shi05M.mid,Bach,Fugue_bwv_846,Bach/Fugue/bwv_846
C:\Users\eagle\MARG_research\third_party\PianistTransformer\data\midis\asap-dataset-master\Bach\Fugue\bwv_846\Shi05M.mid,asap_metadata_performance,raw_normalized,147.095,40,147095,Bach/Fugue/bwv_846/Shi05M.mid,Bach,Fugue_bwv_846,Bach/Fugue/bwv_846
C:\Users\eagle\MARG_research\third_party\PianistTransformer\data\midis\asap-dataset-master\Bach\Fugue\bwv_846\Shi05M.mid,asap_metadata_performance,raw_normalized,147.174,39,147174,Bach/Fugue/bwv_846/Shi05M.mid,Bach,Fugue_bwv_846,Bach/Fugue/bwv_846
C:\Users\eagle\MARG_research\third_party\PianistTransformer\data\midis\asap-dataset-master\Bach\Fugue\bwv_846\Shi05M.mid,asap_metadata_performance,raw_normalized,147.194,37,147194,Bach/Fugue/bwv_846/Shi05M.mid,Bach,Fugue_bwv_846,Bach/Fugue/bwv_846
C:\Users\eagle\MARG_research\third_party\PianistTransformer\data\midis\asap-dataset-master\Bach\Fugue\bwv_846\Shi05M.mid,asap_metadata_performance,raw_normalized,147.224,31,147224,Bach/Fugue/bwv_846/Shi05M.mid,Bach,Fugue_bwv_846,Bach/Fugue/bwv_846
C:\Users\eagle\MARG_research\third_party\PianistTransformer\data\midis\asap-dataset-master\Bach\Fugue\bwv_846\Shi05M.mid,asap_metadata_performance,raw_normalized,147.242,0,147242,Bach/Fugue/bwv_846/Shi05M.mid,Bach,Fugue_bwv_846,Bach/Fugue/bwv_846
C:\Users\eagle\MARG_research\third_party\PianistTransformer\data\midis\asap-dataset-master\Bach\Fugue\bwv_846\Shi05M.mid,asap_metadata_performance,tokenized_reconstructed,0.5,48,500,Bach/Fugue/bwv_846/Shi05M.mid,Bach,Fugue_bwv_846,Bach/Fugue/bwv_846
C:\Users\eagle\MARG_research\third_party\PianistTransformer\data\midis\asap-dataset-master\Bach\Fugue\bwv_846\Shi05M.mid,asap_metadata_performance,tokenized_reconstructed,0.798,47,798,Bach/Fugue/bwv_846/Shi05M.mid,Bach,Fugue_bwv_846,Bach/Fugue/bwv_846
C:\Users\eagle\MARG_research\third_party\PianistTransformer\data\midis\asap-dataset-master\Bach\Fugue\bwv_846\Shi05M.mid,asap_metadata_performance,tokenized_reconstructed,0.946,46,946,Bach/Fugue/bwv_846/Shi05M.mid,Bach,Fugue_bwv_846,Bach/Fugue/bwv_846
C:\Users\eagle\MARG_research\third_party\PianistTransformer\data\midis\asap-dataset-master\Bach\Fugue\bwv_846\Shi05M.mid,asap_metadata_performance,tokenized_reconstructed,1.095,44,1095,Bach/Fugue/bwv_846/Shi05M.mid,Bach,Fugue_bwv_846,Bach/Fugue/bwv_846
C:\Users\eagle\MARG_research\third_party\PianistTransformer\data\midis\asap-dataset-master\Bach\Fugue\bwv_846\Shi05M.mid,asap_metadata_performance,tokenized_reconstructed,1.248,43,1248,Bach/Fugue/bwv_846/Shi05M.mid,Bach,Fugue_bwv_846,Bach/Fugue/bwv_846
C:\Users\eagle\MARG_research\third_party\PianistTransformer\data\midis\asap-dataset-master\Bach\Fugue\bwv_846\Shi05M.mid,asap_metadata_performance,tokenized_reconstructed,1.871,42,1871,Bach/Fugue/bwv_846/Shi05M.mid,Bach,Fugue_bwv_846,Bach/Fugue/bwv_846
C:\Users\eagle\MARG_research\third_party\PianistTransformer\data\midis\asap-dataset-master\Bach\Fugue\bwv_846\Shi05M.mid,asap_metadata_performance,tokenized_reconstructed,2.036,41,2036,Bach/Fugue/bwv_846/Shi05M.mid,Bach,Fugue_bwv_846,Bach/Fugue/bwv_846
C:\Users\eagle\MARG_research\third_party\PianistTransformer\data\midis\asap-dataset-master\Bach\Fugue\bwv_846\Shi05M.mid,asap_metadata_performance,tokenized_reconstructed,2.62,40,2620,Bach/Fugue/bwv_846/Shi05M.mid,Bach,Fugue_bwv_846,Bach/Fugue/bwv_846
C:\Users\eagle\MARG_research\third_party\PianistTransformer\data\midis\asap-dataset-master\Bach\Fugue\bwv_846\Shi05M.mid,asap_metadata_performance,tokenized_reconstructed,3.976,39,3976,Bach/Fugue/bwv_846/Shi05M.mid,Bach,Fugue_bwv_846,Bach/Fugue/bwv_846
C:\Users\eagle\MARG_research\third_party\PianistTransformer\data\midis\asap-dataset-master\Bach\Fugue\bwv_846\Shi05M.mid,asap_metadata_performance,tokenized_reconstructed,4.132,38,4132,Bach/Fugue/bwv_846/Shi05M.mid,Bach,Fugue_bwv_846,Bach/Fugue/bwv_846
C:\Users\eagle\MARG_research\third_party\PianistTransformer\data\midis\asap-dataset-master\Bach\Fugue\bwv_846\Shi05M.mid,asap_metadata_performance,tokenized_reconstructed,4.289,36,4289,Bach/Fugue/bwv_846/Shi05M.mid,Bach,Fugue_bwv_846,Bach/Fugue/bwv_846
C:\Users\eagle\MARG_research\third_party\PianistTransformer\data\midis\asap-dataset-master\Bach\Fugue\bwv_846\Shi05M.mid,asap_metadata_performance,tokenized_reconstructed,4.448,34,4448,Bach/Fugue/bwv_846/Shi05M.mid,Bach,Fugue_bwv_846,Bach/Fugue/bwv_846
C:\Users\eagle\MARG_research\third_party\PianistTransformer\data\midis\asap-dataset-master\Bach\Fugue\bwv_846\Shi05M.mid,asap_metadata_performance,tokenized_reconstructed,4.606,32,4606,Bach/Fugue/bwv_846/Shi05M.mid,Bach,Fugue_bwv_846,Bach/Fugue/bwv_846
C:\Users\eagle\MARG_research\third_party\PianistTransformer\data\midis\asap-dataset-master\Bach\Fugue\bwv_846\Shi05M.mid,asap_metadata_performance,tokenized_reconstructed,4.765,0,4765,Bach/Fugue/bwv_846/Shi05M.mid,Bach,Fugue_bwv_846,Bach/Fugue/bwv_846
C:\Users\eagle\MARG_research\third_party\PianistTransformer\data\midis\asap-dataset-master\Bach\Fugue\bwv_846\Shi05M.mid,asap_metadata_performance,tokenized_reconstructed,14.802,60,14802,Bach/Fugue/bwv_846/Shi05M.mid,Bach,Fugue_bwv_846,Bach/Fugue/bwv_846
C:\Users\eagle\MARG_research\third_party\PianistTransformer\data\midis\asap-dataset-master\Bach\Fugue\bwv_846\Shi05M.mid,asap_metadata_performance,tokenized_reconstructed,14.873,93,14873,Bach/Fugue/bwv_846/Shi05M.mid,Bach,Fugue_bwv_846,Bach/Fugue/bwv_846
C:\Users\eagle\MARG_research\third_party\PianistTransformer\data\midis\asap-dataset-master\Bach\Fugue\bwv_846\Shi05M.mid,asap_metadata_performance,tokenized_reconstructed,14.944,127,14944,Bach/Fugue/bwv_846/Shi05M.mid,Bach,Fugue_bwv_846,Bach/Fugue/bwv_846
C:\Users\eagle\MARG_research\third_party\PianistTransformer\data\midis\asap-dataset-master\Bach\Fugue\bwv_846\Shi05M.mid,asap_metadata_performance,tokenized_reconstructed,15.328,111,15328,Bach/Fugue/bwv_846/Shi05M.mid,Bach,Fugue_bwv_846,Bach/Fugue/bwv_846
C:\Users\eagle\MARG_research\third_party\PianistTransformer\data\midis\asap-dataset-master\Bach\Fugue\bwv_846\Shi05M.mid,asap_metadata_performance,tokenized_reconstructed,15.349,88,15349,Bach/Fugue/bwv_846/Shi05M.mid,Bach,Fugue_bwv_846,Bach/Fugue/bwv_846
C:\Users\eagle\MARG_research\third_party\PianistTransformer\data\midis\asap-dataset-master\Bach\Fugue\bwv_846\Shi05M.mid,asap_metadata_performance,tokenized_reconstructed,15.428,37,15428,Bach/Fugue/bwv_846/Shi05M.mid,Bach,Fugue_bwv_846,Bach/Fugue/bwv_846
C:\Users\eagle\MARG_research\third_party\PianistTransformer\data\midis\asap-dataset-master\Bach\Fugue\bwv_846\Shi05M.mid,asap_metadata_performance,tokenized_reconstructed,15.495,68,15495,Bach/Fugue/bwv_846/Shi05M.mid,Bach,Fugue_bwv_846,Bach/Fugue/bwv_846
C:\Users\eagle\MARG_research\third_party\PianistTransformer\data\midis\asap-dataset-master\Bach\Fugue\bwv_846\Shi05M.mid,asap_metadata_performance,tokenized_reconstructed,15.562,127,15562,Bach/Fugue/bwv_846/Shi05M.mid,Bach,Fugue_bwv_846,Bach/Fugue/bwv_846
C:\Users\eagle\MARG_research\third_party\PianistTransformer\data\midis\asap-dataset-master\Bach\Fugue\bwv_846\Shi05M.mid,asap_metadata_performance,tokenized_reconstructed,15.946,94,15946,Bach/Fugue/bwv_846/Shi05M.mid,Bach,Fugue_bwv_846,Bach/Fugue/bwv_846
C:\Users\eagle\MARG_research\third_party\PianistTransformer\data\midis\asap-dataset-master\Bach\Fugue\bwv_846\Shi05M.mid,asap_metadata_performance,tokenized_reconstructed,15.969,78,15969,Bach/Fugue/bwv_846/Shi05M.mid,Bach,Fugue_bwv_846,Bach/Fugue/bwv_846
C:\Users\eagle\MARG_research\third_party\PianistTransformer\data\midis\asap-dataset-master\Bach\Fugue\bwv_846\Shi05M.mid,asap_metadata_performance,tokenized_reconstructed,16.034,37,16034,Bach/Fugue/bwv_846/Shi05M.mid,Bach,Fugue_bwv_846,Bach/Fugue/bwv_846
C:\Users\eagle\MARG_research\third_party\PianistTransformer\data\midis\asap-dataset-master\Bach\Fugue\bwv_846\Shi05M.mid,asap_metadata_performance,tokenized_reconstructed,16.099,62,16099,Bach/Fugue/bwv_846/Shi05M.mid,Bach,Fugue_bwv_846,Bach/Fugue/bwv_846
C:\Users\eagle\MARG_research\third_party\PianistTransformer\data\midis\asap-dataset-master\Bach\Fugue\bwv_846\Shi05M.mid,asap_metadata_performance,tokenized_reconstructed,16.164,103,16164,Bach/Fugue/bwv_846/Shi05M.mid,Bach,Fugue_bwv_846,Bach/Fugue/bwv_846
C:\Users\eagle\MARG_research\third_party\PianistTransformer\data\midis\asap-dataset-master\Bach\Fugue\bwv_846\Shi05M.mid,asap_metadata_performance,tokenized_reconstructed,16.229,127,16229,Bach/Fugue/bwv_846/Shi05M.mid,Bach,Fugue_bwv_846,Bach/Fugue/bwv_846
C:\Users\eagle\MARG_research\third_party\PianistTransformer\data\midis\asap-dataset-master\Bach\Fugue\bwv_846\Shi05M.mid,asap_metadata_performance,tokenized_reconstructed,16.57,102,16570,Bach/Fugue/bwv_846/Shi05M.mid,Bach,Fugue_bwv_846,Bach/Fugue/bwv_846
C:\Users\eagle\MARG_research\third_party\PianistTransformer\data\midis\asap-dataset-master\Bach\Fugue\bwv_846\Shi05M.mid,asap_metadata_performance,tokenized_reconstructed,16.638,62,16638,Bach/Fugue/bwv_846/Shi05M.mid,Bach,Fugue_bwv_846,Bach/Fugue/bwv_846
C:\Users\eagle\MARG_research\third_party\PianistTransformer\data\midis\asap-dataset-master\Bach\Fugue\bwv_846\Shi05M.mid,asap_metadata_performance,tokenized_reconstructed,16.706,40,16706,Bach/Fugue/bwv_846/Shi05M.mid,Bach,Fugue_bwv_846,Bach/Fugue/bwv_846
C:\Users\eagle\MARG_research\third_party\PianistTransformer\data\midis\asap-dataset-master\Bach\Fugue\bwv_846\Shi05M.mid,asap_metadata_performance,tokenized_reconstructed,16.774,65,16774,Bach/Fugue/bwv_846/Shi05M.mid,Bach,Fugue_bwv_846,Bach/Fugue/bwv_846
C:\Users\eagle\MARG_research\third_party\PianistTransformer\data\midis\asap-dataset-master\Bach\Fugue\bwv_846\Shi05M.mid,asap_metadata_performance,tokenized_reconstructed,16.842,86,16842,Bach/Fugue/bwv_846/Shi05M.mid,Bach,Fugue_bwv_846,Bach/Fugue/bwv_846
C:\Users\eagle\MARG_research\third_party\PianistTransformer\data\midis\asap-dataset-master\Bach\Fugue\bwv_846\Shi05M.mid,asap_metadata_performance,tokenized_reconstructed,16.92,92,16920,Bach/Fugue/bwv_846/Shi05M.mid,Bach,Fugue_bwv_846,Bach/Fugue/bwv_846
C:\Users\eagle\MARG_research\third_party\PianistTransformer\data\midis\asap-dataset-master\Bach\Fugue\bwv_846\Shi05M.mid,asap_metadata_performance,tokenized_reconstructed,17.076,86,17076,Bach/Fugue/bwv_846/Shi05M.mid,Bach,Fugue_bwv_846,Bach/Fugue/bwv_846
C:\Users\eagle\MARG_research\third_party\PianistTransformer\data\midis\asap-dataset-master\Bach\Fugue\bwv_846\Shi05M.mid,asap_metadata_performance,tokenized_reconstructed,17.154,80,17154,Bach/Fugue/bwv_846/Shi05M.mid,Bach,Fugue_bwv_846,Bach/Fugue/bwv_846
C:\Users\eagle\MARG_research\third_party\PianistTransformer\data\midis\asap-dataset-master\Bach\Fugue\bwv_846\Shi05M.mid,asap_metadata_performance,tokenized_reconstructed,17.233,64,17233,Bach/Fugue/bwv_846/Shi05M.mid,Bach,Fugue_bwv_846,Bach/Fugue/bwv_846
C:\Users\eagle\MARG_research\third_party\PianistTransformer\data\midis\asap-dataset-master\Bach\Fugue\bwv_846\Shi05M.mid,asap_metadata_performance,tokenized_reconstructed,17.308,46,17308,Bach/Fugue/bwv_846/Shi05M.mid,Bach,Fugue_bwv_846,Bach/Fugue/bwv_846
C:\Users\eagle\MARG_research\third_party\PianistTransformer\data\midis\asap-dataset-master\Bach\Fugue\bwv_846\Shi05M.mid,asap_metadata_performance,tokenized_reconstructed,17.383,37,17383,Bach/Fugue/bwv_846/Shi05M.mid,Bach,Fugue_bwv_846,Bach/Fugue/bwv_846
C:\Users\eagle\MARG_research\third_party\PianistTransformer\data\midis\asap-dataset-master\Bach\Fugue\bwv_846\Shi05M.mid,asap_metadata_performance,tokenized_reconstructed,17.458,32,17458,Bach/Fugue/bwv_846/Shi05M.mid,Bach,Fugue_bwv_846,Bach/Fugue/bwv_846
C:\Users\eagle\MARG_research\third_party\PianistTransformer\data\midis\asap-dataset-master\Bach\Fugue\bwv_846\Shi05M.mid,asap_metadata_performance,tokenized_reconstructed,17.531,0,17531,Bach/Fugue/bwv_846/Shi05M.mid,Bach,Fugue_bwv_846,Bach/Fugue/bwv_846
C:\Users\eagle\MARG_research\third_party\PianistTransformer\data\midis\asap-dataset-master\Bach\Fugue\bwv_846\Shi05M.mid,asap_metadata_performance,tokenized_reconstructed,22.094,68,22094,Bach/Fugue/bwv_846/Shi05M.mid,Bach,Fugue_bwv_846,Bach/Fugue/bwv_846
C:\Users\eagle\MARG_research\third_party\PianistTransformer\data\midis\asap-dataset-master\Bach\Fugue\bwv_846\Shi05M.mid,asap_metadata_performance,tokenized_reconstructed,22.178,127,22178,Bach/Fugue/bwv_846/Shi05M.mid,Bach,Fugue_bwv_846,Bach/Fugue/bwv_846
C:\Users\eagle\MARG_research\third_party\PianistTransformer\data\midis\asap-dataset-master\Bach\Fugue\bwv_846\Shi05M.mid,asap_metadata_performance,tokenized_reconstructed,22.672,91,22672,Bach/Fugue/bwv_846/Shi05M.mid,Bach,Fugue_bwv_846,Bach/Fugue/bwv_846
C:\Users\eagle\MARG_research\third_party\PianistTransformer\data\midis\asap-dataset-master\Bach\Fugue\bwv_846\Shi05M.mid,asap_metadata_performance,tokenized_reconstructed,22.75,41,22750,Bach/Fugue/bwv_846/Shi05M.mid,Bach,Fugue_bwv_846,Bach/Fugue/bwv_846
C:\Users\eagle\MARG_research\third_party\PianistTransformer\data\midis\asap-dataset-master\Bach\Fugue\bwv_846\Shi05M.mid,asap_metadata_performance,tokenized_reconstructed,22.822,66,22822,Bach/Fugue/bwv_846/Shi05M.mid,Bach,Fugue_bwv_846,Bach/Fugue/bwv_846
C:\Users\eagle\MARG_research\third_party\PianistTransformer\data\midis\asap-dataset-master\Bach\Fugue\bwv_846\Shi05M.mid,asap_metadata_performance,tokenized_reconstructed,22.893,98,22893,Bach/Fugue/bwv_846/Shi05M.mid,Bach,Fugue_bwv_846,Bach/Fugue/bwv_846
C:\Users\eagle\MARG_research\third_party\PianistTransformer\data\midis\asap-dataset-master\Bach\Fugue\bwv_846\Shi05M.mid,asap_metadata_performance,tokenized_reconstructed,22.965,127,22965,Bach/Fugue/bwv_846/Shi05M.mid,Bach,Fugue_bwv_846,Bach/Fugue/bwv_846
C:\Users\eagle\MARG_research\third_party\PianistTransformer\data\midis\asap-dataset-master\Bach\Fugue\bwv_846\Shi05M.mid,asap_metadata_performance,tokenized_reconstructed,23.292,114,23292,Bach/Fugue/bwv_846/Shi05M.mid,Bach,Fugue_bwv_846,Bach/Fugue/bwv_846
C:\Users\eagle\MARG_research\third_party\PianistTransformer\data\midis\asap-dataset-master\Bach\Fugue\bwv_846\Shi05M.mid,asap_metadata_performance,tokenized_reconstructed,23.312,92,23312,Bach/Fugue/bwv_846/Shi05M.mid,Bach,Fugue_bwv_846,Bach/Fugue/bwv_846
C:\Users\eagle\MARG_research\third_party\PianistTransformer\data\midis\asap-dataset-master\Bach\Fugue\bwv_846\Shi05M.mid,asap_metadata_performance,tokenized_reconstructed,23.398,0,23398,Bach/Fugue/bwv_846/Shi05M.mid,Bach,Fugue_bwv_846,Bach/Fugue/bwv_846
C:\Users\eagle\MARG_research\third_party\PianistTransformer\data\midis\asap-dataset-master\Bach\Fugue\bwv_846\Shi05M.mid,asap_metadata_performance,tokenized_reconstructed,23.537,69,23537,Bach/Fugue/bwv_846/Shi05M.mid,Bach,Fugue_bwv_846,Bach/Fugue/bwv_846
C:\Users\eagle\MARG_research\third_party\PianistTransformer\data\midis\asap-dataset-master\Bach\Fugue\bwv_846\Shi05M.mid,asap_metadata_performance,tokenized_reconstructed,23.607,86,23607,Bach/Fugue/bwv_846/Shi05M.mid,Bach,Fugue_bwv_846,Bach/Fugue/bwv_846
C:\Users\eagle\MARG_research\third_party\PianistTransformer\data\midis\asap-dataset-master\Bach\Fugue\bwv_846\Shi05M.mid,asap_metadata_performance,tokenized_reconstructed,23.684,95,23684,Bach/Fugue/bwv_846/Shi05M.mid,Bach,Fugue_bwv_846,Bach/Fugue/bwv_846
C:\Users\eagle\MARG_research\third_party\PianistTransformer\data\midis\asap-dataset-master\Bach\Fugue\bwv_846\Shi05M.mid,asap_metadata_performance,tokenized_reconstructed,23.76,109,23760,Bach/Fugue/bwv_846/Shi05M.mid,Bach,Fugue_bwv_846,Bach/Fugue/bwv_846
C:\Users\eagle\MARG_research\third_party\PianistTransformer\data\midis\asap-dataset-master\Bach\Fugue\bwv_846\Shi05M.mid,asap_metadata_performance,tokenized_reconstructed,23.914,90,23914,Bach/Fugue/bwv_846/Shi05M.mid,Bach,Fugue_bwv_846,Bach/Fugue/bwv_846
C:\Users\eagle\MARG_research\third_party\PianistTransformer\data\midis\asap-dataset-master\Bach\Fugue\bwv_846\Shi05M.mid,asap_metadata_performance,tokenized_reconstructed,23.928,77,23928,Bach/Fugue/bwv_846/Shi05M.mid,Bach,Fugue_bwv_846,Bach/Fugue/bwv_846
C:\Users\eagle\MARG_research\third_party\PianistTransformer\data\midis\asap-dataset-master\Bach\Fugue\bwv_846\Shi05M.mid,asap_metadata_performance,tokenized_reconstructed,24.006,0,24006,Bach/Fugue/bwv_846/Shi05M.mid,Bach,Fugue_bwv_846,Bach/Fugue/bwv_846
C:\Users\eagle\MARG_research\third_party\PianistTransformer\data\midis\asap-dataset-master\Bach\Fugue\bwv_846\Shi05M.mid,asap_metadata_performance,tokenized_reconstructed,24.083,36,24083,Bach/Fugue/bwv_846/Shi05M.mid,Bach,Fugue_bwv_846,Bach/Fugue/bwv_846
C:\Users\eagle\MARG_research\third_party\PianistTransformer\data\midis\asap-dataset-master\Bach\Fugue\bwv_846\Shi05M.mid,asap_metadata_performance,tokenized_reconstructed,24.16,66,24160,Bach/Fugue/bwv_846/Shi05M.mid,Bach,Fugue_bwv_846,Bach/Fugue/bwv_846
C:\Users\eagle\MARG_research\third_party\PianistTransformer\data\midis\asap-dataset-master\Bach\Fugue\bwv_846\Shi05M.mid,asap_metadata_performance,tokenized_reconstructed,24.238,82,24238,Bach/Fugue/bwv_846/Shi05M.mid,Bach,Fugue_bwv_846,Bach/Fugue/bwv_846
C:\Users\eagle\MARG_research\third_party\PianistTransformer\data\midis\asap-dataset-master\Bach\Fugue\bwv_846\Shi05M.mid,asap_metadata_performance,tokenized_reconstructed,24.316,89,24316,Bach/Fugue/bwv_846/Shi05M.mid,Bach,Fugue_bwv_846,Bach/Fugue/bwv_846
C:\Users\eagle\MARG_research\third_party\PianistTransformer\data\midis\asap-dataset-master\Bach\Fugue\bwv_846\Shi05M.mid,asap_metadata_performance,tokenized_reconstructed,24.552,74,24552,Bach/Fugue/bwv_846/Shi05M.mid,Bach,Fugue_bwv_846,Bach/Fugue/bwv_846
C:\Users\eagle\MARG_research\third_party\PianistTransformer\data\midis\asap-dataset-master\Bach\Fugue\bwv_846\Shi05M.mid,asap_metadata_performance,tokenized_reconstructed,24.576,64,24576,Bach/Fugue/bwv_846/Shi05M.mid,Bach,Fugue_bwv_846,Bach/Fugue/bwv_846
C:\Users\eagle\MARG_research\third_party\PianistTransformer\data\midis\asap-dataset-master\Bach\Fugue\bwv_846\Shi05M.mid,asap_metadata_performance,tokenized_reconstructed,24.596,47,24596,Bach/Fugue/bwv_846/Shi05M.mid,Bach,Fugue_bwv_846,Bach/Fugue/bwv_846
C:\Users\eagle\MARG_research\third_party\PianistTransformer\data\midis\asap-dataset-master\Bach\Fugue\bwv_846\Shi05M.mid,asap_metadata_performance,tokenized_reconstructed,24.663,0,24663,Bach/Fugue/bwv_846/Shi05M.mid,Bach,Fugue_bwv_846,Bach/Fugue/bwv_846
C:\Users\eagle\MARG_research\third_party\PianistTransformer\data\midis\asap-dataset-master\Bach\Fugue\bwv_846\Shi05M.mid,asap_metadata_performance,tokenized_reconstructed,24.73,44,24730,Bach/Fugue/bwv_846/Shi05M.mid,Bach,Fugue_bwv_846,Bach/Fugue/bwv_846
C:\Users\eagle\MARG_research\third_party\PianistTransformer\data\midis\asap-dataset-master\Bach\Fugue\bwv_846\Shi05M.mid,asap_metadata_performance,tokenized_reconstructed,24.798,66,24798,Bach/Fugue/bwv_846/Shi05M.mid,Bach,Fugue_bwv_846,Bach/Fugue/bwv_846
C:\Users\eagle\MARG_research\third_party\PianistTransformer\data\midis\asap-dataset-master\Bach\Fugue\bwv_846\Shi05M.mid,asap_metadata_performance,tokenized_reconstructed,24.865,71,24865,Bach/Fugue/bwv_846/Shi05M.mid,Bach,Fugue_bwv_846,Bach/Fugue/bwv_846
C:\Users\eagle\MARG_research\third_party\PianistTransformer\data\midis\asap-dataset-master\Bach\Fugue\bwv_846\Shi05M.mid,asap_metadata_performance,tokenized_reconstructed,25.159,59,25159,Bach/Fugue/bwv_846/Shi05M.mid,Bach,Fugue_bwv_846,Bach/Fugue/bwv_846
C:\Users\eagle\MARG_research\third_party\PianistTransformer\data\midis\asap-dataset-master\Bach\Fugue\bwv_846\Shi05M.mid,asap_metadata_performance,tokenized_reconstructed,25.168,48,25168,Bach/Fugue/bwv_846/Shi05M.mid,Bach,Fugue_bwv_846,Bach/Fugue/bwv_846
C:\Users\eagle\MARG_research\third_party\PianistTransformer\data\midis\asap-dataset-master\Bach\Fugue\bwv_846\Shi05M.mid,asap_metadata_performance,tokenized_reconstructed,25.25,52,25250,Bach/Fugue/bwv_846/Shi05M.mid,Bach,Fugue_bwv_846,Bach/Fugue/bwv_846
C:\Users\eagle\MARG_research\third_party\PianistTransformer\data\midis\asap-dataset-master\Bach\Fugue\bwv_846\Shi05M.mid,asap_metadata_performance,tokenized_reconstructed,25.319,68,25319,Bach/Fugue/bwv_846/Shi05M.mid,Bach,Fugue_bwv_846,Bach/Fugue/bwv_846
C:\Users\eagle\MARG_research\third_party\PianistTransformer\data\midis\asap-dataset-master\Bach\Fugue\bwv_846\Shi05M.mid,asap_metadata_performance,tokenized_reconstructed,25.388,72,25388,Bach/Fugue/bwv_846/Shi05M.mid,Bach,Fugue_bwv_846,Bach/Fugue/bwv_846
C:\Users\eagle\MARG_research\third_party\PianistTransformer\data\midis\asap-dataset-master\Bach\Fugue\bwv_846\Shi05M.mid,asap_metadata_performance,tokenized_reconstructed,25.675,71,25675,Bach/Fugue/bwv_846/Shi05M.mid,Bach,Fugue_bwv_846,Bach/Fugue/bwv_846
C:\Users\eagle\MARG_research\third_party\PianistTransformer\data\midis\asap-dataset-master\Bach\Fugue\bwv_846\Shi05M.mid,asap_metadata_performance,tokenized_reconstructed,25.715,63,25715,Bach/Fugue/bwv_846/Shi05M.mid,Bach,Fugue_bwv_846,Bach/Fugue/bwv_846
C:\Users\eagle\MARG_research\third_party\PianistTransformer\data\midis\asap-dataset-master\Bach\Fugue\bwv_846\Shi05M.mid,asap_metadata_performance,tokenized_reconstructed,25.755,30,25755,Bach/Fugue/bwv_846/Shi05M.mid,Bach,Fugue_bwv_846,Bach/Fugue/bwv_846
C:\Users\eagle\MARG_research\third_party\PianistTransformer\data\midis\asap-dataset-master\Bach\Fugue\bwv_846\Shi05M.mid,asap_metadata_performance,tokenized_reconstructed,25.84,0,25840,Bach/Fugue/bwv_846/Shi05M.mid,Bach,Fugue_bwv_846,Bach/Fugue/bwv_846
C:\Users\eagle\MARG_research\third_party\PianistTransformer\data\midis\asap-dataset-master\Bach\Fugue\bwv_846\Shi05M.mid,asap_metadata_performance,tokenized_reconstructed,25.995,62,25995,Bach/Fugue/bwv_846/Shi05M.mid,Bach,Fugue_bwv_846,Bach/Fugue/bwv_846
C:\Users\eagle\MARG_research\third_party\PianistTransformer\data\midis\asap-dataset-master\Bach\Fugue\bwv_846\Shi05M.mid,asap_metadata_performance,tokenized_reconstructed,26.073,84,26073,Bach/Fugue/bwv_846/Shi05M.mid,Bach,Fugue_bwv_846,Bach/Fugue/bwv_846
C:\Users\eagle\MARG_research\third_party\PianistTransformer\data\midis\asap-dataset-master\Bach\Fugue\bwv_846\Shi05M.mid,asap_metadata_performance,tokenized_reconstructed,26.151,91,26151,Bach/Fugue/bwv_846/Shi05M.mid,Bach,Fugue_bwv_846,Bach/Fugue/bwv_846
C:\Users\eagle\MARG_research\third_party\PianistTransformer\data\midis\asap-dataset-master\Bach\Fugue\bwv_846\Shi05M.mid,asap_metadata_performance,tokenized_reconstructed,26.229,92,26229,Bach/Fugue/bwv_846/Shi05M.mid,Bach,Fugue_bwv_846,Bach/Fugue/bwv_846
C:\Users\eagle\MARG_research\third_party\PianistTransformer\data\midis\asap-dataset-master\Bach\Fugue\bwv_846\Shi05M.mid,asap_metadata_performance,tokenized_reconstructed,26.385,89,26385,Bach/Fugue/bwv_846/Shi05M.mid,Bach,Fugue_bwv_846,Bach/Fugue/bwv_846
C:\Users\eagle\MARG_research\third_party\PianistTransformer\data\midis\asap-dataset-master\Bach\Fugue\bwv_846\Shi05M.mid,asap_metadata_performance,tokenized_reconstructed,26.395,86,26395,Bach/Fugue/bwv_846/Shi05M.mid,Bach,Fugue_bwv_846,Bach/Fugue/bwv_846
C:\Users\eagle\MARG_research\third_party\PianistTransformer\data\midis\asap-dataset-master\Bach\Fugue\bwv_846\Shi05M.mid,asap_metadata_performance,tokenized_reconstructed,26.476,66,26476,Bach/Fugue/bwv_846/Shi05M.mid,Bach,Fugue_bwv_846,Bach/Fugue/bwv_846
C:\Users\eagle\MARG_research\third_party\PianistTransformer\data\midis\asap-dataset-master\Bach\Fugue\bwv_846\Shi05M.mid,asap_metadata_performance,tokenized_reconstructed,26.555,0,26555,Bach/Fugue/bwv_846/Shi05M.mid,Bach,Fugue_bwv_846,Bach/Fugue/bwv_846
C:\Users\eagle\MARG_research\third_party\PianistTransformer\data\midis\asap-dataset-master\Bach\Fugue\bwv_846\Shi05M.mid,asap_metadata_performance,tokenized_reconstructed,27.691,41,27691,Bach/Fugue/bwv_846/Shi05M.mid,Bach,Fugue_bwv_846,Bach/Fugue/bwv_846
C:\Users\eagle\MARG_research\third_party\PianistTransformer\data\midis\asap-dataset-master\Bach\Fugue\bwv_846\Shi05M.mid,asap_metadata_performance,tokenized_reconstructed,27.764,65,27764,Bach/Fugue/bwv_846/Shi05M.mid,Bach,Fugue_bwv_846,Bach/Fugue/bwv_846
C:\Users\eagle\MARG_research\third_party\PianistTransformer\data\midis\asap-dataset-master\Bach\Fugue\bwv_846\Shi05M.mid,asap_metadata_performance,tokenized_reconstructed,27.837,88,27837,Bach/Fugue/bwv_846/Shi05M.mid,Bach,Fugue_bwv_846,Bach/Fugue/bwv_846
C:\Users\eagle\MARG_research\third_party\PianistTransformer\data\midis\asap-dataset-master\Bach\Fugue\bwv_846\Shi05M.mid,asap_metadata_performance,tokenized_reconstructed,27.91,100,27910,Bach/Fugue/bwv_846/Shi05M.mid,Bach,Fugue_bwv_846,Bach/Fugue/bwv_846
C:\Users\eagle\MARG_research\third_party\PianistTransformer\data\midis\asap-dataset-master\Bach\Fugue\bwv_846\Shi05M.mid,asap_metadata_performance,tokenized_reconstructed,27.981,103,27981,Bach/Fugue/bwv_846/Shi05M.mid,Bach,Fugue_bwv_846,Bach/Fugue/bwv_846
C:\Users\eagle\MARG_research\third_party\PianistTransformer\data\midis\asap-dataset-master\Bach\Fugue\bwv_846\Shi05M.mid,asap_metadata_performance,tokenized_reconstructed,28.194,91,28194,Bach/Fugue/bwv_846/Shi05M.mid,Bach,Fugue_bwv_846,Bach/Fugue/bwv_846
C:\Users\eagle\MARG_research\third_party\PianistTransformer\data\midis\asap-dataset-master\Bach\Fugue\bwv_846\Shi05M.mid,asap_metadata_performance,tokenized_reconstructed,28.212,86,28212,Bach/Fugue/bwv_846/Shi05M.mid,Bach,Fugue_bwv_846,Bach/Fugue/bwv_846
C:\Users\eagle\MARG_research\third_party\PianistTransformer\data\midis\asap-dataset-master\Bach\Fugue\bwv_846\Shi05M.mid,asap_metadata_performance,tokenized_reconstructed,28.236,80,28236,Bach/Fugue/bwv_846/Shi05M.mid,Bach,Fugue_bwv_846,Bach/Fugue/bwv_846
C:\Users\eagle\MARG_research\third_party\PianistTransformer\data\midis\asap-dataset-master\Bach\Fugue\bwv_846\Shi05M.mid,asap_metadata_performance,tokenized_reconstructed,28.26,73,28260,Bach/Fugue/bwv_846/Shi05M.mid,Bach,Fugue_bwv_846,Bach/Fugue/bwv_846
C:\Users\eagle\MARG_research\third_party\PianistTransformer\data\midis\asap-dataset-master\Bach\Fugue\bwv_846\Shi05M.mid,asap_metadata_performance,tokenized_reconstructed,28.283,65,28283,Bach/Fugue/bwv_846/Shi05M.mid,Bach,Fugue_bwv_846,Bach/Fugue/bwv_846
C:\Users\eagle\MARG_research\third_party\PianistTransformer\data\midis\asap-dataset-master\Bach\Fugue\bwv_846\Shi05M.mid,asap_metadata_performance,tokenized_reconstructed,28.307,55,28307,Bach/Fugue/bwv_846/Shi05M.mid,Bach,Fugue_bwv_846,Bach/Fugue/bwv_846
C:\Users\eagle\MARG_research\third_party\PianistTransformer\data\midis\asap-dataset-master\Bach\Fugue\bwv_846\Shi05M.mid,asap_metadata_performance,tokenized_reconstructed,28.361,0,28361,Bach/Fugue/bwv_846/Shi05M.mid,Bach,Fugue_bwv_846,Bach/Fugue/bwv_846
C:\Users\eagle\MARG_research\third_party\PianistTransformer\data\midis\asap-dataset-master\Bach\Fugue\bwv_846\Shi05M.mid,asap_metadata_performance,tokenized_reconstructed,28.884,45,28884,Bach/Fugue/bwv_846/Shi05M.mid,Bach,Fugue_bwv_846,Bach/Fugue/bwv_846
C:\Users\eagle\MARG_research\third_party\PianistTransformer\data\midis\asap-dataset-master\Bach\Fugue\bwv_846\Shi05M.mid,asap_metadata_performance,tokenized_reconstructed,28.954,69,28954,Bach/Fugue/bwv_846/Shi05M.mid,Bach,Fugue_bwv_846,Bach/Fugue/bwv_846
C:\Users\eagle\MARG_research\third_party\PianistTransformer\data\midis\asap-dataset-master\Bach\Fugue\bwv_846\Shi05M.mid,asap_metadata_performance,tokenized_reconstructed,29.025,87,29025,Bach/Fugue/bwv_846/Shi05M.mid,Bach,Fugue_bwv_846,Bach/Fugue/bwv_846
C:\Users\eagle\MARG_research\third_party\PianistTransformer\data\midis\asap-dataset-master\Bach\Fugue\bwv_846\Shi05M.mid,asap_metadata_performance,tokenized_reconstructed,29.095,104,29095,Bach/Fugue/bwv_846/Shi05M.mid,Bach,Fugue_bwv_846,Bach/Fugue/bwv_846
C:\Users\eagle\MARG_research\third_party\PianistTransformer\data\midis\asap-dataset-master\Bach\Fugue\bwv_846\Shi05M.mid,asap_metadata_performance,tokenized_reconstructed,29.172,109,29172,Bach/Fugue/bwv_846/Shi05M.mid,Bach,Fugue_bwv_846,Bach/Fugue/bwv_846
C:\Users\eagle\MARG_research\third_party\PianistTransformer\data\midis\asap-dataset-master\Bach\Fugue\bwv_846\Shi05M.mid,asap_metadata_performance,tokenized_reconstructed,29.328,105,29328,Bach/Fugue/bwv_846/Shi05M.mid,Bach,Fugue_bwv_846,Bach/Fugue/bwv_846
C:\Users\eagle\MARG_research\third_party\PianistTransformer\data\midis\asap-dataset-master\Bach\Fugue\bwv_846\Shi05M.mid,asap_metadata_performance,tokenized_reconstructed,29.405,93,29405,Bach/Fugue/bwv_846/Shi05M.mid,Bach,Fugue_bwv_846,Bach/Fugue/bwv_846
C:\Users\eagle\MARG_research\third_party\PianistTransformer\data\midis\asap-dataset-master\Bach\Fugue\bwv_846\Shi05M.mid,asap_metadata_performance,tokenized_reconstructed,29.482,58,29482,Bach/Fugue/bwv_846/Shi05M.mid,Bach,Fugue_bwv_846,Bach/Fugue/bwv_846
C:\Users\eagle\MARG_research\third_party\PianistTransformer\data\midis\asap-dataset-master\Bach\Fugue\bwv_846\Shi05M.mid,asap_metadata_performance,tokenized_reconstructed,29.559,39,29559,Bach/Fugue/bwv_846/Shi05M.mid,Bach,Fugue_bwv_846,Bach/Fugue/bwv_846
C:\Users\eagle\MARG_research\third_party\PianistTransformer\data\midis\asap-dataset-master\Bach\Fugue\bwv_846\Shi05M.mid,asap_metadata_performance,tokenized_reconstructed,29.636,38,29636,Bach/Fugue/bwv_846/Shi05M.mid,Bach,Fugue_bwv_846,Bach/Fugue/bwv_846
C:\Users\eagle\MARG_research\third_party\PianistTransformer\data\midis\asap-dataset-master\Bach\Fugue\bwv_846\Shi05M.mid,asap_metadata_performance,tokenized_reconstructed,29.712,37,29712,Bach/Fugue/bwv_846/Shi05M.mid,Bach,Fugue_bwv_846,Bach/Fugue/bwv_846
C:\Users\eagle\MARG_research\third_party\PianistTransformer\data\midis\asap-dataset-master\Bach\Fugue\bwv_846\Shi05M.mid,asap_metadata_performance,tokenized_reconstructed,29.935,36,29935,Bach/Fugue/bwv_846/Shi05M.mid,Bach,Fugue_bwv_846,Bach/Fugue/bwv_846
C:\Users\eagle\MARG_research\third_party\PianistTransformer\data\midis\asap-dataset-master\Bach\Fugue\bwv_846\Shi05M.mid,asap_metadata_performance,tokenized_reconstructed,30.009,35,30009,Bach/Fugue/bwv_846/Shi05M.mid,Bach,Fugue_bwv_846,Bach/Fugue/bwv_846
C:\Users\eagle\MARG_research\third_party\PianistTransformer\data\midis\asap-dataset-master\Bach\Fugue\bwv_846\Shi05M.mid,asap_metadata_performance,tokenized_reconstructed,30.17,34,30170,Bach/Fugue/bwv_846/Shi05M.mid,Bach,Fugue_bwv_846,Bach/Fugue/bwv_846
C:\Users\eagle\MARG_research\third_party\PianistTransformer\data\midis\asap-dataset-master\Bach\Fugue\bwv_846\Shi05M.mid,asap_metadata_performance,tokenized_reconstructed,30.385,33,30385,Bach/Fugue/bwv_846/Shi05M.mid,Bach,Fugue_bwv_846,Bach/Fugue/bwv_846
C:\Users\eagle\MARG_research\third_party\PianistTransformer\data\midis\asap-dataset-master\Bach\Fugue\bwv_846\Shi05M.mid,asap_metadata_performance,tokenized_reconstructed,30.459,32,30459,Bach/Fugue/bwv_846/Shi05M.mid,Bach,Fugue_bwv_846,Bach/Fugue/bwv_846
C:\Users\eagle\MARG_research\third_party\PianistTransformer\data\midis\asap-dataset-master\Bach\Fugue\bwv_846\Shi05M.mid,asap_metadata_performance,tokenized_reconstructed,30.607,0,30607,Bach/Fugue/bwv_846/Shi05M.mid,Bach,Fugue_bwv_846,Bach/Fugue/bwv_846
C:\Users\eagle\MARG_research\third_party\PianistTransformer\data\midis\asap-dataset-master\Bach\Fugue\bwv_846\Shi05M.mid,asap_metadata_performance,tokenized_reconstructed,31.364,57,31364,Bach/Fugue/bwv_846/Shi05M.mid,Bach,Fugue_bwv_846,Bach/Fugue/bwv_846
C:\Users\eagle\MARG_research\third_party\PianistTransformer\data\midis\asap-dataset-master\Bach\Fugue\bwv_846\Shi05M.mid,asap_metadata_performance,tokenized_reconstructed,31.441,88,31441,Bach/Fugue/bwv_846/Shi05M.mid,Bach,Fugue_bwv_846,Bach/Fugue/bwv_846
C:\Users\eagle\MARG_research\third_party\PianistTransformer\data\midis\asap-dataset-master\Bach\Fugue\bwv_846\Shi05M.mid,asap_metadata_performance,tokenized_reconstructed,31.518,110,31518,Bach/Fugue/bwv_846/Shi05M.mid,Bach,Fugue_bwv_846,Bach/Fugue/bwv_846
C:\Users\eagle\MARG_research\third_party\PianistTransformer\data\midis\asap-dataset-master\Bach\Fugue\bwv_846\Shi05M.mid,asap_metadata_performance,tokenized_reconstructed,31.592,127,31592,Bach/Fugue/bwv_846/Shi05M.mid,Bach,Fugue_bwv_846,Bach/Fugue/bwv_846
C:\Users\eagle\MARG_research\third_party\PianistTransformer\data\midis\asap-dataset-master\Bach\Fugue\bwv_846\Shi05M.mid,asap_metadata_performance,tokenized_reconstructed,31.815,107,31815,Bach/Fugue/bwv_846/Shi05M.mid,Bach,Fugue_bwv_846,Bach/Fugue/bwv_846
C:\Users\eagle\MARG_research\third_party\PianistTransformer\data\midis\asap-dataset-master\Bach\Fugue\bwv_846\Shi05M.mid,asap_metadata_performance,tokenized_reconstructed,31.827,88,31827,Bach/Fugue/bwv_846/Shi05M.mid,Bach,Fugue_bwv_846,Bach/Fugue/bwv_846
C:\Users\eagle\MARG_research\third_party\PianistTransformer\data\midis\asap-dataset-master\Bach\Fugue\bwv_846\Shi05M.mid,asap_metadata_performance,tokenized_reconstructed,31.978,57,31978,Bach/Fugue/bwv_846/Shi05M.mid,Bach,Fugue_bwv_846,Bach/Fugue/bwv_846
C:\Users\eagle\MARG_research\third_party\PianistTransformer\data\midis\asap-dataset-master\Bach\Fugue\bwv_846\Shi05M.mid,asap_metadata_performance,tokenized_reconstructed,32.128,100,32128,Bach/Fugue/bwv_846/Shi05M.mid,Bach,Fugue_bwv_846,Bach/Fugue/bwv_846
C:\Users\eagle\MARG_research\third_party\PianistTransformer\data\midis\asap-dataset-master\Bach\Fugue\bwv_846\Shi05M.mid,asap_metadata_performance,tokenized_reconstructed,32.279,103,32279,Bach/Fugue/bwv_846/Shi05M.mid,Bach,Fugue_bwv_846,Bach/Fugue/bwv_846
C:\Users\eagle\MARG_research\third_party\PianistTransformer\data\midis\asap-dataset-master\Bach\Fugue\bwv_846\Shi05M.mid,asap_metadata_performance,tokenized_reconstructed,32.436,101,32436,Bach/Fugue/bwv_846/Shi05M.mid,Bach,Fugue_bwv_846,Bach/Fugue/bwv_846
C:\Users\eagle\MARG_research\third_party\PianistTransformer\data\midis\asap-dataset-master\Bach\Fugue\bwv_846\Shi05M.mid,asap_metadata_performance,tokenized_reconstructed,32.452,97,32452,Bach/Fugue/bwv_846/Shi05M.mid,Bach,Fugue_bwv_846,Bach/Fugue/bwv_846
C:\Users\eagle\MARG_research\third_party\PianistTransformer\data\midis\asap-dataset-master\Bach\Fugue\bwv_846\Shi05M.mid,asap_metadata_performance,tokenized_reconstructed,32.524,69,32524,Bach/Fugue/bwv_846/Shi05M.mid,Bach,Fugue_bwv_846,Bach/Fugue/bwv_846
C:\Users\eagle\MARG_research\third_party\PianistTransformer\data\midis\asap-dataset-master\Bach\Fugue\bwv_846\Shi05M.mid,asap_metadata_performance,tokenized_reconstructed,32.596,0,32596,Bach/Fugue/bwv_846/Shi05M.mid,Bach,Fugue_bwv_846,Bach/Fugue/bwv_846
C:\Users\eagle\MARG_research\third_party\PianistTransformer\data\midis\asap-dataset-master\Bach\Fugue\bwv_846\Shi05M.mid,asap_metadata_performance,tokenized_reconstructed,33.828,40,33828,Bach/Fugue/bwv_846/Shi05M.mid,Bach,Fugue_bwv_846,Bach/Fugue/bwv_846
C:\Users\eagle\MARG_research\third_party\PianistTransformer\data\midis\asap-dataset-master\Bach\Fugue\bwv_846\Shi05M.mid,asap_metadata_performance,tokenized_reconstructed,33.902,71,33902,Bach/Fugue/bwv_846/Shi05M.mid,Bach,Fugue_bwv_846,Bach/Fugue/bwv_846
C:\Users\eagle\MARG_research\third_party\PianistTransformer\data\midis\asap-dataset-master\Bach\Fugue\bwv_846\Shi05M.mid,asap_metadata_performance,tokenized_reconstructed,33.975,93,33975,Bach/Fugue/bwv_846/Shi05M.mid,Bach,Fugue_bwv_846,Bach/Fugue/bwv_846
C:\Users\eagle\MARG_research\third_party\PianistTransformer\data\midis\asap-dataset-master\Bach\Fugue\bwv_846\Shi05M.mid,asap_metadata_performance,tokenized_reconstructed,34.008,98,34008,Bach/Fugue/bwv_846/Shi05M.mid,Bach,Fugue_bwv_846,Bach/Fugue/bwv_846
C:\Users\eagle\MARG_research\third_party\PianistTransformer\data\midis\asap-dataset-master\Bach\Fugue\bwv_846\Shi05M.mid,asap_metadata_performance,tokenized_reconstructed,34.041,100,34041,Bach/Fugue/bwv_846/Shi05M.mid,Bach,Fugue_bwv_846,Bach/Fugue/bwv_846
C:\Users\eagle\MARG_research\third_party\PianistTransformer\data\midis\asap-dataset-master\Bach\Fugue\bwv_846\Shi05M.mid,asap_metadata_performance,tokenized_reconstructed,34.074,104,34074,Bach/Fugue/bwv_846/Shi05M.mid,Bach,Fugue_bwv_846,Bach/Fugue/bwv_846
C:\Users\eagle\MARG_research\third_party\PianistTransformer\data\midis\asap-dataset-master\Bach\Fugue\bwv_846\Shi05M.mid,asap_metadata_performance,tokenized_reconstructed,34.281,84,34281,Bach/Fugue/bwv_846/Shi05M.mid,Bach,Fugue_bwv_846,Bach/Fugue/bwv_846
C:\Users\eagle\MARG_research\third_party\PianistTransformer\data\midis\asap-dataset-master\Bach\Fugue\bwv_846\Shi05M.mid,asap_metadata_performance,tokenized_reconstructed,34.296,71,34296,Bach/Fugue/bwv_846/Shi05M.mid,Bach,Fugue_bwv_846,Bach/Fugue/bwv_846
C:\Users\eagle\MARG_research\third_party\PianistTransformer\data\midis\asap-dataset-master\Bach\Fugue\bwv_846\Shi05M.mid,asap_metadata_performance,tokenized_reconstructed,34.371,0,34371,Bach/Fugue/bwv_846/Shi05M.mid,Bach,Fugue_bwv_846,Bach/Fugue/bwv_846
C:\Users\eagle\MARG_research\third_party\PianistTransformer\data\midis\asap-dataset-master\Bach\Fugue\bwv_846\Shi05M.mid,asap_metadata_performance,tokenized_reconstructed,34.446,37,34446,Bach/Fugue/bwv_846/Shi05M.mid,Bach,Fugue_bwv_846,Bach/Fugue/bwv_846
C:\Users\eagle\MARG_research\third_party\PianistTransformer\data\midis\asap-dataset-master\Bach\Fugue\bwv_846\Shi05M.mid,asap_metadata_performance,tokenized_reconstructed,34.52,77,34520,Bach/Fugue/bwv_846/Shi05M.mid,Bach,Fugue_bwv_846,Bach/Fugue/bwv_846
C:\Users\eagle\MARG_research\third_party\PianistTransformer\data\midis\asap-dataset-master\Bach\Fugue\bwv_846\Shi05M.mid,asap_metadata_performance,tokenized_reconstructed,34.595,104,34595,Bach/Fugue/bwv_846/Shi05M.mid,Bach,Fugue_bwv_846,Bach/Fugue/bwv_846
C:\Users\eagle\MARG_research\third_party\PianistTransformer\data\midis\asap-dataset-master\Bach\Fugue\bwv_846\Shi05M.mid,asap_metadata_performance,tokenized_reconstructed,34.667,127,34667,Bach/Fugue/bwv_846/Shi05M.mid,Bach,Fugue_bwv_846,Bach/Fugue/bwv_846
C:\Users\eagle\MARG_research\third_party\PianistTransformer\data\midis\asap-dataset-master\Bach\Fugue\bwv_846\Shi05M.mid,asap_metadata_performance,tokenized_reconstructed,34.891,105,34891,Bach/Fugue/bwv_846/Shi05M.mid,Bach,Fugue_bwv_846,Bach/Fugue/bwv_846
C:\Users\eagle\MARG_research\third_party\PianistTransformer\data\midis\asap-dataset-master\Bach\Fugue\bwv_846\Shi05M.mid,asap_metadata_performance,tokenized_reconstructed,34.975,44,34975,Bach/Fugue/bwv_846/Shi05M.mid,Bach,Fugue_bwv_846,Bach/Fugue/bwv_846
C:\Users\eagle\MARG_research\third_party\PianistTransformer\data\midis\asap-dataset-master\Bach\Fugue\bwv_846\Shi05M.mid,asap_metadata_performance,tokenized_reconstructed,35.052,0,35052,Bach/Fugue/bwv_846/Shi05M.mid,Bach,Fugue_bwv_846,Bach/Fugue/bwv_846
C:\Users\eagle\MARG_research\third_party\PianistTransformer\data\midis\asap-dataset-master\Bach\Fugue\bwv_846\Shi05M.mid,asap_metadata_performance,tokenized_reconstructed,35.13,73,35130,Bach/Fugue/bwv_846/Shi05M.mid,Bach,Fugue_bwv_846,Bach/Fugue/bwv_846
C:\Users\eagle\MARG_research\third_party\PianistTransformer\data\midis\asap-dataset-master\Bach\Fugue\bwv_846\Shi05M.mid,asap_metadata_performance,tokenized_reconstructed,35.207,98,35207,Bach/Fugue/bwv_846/Shi05M.mid,Bach,Fugue_bwv_846,Bach/Fugue/bwv_846
C:\Users\eagle\MARG_research\third_party\PianistTransformer\data\midis\asap-dataset-master\Bach\Fugue\bwv_846\Shi05M.mid,asap_metadata_performance,tokenized_reconstructed,35.282,127,35282,Bach/Fugue/bwv_846/Shi05M.mid,Bach,Fugue_bwv_846,Bach/Fugue/bwv_846
C:\Users\eagle\MARG_research\third_party\PianistTransformer\data\midis\asap-dataset-master\Bach\Fugue\bwv_846\Shi05M.mid,asap_metadata_performance,tokenized_reconstructed,35.592,55,35592,Bach/Fugue/bwv_846/Shi05M.mid,Bach,Fugue_bwv_846,Bach/Fugue/bwv_846
C:\Users\eagle\MARG_research\third_party\PianistTransformer\data\midis\asap-dataset-master\Bach\Fugue\bwv_846\Shi05M.mid,asap_metadata_performance,tokenized_reconstructed,35.672,0,35672,Bach/Fugue/bwv_846/Shi05M.mid,Bach,Fugue_bwv_846,Bach/Fugue/bwv_846
C:\Users\eagle\MARG_research\third_party\PianistTransformer\data\midis\asap-dataset-master\Bach\Fugue\bwv_846\Shi05M.mid,asap_metadata_performance,tokenized_reconstructed,35.752,72,35752,Bach/Fugue/bwv_846/Shi05M.mid,Bach,Fugue_bwv_846,Bach/Fugue/bwv_846
C:\Users\eagle\MARG_research\third_party\PianistTransformer\data\midis\asap-dataset-master\Bach\Fugue\bwv_846\Shi05M.mid,asap_metadata_performance,tokenized_reconstructed,35.831,103,35831,Bach/Fugue/bwv_846/Shi05M.mid,Bach,Fugue_bwv_846,Bach/Fugue/bwv_846
C:\Users\eagle\MARG_research\third_party\PianistTransformer\data\midis\asap-dataset-master\Bach\Fugue\bwv_846\Shi05M.mid,asap_metadata_performance,tokenized_reconstructed,35.908,123,35908,Bach/Fugue/bwv_846/Shi05M.mid,Bach,Fugue_bwv_846,Bach/Fugue/bwv_846
C:\Users\eagle\MARG_research\third_party\PianistTransformer\data\midis\asap-dataset-master\Bach\Fugue\bwv_846\Shi05M.mid,asap_metadata_performance,tokenized_reconstructed,35.986,127,35986,Bach/Fugue/bwv_846/Shi05M.mid,Bach,Fugue_bwv_846,Bach/Fugue/bwv_846
C:\Users\eagle\MARG_research\third_party\PianistTransformer\data\midis\asap-dataset-master\Bach\Fugue\bwv_846\Shi05M.mid,asap_metadata_performance,tokenized_reconstructed,36.141,111,36141,Bach/Fugue/bwv_846/Shi05M.mid,Bach,Fugue_bwv_846,Bach/Fugue/bwv_846
C:\Users\eagle\MARG_research\third_party\PianistTransformer\data\midis\asap-dataset-master\Bach\Fugue\bwv_846\Shi05M.mid,asap_metadata_performance,tokenized_reconstructed,36.148,101,36148,Bach/Fugue/bwv_846/Shi05M.mid,Bach,Fugue_bwv_846,Bach/Fugue/bwv_846
C:\Users\eagle\MARG_research\third_party\PianistTransformer\data\midis\asap-dataset-master\Bach\Fugue\bwv_846\Shi05M.mid,asap_metadata_performance,tokenized_reconstructed,36.228,35,36228,Bach/Fugue/bwv_846/Shi05M.mid,Bach,Fugue_bwv_846,Bach/Fugue/bwv_846
C:\Users\eagle\MARG_research\third_party\PianistTransformer\data\midis\asap-dataset-master\Bach\Fugue\bwv_846\Shi05M.mid,asap_metadata_performance,tokenized_reconstructed,36.306,0,36306,Bach/Fugue/bwv_846/Shi05M.mid,Bach,Fugue_bwv_846,Bach/Fugue/bwv_846
C:\Users\eagle\MARG_research\third_party\PianistTransformer\data\midis\asap-dataset-master\Bach\Fugue\bwv_846\Shi05M.mid,asap_metadata_performance,tokenized_reconstructed,36.383,79,36383,Bach/Fugue/bwv_846/Shi05M.mid,Bach,Fugue_bwv_846,Bach/Fugue/bwv_846
C:\Users\eagle\MARG_research\third_party\PianistTransformer\data\midis\asap-dataset-master\Bach\Fugue\bwv_846\Shi05M.mid,asap_metadata_performance,tokenized_reconstructed,36.46,117,36460,Bach/Fugue/bwv_846/Shi05M.mid,Bach,Fugue_bwv_846,Bach/Fugue/bwv_846
C:\Users\eagle\MARG_research\third_party\PianistTransformer\data\midis\asap-dataset-master\Bach\Fugue\bwv_846\Shi05M.mid,asap_metadata_performance,tokenized_reconstructed,36.542,126,36542,Bach/Fugue/bwv_846/Shi05M.mid,Bach,Fugue_bwv_846,Bach/Fugue/bwv_846
C:\Users\eagle\MARG_research\third_party\PianistTransformer\data\midis\asap-dataset-master\Bach\Fugue\bwv_846\Shi05M.mid,asap_metadata_performance,tokenized_reconstructed,36.789,115,36789,Bach/Fugue/bwv_846/Shi05M.mid,Bach,Fugue_bwv_846,Bach/Fugue/bwv_846
C:\Users\eagle\MARG_research\third_party\PianistTransformer\data\midis\asap-dataset-master\Bach\Fugue\bwv_846\Shi05M.mid,asap_metadata_performance,tokenized_reconstructed,36.866,77,36866,Bach/Fugue/bwv_846/Shi05M.mid,Bach,Fugue_bwv_846,Bach/Fugue/bwv_846
C:\Users\eagle\MARG_research\third_party\PianistTransformer\data\midis\asap-dataset-master\Bach\Fugue\bwv_846\Shi05M.mid,asap_metadata_performance,tokenized_reconstructed,36.941,40,36941,Bach/Fugue/bwv_846/Shi05M.mid,Bach,Fugue_bwv_846,Bach/Fugue/bwv_846
C:\Users\eagle\MARG_research\third_party\PianistTransformer\data\midis\asap-dataset-master\Bach\Fugue\bwv_846\Shi05M.mid,asap_metadata_performance,tokenized_reconstructed,37.016,32,37016,Bach/Fugue/bwv_846/Shi05M.mid,Bach,Fugue_bwv_846,Bach/Fugue/bwv_846
C:\Users\eagle\MARG_research\third_party\PianistTransformer\data\midis\asap-dataset-master\Bach\Fugue\bwv_846\Shi05M.mid,asap_metadata_performance,tokenized_reconstructed,37.092,0,37092,Bach/Fugue/bwv_846/Shi05M.mid,Bach,Fugue_bwv_846,Bach/Fugue/bwv_846
C:\Users\eagle\MARG_research\third_party\PianistTransformer\data\midis\asap-dataset-master\Bach\Fugue\bwv_846\Shi05M.mid,asap_metadata_performance,tokenized_reconstructed,37.642,39,37642,Bach/Fugue/bwv_846/Shi05M.mid,Bach,Fugue_bwv_846,Bach/Fugue/bwv_846
C:\Users\eagle\MARG_research\third_party\PianistTransformer\data\midis\asap-dataset-master\Bach\Fugue\bwv_846\Shi05M.mid,asap_metadata_performance,tokenized_reconstructed,37.717,73,37717,Bach/Fugue/bwv_846/Shi05M.mid,Bach,Fugue_bwv_846,Bach/Fugue/bwv_846
C:\Users\eagle\MARG_research\third_party\PianistTransformer\data\midis\asap-dataset-master\Bach\Fugue\bwv_846\Shi05M.mid,asap_metadata_performance,tokenized_reconstructed,37.806,100,37806,Bach/Fugue/bwv_846/Shi05M.mid,Bach,Fugue_bwv_846,Bach/Fugue/bwv_846
C:\Users\eagle\MARG_research\third_party\PianistTransformer\data\midis\asap-dataset-master\Bach\Fugue\bwv_846\Shi05M.mid,asap_metadata_performance,tokenized_reconstructed,37.895,105,37895,Bach/Fugue/bwv_846/Shi05M.mid,Bach,Fugue_bwv_846,Bach/Fugue/bwv_846
C:\Users\eagle\MARG_research\third_party\PianistTransformer\data\midis\asap-dataset-master\Bach\Fugue\bwv_846\Shi05M.mid,asap_metadata_performance,tokenized_reconstructed,37.984,108,37984,Bach/Fugue/bwv_846/Shi05M.mid,Bach,Fugue_bwv_846,Bach/Fugue/bwv_846
C:\Users\eagle\MARG_research\third_party\PianistTransformer\data\midis\asap-dataset-master\Bach\Fugue\bwv_846\Shi05M.mid,asap_metadata_performance,tokenized_reconstructed,38.073,104,38073,Bach/Fugue/bwv_846/Shi05M.mid,Bach,Fugue_bwv_846,Bach/Fugue/bwv_846
C:\Users\eagle\MARG_research\third_party\PianistTransformer\data\midis\asap-dataset-master\Bach\Fugue\bwv_846\Shi05M.mid,asap_metadata_performance,tokenized_reconstructed,38.174,71,38174,Bach/Fugue/bwv_846/Shi05M.mid,Bach,Fugue_bwv_846,Bach/Fugue/bwv_846
C:\Users\eagle\MARG_research\third_party\PianistTransformer\data\midis\asap-dataset-master\Bach\Fugue\bwv_846\Shi05M.mid,asap_metadata_performance,tokenized_reconstructed,38.267,0,38267,Bach/Fugue/bwv_846/Shi05M.mid,Bach,Fugue_bwv_846,Bach/Fugue/bwv_846
C:\Users\eagle\MARG_research\third_party\PianistTransformer\data\midis\asap-dataset-master\Bach\Fugue\bwv_846\Shi05M.mid,asap_metadata_performance,tokenized_reconstructed,39.07,69,39070,Bach/Fugue/bwv_846/Shi05M.mid,Bach,Fugue_bwv_846,Bach/Fugue/bwv_846
C:\Users\eagle\MARG_research\third_party\PianistTransformer\data\midis\asap-dataset-master\Bach\Fugue\bwv_846\Shi05M.mid,asap_metadata_performance,tokenized_reconstructed,39.156,92,39156,Bach/Fugue/bwv_846/Shi05M.mid,Bach,Fugue_bwv_846,Bach/Fugue/bwv_846
C:\Users\eagle\MARG_research\third_party\PianistTransformer\data\midis\asap-dataset-master\Bach\Fugue\bwv_846\Shi05M.mid,asap_metadata_performance,tokenized_reconstructed,39.239,103,39239,Bach/Fugue/bwv_846/Shi05M.mid,Bach,Fugue_bwv_846,Bach/Fugue/bwv_846
C:\Users\eagle\MARG_research\third_party\PianistTransformer\data\midis\asap-dataset-master\Bach\Fugue\bwv_846\Shi05M.mid,asap_metadata_performance,tokenized_reconstructed,39.405,98,39405,Bach/Fugue/bwv_846/Shi05M.mid,Bach,Fugue_bwv_846,Bach/Fugue/bwv_846
C:\Users\eagle\MARG_research\third_party\PianistTransformer\data\midis\asap-dataset-master\Bach\Fugue\bwv_846\Shi05M.mid,asap_metadata_performance,tokenized_reconstructed,39.488,88,39488,Bach/Fugue/bwv_846/Shi05M.mid,Bach,Fugue_bwv_846,Bach/Fugue/bwv_846
C:\Users\eagle\MARG_research\third_party\PianistTransformer\data\midis\asap-dataset-master\Bach\Fugue\bwv_846\Shi05M.mid,asap_metadata_performance,tokenized_reconstructed,39.496,84,39496,Bach/Fugue/bwv_846/Shi05M.mid,Bach,Fugue_bwv_846,Bach/Fugue/bwv_846
C:\Users\eagle\MARG_research\third_party\PianistTransformer\data\midis\asap-dataset-master\Bach\Fugue\bwv_846\Shi05M.mid,asap_metadata_performance,tokenized_reconstructed,39.518,79,39518,Bach/Fugue/bwv_846/Shi05M.mid,Bach,Fugue_bwv_846,Bach/Fugue/bwv_846
C:\Users\eagle\MARG_research\third_party\PianistTransformer\data\midis\asap-dataset-master\Bach\Fugue\bwv_846\Shi05M.mid,asap_metadata_performance,tokenized_reconstructed,39.587,60,39587,Bach/Fugue/bwv_846/Shi05M.mid,Bach,Fugue_bwv_846,Bach/Fugue/bwv_846
C:\Users\eagle\MARG_research\third_party\PianistTransformer\data\midis\asap-dataset-master\Bach\Fugue\bwv_846\Shi05M.mid,asap_metadata_performance,tokenized_reconstructed,39.656,47,39656,Bach/Fugue/bwv_846/Shi05M.mid,Bach,Fugue_bwv_846,Bach/Fugue/bwv_846
C:\Users\eagle\MARG_research\third_party\PianistTransformer\data\midis\asap-dataset-master\Bach\Fugue\bwv_846\Shi05M.mid,asap_metadata_performance,tokenized_reconstructed,39.724,39,39724,Bach/Fugue/bwv_846/Shi05M.mid,Bach,Fugue_bwv_846,Bach/Fugue/bwv_846
C:\Users\eagle\MARG_research\third_party\PianistTransformer\data\midis\asap-dataset-master\Bach\Fugue\bwv_846\Shi05M.mid,asap_metadata_performance,tokenized_reconstructed,39.793,35,39793,Bach/Fugue/bwv_846/Shi05M.mid,Bach,Fugue_bwv_846,Bach/Fugue/bwv_846
C:\Users\eagle\MARG_research\third_party\PianistTransformer\data\midis\asap-dataset-master\Bach\Fugue\bwv_846\Shi05M.mid,asap_metadata_performance,tokenized_reconstructed,39.867,34,39867,Bach/Fugue/bwv_846/Shi05M.mid,Bach,Fugue_bwv_846,Bach/Fugue/bwv_846
C:\Users\eagle\MARG_research\third_party\PianistTransformer\data\midis\asap-dataset-master\Bach\Fugue\bwv_846\Shi05M.mid,asap_metadata_performance,tokenized_reconstructed,39.942,32,39942,Bach/Fugue/bwv_846/Shi05M.mid,Bach,Fugue_bwv_846,Bach/Fugue/bwv_846
C:\Users\eagle\MARG_research\third_party\PianistTransformer\data\midis\asap-dataset-master\Bach\Fugue\bwv_846\Shi05M.mid,asap_metadata_performance,tokenized_reconstructed,40.09,33,40090,Bach/Fugue/bwv_846/Shi05M.mid,Bach,Fugue_bwv_846,Bach/Fugue/bwv_846
C:\Users\eagle\MARG_research\third_party\PianistTransformer\data\midis\asap-dataset-master\Bach\Fugue\bwv_846\Shi05M.mid,asap_metadata_performance,tokenized_reconstructed,40.11,34,40110,Bach/Fugue/bwv_846/Shi05M.mid,Bach,Fugue_bwv_846,Bach/Fugue/bwv_846
C:\Users\eagle\MARG_research\third_party\PianistTransformer\data\midis\asap-dataset-master\Bach\Fugue\bwv_846\Shi05M.mid,asap_metadata_performance,tokenized_reconstructed,40.19,58,40190,Bach/Fugue/bwv_846/Shi05M.mid,Bach,Fugue_bwv_846,Bach/Fugue/bwv_846
C:\Users\eagle\MARG_research\third_party\PianistTransformer\data\midis\asap-dataset-master\Bach\Fugue\bwv_846\Shi05M.mid,asap_metadata_performance,tokenized_reconstructed,40.264,76,40264,Bach/Fugue/bwv_846/Shi05M.mid,Bach,Fugue_bwv_846,Bach/Fugue/bwv_846
C:\Users\eagle\MARG_research\third_party\PianistTransformer\data\midis\asap-dataset-master\Bach\Fugue\bwv_846\Shi05M.mid,asap_metadata_performance,tokenized_reconstructed,40.337,123,40337,Bach/Fugue/bwv_846/Shi05M.mid,Bach,Fugue_bwv_846,Bach/Fugue/bwv_846
C:\Users\eagle\MARG_research\third_party\PianistTransformer\data\midis\asap-dataset-master\Bach\Fugue\bwv_846\Shi05M.mid,asap_metadata_performance,tokenized_reconstructed,40.411,127,40411,Bach/Fugue/bwv_846/Shi05M.mid,Bach,Fugue_bwv_846,Bach/Fugue/bwv_846
C:\Users\eagle\MARG_research\third_party\PianistTransformer\data\midis\asap-dataset-master\Bach\Fugue\bwv_846\Shi05M.mid,asap_metadata_performance,tokenized_reconstructed,40.693,100,40693,Bach/Fugue/bwv_846/Shi05M.mid,Bach,Fugue_bwv_846,Bach/Fugue/bwv_846
C:\Users\eagle\MARG_research\third_party\PianistTransformer\data\midis\asap-dataset-master\Bach\Fugue\bwv_846\Shi05M.mid,asap_metadata_performance,tokenized_reconstructed,40.714,95,40714,Bach/Fugue/bwv_846/Shi05M.mid,Bach,Fugue_bwv_846,Bach/Fugue/bwv_846
C:\Users\eagle\MARG_research\third_party\PianistTransformer\data\midis\asap-dataset-master\Bach\Fugue\bwv_846\Shi05M.mid,asap_metadata_performance,tokenized_reconstructed,40.783,80,40783,Bach/Fugue/bwv_846/Shi05M.mid,Bach,Fugue_bwv_846,Bach/Fugue/bwv_846
C:\Users\eagle\MARG_research\third_party\PianistTransformer\data\midis\asap-dataset-master\Bach\Fugue\bwv_846\Shi05M.mid,asap_metadata_performance,tokenized_reconstructed,40.852,61,40852,Bach/Fugue/bwv_846/Shi05M.mid,Bach,Fugue_bwv_846,Bach/Fugue/bwv_846
C:\Users\eagle\MARG_research\third_party\PianistTransformer\data\midis\asap-dataset-master\Bach\Fugue\bwv_846\Shi05M.mid,asap_metadata_performance,tokenized_reconstructed,40.922,52,40922,Bach/Fugue/bwv_846/Shi05M.mid,Bach,Fugue_bwv_846,Bach/Fugue/bwv_846
C:\Users\eagle\MARG_research\third_party\PianistTransformer\data\midis\asap-dataset-master\Bach\Fugue\bwv_846\Shi05M.mid,asap_metadata_performance,tokenized_reconstructed,40.991,49,40991,Bach/Fugue/bwv_846/Shi05M.mid,Bach,Fugue_bwv_846,Bach/Fugue/bwv_846
C:\Users\eagle\MARG_research\third_party\PianistTransformer\data\midis\asap-dataset-master\Bach\Fugue\bwv_846\Shi05M.mid,asap_metadata_performance,tokenized_reconstructed,41.067,48,41067,Bach/Fugue/bwv_846/Shi05M.mid,Bach,Fugue_bwv_846,Bach/Fugue/bwv_846
C:\Users\eagle\MARG_research\third_party\PianistTransformer\data\midis\asap-dataset-master\Bach\Fugue\bwv_846\Shi05M.mid,asap_metadata_performance,tokenized_reconstructed,41.142,46,41142,Bach/Fugue/bwv_846/Shi05M.mid,Bach,Fugue_bwv_846,Bach/Fugue/bwv_846
C:\Users\eagle\MARG_research\third_party\PianistTransformer\data\midis\asap-dataset-master\Bach\Fugue\bwv_846\Shi05M.mid,asap_metadata_performance,tokenized_reconstructed,41.218,44,41218,Bach/Fugue/bwv_846/Shi05M.mid,Bach,Fugue_bwv_846,Bach/Fugue/bwv_846
C:\Users\eagle\MARG_research\third_party\PianistTransformer\data\midis\asap-dataset-master\Bach\Fugue\bwv_846\Shi05M.mid,asap_metadata_performance,tokenized_reconstructed,41.294,39,41294,Bach/Fugue/bwv_846/Shi05M.mid,Bach,Fugue_bwv_846,Bach/Fugue/bwv_846
C:\Users\eagle\MARG_research\third_party\PianistTransformer\data\midis\asap-dataset-master\Bach\Fugue\bwv_846\Shi05M.mid,asap_metadata_performance,tokenized_reconstructed,41.316,37,41316,Bach/Fugue/bwv_846/Shi05M.mid,Bach,Fugue_bwv_846,Bach/Fugue/bwv_846
C:\Users\eagle\MARG_research\third_party\PianistTransformer\data\midis\asap-dataset-master\Bach\Fugue\bwv_846\Shi05M.mid,asap_metadata_performance,tokenized_reconstructed,41.385,33,41385,Bach/Fugue/bwv_846/Shi05M.mid,Bach,Fugue_bwv_846,Bach/Fugue/bwv_846
C:\Users\eagle\MARG_research\third_party\PianistTransformer\data\midis\asap-dataset-master\Bach\Fugue\bwv_846\Shi05M.mid,asap_metadata_performance,tokenized_reconstructed,41.454,32,41454,Bach/Fugue/bwv_846/Shi05M.mid,Bach,Fugue_bwv_846,Bach/Fugue/bwv_846
C:\Users\eagle\MARG_research\third_party\PianistTransformer\data\midis\asap-dataset-master\Bach\Fugue\bwv_846\Shi05M.mid,asap_metadata_performance,tokenized_reconstructed,41.591,0,41591,Bach/Fugue/bwv_846/Shi05M.mid,Bach,Fugue_bwv_846,Bach/Fugue/bwv_846
C:\Users\eagle\MARG_research\third_party\PianistTransformer\data\midis\asap-dataset-master\Bach\Fugue\bwv_846\Shi05M.mid,asap_metadata_performance,tokenized_reconstructed,47.904,64,47904,Bach/Fugue/bwv_846/Shi05M.mid,Bach,Fugue_bwv_846,Bach/Fugue/bwv_846
C:\Users\eagle\MARG_research\third_party\PianistTransformer\data\midis\asap-dataset-master\Bach\Fugue\bwv_846\Shi05M.mid,asap_metadata_performance,tokenized_reconstructed,47.986,97,47986,Bach/Fugue/bwv_846/Shi05M.mid,Bach,Fugue_bwv_846,Bach/Fugue/bwv_846
C:\Users\eagle\MARG_research\third_party\PianistTransformer\data\midis\asap-dataset-master\Bach\Fugue\bwv_846\Shi05M.mid,asap_metadata_performance,tokenized_reconstructed,48.066,107,48066,Bach/Fugue/bwv_846/Shi05M.mid,Bach,Fugue_bwv_846,Bach/Fugue/bwv_846
C:\Users\eagle\MARG_research\third_party\PianistTransformer\data\midis\asap-dataset-master\Bach\Fugue\bwv_846\Shi05M.mid,asap_metadata_performance,tokenized_reconstructed,48.146,109,48146,Bach/Fugue/bwv_846/Shi05M.mid,Bach,Fugue_bwv_846,Bach/Fugue/bwv_846
C:\Users\eagle\MARG_research\third_party\PianistTransformer\data\midis\asap-dataset-master\Bach\Fugue\bwv_846\Shi05M.mid,asap_metadata_performance,tokenized_reconstructed,48.307,102,48307,Bach/Fugue/bwv_846/Shi05M.mid,Bach,Fugue_bwv_846,Bach/Fugue/bwv_846
C:\Users\eagle\MARG_research\third_party\PianistTransformer\data\midis\asap-dataset-master\Bach\Fugue\bwv_846\Shi05M.mid,asap_metadata_performance,tokenized_reconstructed,48.387,52,48387,Bach/Fugue/bwv_846/Shi05M.mid,Bach,Fugue_bwv_846,Bach/Fugue/bwv_846
C:\Users\eagle\MARG_research\third_party\PianistTransformer\data\midis\asap-dataset-master\Bach\Fugue\bwv_846\Shi05M.mid,asap_metadata_performance,tokenized_reconstructed,48.464,0,48464,Bach/Fugue/bwv_846/Shi05M.mid,Bach,Fugue_bwv_846,Bach/Fugue/bwv_846
C:\Users\eagle\MARG_research\third_party\PianistTransformer\data\midis\asap-dataset-master\Bach\Fugue\bwv_846\Shi05M.mid,asap_metadata_performance,tokenized_reconstructed,48.542,51,48542,Bach/Fugue/bwv_846/Shi05M.mid,Bach,Fugue_bwv_846,Bach/Fugue/bwv_846
C:\Users\eagle\MARG_research\third_party\PianistTransformer\data\midis\asap-dataset-master\Bach\Fugue\bwv_846\Shi05M.mid,asap_metadata_performance,tokenized_reconstructed,48.62,76,48620,Bach/Fugue/bwv_846/Shi05M.mid,Bach,Fugue_bwv_846,Bach/Fugue/bwv_846
C:\Users\eagle\MARG_research\third_party\PianistTransformer\data\midis\asap-dataset-master\Bach\Fugue\bwv_846\Shi05M.mid,asap_metadata_performance,tokenized_reconstructed,48.692,100,48692,Bach/Fugue/bwv_846/Shi05M.mid,Bach,Fugue_bwv_846,Bach/Fugue/bwv_846
C:\Users\eagle\MARG_research\third_party\PianistTransformer\data\midis\asap-dataset-master\Bach\Fugue\bwv_846\Shi05M.mid,asap_metadata_performance,tokenized_reconstructed,48.763,108,48763,Bach/Fugue/bwv_846/Shi05M.mid,Bach,Fugue_bwv_846,Bach/Fugue/bwv_846
C:\Users\eagle\MARG_research\third_party\PianistTransformer\data\midis\asap-dataset-master\Bach\Fugue\bwv_846\Shi05M.mid,asap_metadata_performance,tokenized_reconstructed,48.834,110,48834,Bach/Fugue/bwv_846/Shi05M.mid,Bach,Fugue_bwv_846,Bach/Fugue/bwv_846
C:\Users\eagle\MARG_research\third_party\PianistTransformer\data\midis\asap-dataset-master\Bach\Fugue\bwv_846\Shi05M.mid,asap_metadata_performance,tokenized_reconstructed,48.906,99,48906,Bach/Fugue/bwv_846/Shi05M.mid,Bach,Fugue_bwv_846,Bach/Fugue/bwv_846
C:\Users\eagle\MARG_research\third_party\PianistTransformer\data\midis\asap-dataset-master\Bach\Fugue\bwv_846\Shi05M.mid,asap_metadata_performance,tokenized_reconstructed,48.997,37,48997,Bach/Fugue/bwv_846/Shi05M.mid,Bach,Fugue_bwv_846,Bach/Fugue/bwv_846
C:\Users\eagle\MARG_research\third_party\PianistTransformer\data\midis\asap-dataset-master\Bach\Fugue\bwv_846\Shi05M.mid,asap_metadata_performance,tokenized_reconstructed,49.076,51,49076,Bach/Fugue/bwv_846/Shi05M.mid,Bach,Fugue_bwv_846,Bach/Fugue/bwv_846
C:\Users\eagle\MARG_research\third_party\PianistTransformer\data\midis\asap-dataset-master\Bach\Fugue\bwv_846\Shi05M.mid,asap_metadata_performance,tokenized_reconstructed,49.154,90,49154,Bach/Fugue/bwv_846/Shi05M.mid,Bach,Fugue_bwv_846,Bach/Fugue/bwv_846
C:\Users\eagle\MARG_research\third_party\PianistTransformer\data\midis\asap-dataset-master\Bach\Fugue\bwv_846\Shi05M.mid,asap_metadata_performance,tokenized_reconstructed,49.233,126,49233,Bach/Fugue/bwv_846/Shi05M.mid,Bach,Fugue_bwv_846,Bach/Fugue/bwv_846
C:\Users\eagle\MARG_research\third_party\PianistTransformer\data\midis\asap-dataset-master\Bach\Fugue\bwv_846\Shi05M.mid,asap_metadata_performance,tokenized_reconstructed,49.556,101,49556,Bach/Fugue/bwv_846/Shi05M.mid,Bach,Fugue_bwv_846,Bach/Fugue/bwv_846
C:\Users\eagle\MARG_research\third_party\PianistTransformer\data\midis\asap-dataset-master\Bach\Fugue\bwv_846\Shi05M.mid,asap_metadata_performance,tokenized_reconstructed,49.649,63,49649,Bach/Fugue/bwv_846/Shi05M.mid,Bach,Fugue_bwv_846,Bach/Fugue/bwv_846
C:\Users\eagle\MARG_research\third_party\PianistTransformer\data\midis\asap-dataset-master\Bach\Fugue\bwv_846\Shi05M.mid,asap_metadata_performance,tokenized_reconstructed,49.73,0,49730,Bach/Fugue/bwv_846/Shi05M.mid,Bach,Fugue_bwv_846,Bach/Fugue/bwv_846
C:\Users\eagle\MARG_research\third_party\PianistTransformer\data\midis\asap-dataset-master\Bach\Fugue\bwv_846\Shi05M.mid,asap_metadata_performance,tokenized_reconstructed,49.891,69,49891,Bach/Fugue/bwv_846/Shi05M.mid,Bach,Fugue_bwv_846,Bach/Fugue/bwv_846
C:\Users\eagle\MARG_research\third_party\PianistTransformer\data\midis\asap-dataset-master\Bach\Fugue\bwv_846\Shi05M.mid,asap_metadata_performance,tokenized_reconstructed,49.962,78,49962,Bach/Fugue/bwv_846/Shi05M.mid,Bach,Fugue_bwv_846,Bach/Fugue/bwv_846
C:\Users\eagle\MARG_research\third_party\PianistTransformer\data\midis\asap-dataset-master\Bach\Fugue\bwv_846\Shi05M.mid,asap_metadata_performance,tokenized_reconstructed,50.032,75,50032,Bach/Fugue/bwv_846/Shi05M.mid,Bach,Fugue_bwv_846,Bach/Fugue/bwv_846
C:\Users\eagle\MARG_research\third_party\PianistTransformer\data\midis\asap-dataset-master\Bach\Fugue\bwv_846\Shi05M.mid,asap_metadata_performance,tokenized_reconstructed,50.173,70,50173,Bach/Fugue/bwv_846/Shi05M.mid,Bach,Fugue_bwv_846,Bach/Fugue/bwv_846
C:\Users\eagle\MARG_research\third_party\PianistTransformer\data\midis\asap-dataset-master\Bach\Fugue\bwv_846\Shi05M.mid,asap_metadata_performance,tokenized_reconstructed,50.251,67,50251,Bach/Fugue/bwv_846/Shi05M.mid,Bach,Fugue_bwv_846,Bach/Fugue/bwv_846
C:\Users\eagle\MARG_research\third_party\PianistTransformer\data\midis\asap-dataset-master\Bach\Fugue\bwv_846\Shi05M.mid,asap_metadata_performance,tokenized_reconstructed,50.326,58,50326,Bach/Fugue/bwv_846/Shi05M.mid,Bach,Fugue_bwv_846,Bach/Fugue/bwv_846
C:\Users\eagle\MARG_research\third_party\PianistTransformer\data\midis\asap-dataset-master\Bach\Fugue\bwv_846\Shi05M.mid,asap_metadata_performance,tokenized_reconstructed,50.402,51,50402,Bach/Fugue/bwv_846/Shi05M.mid,Bach,Fugue_bwv_846,Bach/Fugue/bwv_846
C:\Users\eagle\MARG_research\third_party\PianistTransformer\data\midis\asap-dataset-master\Bach\Fugue\bwv_846\Shi05M.mid,asap_metadata_performance,tokenized_reconstructed,50.477,42,50477,Bach/Fugue/bwv_846/Shi05M.mid,Bach,Fugue_bwv_846,Bach/Fugue/bwv_846
C:\Users\eagle\MARG_research\third_party\PianistTransformer\data\midis\asap-dataset-master\Bach\Fugue\bwv_846\Shi05M.mid,asap_metadata_performance,tokenized_reconstructed,50.946,38,50946,Bach/Fugue/bwv_846/Shi05M.mid,Bach,Fugue_bwv_846,Bach/Fugue/bwv_846
C:\Users\eagle\MARG_research\third_party\PianistTransformer\data\midis\asap-dataset-master\Bach\Fugue\bwv_846\Shi05M.mid,asap_metadata_performance,tokenized_reconstructed,51.102,0,51102,Bach/Fugue/bwv_846/Shi05M.mid,Bach,Fugue_bwv_846,Bach/Fugue/bwv_846
C:\Users\eagle\MARG_research\third_party\PianistTransformer\data\midis\asap-dataset-master\Bach\Fugue\bwv_846\Shi05M.mid,asap_metadata_performance,tokenized_reconstructed,53.436,54,53436,Bach/Fugue/bwv_846/Shi05M.mid,Bach,Fugue_bwv_846,Bach/Fugue/bwv_846
C:\Users\eagle\MARG_research\third_party\PianistTransformer\data\midis\asap-dataset-master\Bach\Fugue\bwv_846\Shi05M.mid,asap_metadata_performance,tokenized_reconstructed,53.51,77,53510,Bach/Fugue/bwv_846/Shi05M.mid,Bach,Fugue_bwv_846,Bach/Fugue/bwv_846
C:\Users\eagle\MARG_research\third_party\PianistTransformer\data\midis\asap-dataset-master\Bach\Fugue\bwv_846\Shi05M.mid,asap_metadata_performance,tokenized_reconstructed,53.583,127,53583,Bach/Fugue/bwv_846/Shi05M.mid,Bach,Fugue_bwv_846,Bach/Fugue/bwv_846
C:\Users\eagle\MARG_research\third_party\PianistTransformer\data\midis\asap-dataset-master\Bach\Fugue\bwv_846\Shi05M.mid,asap_metadata_performance,tokenized_reconstructed,53.872,113,53872,Bach/Fugue/bwv_846/Shi05M.mid,Bach,Fugue_bwv_846,Bach/Fugue/bwv_846
C:\Users\eagle\MARG_research\third_party\PianistTransformer\data\midis\asap-dataset-master\Bach\Fugue\bwv_846\Shi05M.mid,asap_metadata_performance,tokenized_reconstructed,53.891,99,53891,Bach/Fugue/bwv_846/Shi05M.mid,Bach,Fugue_bwv_846,Bach/Fugue/bwv_846
C:\Users\eagle\MARG_research\third_party\PianistTransformer\data\midis\asap-dataset-master\Bach\Fugue\bwv_846\Shi05M.mid,asap_metadata_performance,tokenized_reconstructed,53.967,76,53967,Bach/Fugue/bwv_846/Shi05M.mid,Bach,Fugue_bwv_846,Bach/Fugue/bwv_846
C:\Users\eagle\MARG_research\third_party\PianistTransformer\data\midis\asap-dataset-master\Bach\Fugue\bwv_846\Shi05M.mid,asap_metadata_performance,tokenized_reconstructed,54.042,50,54042,Bach/Fugue/bwv_846/Shi05M.mid,Bach,Fugue_bwv_846,Bach/Fugue/bwv_846
C:\Users\eagle\MARG_research\third_party\PianistTransformer\data\midis\asap-dataset-master\Bach\Fugue\bwv_846\Shi05M.mid,asap_metadata_performance,tokenized_reconstructed,54.118,40,54118,Bach/Fugue/bwv_846/Shi05M.mid,Bach,Fugue_bwv_846,Bach/Fugue/bwv_846
C:\Users\eagle\MARG_research\third_party\PianistTransformer\data\midis\asap-dataset-master\Bach\Fugue\bwv_846\Shi05M.mid,asap_metadata_performance,tokenized_reconstructed,54.194,0,54194,Bach/Fugue/bwv_846/Shi05M.mid,Bach,Fugue_bwv_846,Bach/Fugue/bwv_846
C:\Users\eagle\MARG_research\third_party\PianistTransformer\data\midis\asap-dataset-master\Bach\Fugue\bwv_846\Shi05M.mid,asap_metadata_performance,tokenized_reconstructed,54.678,70,54678,Bach/Fugue/bwv_846/Shi05M.mid,Bach,Fugue_bwv_846,Bach/Fugue/bwv_846
C:\Users\eagle\MARG_research\third_party\PianistTransformer\data\midis\asap-dataset-master\Bach\Fugue\bwv_846\Shi05M.mid,asap_metadata_performance,tokenized_reconstructed,54.75,112,54750,Bach/Fugue/bwv_846/Shi05M.mid,Bach,Fugue_bwv_846,Bach/Fugue/bwv_846
C:\Users\eagle\MARG_research\third_party\PianistTransformer\data\midis\asap-dataset-master\Bach\Fugue\bwv_846\Shi05M.mid,asap_metadata_performance,tokenized_reconstructed,54.823,127,54823,Bach/Fugue/bwv_846/Shi05M.mid,Bach,Fugue_bwv_846,Bach/Fugue/bwv_846
C:\Users\eagle\MARG_research\third_party\PianistTransformer\data\midis\asap-dataset-master\Bach\Fugue\bwv_846\Shi05M.mid,asap_metadata_performance,tokenized_reconstructed,55.176,113,55176,Bach/Fugue/bwv_846/Shi05M.mid,Bach,Fugue_bwv_846,Bach/Fugue/bwv_846
C:\Users\eagle\MARG_research\third_party\PianistTransformer\data\midis\asap-dataset-master\Bach\Fugue\bwv_846\Shi05M.mid,asap_metadata_performance,tokenized_reconstructed,55.258,91,55258,Bach/Fugue/bwv_846/Shi05M.mid,Bach,Fugue_bwv_846,Bach/Fugue/bwv_846
C:\Users\eagle\MARG_research\third_party\PianistTransformer\data\midis\asap-dataset-master\Bach\Fugue\bwv_846\Shi05M.mid,asap_metadata_performance,tokenized_reconstructed,55.336,71,55336,Bach/Fugue/bwv_846/Shi05M.mid,Bach,Fugue_bwv_846,Bach/Fugue/bwv_846
C:\Users\eagle\MARG_research\third_party\PianistTransformer\data\midis\asap-dataset-master\Bach\Fugue\bwv_846\Shi05M.mid,asap_metadata_performance,tokenized_reconstructed,55.413,59,55413,Bach/Fugue/bwv_846/Shi05M.mid,Bach,Fugue_bwv_846,Bach/Fugue/bwv_846
C:\Users\eagle\MARG_research\third_party\PianistTransformer\data\midis\asap-dataset-master\Bach\Fugue\bwv_846\Shi05M.mid,asap_metadata_performance,tokenized_reconstructed,55.49,0,55490,Bach/Fugue/bwv_846/Shi05M.mid,Bach,Fugue_bwv_846,Bach/Fugue/bwv_846
C:\Users\eagle\MARG_research\third_party\PianistTransformer\data\midis\asap-dataset-master\Bach\Fugue\bwv_846\Shi05M.mid,asap_metadata_performance,tokenized_reconstructed,56.102,67,56102,Bach/Fugue/bwv_846/Shi05M.mid,Bach,Fugue_bwv_846,Bach/Fugue/bwv_846
C:\Users\eagle\MARG_research\third_party\PianistTransformer\data\midis\asap-dataset-master\Bach\Fugue\bwv_846\Shi05M.mid,asap_metadata_performance,tokenized_reconstructed,56.182,95,56182,Bach/Fugue/bwv_846/Shi05M.mid,Bach,Fugue_bwv_846,Bach/Fugue/bwv_846
C:\Users\eagle\MARG_research\third_party\PianistTransformer\data\midis\asap-dataset-master\Bach\Fugue\bwv_846\Shi05M.mid,asap_metadata_performance,tokenized_reconstructed,56.263,98,56263,Bach/Fugue/bwv_846/Shi05M.mid,Bach,Fugue_bwv_846,Bach/Fugue/bwv_846
C:\Users\eagle\MARG_research\third_party\PianistTransformer\data\midis\asap-dataset-master\Bach\Fugue\bwv_846\Shi05M.mid,asap_metadata_performance,tokenized_reconstructed,56.424,84,56424,Bach/Fugue/bwv_846/Shi05M.mid,Bach,Fugue_bwv_846,Bach/Fugue/bwv_846
C:\Users\eagle\MARG_research\third_party\PianistTransformer\data\midis\asap-dataset-master\Bach\Fugue\bwv_846\Shi05M.mid,asap_metadata_performance,tokenized_reconstructed,56.514,0,56514,Bach/Fugue/bwv_846/Shi05M.mid,Bach,Fugue_bwv_846,Bach/Fugue/bwv_846
C:\Users\eagle\MARG_research\third_party\PianistTransformer\data\midis\asap-dataset-master\Bach\Fugue\bwv_846\Shi05M.mid,asap_metadata_performance,tokenized_reconstructed,56.751,67,56751,Bach/Fugue/bwv_846/Shi05M.mid,Bach,Fugue_bwv_846,Bach/Fugue/bwv_846
C:\Users\eagle\MARG_research\third_party\PianistTransformer\data\midis\asap-dataset-master\Bach\Fugue\bwv_846\Shi05M.mid,asap_metadata_performance,tokenized_reconstructed,56.827,91,56827,Bach/Fugue/bwv_846/Shi05M.mid,Bach,Fugue_bwv_846,Bach/Fugue/bwv_846
C:\Users\eagle\MARG_research\third_party\PianistTransformer\data\midis\asap-dataset-master\Bach\Fugue\bwv_846\Shi05M.mid,asap_metadata_performance,tokenized_reconstructed,56.904,93,56904,Bach/Fugue/bwv_846/Shi05M.mid,Bach,Fugue_bwv_846,Bach/Fugue/bwv_846
C:\Users\eagle\MARG_research\third_party\PianistTransformer\data\midis\asap-dataset-master\Bach\Fugue\bwv_846\Shi05M.mid,asap_metadata_performance,tokenized_reconstructed,57.056,88,57056,Bach/Fugue/bwv_846/Shi05M.mid,Bach,Fugue_bwv_846,Bach/Fugue/bwv_846
C:\Users\eagle\MARG_research\third_party\PianistTransformer\data\midis\asap-dataset-master\Bach\Fugue\bwv_846\Shi05M.mid,asap_metadata_performance,tokenized_reconstructed,57.074,84,57074,Bach/Fugue/bwv_846/Shi05M.mid,Bach,Fugue_bwv_846,Bach/Fugue/bwv_846
C:\Users\eagle\MARG_research\third_party\PianistTransformer\data\midis\asap-dataset-master\Bach\Fugue\bwv_846\Shi05M.mid,asap_metadata_performance,tokenized_reconstructed,57.16,38,57160,Bach/Fugue/bwv_846/Shi05M.mid,Bach,Fugue_bwv_846,Bach/Fugue/bwv_846
C:\Users\eagle\MARG_research\third_party\PianistTransformer\data\midis\asap-dataset-master\Bach\Fugue\bwv_846\Shi05M.mid,asap_metadata_performance,tokenized_reconstructed,57.24,0,57240,Bach/Fugue/bwv_846/Shi05M.mid,Bach,Fugue_bwv_846,Bach/Fugue/bwv_846
C:\Users\eagle\MARG_research\third_party\PianistTransformer\data\midis\asap-dataset-master\Bach\Fugue\bwv_846\Shi05M.mid,asap_metadata_performance,tokenized_reconstructed,57.402,63,57402,Bach/Fugue/bwv_846/Shi05M.mid,Bach,Fugue_bwv_846,Bach/Fugue/bwv_846
C:\Users\eagle\MARG_research\third_party\PianistTransformer\data\midis\asap-dataset-master\Bach\Fugue\bwv_846\Shi05M.mid,asap_metadata_performance,tokenized_reconstructed,57.468,74,57468,Bach/Fugue/bwv_846/Shi05M.mid,Bach,Fugue_bwv_846,Bach/Fugue/bwv_846
C:\Users\eagle\MARG_research\third_party\PianistTransformer\data\midis\asap-dataset-master\Bach\Fugue\bwv_846\Shi05M.mid,asap_metadata_performance,tokenized_reconstructed,57.534,80,57534,Bach/Fugue/bwv_846/Shi05M.mid,Bach,Fugue_bwv_846,Bach/Fugue/bwv_846
C:\Users\eagle\MARG_research\third_party\PianistTransformer\data\midis\asap-dataset-master\Bach\Fugue\bwv_846\Shi05M.mid,asap_metadata_performance,tokenized_reconstructed,57.601,81,57601,Bach/Fugue/bwv_846/Shi05M.mid,Bach,Fugue_bwv_846,Bach/Fugue/bwv_846
C:\Users\eagle\MARG_research\third_party\PianistTransformer\data\midis\asap-dataset-master\Bach\Fugue\bwv_846\Shi05M.mid,asap_metadata_performance,tokenized_reconstructed,57.667,75,57667,Bach/Fugue/bwv_846/Shi05M.mid,Bach,Fugue_bwv_846,Bach/Fugue/bwv_846
C:\Users\eagle\MARG_research\third_party\PianistTransformer\data\midis\asap-dataset-master\Bach\Fugue\bwv_846\Shi05M.mid,asap_metadata_performance,tokenized_reconstructed,57.682,65,57682,Bach/Fugue/bwv_846/Shi05M.mid,Bach,Fugue_bwv_846,Bach/Fugue/bwv_846
C:\Users\eagle\MARG_research\third_party\PianistTransformer\data\midis\asap-dataset-master\Bach\Fugue\bwv_846\Shi05M.mid,asap_metadata_performance,tokenized_reconstructed,57.761,62,57761,Bach/Fugue/bwv_846/Shi05M.mid,Bach,Fugue_bwv_846,Bach/Fugue/bwv_846
C:\Users\eagle\MARG_research\third_party\PianistTransformer\data\midis\asap-dataset-master\Bach\Fugue\bwv_846\Shi05M.mid,asap_metadata_performance,tokenized_reconstructed,57.828,79,57828,Bach/Fugue/bwv_846/Shi05M.mid,Bach,Fugue_bwv_846,Bach/Fugue/bwv_846
C:\Users\eagle\MARG_research\third_party\PianistTransformer\data\midis\asap-dataset-master\Bach\Fugue\bwv_846\Shi05M.mid,asap_metadata_performance,tokenized_reconstructed,57.895,83,57895,Bach/Fugue/bwv_846/Shi05M.mid,Bach,Fugue_bwv_846,Bach/Fugue/bwv_846
C:\Users\eagle\MARG_research\third_party\PianistTransformer\data\midis\asap-dataset-master\Bach\Fugue\bwv_846\Shi05M.mid,asap_metadata_performance,tokenized_reconstructed,58.056,82,58056,Bach/Fugue/bwv_846/Shi05M.mid,Bach,Fugue_bwv_846,Bach/Fugue/bwv_846
C:\Users\eagle\MARG_research\third_party\PianistTransformer\data\midis\asap-dataset-master\Bach\Fugue\bwv_846\Shi05M.mid,asap_metadata_performance,tokenized_reconstructed,58.206,81,58206,Bach/Fugue/bwv_846/Shi05M.mid,Bach,Fugue_bwv_846,Bach/Fugue/bwv_846
C:\Users\eagle\MARG_research\third_party\PianistTransformer\data\midis\asap-dataset-master\Bach\Fugue\bwv_846\Shi05M.mid,asap_metadata_performance,tokenized_reconstructed,58.246,77,58246,Bach/Fugue/bwv_846/Shi05M.mid,Bach,Fugue_bwv_846,Bach/Fugue/bwv_846
C:\Users\eagle\MARG_research\third_party\PianistTransformer\data\midis\asap-dataset-master\Bach\Fugue\bwv_846\Shi05M.mid,asap_metadata_performance,tokenized_reconstructed,58.25,72,58250,Bach/Fugue/bwv_846/Shi05M.mid,Bach,Fugue_bwv_846,Bach/Fugue/bwv_846
C:\Users\eagle\MARG_research\third_party\PianistTransformer\data\midis\asap-dataset-master\Bach\Fugue\bwv_846\Shi05M.mid,asap_metadata_performance,tokenized_reconstructed,58.333,42,58333,Bach/Fugue/bwv_846/Shi05M.mid,Bach,Fugue_bwv_846,Bach/Fugue/bwv_846
C:\Users\eagle\MARG_research\third_party\PianistTransformer\data\midis\asap-dataset-master\Bach\Fugue\bwv_846\Shi05M.mid,asap_metadata_performance,tokenized_reconstructed,58.406,0,58406,Bach/Fugue/bwv_846/Shi05M.mid,Bach,Fugue_bwv_846,Bach/Fugue/bwv_846
C:\Users\eagle\MARG_research\third_party\PianistTransformer\data\midis\asap-dataset-master\Bach\Fugue\bwv_846\Shi05M.mid,asap_metadata_performance,tokenized_reconstructed,58.478,63,58478,Bach/Fugue/bwv_846/Shi05M.mid,Bach,Fugue_bwv_846,Bach/Fugue/bwv_846
C:\Users\eagle\MARG_research\third_party\PianistTransformer\data\midis\asap-dataset-master\Bach\Fugue\bwv_846\Shi05M.mid,asap_metadata_performance,tokenized_reconstructed,58.551,75,58551,Bach/Fugue/bwv_846/Shi05M.mid,Bach,Fugue_bwv_846,Bach/Fugue/bwv_846
C:\Users\eagle\MARG_research\third_party\PianistTransformer\data\midis\asap-dataset-master\Bach\Fugue\bwv_846\Shi05M.mid,asap_metadata_performance,tokenized_reconstructed,58.63,98,58630,Bach/Fugue/bwv_846/Shi05M.mid,Bach,Fugue_bwv_846,Bach/Fugue/bwv_846
C:\Users\eagle\MARG_research\third_party\PianistTransformer\data\midis\asap-dataset-master\Bach\Fugue\bwv_846\Shi05M.mid,asap_metadata_performance,tokenized_reconstructed,58.709,108,58709,Bach/Fugue/bwv_846/Shi05M.mid,Bach,Fugue_bwv_846,Bach/Fugue/bwv_846
C:\Users\eagle\MARG_research\third_party\PianistTransformer\data\midis\asap-dataset-master\Bach\Fugue\bwv_846\Shi05M.mid,asap_metadata_performance,tokenized_reconstructed,58.874,102,58874,Bach/Fugue/bwv_846/Shi05M.mid,Bach,Fugue_bwv_846,Bach/Fugue/bwv_846
C:\Users\eagle\MARG_research\third_party\PianistTransformer\data\midis\asap-dataset-master\Bach\Fugue\bwv_846\Shi05M.mid,asap_metadata_performance,tokenized_reconstructed,58.962,69,58962,Bach/Fugue/bwv_846/Shi05M.mid,Bach,Fugue_bwv_846,Bach/Fugue/bwv_846
C:\Users\eagle\MARG_research\third_party\PianistTransformer\data\midis\asap-dataset-master\Bach\Fugue\bwv_846\Shi05M.mid,asap_metadata_performance,tokenized_reconstructed,59.037,0,59037,Bach/Fugue/bwv_846/Shi05M.mid,Bach,Fugue_bwv_846,Bach/Fugue/bwv_846
C:\Users\eagle\MARG_research\third_party\PianistTransformer\data\midis\asap-dataset-master\Bach\Fugue\bwv_846\Shi05M.mid,asap_metadata_performance,tokenized_reconstructed,59.112,62,59112,Bach/Fugue/bwv_846/Shi05M.mid,Bach,Fugue_bwv_846,Bach/Fugue/bwv_846
C:\Users\eagle\MARG_research\third_party\PianistTransformer\data\midis\asap-dataset-master\Bach\Fugue\bwv_846\Shi05M.mid,asap_metadata_performance,tokenized_reconstructed,59.186,81,59186,Bach/Fugue/bwv_846/Shi05M.mid,Bach,Fugue_bwv_846,Bach/Fugue/bwv_846
C:\Users\eagle\MARG_research\third_party\PianistTransformer\data\midis\asap-dataset-master\Bach\Fugue\bwv_846\Shi05M.mid,asap_metadata_performance,tokenized_reconstructed,59.192,91,59192,Bach/Fugue/bwv_846/Shi05M.mid,Bach,Fugue_bwv_846,Bach/Fugue/bwv_846
C:\Users\eagle\MARG_research\third_party\PianistTransformer\data\midis\asap-dataset-master\Bach\Fugue\bwv_846\Shi05M.mid,asap_metadata_performance,tokenized_reconstructed,59.274,127,59274,Bach/Fugue/bwv_846/Shi05M.mid,Bach,Fugue_bwv_846,Bach/Fugue/bwv_846
C:\Users\eagle\MARG_research\third_party\PianistTransformer\data\midis\asap-dataset-master\Bach\Fugue\bwv_846\Shi05M.mid,asap_metadata_performance,tokenized_reconstructed,59.501,98,59501,Bach/Fugue/bwv_846/Shi05M.mid,Bach,Fugue_bwv_846,Bach/Fugue/bwv_846
C:\Users\eagle\MARG_research\third_party\PianistTransformer\data\midis\asap-dataset-master\Bach\Fugue\bwv_846\Shi05M.mid,asap_metadata_performance,tokenized_reconstructed,59.521,84,59521,Bach/Fugue/bwv_846/Shi05M.mid,Bach,Fugue_bwv_846,Bach/Fugue/bwv_846
C:\Users\eagle\MARG_research\third_party\PianistTransformer\data\midis\asap-dataset-master\Bach\Fugue\bwv_846\Shi05M.mid,asap_metadata_performance,tokenized_reconstructed,59.598,0,59598,Bach/Fugue/bwv_846/Shi05M.mid,Bach,Fugue_bwv_846,Bach/Fugue/bwv_846
C:\Users\eagle\MARG_research\third_party\PianistTransformer\data\midis\asap-dataset-master\Bach\Fugue\bwv_846\Shi05M.mid,asap_metadata_performance,tokenized_reconstructed,59.751,72,59751,Bach/Fugue/bwv_846/Shi05M.mid,Bach,Fugue_bwv_846,Bach/Fugue/bwv_846
C:\Users\eagle\MARG_research\third_party\PianistTransformer\data\midis\asap-dataset-master\Bach\Fugue\bwv_846\Shi05M.mid,asap_metadata_performance,tokenized_reconstructed,59.828,127,59828,Bach/Fugue/bwv_846/Shi05M.mid,Bach,Fugue_bwv_846,Bach/Fugue/bwv_846
C:\Users\eagle\MARG_research\third_party\PianistTransformer\data\midis\asap-dataset-master\Bach\Fugue\bwv_846\Shi05M.mid,asap_metadata_performance,tokenized_reconstructed,60.334,61,60334,Bach/Fugue/bwv_846/Shi05M.mid,Bach,Fugue_bwv_846,Bach/Fugue/bwv_846
C:\Users\eagle\MARG_research\third_party\PianistTransformer\data\midis\asap-dataset-master\Bach\Fugue\bwv_846\Shi05M.mid,asap_metadata_performance,tokenized_reconstructed,60.406,0,60406,Bach/Fugue/bwv_846/Shi05M.mid,Bach,Fugue_bwv_846,Bach/Fugue/bwv_846
C:\Users\eagle\MARG_research\third_party\PianistTransformer\data\midis\asap-dataset-master\Bach\Fugue\bwv_846\Shi05M.mid,asap_metadata_performance,tokenized_reconstructed,60.856,42,60856,Bach/Fugue/bwv_846/Shi05M.mid,Bach,Fugue_bwv_846,Bach/Fugue/bwv_846
C:\Users\eagle\MARG_research\third_party\PianistTransformer\data\midis\asap-dataset-master\Bach\Fugue\bwv_846\Shi05M.mid,asap_metadata_performance,tokenized_reconstructed,60.926,63,60926,Bach/Fugue/bwv_846/Shi05M.mid,Bach,Fugue_bwv_846,Bach/Fugue/bwv_846
C:\Users\eagle\MARG_research\third_party\PianistTransformer\data\midis\asap-dataset-master\Bach\Fugue\bwv_846\Shi05M.mid,asap_metadata_performance,tokenized_reconstructed,60.995,71,60995,Bach/Fugue/bwv_846/Shi05M.mid,Bach,Fugue_bwv_846,Bach/Fugue/bwv_846
C:\Users\eagle\MARG_research\third_party\PianistTransformer\data\midis\asap-dataset-master\Bach\Fugue\bwv_846\Shi05M.mid,asap_metadata_performance,tokenized_reconstructed,61.065,76,61065,Bach/Fugue/bwv_846/Shi05M.mid,Bach,Fugue_bwv_846,Bach/Fugue/bwv_846
C:\Users\eagle\MARG_research\third_party\PianistTransformer\data\midis\asap-dataset-master\Bach\Fugue\bwv_846\Shi05M.mid,asap_metadata_performance,tokenized_reconstructed,61.376,52,61376,Bach/Fugue/bwv_846/Shi05M.mid,Bach,Fugue_bwv_846,Bach/Fugue/bwv_846
C:\Users\eagle\MARG_research\third_party\PianistTransformer\data\midis\asap-dataset-master\Bach\Fugue\bwv_846\Shi05M.mid,asap_metadata_performance,tokenized_reconstructed,61.381,40,61381,Bach/Fugue/bwv_846/Shi05M.mid,Bach,Fugue_bwv_846,Bach/Fugue/bwv_846
C:\Users\eagle\MARG_research\third_party\PianistTransformer\data\midis\asap-dataset-master\Bach\Fugue\bwv_846\Shi05M.mid,asap_metadata_performance,tokenized_reconstructed,61.464,76,61464,Bach/Fugue/bwv_846/Shi05M.mid,Bach,Fugue_bwv_846,Bach/Fugue/bwv_846
C:\Users\eagle\MARG_research\third_party\PianistTransformer\data\midis\asap-dataset-master\Bach\Fugue\bwv_846\Shi05M.mid,asap_metadata_performance,tokenized_reconstructed,61.532,109,61532,Bach/Fugue/bwv_846/Shi05M.mid,Bach,Fugue_bwv_846,Bach/Fugue/bwv_846
C:\Users\eagle\MARG_research\third_party\PianistTransformer\data\midis\asap-dataset-master\Bach\Fugue\bwv_846\Shi05M.mid,asap_metadata_performance,tokenized_reconstructed,61.6,127,61600,Bach/Fugue/bwv_846/Shi05M.mid,Bach,Fugue_bwv_846,Bach/Fugue/bwv_846
C:\Users\eagle\MARG_research\third_party\PianistTransformer\data\midis\asap-dataset-master\Bach\Fugue\bwv_846\Shi05M.mid,asap_metadata_performance,tokenized_reconstructed,62.005,0,62005,Bach/Fugue/bwv_846/Shi05M.mid,Bach,Fugue_bwv_846,Bach/Fugue/bwv_846
C:\Users\eagle\MARG_research\third_party\PianistTransformer\data\midis\asap-dataset-master\Bach\Fugue\bwv_846\Shi05M.mid,asap_metadata_performance,tokenized_reconstructed,62.188,90,62188,Bach/Fugue/bwv_846/Shi05M.mid,Bach,Fugue_bwv_846,Bach/Fugue/bwv_846
C:\Users\eagle\MARG_research\third_party\PianistTransformer\data\midis\asap-dataset-master\Bach\Fugue\bwv_846\Shi05M.mid,asap_metadata_performance,tokenized_reconstructed,62.346,127,62346,Bach/Fugue/bwv_846/Shi05M.mid,Bach,Fugue_bwv_846,Bach/Fugue/bwv_846
C:\Users\eagle\MARG_research\third_party\PianistTransformer\data\midis\asap-dataset-master\Bach\Fugue\bwv_846\Shi05M.mid,asap_metadata_performance,tokenized_reconstructed,62.661,123,62661,Bach/Fugue/bwv_846/Shi05M.mid,Bach,Fugue_bwv_846,Bach/Fugue/bwv_846
C:\Users\eagle\MARG_research\third_party\PianistTransformer\data\midis\asap-dataset-master\Bach\Fugue\bwv_846\Shi05M.mid,asap_metadata_performance,tokenized_reconstructed,62.68,98,62680,Bach/Fugue/bwv_846/Shi05M.mid,Bach,Fugue_bwv_846,Bach/Fugue/bwv_846
C:\Users\eagle\MARG_research\third_party\PianistTransformer\data\midis\asap-dataset-master\Bach\Fugue\bwv_846\Shi05M.mid,asap_metadata_performance,tokenized_reconstructed,62.767,0,62767,Bach/Fugue/bwv_846/Shi05M.mid,Bach,Fugue_bwv_846,Bach/Fugue/bwv_846
C:\Users\eagle\MARG_research\third_party\PianistTransformer\data\midis\asap-dataset-master\Bach\Fugue\bwv_846\Shi05M.mid,asap_metadata_performance,tokenized_reconstructed,63.0,71,63000,Bach/Fugue/bwv_846/Shi05M.mid,Bach,Fugue_bwv_846,Bach/Fugue/bwv_846
C:\Users\eagle\MARG_research\third_party\PianistTransformer\data\midis\asap-dataset-master\Bach\Fugue\bwv_846\Shi05M.mid,asap_metadata_performance,tokenized_reconstructed,63.104,127,63104,Bach/Fugue/bwv_846/Shi05M.mid,Bach,Fugue_bwv_846,Bach/Fugue/bwv_846
C:\Users\eagle\MARG_research\third_party\PianistTransformer\data\midis\asap-dataset-master\Bach\Fugue\bwv_846\Shi05M.mid,asap_metadata_performance,tokenized_reconstructed,63.396,111,63396,Bach/Fugue/bwv_846/Shi05M.mid,Bach,Fugue_bwv_846,Bach/Fugue/bwv_846
C:\Users\eagle\MARG_research\third_party\PianistTransformer\data\midis\asap-dataset-master\Bach\Fugue\bwv_846\Shi05M.mid,asap_metadata_performance,tokenized_reconstructed,63.459,34,63459,Bach/Fugue/bwv_846/Shi05M.mid,Bach,Fugue_bwv_846,Bach/Fugue/bwv_846
C:\Users\eagle\MARG_research\third_party\PianistTransformer\data\midis\asap-dataset-master\Bach\Fugue\bwv_846\Shi05M.mid,asap_metadata_performance,tokenized_reconstructed,63.516,0,63516,Bach/Fugue/bwv_846/Shi05M.mid,Bach,Fugue_bwv_846,Bach/Fugue/bwv_846
C:\Users\eagle\MARG_research\third_party\PianistTransformer\data\midis\asap-dataset-master\Bach\Fugue\bwv_846\Shi05M.mid,asap_metadata_performance,tokenized_reconstructed,63.572,56,63572,Bach/Fugue/bwv_846/Shi05M.mid,Bach,Fugue_bwv_846,Bach/Fugue/bwv_846
C:\Users\eagle\MARG_research\third_party\PianistTransformer\data\midis\asap-dataset-master\Bach\Fugue\bwv_846\Shi05M.mid,asap_metadata_performance,tokenized_reconstructed,63.629,83,63629,Bach/Fugue/bwv_846/Shi05M.mid,Bach,Fugue_bwv_846,Bach/Fugue/bwv_846
C:\Users\eagle\MARG_research\third_party\PianistTransformer\data\midis\asap-dataset-master\Bach\Fugue\bwv_846\Shi05M.mid,asap_metadata_performance,tokenized_reconstructed,63.654,96,63654,Bach/Fugue/bwv_846/Shi05M.mid,Bach,Fugue_bwv_846,Bach/Fugue/bwv_846
C:\Users\eagle\MARG_research\third_party\PianistTransformer\data\midis\asap-dataset-master\Bach\Fugue\bwv_846\Shi05M.mid,asap_metadata_performance,tokenized_reconstructed,63.678,126,63678,Bach/Fugue/bwv_846/Shi05M.mid,Bach,Fugue_bwv_846,Bach/Fugue/bwv_846
C:\Users\eagle\MARG_research\third_party\PianistTransformer\data\midis\asap-dataset-master\Bach\Fugue\bwv_846\Shi05M.mid,asap_metadata_performance,tokenized_reconstructed,64.145,120,64145,Bach/Fugue/bwv_846/Shi05M.mid,Bach,Fugue_bwv_846,Bach/Fugue/bwv_846
C:\Users\eagle\MARG_research\third_party\PianistTransformer\data\midis\asap-dataset-master\Bach\Fugue\bwv_846\Shi05M.mid,asap_metadata_performance,tokenized_reconstructed,64.242,0,64242,Bach/Fugue/bwv_846/Shi05M.mid,Bach,Fugue_bwv_846,Bach/Fugue/bwv_846
C:\Users\eagle\MARG_research\third_party\PianistTransformer\data\midis\asap-dataset-master\Bach\Fugue\bwv_846\Shi05M.mid,asap_metadata_performance,tokenized_reconstructed,64.437,61,64437,Bach/Fugue/bwv_846/Shi05M.mid,Bach,Fugue_bwv_846,Bach/Fugue/bwv_846
C:\Users\eagle\MARG_research\third_party\PianistTransformer\data\midis\asap-dataset-master\Bach\Fugue\bwv_846\Shi05M.mid,asap_metadata_performance,tokenized_reconstructed,64.534,107,64534,Bach/Fugue/bwv_846/Shi05M.mid,Bach,Fugue_bwv_846,Bach/Fugue/bwv_846
C:\Users\eagle\MARG_research\third_party\PianistTransformer\data\midis\asap-dataset-master\Bach\Fugue\bwv_846\Shi05M.mid,asap_metadata_performance,tokenized_reconstructed,64.659,127,64659,Bach/Fugue/bwv_846/Shi05M.mid,Bach,Fugue_bwv_846,Bach/Fugue/bwv_846
C:\Users\eagle\MARG_research\third_party\PianistTransformer\data\midis\asap-dataset-master\Bach\Fugue\bwv_846\Shi05M.mid,asap_metadata_performance,tokenized_reconstructed,65.278,47,65278,Bach/Fugue/bwv_846/Shi05M.mid,Bach,Fugue_bwv_846,Bach/Fugue/bwv_846
C:\Users\eagle\MARG_research\third_party\PianistTransformer\data\midis\asap-dataset-master\Bach\Fugue\bwv_846\Shi05M.mid,asap_metadata_performance,tokenized_reconstructed,65.519,32,65519,Bach/Fugue/bwv_846/Shi05M.mid,Bach,Fugue_bwv_846,Bach/Fugue/bwv_846
C:\Users\eagle\MARG_research\third_party\PianistTransformer\data\midis\asap-dataset-master\Bach\Fugue\bwv_846\Shi05M.mid,asap_metadata_performance,tokenized_reconstructed,65.76,0,65760,Bach/Fugue/bwv_846/Shi05M.mid,Bach,Fugue_bwv_846,Bach/Fugue/bwv_846
C:\Users\eagle\MARG_research\third_party\PianistTransformer\data\midis\asap-dataset-master\Bach\Fugue\bwv_846\Shi05M.mid,asap_metadata_performance,tokenized_reconstructed,66.506,35,66506,Bach/Fugue/bwv_846/Shi05M.mid,Bach,Fugue_bwv_846,Bach/Fugue/bwv_846
C:\Users\eagle\MARG_research\third_party\PianistTransformer\data\midis\asap-dataset-master\Bach\Fugue\bwv_846\Shi05M.mid,asap_metadata_performance,tokenized_reconstructed,66.674,38,66674,Bach/Fugue/bwv_846/Shi05M.mid,Bach,Fugue_bwv_846,Bach/Fugue/bwv_846
C:\Users\eagle\MARG_research\third_party\PianistTransformer\data\midis\asap-dataset-master\Bach\Fugue\bwv_846\Shi05M.mid,asap_metadata_performance,tokenized_reconstructed,66.838,40,66838,Bach/Fugue/bwv_846/Shi05M.mid,Bach,Fugue_bwv_846,Bach/Fugue/bwv_846
C:\Users\eagle\MARG_research\third_party\PianistTransformer\data\midis\asap-dataset-master\Bach\Fugue\bwv_846\Shi05M.mid,asap_metadata_performance,tokenized_reconstructed,67.332,39,67332,Bach/Fugue/bwv_846/Shi05M.mid,Bach,Fugue_bwv_846,Bach/Fugue/bwv_846
C:\Users\eagle\MARG_research\third_party\PianistTransformer\data\midis\asap-dataset-master\Bach\Fugue\bwv_846\Shi05M.mid,asap_metadata_performance,tokenized_reconstructed,67.503,37,67503,Bach/Fugue/bwv_846/Shi05M.mid,Bach,Fugue_bwv_846,Bach/Fugue/bwv_846
C:\Users\eagle\MARG_research\third_party\PianistTransformer\data\midis\asap-dataset-master\Bach\Fugue\bwv_846\Shi05M.mid,asap_metadata_performance,tokenized_reconstructed,68.154,36,68154,Bach/Fugue/bwv_846/Shi05M.mid,Bach,Fugue_bwv_846,Bach/Fugue/bwv_846
C:\Users\eagle\MARG_research\third_party\PianistTransformer\data\midis\asap-dataset-master\Bach\Fugue\bwv_846\Shi05M.mid,asap_metadata_performance,tokenized_reconstructed,68.723,35,68723,Bach/Fugue/bwv_846/Shi05M.mid,Bach,Fugue_bwv_846,Bach/Fugue/bwv_846
C:\Users\eagle\MARG_research\third_party\PianistTransformer\data\midis\asap-dataset-master\Bach\Fugue\bwv_846\Shi05M.mid,asap_metadata_performance,tokenized_reconstructed,68.808,34,68808,Bach/Fugue/bwv_846/Shi05M.mid,Bach,Fugue_bwv_846,Bach/Fugue/bwv_846
C:\Users\eagle\MARG_research\third_party\PianistTransformer\data\midis\asap-dataset-master\Bach\Fugue\bwv_846\Shi05M.mid,asap_metadata_performance,tokenized_reconstructed,69.04,35,69040,Bach/Fugue/bwv_846/Shi05M.mid,Bach,Fugue_bwv_846,Bach/Fugue/bwv_846
C:\Users\eagle\MARG_research\third_party\PianistTransformer\data\midis\asap-dataset-master\Bach\Fugue\bwv_846\Shi05M.mid,asap_metadata_performance,tokenized_reconstructed,69.147,34,69147,Bach/Fugue/bwv_846/Shi05M.mid,Bach,Fugue_bwv_846,Bach/Fugue/bwv_846
C:\Users\eagle\MARG_research\third_party\PianistTransformer\data\midis\asap-dataset-master\Bach\Fugue\bwv_846\Shi05M.mid,asap_metadata_performance,tokenized_reconstructed,69.19,32,69190,Bach/Fugue/bwv_846/Shi05M.mid,Bach,Fugue_bwv_846,Bach/Fugue/bwv_846
C:\Users\eagle\MARG_research\third_party\PianistTransformer\data\midis\asap-dataset-master\Bach\Fugue\bwv_846\Shi05M.mid,asap_metadata_performance,tokenized_reconstructed,69.277,0,69277,Bach/Fugue/bwv_846/Shi05M.mid,Bach,Fugue_bwv_846,Bach/Fugue/bwv_846
C:\Users\eagle\MARG_research\third_party\PianistTransformer\data\midis\asap-dataset-master\Bach\Fugue\bwv_846\Shi05M.mid,asap_metadata_performance,tokenized_reconstructed,70.695,68,70695,Bach/Fugue/bwv_846/Shi05M.mid,Bach,Fugue_bwv_846,Bach/Fugue/bwv_846
C:\Users\eagle\MARG_research\third_party\PianistTransformer\data\midis\asap-dataset-master\Bach\Fugue\bwv_846\Shi05M.mid,asap_metadata_performance,tokenized_reconstructed,70.864,127,70864,Bach/Fugue/bwv_846/Shi05M.mid,Bach,Fugue_bwv_846,Bach/Fugue/bwv_846
C:\Users\eagle\MARG_research\third_party\PianistTransformer\data\midis\asap-dataset-master\Bach\Fugue\bwv_846\Shi05M.mid,asap_metadata_performance,tokenized_reconstructed,71.202,111,71202,Bach/Fugue/bwv_846/Shi05M.mid,Bach,Fugue_bwv_846,Bach/Fugue/bwv_846
C:\Users\eagle\MARG_research\third_party\PianistTransformer\data\midis\asap-dataset-master\Bach\Fugue\bwv_846\Shi05M.mid,asap_metadata_performance,tokenized_reconstructed,71.366,50,71366,Bach/Fugue/bwv_846/Shi05M.mid,Bach,Fugue_bwv_846,Bach/Fugue/bwv_846
C:\Users\eagle\MARG_research\third_party\PianistTransformer\data\midis\asap-dataset-master\Bach\Fugue\bwv_846\Shi05M.mid,asap_metadata_performance,tokenized_reconstructed,71.526,0,71526,Bach/Fugue/bwv_846/Shi05M.mid,Bach,Fugue_bwv_846,Bach/Fugue/bwv_846
C:\Users\eagle\MARG_research\third_party\PianistTransformer\data\midis\asap-dataset-master\Bach\Fugue\bwv_846\Shi05M.mid,asap_metadata_performance,tokenized_reconstructed,73.303,42,73303,Bach/Fugue/bwv_846/Shi05M.mid,Bach,Fugue_bwv_846,Bach/Fugue/bwv_846
C:\Users\eagle\MARG_research\third_party\PianistTransformer\data\midis\asap-dataset-master\Bach\Fugue\bwv_846\Shi05M.mid,asap_metadata_performance,tokenized_reconstructed,73.461,127,73461,Bach/Fugue/bwv_846/Shi05M.mid,Bach,Fugue_bwv_846,Bach/Fugue/bwv_846
C:\Users\eagle\MARG_research\third_party\PianistTransformer\data\midis\asap-dataset-master\Bach\Fugue\bwv_846\Shi05M.mid,asap_metadata_performance,tokenized_reconstructed,73.777,102,73777,Bach/Fugue/bwv_846/Shi05M.mid,Bach,Fugue_bwv_846,Bach/Fugue/bwv_846
C:\Users\eagle\MARG_research\third_party\PianistTransformer\data\midis\asap-dataset-master\Bach\Fugue\bwv_846\Shi05M.mid,asap_metadata_performance,tokenized_reconstructed,73.866,56,73866,Bach/Fugue/bwv_846/Shi05M.mid,Bach,Fugue_bwv_846,Bach/Fugue/bwv_846
C:\Users\eagle\MARG_research\third_party\PianistTransformer\data\midis\asap-dataset-master\Bach\Fugue\bwv_846\Shi05M.mid,asap_metadata_performance,tokenized_reconstructed,73.943,89,73943,Bach/Fugue/bwv_846/Shi05M.mid,Bach,Fugue_bwv_846,Bach/Fugue/bwv_846
C:\Users\eagle\MARG_research\third_party\PianistTransformer\data\midis\asap-dataset-master\Bach\Fugue\bwv_846\Shi05M.mid,asap_metadata_performance,tokenized_reconstructed,74.02,127,74020,Bach/Fugue/bwv_846/Shi05M.mid,Bach,Fugue_bwv_846,Bach/Fugue/bwv_846
C:\Users\eagle\MARG_research\third_party\PianistTransformer\data\midis\asap-dataset-master\Bach\Fugue\bwv_846\Shi05M.mid,asap_metadata_performance,tokenized_reconstructed,74.194,115,74194,Bach/Fugue/bwv_846/Shi05M.mid,Bach,Fugue_bwv_846,Bach/Fugue/bwv_846
C:\Users\eagle\MARG_research\third_party\PianistTransformer\data\midis\asap-dataset-master\Bach\Fugue\bwv_846\Shi05M.mid,asap_metadata_performance,tokenized_reconstructed,74.227,113,74227,Bach/Fugue/bwv_846/Shi05M.mid,Bach,Fugue_bwv_846,Bach/Fugue/bwv_846
C:\Users\eagle\MARG_research\third_party\PianistTransformer\data\midis\asap-dataset-master\Bach\Fugue\bwv_846\Shi05M.mid,asap_metadata_performance,tokenized_reconstructed,74.263,110,74263,Bach/Fugue/bwv_846/Shi05M.mid,Bach,Fugue_bwv_846,Bach/Fugue/bwv_846
C:\Users\eagle\MARG_research\third_party\PianistTransformer\data\midis\asap-dataset-master\Bach\Fugue\bwv_846\Shi05M.mid,asap_metadata_performance,tokenized_reconstructed,74.334,103,74334,Bach/Fugue/bwv_846/Shi05M.mid,Bach,Fugue_bwv_846,Bach/Fugue/bwv_846
C:\Users\eagle\MARG_research\third_party\PianistTransformer\data\midis\asap-dataset-master\Bach\Fugue\bwv_846\Shi05M.mid,asap_metadata_performance,tokenized_reconstructed,74.37,95,74370,Bach/Fugue/bwv_846/Shi05M.mid,Bach,Fugue_bwv_846,Bach/Fugue/bwv_846
C:\Users\eagle\MARG_research\third_party\PianistTransformer\data\midis\asap-dataset-master\Bach\Fugue\bwv_846\Shi05M.mid,asap_metadata_performance,tokenized_reconstructed,74.38,89,74380,Bach/Fugue/bwv_846/Shi05M.mid,Bach,Fugue_bwv_846,Bach/Fugue/bwv_846
C:\Users\eagle\MARG_research\third_party\PianistTransformer\data\midis\asap-dataset-master\Bach\Fugue\bwv_846\Shi05M.mid,asap_metadata_performance,tokenized_reconstructed,74.536,0,74536,Bach/Fugue/bwv_846/Shi05M.mid,Bach,Fugue_bwv_846,Bach/Fugue/bwv_846
C:\Users\eagle\MARG_research\third_party\PianistTransformer\data\midis\asap-dataset-master\Bach\Fugue\bwv_846\Shi05M.mid,asap_metadata_performance,tokenized_reconstructed,75.17,67,75170,Bach/Fugue/bwv_846/Shi05M.mid,Bach,Fugue_bwv_846,Bach/Fugue/bwv_846
C:\Users\eagle\MARG_research\third_party\PianistTransformer\data\midis\asap-dataset-master\Bach\Fugue\bwv_846\Shi05M.mid,asap_metadata_performance,tokenized_reconstructed,75.329,127,75329,Bach/Fugue/bwv_846/Shi05M.mid,Bach,Fugue_bwv_846,Bach/Fugue/bwv_846
C:\Users\eagle\MARG_research\third_party\PianistTransformer\data\midis\asap-dataset-master\Bach\Fugue\bwv_846\Shi05M.mid,asap_metadata_performance,tokenized_reconstructed,75.648,93,75648,Bach/Fugue/bwv_846/Shi05M.mid,Bach,Fugue_bwv_846,Bach/Fugue/bwv_846
C:\Users\eagle\MARG_research\third_party\PianistTransformer\data\midis\asap-dataset-master\Bach\Fugue\bwv_846\Shi05M.mid,asap_metadata_performance,tokenized_reconstructed,75.658,76,75658,Bach/Fugue/bwv_846/Shi05M.mid,Bach,Fugue_bwv_846,Bach/Fugue/bwv_846
C:\Users\eagle\MARG_research\third_party\PianistTransformer\data\midis\asap-dataset-master\Bach\Fugue\bwv_846\Shi05M.mid,asap_metadata_performance,tokenized_reconstructed,75.828,67,75828,Bach/Fugue/bwv_846/Shi05M.mid,Bach,Fugue_bwv_846,Bach/Fugue/bwv_846
C:\Users\eagle\MARG_research\third_party\PianistTransformer\data\midis\asap-dataset-master\Bach\Fugue\bwv_846\Shi05M.mid,asap_metadata_performance,tokenized_reconstructed,75.992,118,75992,Bach/Fugue/bwv_846/Shi05M.mid,Bach,Fugue_bwv_846,Bach/Fugue/bwv_846
C:\Users\eagle\MARG_research\third_party\PianistTransformer\data\midis\asap-dataset-master\Bach\Fugue\bwv_846\Shi05M.mid,asap_metadata_performance,tokenized_reconstructed,76.155,123,76155,Bach/Fugue/bwv_846/Shi05M.mid,Bach,Fugue_bwv_846,Bach/Fugue/bwv_846
C:\Users\eagle\MARG_research\third_party\PianistTransformer\data\midis\asap-dataset-master\Bach\Fugue\bwv_846\Shi05M.mid,asap_metadata_performance,tokenized_reconstructed,76.318,104,76318,Bach/Fugue/bwv_846/Shi05M.mid,Bach,Fugue_bwv_846,Bach/Fugue/bwv_846
C:\Users\eagle\MARG_research\third_party\PianistTransformer\data\midis\asap-dataset-master\Bach\Fugue\bwv_846\Shi05M.mid,asap_metadata_performance,tokenized_reconstructed,76.32,87,76320,Bach/Fugue/bwv_846/Shi05M.mid,Bach,Fugue_bwv_846,Bach/Fugue/bwv_846
C:\Users\eagle\MARG_research\third_party\PianistTransformer\data\midis\asap-dataset-master\Bach\Fugue\bwv_846\Shi05M.mid,asap_metadata_performance,tokenized_reconstructed,76.399,0,76399,Bach/Fugue/bwv_846/Shi05M.mid,Bach,Fugue_bwv_846,Bach/Fugue/bwv_846
C:\Users\eagle\MARG_research\third_party\PianistTransformer\data\midis\asap-dataset-master\Bach\Fugue\bwv_846\Shi05M.mid,asap_metadata_performance,tokenized_reconstructed,76.472,66,76472,Bach/Fugue/bwv_846/Shi05M.mid,Bach,Fugue_bwv_846,Bach/Fugue/bwv_846
C:\Users\eagle\MARG_research\third_party\PianistTransformer\data\midis\asap-dataset-master\Bach\Fugue\bwv_846\Shi05M.mid,asap_metadata_performance,tokenized_reconstructed,76.544,91,76544,Bach/Fugue/bwv_846/Shi05M.mid,Bach,Fugue_bwv_846,Bach/Fugue/bwv_846
C:\Users\eagle\MARG_research\third_party\PianistTransformer\data\midis\asap-dataset-master\Bach\Fugue\bwv_846\Shi05M.mid,asap_metadata_performance,tokenized_reconstructed,76.616,92,76616,Bach/Fugue/bwv_846/Shi05M.mid,Bach,Fugue_bwv_846,Bach/Fugue/bwv_846
C:\Users\eagle\MARG_research\third_party\PianistTransformer\data\midis\asap-dataset-master\Bach\Fugue\bwv_846\Shi05M.mid,asap_metadata_performance,tokenized_reconstructed,76.717,89,76717,Bach/Fugue/bwv_846/Shi05M.mid,Bach,Fugue_bwv_846,Bach/Fugue/bwv_846
C:\Users\eagle\MARG_research\third_party\PianistTransformer\data\midis\asap-dataset-master\Bach\Fugue\bwv_846\Shi05M.mid,asap_metadata_performance,tokenized_reconstructed,76.751,88,76751,Bach/Fugue/bwv_846/Shi05M.mid,Bach,Fugue_bwv_846,Bach/Fugue/bwv_846
C:\Users\eagle\MARG_research\third_party\PianistTransformer\data\midis\asap-dataset-master\Bach\Fugue\bwv_846\Shi05M.mid,asap_metadata_performance,tokenized_reconstructed,76.812,87,76812,Bach/Fugue/bwv_846/Shi05M.mid,Bach,Fugue_bwv_846,Bach/Fugue/bwv_846
C:\Users\eagle\MARG_research\third_party\PianistTransformer\data\midis\asap-dataset-master\Bach\Fugue\bwv_846\Shi05M.mid,asap_metadata_performance,tokenized_reconstructed,76.842,83,76842,Bach/Fugue/bwv_846/Shi05M.mid,Bach,Fugue_bwv_846,Bach/Fugue/bwv_846
C:\Users\eagle\MARG_research\third_party\PianistTransformer\data\midis\asap-dataset-master\Bach\Fugue\bwv_846\Shi05M.mid,asap_metadata_performance,tokenized_reconstructed,76.872,82,76872,Bach/Fugue/bwv_846/Shi05M.mid,Bach,Fugue_bwv_846,Bach/Fugue/bwv_846
C:\Users\eagle\MARG_research\third_party\PianistTransformer\data\midis\asap-dataset-master\Bach\Fugue\bwv_846\Shi05M.mid,asap_metadata_performance,tokenized_reconstructed,76.959,70,76959,Bach/Fugue/bwv_846/Shi05M.mid,Bach,Fugue_bwv_846,Bach/Fugue/bwv_846
C:\Users\eagle\MARG_research\third_party\PianistTransformer\data\midis\asap-dataset-master\Bach\Fugue\bwv_846\Shi05M.mid,asap_metadata_performance,tokenized_reconstructed,77.029,49,77029,Bach/Fugue/bwv_846/Shi05M.mid,Bach,Fugue_bwv_846,Bach/Fugue/bwv_846
C:\Users\eagle\MARG_research\third_party\PianistTransformer\data\midis\asap-dataset-master\Bach\Fugue\bwv_846\Shi05M.mid,asap_metadata_performance,tokenized_reconstructed,77.099,39,77099,Bach/Fugue/bwv_846/Shi05M.mid,Bach,Fugue_bwv_846,Bach/Fugue/bwv_846
C:\Users\eagle\MARG_research\third_party\PianistTransformer\data\midis\asap-dataset-master\Bach\Fugue\bwv_846\Shi05M.mid,asap_metadata_performance,tokenized_reconstructed,77.169,58,77169,Bach/Fugue/bwv_846/Shi05M.mid,Bach,Fugue_bwv_846,Bach/Fugue/bwv_846
C:\Users\eagle\MARG_research\third_party\PianistTransformer\data\midis\asap-dataset-master\Bach\Fugue\bwv_846\Shi05M.mid,asap_metadata_performance,tokenized_reconstructed,77.244,77,77244,Bach/Fugue/bwv_846/Shi05M.mid,Bach,Fugue_bwv_846,Bach/Fugue/bwv_846
C:\Users\eagle\MARG_research\third_party\PianistTransformer\data\midis\asap-dataset-master\Bach\Fugue\bwv_846\Shi05M.mid,asap_metadata_performance,tokenized_reconstructed,77.32,92,77320,Bach/Fugue/bwv_846/Shi05M.mid,Bach,Fugue_bwv_846,Bach/Fugue/bwv_846
C:\Users\eagle\MARG_research\third_party\PianistTransformer\data\midis\asap-dataset-master\Bach\Fugue\bwv_846\Shi05M.mid,asap_metadata_performance,tokenized_reconstructed,77.479,91,77479,Bach/Fugue/bwv_846/Shi05M.mid,Bach,Fugue_bwv_846,Bach/Fugue/bwv_846
C:\Users\eagle\MARG_research\third_party\PianistTransformer\data\midis\asap-dataset-master\Bach\Fugue\bwv_846\Shi05M.mid,asap_metadata_performance,tokenized_reconstructed,77.558,65,77558,Bach/Fugue/bwv_846/Shi05M.mid,Bach,Fugue_bwv_846,Bach/Fugue/bwv_846
C:\Users\eagle\MARG_research\third_party\PianistTransformer\data\midis\asap-dataset-master\Bach\Fugue\bwv_846\Shi05M.mid,asap_metadata_performance,tokenized_reconstructed,77.63,44,77630,Bach/Fugue/bwv_846/Shi05M.mid,Bach,Fugue_bwv_846,Bach/Fugue/bwv_846
C:\Users\eagle\MARG_research\third_party\PianistTransformer\data\midis\asap-dataset-master\Bach\Fugue\bwv_846\Shi05M.mid,asap_metadata_performance,tokenized_reconstructed,77.933,42,77933,Bach/Fugue/bwv_846/Shi05M.mid,Bach,Fugue_bwv_846,Bach/Fugue/bwv_846
C:\Users\eagle\MARG_research\third_party\PianistTransformer\data\midis\asap-dataset-master\Bach\Fugue\bwv_846\Shi05M.mid,asap_metadata_performance,tokenized_reconstructed,78.014,33,78014,Bach/Fugue/bwv_846/Shi05M.mid,Bach,Fugue_bwv_846,Bach/Fugue/bwv_846
C:\Users\eagle\MARG_research\third_party\PianistTransformer\data\midis\asap-dataset-master\Bach\Fugue\bwv_846\Shi05M.mid,asap_metadata_performance,tokenized_reconstructed,78.094,0,78094,Bach/Fugue/bwv_846/Shi05M.mid,Bach,Fugue_bwv_846,Bach/Fugue/bwv_846
C:\Users\eagle\MARG_research\third_party\PianistTransformer\data\midis\asap-dataset-master\Bach\Fugue\bwv_846\Shi05M.mid,asap_metadata_performance,tokenized_reconstructed,78.273,70,78273,Bach/Fugue/bwv_846/Shi05M.mid,Bach,Fugue_bwv_846,Bach/Fugue/bwv_846
C:\Users\eagle\MARG_research\third_party\PianistTransformer\data\midis\asap-dataset-master\Bach\Fugue\bwv_846\Shi05M.mid,asap_metadata_performance,tokenized_reconstructed,78.435,127,78435,Bach/Fugue/bwv_846/Shi05M.mid,Bach,Fugue_bwv_846,Bach/Fugue/bwv_846
C:\Users\eagle\MARG_research\third_party\PianistTransformer\data\midis\asap-dataset-master\Bach\Fugue\bwv_846\Shi05M.mid,asap_metadata_performance,tokenized_reconstructed,78.759,105,78759,Bach/Fugue/bwv_846/Shi05M.mid,Bach,Fugue_bwv_846,Bach/Fugue/bwv_846
C:\Users\eagle\MARG_research\third_party\PianistTransformer\data\midis\asap-dataset-master\Bach\Fugue\bwv_846\Shi05M.mid,asap_metadata_performance,tokenized_reconstructed,78.776,85,78776,Bach/Fugue/bwv_846/Shi05M.mid,Bach,Fugue_bwv_846,Bach/Fugue/bwv_846
C:\Users\eagle\MARG_research\third_party\PianistTransformer\data\midis\asap-dataset-master\Bach\Fugue\bwv_846\Shi05M.mid,asap_metadata_performance,tokenized_reconstructed,78.936,70,78936,Bach/Fugue/bwv_846/Shi05M.mid,Bach,Fugue_bwv_846,Bach/Fugue/bwv_846
C:\Users\eagle\MARG_research\third_party\PianistTransformer\data\midis\asap-dataset-master\Bach\Fugue\bwv_846\Shi05M.mid,asap_metadata_performance,tokenized_reconstructed,79.091,127,79091,Bach/Fugue/bwv_846/Shi05M.mid,Bach,Fugue_bwv_846,Bach/Fugue/bwv_846
C:\Users\eagle\MARG_research\third_party\PianistTransformer\data\midis\asap-dataset-master\Bach\Fugue\bwv_846\Shi05M.mid,asap_metadata_performance,tokenized_reconstructed,79.401,101,79401,Bach/Fugue/bwv_846/Shi05M.mid,Bach,Fugue_bwv_846,Bach/Fugue/bwv_846
C:\Users\eagle\MARG_research\third_party\PianistTransformer\data\midis\asap-dataset-master\Bach\Fugue\bwv_846\Shi05M.mid,asap_metadata_performance,tokenized_reconstructed,79.421,79,79421,Bach/Fugue/bwv_846/Shi05M.mid,Bach,Fugue_bwv_846,Bach/Fugue/bwv_846
C:\Users\eagle\MARG_research\third_party\PianistTransformer\data\midis\asap-dataset-master\Bach\Fugue\bwv_846\Shi05M.mid,asap_metadata_performance,tokenized_reconstructed,79.576,56,79576,Bach/Fugue/bwv_846/Shi05M.mid,Bach,Fugue_bwv_846,Bach/Fugue/bwv_846
C:\Users\eagle\MARG_research\third_party\PianistTransformer\data\midis\asap-dataset-master\Bach\Fugue\bwv_846\Shi05M.mid,asap_metadata_performance,tokenized_reconstructed,79.732,105,79732,Bach/Fugue/bwv_846/Shi05M.mid,Bach,Fugue_bwv_846,Bach/Fugue/bwv_846
C:\Users\eagle\MARG_research\third_party\PianistTransformer\data\midis\asap-dataset-master\Bach\Fugue\bwv_846\Shi05M.mid,asap_metadata_performance,tokenized_reconstructed,79.887,127,79887,Bach/Fugue/bwv_846/Shi05M.mid,Bach,Fugue_bwv_846,Bach/Fugue/bwv_846
C:\Users\eagle\MARG_research\third_party\PianistTransformer\data\midis\asap-dataset-master\Bach\Fugue\bwv_846\Shi05M.mid,asap_metadata_performance,tokenized_reconstructed,80.042,51,80042,Bach/Fugue/bwv_846/Shi05M.mid,Bach,Fugue_bwv_846,Bach/Fugue/bwv_846
C:\Users\eagle\MARG_research\third_party\PianistTransformer\data\midis\asap-dataset-master\Bach\Fugue\bwv_846\Shi05M.mid,asap_metadata_performance,tokenized_reconstructed,80.053,34,80053,Bach/Fugue/bwv_846/Shi05M.mid,Bach,Fugue_bwv_846,Bach/Fugue/bwv_846
C:\Users\eagle\MARG_research\third_party\PianistTransformer\data\midis\asap-dataset-master\Bach\Fugue\bwv_846\Shi05M.mid,asap_metadata_performance,tokenized_reconstructed,80.142,69,80142,Bach/Fugue/bwv_846/Shi05M.mid,Bach,Fugue_bwv_846,Bach/Fugue/bwv_846
C:\Users\eagle\MARG_research\third_party\PianistTransformer\data\midis\asap-dataset-master\Bach\Fugue\bwv_846\Shi05M.mid,asap_metadata_performance,tokenized_reconstructed,80.22,127,80220,Bach/Fugue/bwv_846/Shi05M.mid,Bach,Fugue_bwv_846,Bach/Fugue/bwv_846
C:\Users\eagle\MARG_research\third_party\PianistTransformer\data\midis\asap-dataset-master\Bach\Fugue\bwv_846\Shi05M.mid,asap_metadata_performance,tokenized_reconstructed,80.669,82,80669,Bach/Fugue/bwv_846/Shi05M.mid,Bach,Fugue_bwv_846,Bach/Fugue/bwv_846
C:\Users\eagle\MARG_research\third_party\PianistTransformer\data\midis\asap-dataset-master\Bach\Fugue\bwv_846\Shi05M.mid,asap_metadata_performance,tokenized_reconstructed,80.677,62,80677,Bach/Fugue/bwv_846/Shi05M.mid,Bach,Fugue_bwv_846,Bach/Fugue/bwv_846
C:\Users\eagle\MARG_research\third_party\PianistTransformer\data\midis\asap-dataset-master\Bach\Fugue\bwv_846\Shi05M.mid,asap_metadata_performance,tokenized_reconstructed,80.847,0,80847,Bach/Fugue/bwv_846/Shi05M.mid,Bach,Fugue_bwv_846,Bach/Fugue/bwv_846
C:\Users\eagle\MARG_research\third_party\PianistTransformer\data\midis\asap-dataset-master\Bach\Fugue\bwv_846\Shi05M.mid,asap_metadata_performance,tokenized_reconstructed,80.998,127,80998,Bach/Fugue/bwv_846/Shi05M.mid,Bach,Fugue_bwv_846,Bach/Fugue/bwv_846
C:\Users\eagle\MARG_research\third_party\PianistTransformer\data\midis\asap-dataset-master\Bach\Fugue\bwv_846\Shi05M.mid,asap_metadata_performance,tokenized_reconstructed,81.401,0,81401,Bach/Fugue/bwv_846/Shi05M.mid,Bach,Fugue_bwv_846,Bach/Fugue/bwv_846
C:\Users\eagle\MARG_research\third_party\PianistTransformer\data\midis\asap-dataset-master\Bach\Fugue\bwv_846\Shi05M.mid,asap_metadata_performance,tokenized_reconstructed,81.478,62,81478,Bach/Fugue/bwv_846/Shi05M.mid,Bach,Fugue_bwv_846,Bach/Fugue/bwv_846
C:\Users\eagle\MARG_research\third_party\PianistTransformer\data\midis\asap-dataset-master\Bach\Fugue\bwv_846\Shi05M.mid,asap_metadata_performance,tokenized_reconstructed,81.556,127,81556,Bach/Fugue/bwv_846/Shi05M.mid,Bach,Fugue_bwv_846,Bach/Fugue/bwv_846
C:\Users\eagle\MARG_research\third_party\PianistTransformer\data\midis\asap-dataset-master\Bach\Fugue\bwv_846\Shi05M.mid,asap_metadata_performance,tokenized_reconstructed,81.928,85,81928,Bach/Fugue/bwv_846/Shi05M.mid,Bach,Fugue_bwv_846,Bach/Fugue/bwv_846
C:\Users\eagle\MARG_research\third_party\PianistTransformer\data\midis\asap-dataset-master\Bach\Fugue\bwv_846\Shi05M.mid,asap_metadata_performance,tokenized_reconstructed,81.948,68,81948,Bach/Fugue/bwv_846/Shi05M.mid,Bach,Fugue_bwv_846,Bach/Fugue/bwv_846
C:\Users\eagle\MARG_research\third_party\PianistTransformer\data\midis\asap-dataset-master\Bach\Fugue\bwv_846\Shi05M.mid,asap_metadata_performance,tokenized_reconstructed,82.117,0,82117,Bach/Fugue/bwv_846/Shi05M.mid,Bach,Fugue_bwv_846,Bach/Fugue/bwv_846
C:\Users\eagle\MARG_research\third_party\PianistTransformer\data\midis\asap-dataset-master\Bach\Fugue\bwv_846\Shi05M.mid,asap_metadata_performance,tokenized_reconstructed,82.286,127,82286,Bach/Fugue/bwv_846/Shi05M.mid,Bach,Fugue_bwv_846,Bach/Fugue/bwv_846
C:\Users\eagle\MARG_research\third_party\PianistTransformer\data\midis\asap-dataset-master\Bach\Fugue\bwv_846\Shi05M.mid,asap_metadata_performance,tokenized_reconstructed,83.704,0,83704,Bach/Fugue/bwv_846/Shi05M.mid,Bach,Fugue_bwv_846,Bach/Fugue/bwv_846
C:\Users\eagle\MARG_research\third_party\PianistTransformer\data\midis\asap-dataset-master\Bach\Fugue\bwv_846\Shi05M.mid,asap_metadata_performance,tokenized_reconstructed,83.822,83,83822,Bach/Fugue/bwv_846/Shi05M.mid,Bach,Fugue_bwv_846,Bach/Fugue/bwv_846
C:\Users\eagle\MARG_research\third_party\PianistTransformer\data\midis\asap-dataset-master\Bach\Fugue\bwv_846\Shi05M.mid,asap_metadata_performance,tokenized_reconstructed,83.939,127,83939,Bach/Fugue/bwv_846/Shi05M.mid,Bach,Fugue_bwv_846,Bach/Fugue/bwv_846
C:\Users\eagle\MARG_research\third_party\PianistTransformer\data\midis\asap-dataset-master\Bach\Fugue\bwv_846\Shi05M.mid,asap_metadata_performance,tokenized_reconstructed,84.99,0,84990,Bach/Fugue/bwv_846/Shi05M.mid,Bach,Fugue_bwv_846,Bach/Fugue/bwv_846
C:\Users\eagle\MARG_research\third_party\PianistTransformer\data\midis\asap-dataset-master\Bach\Fugue\bwv_846\Shi05M.mid,asap_metadata_performance,tokenized_reconstructed,85.144,91,85144,Bach/Fugue/bwv_846/Shi05M.mid,Bach,Fugue_bwv_846,Bach/Fugue/bwv_846
C:\Users\eagle\MARG_research\third_party\PianistTransformer\data\midis\asap-dataset-master\Bach\Fugue\bwv_846\Shi05M.mid,asap_metadata_performance,tokenized_reconstructed,85.22,127,85220,Bach/Fugue/bwv_846/Shi05M.mid,Bach,Fugue_bwv_846,Bach/Fugue/bwv_846
C:\Users\eagle\MARG_research\third_party\PianistTransformer\data\midis\asap-dataset-master\Bach\Fugue\bwv_846\Shi05M.mid,asap_metadata_performance,tokenized_reconstructed,85.631,75,85631,Bach/Fugue/bwv_846/Shi05M.mid,Bach,Fugue_bwv_846,Bach/Fugue/bwv_846
C:\Users\eagle\MARG_research\third_party\PianistTransformer\data\midis\asap-dataset-master\Bach\Fugue\bwv_846\Shi05M.mid,asap_metadata_performance,tokenized_reconstructed,85.706,0,85706,Bach/Fugue/bwv_846/Shi05M.mid,Bach,Fugue_bwv_846,Bach/Fugue/bwv_846
C:\Users\eagle\MARG_research\third_party\PianistTransformer\data\midis\asap-dataset-master\Bach\Fugue\bwv_846\Shi05M.mid,asap_metadata_performance,tokenized_reconstructed,85.782,58,85782,Bach/Fugue/bwv_846/Shi05M.mid,Bach,Fugue_bwv_846,Bach/Fugue/bwv_846
C:\Users\eagle\MARG_research\third_party\PianistTransformer\data\midis\asap-dataset-master\Bach\Fugue\bwv_846\Shi05M.mid,asap_metadata_performance,tokenized_reconstructed,85.857,91,85857,Bach/Fugue/bwv_846/Shi05M.mid,Bach,Fugue_bwv_846,Bach/Fugue/bwv_846
C:\Users\eagle\MARG_research\third_party\PianistTransformer\data\midis\asap-dataset-master\Bach\Fugue\bwv_846\Shi05M.mid,asap_metadata_performance,tokenized_reconstructed,85.941,127,85941,Bach/Fugue/bwv_846/Shi05M.mid,Bach,Fugue_bwv_846,Bach/Fugue/bwv_846
C:\Users\eagle\MARG_research\third_party\PianistTransformer\data\midis\asap-dataset-master\Bach\Fugue\bwv_846\Shi05M.mid,asap_metadata_performance,tokenized_reconstructed,86.372,0,86372,Bach/Fugue/bwv_846/Shi05M.mid,Bach,Fugue_bwv_846,Bach/Fugue/bwv_846
C:\Users\eagle\MARG_research\third_party\PianistTransformer\data\midis\asap-dataset-master\Bach\Fugue\bwv_846\Shi05M.mid,asap_metadata_performance,tokenized_reconstructed,86.544,75,86544,Bach/Fugue/bwv_846/Shi05M.mid,Bach,Fugue_bwv_846,Bach/Fugue/bwv_846
C:\Users\eagle\MARG_research\third_party\PianistTransformer\data\midis\asap-dataset-master\Bach\Fugue\bwv_846\Shi05M.mid,asap_metadata_performance,tokenized_reconstructed,86.716,127,86716,Bach/Fugue/bwv_846/Shi05M.mid,Bach,Fugue_bwv_846,Bach/Fugue/bwv_846
C:\Users\eagle\MARG_research\third_party\PianistTransformer\data\midis\asap-dataset-master\Bach\Fugue\bwv_846\Shi05M.mid,asap_metadata_performance,tokenized_reconstructed,87.002,65,87002,Bach/Fugue/bwv_846/Shi05M.mid,Bach,Fugue_bwv_846,Bach/Fugue/bwv_846
C:\Users\eagle\MARG_research\third_party\PianistTransformer\data\midis\asap-dataset-master\Bach\Fugue\bwv_846\Shi05M.mid,asap_metadata_performance,tokenized_reconstructed,87.095,127,87095,Bach/Fugue/bwv_846/Shi05M.mid,Bach,Fugue_bwv_846,Bach/Fugue/bwv_846
C:\Users\eagle\MARG_research\third_party\PianistTransformer\data\midis\asap-dataset-master\Bach\Fugue\bwv_846\Shi05M.mid,asap_metadata_performance,tokenized_reconstructed,87.645,44,87645,Bach/Fugue/bwv_846/Shi05M.mid,Bach,Fugue_bwv_846,Bach/Fugue/bwv_846
C:\Users\eagle\MARG_research\third_party\PianistTransformer\data\midis\asap-dataset-master\Bach\Fugue\bwv_846\Shi05M.mid,asap_metadata_performance,tokenized_reconstructed,87.724,65,87724,Bach/Fugue/bwv_846/Shi05M.mid,Bach,Fugue_bwv_846,Bach/Fugue/bwv_846
C:\Users\eagle\MARG_research\third_party\PianistTransformer\data\midis\asap-dataset-master\Bach\Fugue\bwv_846\Shi05M.mid,asap_metadata_performance,tokenized_reconstructed,87.804,127,87804,Bach/Fugue/bwv_846/Shi05M.mid,Bach,Fugue_bwv_846,Bach/Fugue/bwv_846
C:\Users\eagle\MARG_research\third_party\PianistTransformer\data\midis\asap-dataset-master\Bach\Fugue\bwv_846\Shi05M.mid,asap_metadata_performance,tokenized_reconstructed,88.194,95,88194,Bach/Fugue/bwv_846/Shi05M.mid,Bach,Fugue_bwv_846,Bach/Fugue/bwv_846
C:\Users\eagle\MARG_research\third_party\PianistTransformer\data\midis\asap-dataset-master\Bach\Fugue\bwv_846\Shi05M.mid,asap_metadata_performance,tokenized_reconstructed,88.277,38,88277,Bach/Fugue/bwv_846/Shi05M.mid,Bach,Fugue_bwv_846,Bach/Fugue/bwv_846
C:\Users\eagle\MARG_research\third_party\PianistTransformer\data\midis\asap-dataset-master\Bach\Fugue\bwv_846\Shi05M.mid,asap_metadata_performance,tokenized_reconstructed,88.351,104,88351,Bach/Fugue/bwv_846/Shi05M.mid,Bach,Fugue_bwv_846,Bach/Fugue/bwv_846
C:\Users\eagle\MARG_research\third_party\PianistTransformer\data\midis\asap-dataset-master\Bach\Fugue\bwv_846\Shi05M.mid,asap_metadata_performance,tokenized_reconstructed,88.425,127,88425,Bach/Fugue/bwv_846/Shi05M.mid,Bach,Fugue_bwv_846,Bach/Fugue/bwv_846
C:\Users\eagle\MARG_research\third_party\PianistTransformer\data\midis\asap-dataset-master\Bach\Fugue\bwv_846\Shi05M.mid,asap_metadata_performance,tokenized_reconstructed,88.88,56,88880,Bach/Fugue/bwv_846/Shi05M.mid,Bach,Fugue_bwv_846,Bach/Fugue/bwv_846
C:\Users\eagle\MARG_research\third_party\PianistTransformer\data\midis\asap-dataset-master\Bach\Fugue\bwv_846\Shi05M.mid,asap_metadata_performance,tokenized_reconstructed,88.955,45,88955,Bach/Fugue/bwv_846/Shi05M.mid,Bach,Fugue_bwv_846,Bach/Fugue/bwv_846
C:\Users\eagle\MARG_research\third_party\PianistTransformer\data\midis\asap-dataset-master\Bach\Fugue\bwv_846\Shi05M.mid,asap_metadata_performance,tokenized_reconstructed,89.03,78,89030,Bach/Fugue/bwv_846/Shi05M.mid,Bach,Fugue_bwv_846,Bach/Fugue/bwv_846
C:\Users\eagle\MARG_research\third_party\PianistTransformer\data\midis\asap-dataset-master\Bach\Fugue\bwv_846\Shi05M.mid,asap_metadata_performance,tokenized_reconstructed,89.104,115,89104,Bach/Fugue/bwv_846/Shi05M.mid,Bach,Fugue_bwv_846,Bach/Fugue/bwv_846
C:\Users\eagle\MARG_research\third_party\PianistTransformer\data\midis\asap-dataset-master\Bach\Fugue\bwv_846\Shi05M.mid,asap_metadata_performance,tokenized_reconstructed,89.182,127,89182,Bach/Fugue/bwv_846/Shi05M.mid,Bach,Fugue_bwv_846,Bach/Fugue/bwv_846
C:\Users\eagle\MARG_research\third_party\PianistTransformer\data\midis\asap-dataset-master\Bach\Fugue\bwv_846\Shi05M.mid,asap_metadata_performance,tokenized_reconstructed,89.586,40,89586,Bach/Fugue/bwv_846/Shi05M.mid,Bach,Fugue_bwv_846,Bach/Fugue/bwv_846
C:\Users\eagle\MARG_research\third_party\PianistTransformer\data\midis\asap-dataset-master\Bach\Fugue\bwv_846\Shi05M.mid,asap_metadata_performance,tokenized_reconstructed,89.666,0,89666,Bach/Fugue/bwv_846/Shi05M.mid,Bach,Fugue_bwv_846,Bach/Fugue/bwv_846
C:\Users\eagle\MARG_research\third_party\PianistTransformer\data\midis\asap-dataset-master\Bach\Fugue\bwv_846\Shi05M.mid,asap_metadata_performance,tokenized_reconstructed,89.745,31,89745,Bach/Fugue/bwv_846/Shi05M.mid,Bach,Fugue_bwv_846,Bach/Fugue/bwv_846
C:\Users\eagle\MARG_research\third_party\PianistTransformer\data\midis\asap-dataset-master\Bach\Fugue\bwv_846\Shi05M.mid,asap_metadata_performance,tokenized_reconstructed,89.813,56,89813,Bach/Fugue/bwv_846/Shi05M.mid,Bach,Fugue_bwv_846,Bach/Fugue/bwv_846
C:\Users\eagle\MARG_research\third_party\PianistTransformer\data\midis\asap-dataset-master\Bach\Fugue\bwv_846\Shi05M.mid,asap_metadata_performance,tokenized_reconstructed,89.88,63,89880,Bach/Fugue/bwv_846/Shi05M.mid,Bach,Fugue_bwv_846,Bach/Fugue/bwv_846
C:\Users\eagle\MARG_research\third_party\PianistTransformer\data\midis\asap-dataset-master\Bach\Fugue\bwv_846\Shi05M.mid,asap_metadata_performance,tokenized_reconstructed,90.016,64,90016,Bach/Fugue/bwv_846/Shi05M.mid,Bach,Fugue_bwv_846,Bach/Fugue/bwv_846
C:\Users\eagle\MARG_research\third_party\PianistTransformer\data\midis\asap-dataset-master\Bach\Fugue\bwv_846\Shi05M.mid,asap_metadata_performance,tokenized_reconstructed,90.035,65,90035,Bach/Fugue/bwv_846/Shi05M.mid,Bach,Fugue_bwv_846,Bach/Fugue/bwv_846
C:\Users\eagle\MARG_research\third_party\PianistTransformer\data\midis\asap-dataset-master\Bach\Fugue\bwv_846\Shi05M.mid,asap_metadata_performance,tokenized_reconstructed,90.103,71,90103,Bach/Fugue/bwv_846/Shi05M.mid,Bach,Fugue_bwv_846,Bach/Fugue/bwv_846
C:\Users\eagle\MARG_research\third_party\PianistTransformer\data\midis\asap-dataset-master\Bach\Fugue\bwv_846\Shi05M.mid,asap_metadata_performance,tokenized_reconstructed,90.17,75,90170,Bach/Fugue/bwv_846/Shi05M.mid,Bach,Fugue_bwv_846,Bach/Fugue/bwv_846
C:\Users\eagle\MARG_research\third_party\PianistTransformer\data\midis\asap-dataset-master\Bach\Fugue\bwv_846\Shi05M.mid,asap_metadata_performance,tokenized_reconstructed,90.238,85,90238,Bach/Fugue/bwv_846/Shi05M.mid,Bach,Fugue_bwv_846,Bach/Fugue/bwv_846
C:\Users\eagle\MARG_research\third_party\PianistTransformer\data\midis\asap-dataset-master\Bach\Fugue\bwv_846\Shi05M.mid,asap_metadata_performance,tokenized_reconstructed,90.306,93,90306,Bach/Fugue/bwv_846/Shi05M.mid,Bach,Fugue_bwv_846,Bach/Fugue/bwv_846
C:\Users\eagle\MARG_research\third_party\PianistTransformer\data\midis\asap-dataset-master\Bach\Fugue\bwv_846\Shi05M.mid,asap_metadata_performance,tokenized_reconstructed,90.325,96,90325,Bach/Fugue/bwv_846/Shi05M.mid,Bach,Fugue_bwv_846,Bach/Fugue/bwv_846
C:\Users\eagle\MARG_research\third_party\PianistTransformer\data\midis\asap-dataset-master\Bach\Fugue\bwv_846\Shi05M.mid,asap_metadata_performance,tokenized_reconstructed,90.399,104,90399,Bach/Fugue/bwv_846/Shi05M.mid,Bach,Fugue_bwv_846,Bach/Fugue/bwv_846
C:\Users\eagle\MARG_research\third_party\PianistTransformer\data\midis\asap-dataset-master\Bach\Fugue\bwv_846\Shi05M.mid,asap_metadata_performance,tokenized_reconstructed,90.604,85,90604,Bach/Fugue/bwv_846/Shi05M.mid,Bach,Fugue_bwv_846,Bach/Fugue/bwv_846
C:\Users\eagle\MARG_research\third_party\PianistTransformer\data\midis\asap-dataset-master\Bach\Fugue\bwv_846\Shi05M.mid,asap_metadata_performance,tokenized_reconstructed,90.62,71,90620,Bach/Fugue/bwv_846/Shi05M.mid,Bach,Fugue_bwv_846,Bach/Fugue/bwv_846
C:\Users\eagle\MARG_research\third_party\PianistTransformer\data\midis\asap-dataset-master\Bach\Fugue\bwv_846\Shi05M.mid,asap_metadata_performance,tokenized_reconstructed,90.64,58,90640,Bach/Fugue/bwv_846/Shi05M.mid,Bach,Fugue_bwv_846,Bach/Fugue/bwv_846
C:\Users\eagle\MARG_research\third_party\PianistTransformer\data\midis\asap-dataset-master\Bach\Fugue\bwv_846\Shi05M.mid,asap_metadata_performance,tokenized_reconstructed,90.656,51,90656,Bach/Fugue/bwv_846/Shi05M.mid,Bach,Fugue_bwv_846,Bach/Fugue/bwv_846
C:\Users\eagle\MARG_research\third_party\PianistTransformer\data\midis\asap-dataset-master\Bach\Fugue\bwv_846\Shi05M.mid,asap_metadata_performance,tokenized_reconstructed,90.686,59,90686,Bach/Fugue/bwv_846/Shi05M.mid,Bach,Fugue_bwv_846,Bach/Fugue/bwv_846
C:\Users\eagle\MARG_research\third_party\PianistTransformer\data\midis\asap-dataset-master\Bach\Fugue\bwv_846\Shi05M.mid,asap_metadata_performance,tokenized_reconstructed,90.698,66,90698,Bach/Fugue/bwv_846/Shi05M.mid,Bach,Fugue_bwv_846,Bach/Fugue/bwv_846
C:\Users\eagle\MARG_research\third_party\PianistTransformer\data\midis\asap-dataset-master\Bach\Fugue\bwv_846\Shi05M.mid,asap_metadata_performance,tokenized_reconstructed,90.721,73,90721,Bach/Fugue/bwv_846/Shi05M.mid,Bach,Fugue_bwv_846,Bach/Fugue/bwv_846
C:\Users\eagle\MARG_research\third_party\PianistTransformer\data\midis\asap-dataset-master\Bach\Fugue\bwv_846\Shi05M.mid,asap_metadata_performance,tokenized_reconstructed,90.752,82,90752,Bach/Fugue/bwv_846/Shi05M.mid,Bach,Fugue_bwv_846,Bach/Fugue/bwv_846
C:\Users\eagle\MARG_research\third_party\PianistTransformer\data\midis\asap-dataset-master\Bach\Fugue\bwv_846\Shi05M.mid,asap_metadata_performance,tokenized_reconstructed,90.77,89,90770,Bach/Fugue/bwv_846/Shi05M.mid,Bach,Fugue_bwv_846,Bach/Fugue/bwv_846
C:\Users\eagle\MARG_research\third_party\PianistTransformer\data\midis\asap-dataset-master\Bach\Fugue\bwv_846\Shi05M.mid,asap_metadata_performance,tokenized_reconstructed,90.788,92,90788,Bach/Fugue/bwv_846/Shi05M.mid,Bach,Fugue_bwv_846,Bach/Fugue/bwv_846
C:\Users\eagle\MARG_research\third_party\PianistTransformer\data\midis\asap-dataset-master\Bach\Fugue\bwv_846\Shi05M.mid,asap_metadata_performance,tokenized_reconstructed,90.807,93,90807,Bach/Fugue/bwv_846/Shi05M.mid,Bach,Fugue_bwv_846,Bach/Fugue/bwv_846
C:\Users\eagle\MARG_research\third_party\PianistTransformer\data\midis\asap-dataset-master\Bach\Fugue\bwv_846\Shi05M.mid,asap_metadata_performance,tokenized_reconstructed,90.852,92,90852,Bach/Fugue/bwv_846/Shi05M.mid,Bach,Fugue_bwv_846,Bach/Fugue/bwv_846
C:\Users\eagle\MARG_research\third_party\PianistTransformer\data\midis\asap-dataset-master\Bach\Fugue\bwv_846\Shi05M.mid,asap_metadata_performance,tokenized_reconstructed,91.014,91,91014,Bach/Fugue/bwv_846/Shi05M.mid,Bach,Fugue_bwv_846,Bach/Fugue/bwv_846
C:\Users\eagle\MARG_research\third_party\PianistTransformer\data\midis\asap-dataset-master\Bach\Fugue\bwv_846\Shi05M.mid,asap_metadata_performance,tokenized_reconstructed,91.038,90,91038,Bach/Fugue/bwv_846/Shi05M.mid,Bach,Fugue_bwv_846,Bach/Fugue/bwv_846
C:\Users\eagle\MARG_research\third_party\PianistTransformer\data\midis\asap-dataset-master\Bach\Fugue\bwv_846\Shi05M.mid,asap_metadata_performance,tokenized_reconstructed,91.086,89,91086,Bach/Fugue/bwv_846/Shi05M.mid,Bach,Fugue_bwv_846,Bach/Fugue/bwv_846
C:\Users\eagle\MARG_research\third_party\PianistTransformer\data\midis\asap-dataset-master\Bach\Fugue\bwv_846\Shi05M.mid,asap_metadata_performance,tokenized_reconstructed,91.182,87,91182,Bach/Fugue/bwv_846/Shi05M.mid,Bach,Fugue_bwv_846,Bach/Fugue/bwv_846
C:\Users\eagle\MARG_research\third_party\PianistTransformer\data\midis\asap-dataset-master\Bach\Fugue\bwv_846\Shi05M.mid,asap_metadata_performance,tokenized_reconstructed,91.214,84,91214,Bach/Fugue/bwv_846/Shi05M.mid,Bach,Fugue_bwv_846,Bach/Fugue/bwv_846
C:\Users\eagle\MARG_research\third_party\PianistTransformer\data\midis\asap-dataset-master\Bach\Fugue\bwv_846\Shi05M.mid,asap_metadata_performance,tokenized_reconstructed,91.231,81,91231,Bach/Fugue/bwv_846/Shi05M.mid,Bach,Fugue_bwv_846,Bach/Fugue/bwv_846
C:\Users\eagle\MARG_research\third_party\PianistTransformer\data\midis\asap-dataset-master\Bach\Fugue\bwv_846\Shi05M.mid,asap_metadata_performance,tokenized_reconstructed,91.311,73,91311,Bach/Fugue/bwv_846/Shi05M.mid,Bach,Fugue_bwv_846,Bach/Fugue/bwv_846
C:\Users\eagle\MARG_research\third_party\PianistTransformer\data\midis\asap-dataset-master\Bach\Fugue\bwv_846\Shi05M.mid,asap_metadata_performance,tokenized_reconstructed,91.38,57,91380,Bach/Fugue/bwv_846/Shi05M.mid,Bach,Fugue_bwv_846,Bach/Fugue/bwv_846
C:\Users\eagle\MARG_research\third_party\PianistTransformer\data\midis\asap-dataset-master\Bach\Fugue\bwv_846\Shi05M.mid,asap_metadata_performance,tokenized_reconstructed,91.448,51,91448,Bach/Fugue/bwv_846/Shi05M.mid,Bach,Fugue_bwv_846,Bach/Fugue/bwv_846
C:\Users\eagle\MARG_research\third_party\PianistTransformer\data\midis\asap-dataset-master\Bach\Fugue\bwv_846\Shi05M.mid,asap_metadata_performance,tokenized_reconstructed,91.517,44,91517,Bach/Fugue/bwv_846/Shi05M.mid,Bach,Fugue_bwv_846,Bach/Fugue/bwv_846
C:\Users\eagle\MARG_research\third_party\PianistTransformer\data\midis\asap-dataset-master\Bach\Fugue\bwv_846\Shi05M.mid,asap_metadata_performance,tokenized_reconstructed,91.606,43,91606,Bach/Fugue/bwv_846/Shi05M.mid,Bach,Fugue_bwv_846,Bach/Fugue/bwv_846
C:\Users\eagle\MARG_research\third_party\PianistTransformer\data\midis\asap-dataset-master\Bach\Fugue\bwv_846\Shi05M.mid,asap_metadata_performance,tokenized_reconstructed,91.774,42,91774,Bach/Fugue/bwv_846/Shi05M.mid,Bach,Fugue_bwv_846,Bach/Fugue/bwv_846
C:\Users\eagle\MARG_research\third_party\PianistTransformer\data\midis\asap-dataset-master\Bach\Fugue\bwv_846\Shi05M.mid,asap_metadata_performance,tokenized_reconstructed,92.033,41,92033,Bach/Fugue/bwv_846/Shi05M.mid,Bach,Fugue_bwv_846,Bach/Fugue/bwv_846
C:\Users\eagle\MARG_research\third_party\PianistTransformer\data\midis\asap-dataset-master\Bach\Fugue\bwv_846\Shi05M.mid,asap_metadata_performance,tokenized_reconstructed,92.108,38,92108,Bach/Fugue/bwv_846/Shi05M.mid,Bach,Fugue_bwv_846,Bach/Fugue/bwv_846
C:\Users\eagle\MARG_research\third_party\PianistTransformer\data\midis\asap-dataset-master\Bach\Fugue\bwv_846\Shi05M.mid,asap_metadata_performance,tokenized_reconstructed,92.184,32,92184,Bach/Fugue/bwv_846/Shi05M.mid,Bach,Fugue_bwv_846,Bach/Fugue/bwv_846
C:\Users\eagle\MARG_research\third_party\PianistTransformer\data\midis\asap-dataset-master\Bach\Fugue\bwv_846\Shi05M.mid,asap_metadata_performance,tokenized_reconstructed,92.192,0,92192,Bach/Fugue/bwv_846/Shi05M.mid,Bach,Fugue_bwv_846,Bach/Fugue/bwv_846
C:\Users\eagle\MARG_research\third_party\PianistTransformer\data\midis\asap-dataset-master\Bach\Fugue\bwv_846\Shi05M.mid,asap_metadata_performance,tokenized_reconstructed,92.698,46,92698,Bach/Fugue/bwv_846/Shi05M.mid,Bach,Fugue_bwv_846,Bach/Fugue/bwv_846
C:\Users\eagle\MARG_research\third_party\PianistTransformer\data\midis\asap-dataset-master\Bach\Fugue\bwv_846\Shi05M.mid,asap_metadata_performance,tokenized_reconstructed,92.765,80,92765,Bach/Fugue/bwv_846/Shi05M.mid,Bach,Fugue_bwv_846,Bach/Fugue/bwv_846
C:\Users\eagle\MARG_research\third_party\PianistTransformer\data\midis\asap-dataset-master\Bach\Fugue\bwv_846\Shi05M.mid,asap_metadata_performance,tokenized_reconstructed,92.833,127,92833,Bach/Fugue/bwv_846/Shi05M.mid,Bach,Fugue_bwv_846,Bach/Fugue/bwv_846
C:\Users\eagle\MARG_research\third_party\PianistTransformer\data\midis\asap-dataset-master\Bach\Fugue\bwv_846\Shi05M.mid,asap_metadata_performance,tokenized_reconstructed,93.481,0,93481,Bach/Fugue/bwv_846/Shi05M.mid,Bach,Fugue_bwv_846,Bach/Fugue/bwv_846
C:\Users\eagle\MARG_research\third_party\PianistTransformer\data\midis\asap-dataset-master\Bach\Fugue\bwv_846\Shi05M.mid,asap_metadata_performance,tokenized_reconstructed,93.596,60,93596,Bach/Fugue/bwv_846/Shi05M.mid,Bach,Fugue_bwv_846,Bach/Fugue/bwv_846
C:\Users\eagle\MARG_research\third_party\PianistTransformer\data\midis\asap-dataset-master\Bach\Fugue\bwv_846\Shi05M.mid,asap_metadata_performance,tokenized_reconstructed,93.711,127,93711,Bach/Fugue/bwv_846/Shi05M.mid,Bach,Fugue_bwv_846,Bach/Fugue/bwv_846
C:\Users\eagle\MARG_research\third_party\PianistTransformer\data\midis\asap-dataset-master\Bach\Fugue\bwv_846\Shi05M.mid,asap_metadata_performance,tokenized_reconstructed,94.611,67,94611,Bach/Fugue/bwv_846/Shi05M.mid,Bach,Fugue_bwv_846,Bach/Fugue/bwv_846
C:\Users\eagle\MARG_research\third_party\PianistTransformer\data\midis\asap-dataset-master\Bach\Fugue\bwv_846\Shi05M.mid,asap_metadata_performance,tokenized_reconstructed,94.82,0,94820,Bach/Fugue/bwv_846/Shi05M.mid,Bach,Fugue_bwv_846,Bach/Fugue/bwv_846
C:\Users\eagle\MARG_research\third_party\PianistTransformer\data\midis\asap-dataset-master\Bach\Fugue\bwv_846\Shi05M.mid,asap_metadata_performance,tokenized_reconstructed,95.028,30,95028,Bach/Fugue/bwv_846/Shi05M.mid,Bach,Fugue_bwv_846,Bach/Fugue/bwv_846
C:\Users\eagle\MARG_research\third_party\PianistTransformer\data\midis\asap-dataset-master\Bach\Fugue\bwv_846\Shi05M.mid,asap_metadata_performance,tokenized_reconstructed,95.237,52,95237,Bach/Fugue/bwv_846/Shi05M.mid,Bach,Fugue_bwv_846,Bach/Fugue/bwv_846
C:\Users\eagle\MARG_research\third_party\PianistTransformer\data\midis\asap-dataset-master\Bach\Fugue\bwv_846\Shi05M.mid,asap_metadata_performance,tokenized_reconstructed,95.322,76,95322,Bach/Fugue/bwv_846/Shi05M.mid,Bach,Fugue_bwv_846,Bach/Fugue/bwv_846
C:\Users\eagle\MARG_research\third_party\PianistTransformer\data\midis\asap-dataset-master\Bach\Fugue\bwv_846\Shi05M.mid,asap_metadata_performance,tokenized_reconstructed,95.407,111,95407,Bach/Fugue/bwv_846/Shi05M.mid,Bach,Fugue_bwv_846,Bach/Fugue/bwv_846
C:\Users\eagle\MARG_research\third_party\PianistTransformer\data\midis\asap-dataset-master\Bach\Fugue\bwv_846\Shi05M.mid,asap_metadata_performance,tokenized_reconstructed,95.492,127,95492,Bach/Fugue/bwv_846/Shi05M.mid,Bach,Fugue_bwv_846,Bach/Fugue/bwv_846
C:\Users\eagle\MARG_research\third_party\PianistTransformer\data\midis\asap-dataset-master\Bach\Fugue\bwv_846\Shi05M.mid,asap_metadata_performance,tokenized_reconstructed,95.845,98,95845,Bach/Fugue/bwv_846/Shi05M.mid,Bach,Fugue_bwv_846,Bach/Fugue/bwv_846
C:\Users\eagle\MARG_research\third_party\PianistTransformer\data\midis\asap-dataset-master\Bach\Fugue\bwv_846\Shi05M.mid,asap_metadata_performance,tokenized_reconstructed,96.01,61,96010,Bach/Fugue/bwv_846/Shi05M.mid,Bach,Fugue_bwv_846,Bach/Fugue/bwv_846
C:\Users\eagle\MARG_research\third_party\PianistTransformer\data\midis\asap-dataset-master\Bach\Fugue\bwv_846\Shi05M.mid,asap_metadata_performance,tokenized_reconstructed,96.174,117,96174,Bach/Fugue/bwv_846/Shi05M.mid,Bach,Fugue_bwv_846,Bach/Fugue/bwv_846
C:\Users\eagle\MARG_research\third_party\PianistTransformer\data\midis\asap-dataset-master\Bach\Fugue\bwv_846\Shi05M.mid,asap_metadata_performance,tokenized_reconstructed,96.503,80,96503,Bach/Fugue/bwv_846/Shi05M.mid,Bach,Fugue_bwv_846,Bach/Fugue/bwv_846
C:\Users\eagle\MARG_research\third_party\PianistTransformer\data\midis\asap-dataset-master\Bach\Fugue\bwv_846\Shi05M.mid,asap_metadata_performance,tokenized_reconstructed,96.581,61,96581,Bach/Fugue/bwv_846/Shi05M.mid,Bach,Fugue_bwv_846,Bach/Fugue/bwv_846
C:\Users\eagle\MARG_research\third_party\PianistTransformer\data\midis\asap-dataset-master\Bach\Fugue\bwv_846\Shi05M.mid,asap_metadata_performance,tokenized_reconstructed,96.66,89,96660,Bach/Fugue/bwv_846/Shi05M.mid,Bach,Fugue_bwv_846,Bach/Fugue/bwv_846
C:\Users\eagle\MARG_research\third_party\PianistTransformer\data\midis\asap-dataset-master\Bach\Fugue\bwv_846\Shi05M.mid,asap_metadata_performance,tokenized_reconstructed,96.738,127,96738,Bach/Fugue/bwv_846/Shi05M.mid,Bach,Fugue_bwv_846,Bach/Fugue/bwv_846
C:\Users\eagle\MARG_research\third_party\PianistTransformer\data\midis\asap-dataset-master\Bach\Fugue\bwv_846\Shi05M.mid,asap_metadata_performance,tokenized_reconstructed,97.079,93,97079,Bach/Fugue/bwv_846/Shi05M.mid,Bach,Fugue_bwv_846,Bach/Fugue/bwv_846
C:\Users\eagle\MARG_research\third_party\PianistTransformer\data\midis\asap-dataset-master\Bach\Fugue\bwv_846\Shi05M.mid,asap_metadata_performance,tokenized_reconstructed,97.162,0,97162,Bach/Fugue/bwv_846/Shi05M.mid,Bach,Fugue_bwv_846,Bach/Fugue/bwv_846
C:\Users\eagle\MARG_research\third_party\PianistTransformer\data\midis\asap-dataset-master\Bach\Fugue\bwv_846\Shi05M.mid,asap_metadata_performance,tokenized_reconstructed,97.243,62,97243,Bach/Fugue/bwv_846/Shi05M.mid,Bach,Fugue_bwv_846,Bach/Fugue/bwv_846
C:\Users\eagle\MARG_research\third_party\PianistTransformer\data\midis\asap-dataset-master\Bach\Fugue\bwv_846\Shi05M.mid,asap_metadata_performance,tokenized_reconstructed,97.324,86,97324,Bach/Fugue/bwv_846/Shi05M.mid,Bach,Fugue_bwv_846,Bach/Fugue/bwv_846
C:\Users\eagle\MARG_research\third_party\PianistTransformer\data\midis\asap-dataset-master\Bach\Fugue\bwv_846\Shi05M.mid,asap_metadata_performance,tokenized_reconstructed,97.405,94,97405,Bach/Fugue/bwv_846/Shi05M.mid,Bach,Fugue_bwv_846,Bach/Fugue/bwv_846
C:\Users\eagle\MARG_research\third_party\PianistTransformer\data\midis\asap-dataset-master\Bach\Fugue\bwv_846\Shi05M.mid,asap_metadata_performance,tokenized_reconstructed,97.689,92,97689,Bach/Fugue/bwv_846/Shi05M.mid,Bach,Fugue_bwv_846,Bach/Fugue/bwv_846
C:\Users\eagle\MARG_research\third_party\PianistTransformer\data\midis\asap-dataset-master\Bach\Fugue\bwv_846\Shi05M.mid,asap_metadata_performance,tokenized_reconstructed,97.767,53,97767,Bach/Fugue/bwv_846/Shi05M.mid,Bach,Fugue_bwv_846,Bach/Fugue/bwv_846
C:\Users\eagle\MARG_research\third_party\PianistTransformer\data\midis\asap-dataset-master\Bach\Fugue\bwv_846\Shi05M.mid,asap_metadata_performance,tokenized_reconstructed,97.84,69,97840,Bach/Fugue/bwv_846/Shi05M.mid,Bach,Fugue_bwv_846,Bach/Fugue/bwv_846
C:\Users\eagle\MARG_research\third_party\PianistTransformer\data\midis\asap-dataset-master\Bach\Fugue\bwv_846\Shi05M.mid,asap_metadata_performance,tokenized_reconstructed,97.914,75,97914,Bach/Fugue/bwv_846/Shi05M.mid,Bach,Fugue_bwv_846,Bach/Fugue/bwv_846
C:\Users\eagle\MARG_research\third_party\PianistTransformer\data\midis\asap-dataset-master\Bach\Fugue\bwv_846\Shi05M.mid,asap_metadata_performance,tokenized_reconstructed,98.062,74,98062,Bach/Fugue/bwv_846/Shi05M.mid,Bach,Fugue_bwv_846,Bach/Fugue/bwv_846
C:\Users\eagle\MARG_research\third_party\PianistTransformer\data\midis\asap-dataset-master\Bach\Fugue\bwv_846\Shi05M.mid,asap_metadata_performance,tokenized_reconstructed,98.21,63,98210,Bach/Fugue/bwv_846/Shi05M.mid,Bach,Fugue_bwv_846,Bach/Fugue/bwv_846
C:\Users\eagle\MARG_research\third_party\PianistTransformer\data\midis\asap-dataset-master\Bach\Fugue\bwv_846\Shi05M.mid,asap_metadata_performance,tokenized_reconstructed,98.285,42,98285,Bach/Fugue/bwv_846/Shi05M.mid,Bach,Fugue_bwv_846,Bach/Fugue/bwv_846
C:\Users\eagle\MARG_research\third_party\PianistTransformer\data\midis\asap-dataset-master\Bach\Fugue\bwv_846\Shi05M.mid,asap_metadata_performance,tokenized_reconstructed,98.3,41,98300,Bach/Fugue/bwv_846/Shi05M.mid,Bach,Fugue_bwv_846,Bach/Fugue/bwv_846
C:\Users\eagle\MARG_research\third_party\PianistTransformer\data\midis\asap-dataset-master\Bach\Fugue\bwv_846\Shi05M.mid,asap_metadata_performance,tokenized_reconstructed,98.388,65,98388,Bach/Fugue/bwv_846/Shi05M.mid,Bach,Fugue_bwv_846,Bach/Fugue/bwv_846
C:\Users\eagle\MARG_research\third_party\PianistTransformer\data\midis\asap-dataset-master\Bach\Fugue\bwv_846\Shi05M.mid,asap_metadata_performance,tokenized_reconstructed,98.462,84,98462,Bach/Fugue/bwv_846/Shi05M.mid,Bach,Fugue_bwv_846,Bach/Fugue/bwv_846
C:\Users\eagle\MARG_research\third_party\PianistTransformer\data\midis\asap-dataset-master\Bach\Fugue\bwv_846\Shi05M.mid,asap_metadata_performance,tokenized_reconstructed,98.535,89,98535,Bach/Fugue/bwv_846/Shi05M.mid,Bach,Fugue_bwv_846,Bach/Fugue/bwv_846
C:\Users\eagle\MARG_research\third_party\PianistTransformer\data\midis\asap-dataset-master\Bach\Fugue\bwv_846\Shi05M.mid,asap_metadata_performance,tokenized_reconstructed,98.608,87,98608,Bach/Fugue/bwv_846/Shi05M.mid,Bach,Fugue_bwv_846,Bach/Fugue/bwv_846
C:\Users\eagle\MARG_research\third_party\PianistTransformer\data\midis\asap-dataset-master\Bach\Fugue\bwv_846\Shi05M.mid,asap_metadata_performance,tokenized_reconstructed,98.622,86,98622,Bach/Fugue/bwv_846/Shi05M.mid,Bach,Fugue_bwv_846,Bach/Fugue/bwv_846
C:\Users\eagle\MARG_research\third_party\PianistTransformer\data\midis\asap-dataset-master\Bach\Fugue\bwv_846\Shi05M.mid,asap_metadata_performance,tokenized_reconstructed,98.636,85,98636,Bach/Fugue/bwv_846/Shi05M.mid,Bach,Fugue_bwv_846,Bach/Fugue/bwv_846
C:\Users\eagle\MARG_research\third_party\PianistTransformer\data\midis\asap-dataset-master\Bach\Fugue\bwv_846\Shi05M.mid,asap_metadata_performance,tokenized_reconstructed,98.722,82,98722,Bach/Fugue/bwv_846/Shi05M.mid,Bach,Fugue_bwv_846,Bach/Fugue/bwv_846
C:\Users\eagle\MARG_research\third_party\PianistTransformer\data\midis\asap-dataset-master\Bach\Fugue\bwv_846\Shi05M.mid,asap_metadata_performance,tokenized_reconstructed,98.78,80,98780,Bach/Fugue/bwv_846/Shi05M.mid,Bach,Fugue_bwv_846,Bach/Fugue/bwv_846
C:\Users\eagle\MARG_research\third_party\PianistTransformer\data\midis\asap-dataset-master\Bach\Fugue\bwv_846\Shi05M.mid,asap_metadata_performance,tokenized_reconstructed,98.838,77,98838,Bach/Fugue/bwv_846/Shi05M.mid,Bach,Fugue_bwv_846,Bach/Fugue/bwv_846
C:\Users\eagle\MARG_research\third_party\PianistTransformer\data\midis\asap-dataset-master\Bach\Fugue\bwv_846\Shi05M.mid,asap_metadata_performance,tokenized_reconstructed,98.895,73,98895,Bach/Fugue/bwv_846/Shi05M.mid,Bach,Fugue_bwv_846,Bach/Fugue/bwv_846
C:\Users\eagle\MARG_research\third_party\PianistTransformer\data\midis\asap-dataset-master\Bach\Fugue\bwv_846\Shi05M.mid,asap_metadata_performance,tokenized_reconstructed,98.911,72,98911,Bach/Fugue/bwv_846/Shi05M.mid,Bach,Fugue_bwv_846,Bach/Fugue/bwv_846
C:\Users\eagle\MARG_research\third_party\PianistTransformer\data\midis\asap-dataset-master\Bach\Fugue\bwv_846\Shi05M.mid,asap_metadata_performance,tokenized_reconstructed,98.99,62,98990,Bach/Fugue/bwv_846/Shi05M.mid,Bach,Fugue_bwv_846,Bach/Fugue/bwv_846
C:\Users\eagle\MARG_research\third_party\PianistTransformer\data\midis\asap-dataset-master\Bach\Fugue\bwv_846\Shi05M.mid,asap_metadata_performance,tokenized_reconstructed,99.057,53,99057,Bach/Fugue/bwv_846/Shi05M.mid,Bach,Fugue_bwv_846,Bach/Fugue/bwv_846
C:\Users\eagle\MARG_research\third_party\PianistTransformer\data\midis\asap-dataset-master\Bach\Fugue\bwv_846\Shi05M.mid,asap_metadata_performance,tokenized_reconstructed,99.124,48,99124,Bach/Fugue/bwv_846/Shi05M.mid,Bach,Fugue_bwv_846,Bach/Fugue/bwv_846
C:\Users\eagle\MARG_research\third_party\PianistTransformer\data\midis\asap-dataset-master\Bach\Fugue\bwv_846\Shi05M.mid,asap_metadata_performance,tokenized_reconstructed,99.19,41,99190,Bach/Fugue/bwv_846/Shi05M.mid,Bach,Fugue_bwv_846,Bach/Fugue/bwv_846
C:\Users\eagle\MARG_research\third_party\PianistTransformer\data\midis\asap-dataset-master\Bach\Fugue\bwv_846\Shi05M.mid,asap_metadata_performance,tokenized_reconstructed,99.273,38,99273,Bach/Fugue/bwv_846/Shi05M.mid,Bach,Fugue_bwv_846,Bach/Fugue/bwv_846
C:\Users\eagle\MARG_research\third_party\PianistTransformer\data\midis\asap-dataset-master\Bach\Fugue\bwv_846\Shi05M.mid,asap_metadata_performance,tokenized_reconstructed,99.354,0,99354,Bach/Fugue/bwv_846/Shi05M.mid,Bach,Fugue_bwv_846,Bach/Fugue/bwv_846
C:\Users\eagle\MARG_research\third_party\PianistTransformer\data\midis\asap-dataset-master\Bach\Fugue\bwv_846\Shi05M.mid,asap_metadata_performance,tokenized_reconstructed,99.662,58,99662,Bach/Fugue/bwv_846/Shi05M.mid,Bach,Fugue_bwv_846,Bach/Fugue/bwv_846
C:\Users\eagle\MARG_research\third_party\PianistTransformer\data\midis\asap-dataset-master\Bach\Fugue\bwv_846\Shi05M.mid,asap_metadata_performance,tokenized_reconstructed,99.734,86,99734,Bach/Fugue/bwv_846/Shi05M.mid,Bach,Fugue_bwv_846,Bach/Fugue/bwv_846
C:\Users\eagle\MARG_research\third_party\PianistTransformer\data\midis\asap-dataset-master\Bach\Fugue\bwv_846\Shi05M.mid,asap_metadata_performance,tokenized_reconstructed,99.807,127,99807,Bach/Fugue/bwv_846/Shi05M.mid,Bach,Fugue_bwv_846,Bach/Fugue/bwv_846
C:\Users\eagle\MARG_research\third_party\PianistTransformer\data\midis\asap-dataset-master\Bach\Fugue\bwv_846\Shi05M.mid,asap_metadata_performance,tokenized_reconstructed,100.133,114,100133,Bach/Fugue/bwv_846/Shi05M.mid,Bach,Fugue_bwv_846,Bach/Fugue/bwv_846
C:\Users\eagle\MARG_research\third_party\PianistTransformer\data\midis\asap-dataset-master\Bach\Fugue\bwv_846\Shi05M.mid,asap_metadata_performance,tokenized_reconstructed,100.219,66,100219,Bach/Fugue/bwv_846/Shi05M.mid,Bach,Fugue_bwv_846,Bach/Fugue/bwv_846
C:\Users\eagle\MARG_research\third_party\PianistTransformer\data\midis\asap-dataset-master\Bach\Fugue\bwv_846\Shi05M.mid,asap_metadata_performance,tokenized_reconstructed,100.298,60,100298,Bach/Fugue/bwv_846/Shi05M.mid,Bach,Fugue_bwv_846,Bach/Fugue/bwv_846
C:\Users\eagle\MARG_research\third_party\PianistTransformer\data\midis\asap-dataset-master\Bach\Fugue\bwv_846\Shi05M.mid,asap_metadata_performance,tokenized_reconstructed,100.376,74,100376,Bach/Fugue/bwv_846/Shi05M.mid,Bach,Fugue_bwv_846,Bach/Fugue/bwv_846
C:\Users\eagle\MARG_research\third_party\PianistTransformer\data\midis\asap-dataset-master\Bach\Fugue\bwv_846\Shi05M.mid,asap_metadata_performance,tokenized_reconstructed,100.454,127,100454,Bach/Fugue/bwv_846/Shi05M.mid,Bach,Fugue_bwv_846,Bach/Fugue/bwv_846
C:\Users\eagle\MARG_research\third_party\PianistTransformer\data\midis\asap-dataset-master\Bach\Fugue\bwv_846\Shi05M.mid,asap_metadata_performance,tokenized_reconstructed,100.853,83,100853,Bach/Fugue/bwv_846/Shi05M.mid,Bach,Fugue_bwv_846,Bach/Fugue/bwv_846
C:\Users\eagle\MARG_research\third_party\PianistTransformer\data\midis\asap-dataset-master\Bach\Fugue\bwv_846\Shi05M.mid,asap_metadata_performance,tokenized_reconstructed,100.93,31,100930,Bach/Fugue/bwv_846/Shi05M.mid,Bach,Fugue_bwv_846,Bach/Fugue/bwv_846
C:\Users\eagle\MARG_research\third_party\PianistTransformer\data\midis\asap-dataset-master\Bach\Fugue\bwv_846\Shi05M.mid,asap_metadata_performance,tokenized_reconstructed,101.008,66,101008,Bach/Fugue/bwv_846/Shi05M.mid,Bach,Fugue_bwv_846,Bach/Fugue/bwv_846
C:\Users\eagle\MARG_research\third_party\PianistTransformer\data\midis\asap-dataset-master\Bach\Fugue\bwv_846\Shi05M.mid,asap_metadata_performance,tokenized_reconstructed,101.085,99,101085,Bach/Fugue/bwv_846/Shi05M.mid,Bach,Fugue_bwv_846,Bach/Fugue/bwv_846
C:\Users\eagle\MARG_research\third_party\PianistTransformer\data\midis\asap-dataset-master\Bach\Fugue\bwv_846\Shi05M.mid,asap_metadata_performance,tokenized_reconstructed,101.168,127,101168,Bach/Fugue/bwv_846/Shi05M.mid,Bach,Fugue_bwv_846,Bach/Fugue/bwv_846
C:\Users\eagle\MARG_research\third_party\PianistTransformer\data\midis\asap-dataset-master\Bach\Fugue\bwv_846\Shi05M.mid,asap_metadata_performance,tokenized_reconstructed,101.527,46,101527,Bach/Fugue/bwv_846/Shi05M.mid,Bach,Fugue_bwv_846,Bach/Fugue/bwv_846
C:\Users\eagle\MARG_research\third_party\PianistTransformer\data\midis\asap-dataset-master\Bach\Fugue\bwv_846\Shi05M.mid,asap_metadata_performance,tokenized_reconstructed,101.602,0,101602,Bach/Fugue/bwv_846/Shi05M.mid,Bach,Fugue_bwv_846,Bach/Fugue/bwv_846
C:\Users\eagle\MARG_research\third_party\PianistTransformer\data\midis\asap-dataset-master\Bach\Fugue\bwv_846\Shi05M.mid,asap_metadata_performance,tokenized_reconstructed,101.678,62,101678,Bach/Fugue/bwv_846/Shi05M.mid,Bach,Fugue_bwv_846,Bach/Fugue/bwv_846
C:\Users\eagle\MARG_research\third_party\PianistTransformer\data\midis\asap-dataset-master\Bach\Fugue\bwv_846\Shi05M.mid,asap_metadata_performance,tokenized_reconstructed,101.753,74,101753,Bach/Fugue/bwv_846/Shi05M.mid,Bach,Fugue_bwv_846,Bach/Fugue/bwv_846
C:\Users\eagle\MARG_research\third_party\PianistTransformer\data\midis\asap-dataset-master\Bach\Fugue\bwv_846\Shi05M.mid,asap_metadata_performance,tokenized_reconstructed,101.82,127,101820,Bach/Fugue/bwv_846/Shi05M.mid,Bach,Fugue_bwv_846,Bach/Fugue/bwv_846
C:\Users\eagle\MARG_research\third_party\PianistTransformer\data\midis\asap-dataset-master\Bach\Fugue\bwv_846\Shi05M.mid,asap_metadata_performance,tokenized_reconstructed,102.117,60,102117,Bach/Fugue/bwv_846/Shi05M.mid,Bach,Fugue_bwv_846,Bach/Fugue/bwv_846
C:\Users\eagle\MARG_research\third_party\PianistTransformer\data\midis\asap-dataset-master\Bach\Fugue\bwv_846\Shi05M.mid,asap_metadata_performance,tokenized_reconstructed,102.183,77,102183,Bach/Fugue/bwv_846/Shi05M.mid,Bach,Fugue_bwv_846,Bach/Fugue/bwv_846
C:\Users\eagle\MARG_research\third_party\PianistTransformer\data\midis\asap-dataset-master\Bach\Fugue\bwv_846\Shi05M.mid,asap_metadata_performance,tokenized_reconstructed,102.249,109,102249,Bach/Fugue/bwv_846/Shi05M.mid,Bach,Fugue_bwv_846,Bach/Fugue/bwv_846
C:\Users\eagle\MARG_research\third_party\PianistTransformer\data\midis\asap-dataset-master\Bach\Fugue\bwv_846\Shi05M.mid,asap_metadata_performance,tokenized_reconstructed,102.315,127,102315,Bach/Fugue/bwv_846/Shi05M.mid,Bach,Fugue_bwv_846,Bach/Fugue/bwv_846
C:\Users\eagle\MARG_research\third_party\PianistTransformer\data\midis\asap-dataset-master\Bach\Fugue\bwv_846\Shi05M.mid,asap_metadata_performance,tokenized_reconstructed,102.618,113,102618,Bach/Fugue/bwv_846/Shi05M.mid,Bach,Fugue_bwv_846,Bach/Fugue/bwv_846
C:\Users\eagle\MARG_research\third_party\PianistTransformer\data\midis\asap-dataset-master\Bach\Fugue\bwv_846\Shi05M.mid,asap_metadata_performance,tokenized_reconstructed,102.62,92,102620,Bach/Fugue/bwv_846/Shi05M.mid,Bach,Fugue_bwv_846,Bach/Fugue/bwv_846
C:\Users\eagle\MARG_research\third_party\PianistTransformer\data\midis\asap-dataset-master\Bach\Fugue\bwv_846\Shi05M.mid,asap_metadata_performance,tokenized_reconstructed,102.701,32,102701,Bach/Fugue/bwv_846/Shi05M.mid,Bach,Fugue_bwv_846,Bach/Fugue/bwv_846
C:\Users\eagle\MARG_research\third_party\PianistTransformer\data\midis\asap-dataset-master\Bach\Fugue\bwv_846\Shi05M.mid,asap_metadata_performance,tokenized_reconstructed,102.772,71,102772,Bach/Fugue/bwv_846/Shi05M.mid,Bach,Fugue_bwv_846,Bach/Fugue/bwv_846
C:\Users\eagle\MARG_research\third_party\PianistTransformer\data\midis\asap-dataset-master\Bach\Fugue\bwv_846\Shi05M.mid,asap_metadata_performance,tokenized_reconstructed,102.842,114,102842,Bach/Fugue/bwv_846/Shi05M.mid,Bach,Fugue_bwv_846,Bach/Fugue/bwv_846
C:\Users\eagle\MARG_research\third_party\PianistTransformer\data\midis\asap-dataset-master\Bach\Fugue\bwv_846\Shi05M.mid,asap_metadata_performance,tokenized_reconstructed,102.913,127,102913,Bach/Fugue/bwv_846/Shi05M.mid,Bach,Fugue_bwv_846,Bach/Fugue/bwv_846
C:\Users\eagle\MARG_research\third_party\PianistTransformer\data\midis\asap-dataset-master\Bach\Fugue\bwv_846\Shi05M.mid,asap_metadata_performance,tokenized_reconstructed,103.236,95,103236,Bach/Fugue/bwv_846/Shi05M.mid,Bach,Fugue_bwv_846,Bach/Fugue/bwv_846
C:\Users\eagle\MARG_research\third_party\PianistTransformer\data\midis\asap-dataset-master\Bach\Fugue\bwv_846\Shi05M.mid,asap_metadata_performance,tokenized_reconstructed,103.316,32,103316,Bach/Fugue/bwv_846/Shi05M.mid,Bach,Fugue_bwv_846,Bach/Fugue/bwv_846
C:\Users\eagle\MARG_research\third_party\PianistTransformer\data\midis\asap-dataset-master\Bach\Fugue\bwv_846\Shi05M.mid,asap_metadata_performance,tokenized_reconstructed,103.384,52,103384,Bach/Fugue/bwv_846/Shi05M.mid,Bach,Fugue_bwv_846,Bach/Fugue/bwv_846
C:\Users\eagle\MARG_research\third_party\PianistTransformer\data\midis\asap-dataset-master\Bach\Fugue\bwv_846\Shi05M.mid,asap_metadata_performance,tokenized_reconstructed,103.453,74,103453,Bach/Fugue/bwv_846/Shi05M.mid,Bach,Fugue_bwv_846,Bach/Fugue/bwv_846
C:\Users\eagle\MARG_research\third_party\PianistTransformer\data\midis\asap-dataset-master\Bach\Fugue\bwv_846\Shi05M.mid,asap_metadata_performance,tokenized_reconstructed,103.522,100,103522,Bach/Fugue/bwv_846/Shi05M.mid,Bach,Fugue_bwv_846,Bach/Fugue/bwv_846
C:\Users\eagle\MARG_research\third_party\PianistTransformer\data\midis\asap-dataset-master\Bach\Fugue\bwv_846\Shi05M.mid,asap_metadata_performance,tokenized_reconstructed,103.594,105,103594,Bach/Fugue/bwv_846/Shi05M.mid,Bach,Fugue_bwv_846,Bach/Fugue/bwv_846
C:\Users\eagle\MARG_research\third_party\PianistTransformer\data\midis\asap-dataset-master\Bach\Fugue\bwv_846\Shi05M.mid,asap_metadata_performance,tokenized_reconstructed,103.666,127,103666,Bach/Fugue/bwv_846/Shi05M.mid,Bach,Fugue_bwv_846,Bach/Fugue/bwv_846
C:\Users\eagle\MARG_research\third_party\PianistTransformer\data\midis\asap-dataset-master\Bach\Fugue\bwv_846\Shi05M.mid,asap_metadata_performance,tokenized_reconstructed,103.809,88,103809,Bach/Fugue/bwv_846/Shi05M.mid,Bach,Fugue_bwv_846,Bach/Fugue/bwv_846
C:\Users\eagle\MARG_research\third_party\PianistTransformer\data\midis\asap-dataset-master\Bach\Fugue\bwv_846\Shi05M.mid,asap_metadata_performance,tokenized_reconstructed,103.886,53,103886,Bach/Fugue/bwv_846/Shi05M.mid,Bach,Fugue_bwv_846,Bach/Fugue/bwv_846
C:\Users\eagle\MARG_research\third_party\PianistTransformer\data\midis\asap-dataset-master\Bach\Fugue\bwv_846\Shi05M.mid,asap_metadata_performance,tokenized_reconstructed,103.96,77,103960,Bach/Fugue/bwv_846/Shi05M.mid,Bach,Fugue_bwv_846,Bach/Fugue/bwv_846
C:\Users\eagle\MARG_research\third_party\PianistTransformer\data\midis\asap-dataset-master\Bach\Fugue\bwv_846\Shi05M.mid,asap_metadata_performance,tokenized_reconstructed,104.034,84,104034,Bach/Fugue/bwv_846/Shi05M.mid,Bach,Fugue_bwv_846,Bach/Fugue/bwv_846
C:\Users\eagle\MARG_research\third_party\PianistTransformer\data\midis\asap-dataset-master\Bach\Fugue\bwv_846\Shi05M.mid,asap_metadata_performance,tokenized_reconstructed,104.228,83,104228,Bach/Fugue/bwv_846/Shi05M.mid,Bach,Fugue_bwv_846,Bach/Fugue/bwv_846
C:\Users\eagle\MARG_research\third_party\PianistTransformer\data\midis\asap-dataset-master\Bach\Fugue\bwv_846\Shi05M.mid,asap_metadata_performance,tokenized_reconstructed,104.301,82,104301,Bach/Fugue/bwv_846/Shi05M.mid,Bach,Fugue_bwv_846,Bach/Fugue/bwv_846
C:\Users\eagle\MARG_research\third_party\PianistTransformer\data\midis\asap-dataset-master\Bach\Fugue\bwv_846\Shi05M.mid,asap_metadata_performance,tokenized_reconstructed,104.34,81,104340,Bach/Fugue/bwv_846/Shi05M.mid,Bach,Fugue_bwv_846,Bach/Fugue/bwv_846
C:\Users\eagle\MARG_research\third_party\PianistTransformer\data\midis\asap-dataset-master\Bach\Fugue\bwv_846\Shi05M.mid,asap_metadata_performance,tokenized_reconstructed,104.379,76,104379,Bach/Fugue/bwv_846/Shi05M.mid,Bach,Fugue_bwv_846,Bach/Fugue/bwv_846
C:\Users\eagle\MARG_research\third_party\PianistTransformer\data\midis\asap-dataset-master\Bach\Fugue\bwv_846\Shi05M.mid,asap_metadata_performance,tokenized_reconstructed,104.418,61,104418,Bach/Fugue/bwv_846/Shi05M.mid,Bach,Fugue_bwv_846,Bach/Fugue/bwv_846
C:\Users\eagle\MARG_research\third_party\PianistTransformer\data\midis\asap-dataset-master\Bach\Fugue\bwv_846\Shi05M.mid,asap_metadata_performance,tokenized_reconstructed,104.502,0,104502,Bach/Fugue/bwv_846/Shi05M.mid,Bach,Fugue_bwv_846,Bach/Fugue/bwv_846
C:\Users\eagle\MARG_research\third_party\PianistTransformer\data\midis\asap-dataset-master\Bach\Fugue\bwv_846\Shi05M.mid,asap_metadata_performance,tokenized_reconstructed,104.574,51,104574,Bach/Fugue/bwv_846/Shi05M.mid,Bach,Fugue_bwv_846,Bach/Fugue/bwv_846
C:\Users\eagle\MARG_research\third_party\PianistTransformer\data\midis\asap-dataset-master\Bach\Fugue\bwv_846\Shi05M.mid,asap_metadata_performance,tokenized_reconstructed,104.647,69,104647,Bach/Fugue/bwv_846/Shi05M.mid,Bach,Fugue_bwv_846,Bach/Fugue/bwv_846
C:\Users\eagle\MARG_research\third_party\PianistTransformer\data\midis\asap-dataset-master\Bach\Fugue\bwv_846\Shi05M.mid,asap_metadata_performance,tokenized_reconstructed,104.719,83,104719,Bach/Fugue/bwv_846/Shi05M.mid,Bach,Fugue_bwv_846,Bach/Fugue/bwv_846
C:\Users\eagle\MARG_research\third_party\PianistTransformer\data\midis\asap-dataset-master\Bach\Fugue\bwv_846\Shi05M.mid,asap_metadata_performance,tokenized_reconstructed,104.795,87,104795,Bach/Fugue/bwv_846/Shi05M.mid,Bach,Fugue_bwv_846,Bach/Fugue/bwv_846
C:\Users\eagle\MARG_research\third_party\PianistTransformer\data\midis\asap-dataset-master\Bach\Fugue\bwv_846\Shi05M.mid,asap_metadata_performance,tokenized_reconstructed,104.871,90,104871,Bach/Fugue/bwv_846/Shi05M.mid,Bach,Fugue_bwv_846,Bach/Fugue/bwv_846
C:\Users\eagle\MARG_research\third_party\PianistTransformer\data\midis\asap-dataset-master\Bach\Fugue\bwv_846\Shi05M.mid,asap_metadata_performance,tokenized_reconstructed,105.032,89,105032,Bach/Fugue/bwv_846/Shi05M.mid,Bach,Fugue_bwv_846,Bach/Fugue/bwv_846
C:\Users\eagle\MARG_research\third_party\PianistTransformer\data\midis\asap-dataset-master\Bach\Fugue\bwv_846\Shi05M.mid,asap_metadata_performance,tokenized_reconstructed,105.113,54,105113,Bach/Fugue/bwv_846/Shi05M.mid,Bach,Fugue_bwv_846,Bach/Fugue/bwv_846
C:\Users\eagle\MARG_research\third_party\PianistTransformer\data\midis\asap-dataset-master\Bach\Fugue\bwv_846\Shi05M.mid,asap_metadata_performance,tokenized_reconstructed,105.186,48,105186,Bach/Fugue/bwv_846/Shi05M.mid,Bach,Fugue_bwv_846,Bach/Fugue/bwv_846
C:\Users\eagle\MARG_research\third_party\PianistTransformer\data\midis\asap-dataset-master\Bach\Fugue\bwv_846\Shi05M.mid,asap_metadata_performance,tokenized_reconstructed,105.26,75,105260,Bach/Fugue/bwv_846/Shi05M.mid,Bach,Fugue_bwv_846,Bach/Fugue/bwv_846
C:\Users\eagle\MARG_research\third_party\PianistTransformer\data\midis\asap-dataset-master\Bach\Fugue\bwv_846\Shi05M.mid,asap_metadata_performance,tokenized_reconstructed,105.333,92,105333,Bach/Fugue/bwv_846/Shi05M.mid,Bach,Fugue_bwv_846,Bach/Fugue/bwv_846
C:\Users\eagle\MARG_research\third_party\PianistTransformer\data\midis\asap-dataset-master\Bach\Fugue\bwv_846\Shi05M.mid,asap_metadata_performance,tokenized_reconstructed,105.407,104,105407,Bach/Fugue/bwv_846/Shi05M.mid,Bach,Fugue_bwv_846,Bach/Fugue/bwv_846
C:\Users\eagle\MARG_research\third_party\PianistTransformer\data\midis\asap-dataset-master\Bach\Fugue\bwv_846\Shi05M.mid,asap_metadata_performance,tokenized_reconstructed,105.481,109,105481,Bach/Fugue/bwv_846/Shi05M.mid,Bach,Fugue_bwv_846,Bach/Fugue/bwv_846
C:\Users\eagle\MARG_research\third_party\PianistTransformer\data\midis\asap-dataset-master\Bach\Fugue\bwv_846\Shi05M.mid,asap_metadata_performance,tokenized_reconstructed,105.555,111,105555,Bach/Fugue/bwv_846/Shi05M.mid,Bach,Fugue_bwv_846,Bach/Fugue/bwv_846
C:\Users\eagle\MARG_research\third_party\PianistTransformer\data\midis\asap-dataset-master\Bach\Fugue\bwv_846\Shi05M.mid,asap_metadata_performance,tokenized_reconstructed,105.629,98,105629,Bach/Fugue/bwv_846/Shi05M.mid,Bach,Fugue_bwv_846,Bach/Fugue/bwv_846
C:\Users\eagle\MARG_research\third_party\PianistTransformer\data\midis\asap-dataset-master\Bach\Fugue\bwv_846\Shi05M.mid,asap_metadata_performance,tokenized_reconstructed,105.708,47,105708,Bach/Fugue/bwv_846/Shi05M.mid,Bach,Fugue_bwv_846,Bach/Fugue/bwv_846
C:\Users\eagle\MARG_research\third_party\PianistTransformer\data\midis\asap-dataset-master\Bach\Fugue\bwv_846\Shi05M.mid,asap_metadata_performance,tokenized_reconstructed,105.784,46,105784,Bach/Fugue/bwv_846/Shi05M.mid,Bach,Fugue_bwv_846,Bach/Fugue/bwv_846
C:\Users\eagle\MARG_research\third_party\PianistTransformer\data\midis\asap-dataset-master\Bach\Fugue\bwv_846\Shi05M.mid,asap_metadata_performance,tokenized_reconstructed,105.859,76,105859,Bach/Fugue/bwv_846/Shi05M.mid,Bach,Fugue_bwv_846,Bach/Fugue/bwv_846
C:\Users\eagle\MARG_research\third_party\PianistTransformer\data\midis\asap-dataset-master\Bach\Fugue\bwv_846\Shi05M.mid,asap_metadata_performance,tokenized_reconstructed,105.934,84,105934,Bach/Fugue/bwv_846/Shi05M.mid,Bach,Fugue_bwv_846,Bach/Fugue/bwv_846
C:\Users\eagle\MARG_research\third_party\PianistTransformer\data\midis\asap-dataset-master\Bach\Fugue\bwv_846\Shi05M.mid,asap_metadata_performance,tokenized_reconstructed,106.01,92,106010,Bach/Fugue/bwv_846/Shi05M.mid,Bach,Fugue_bwv_846,Bach/Fugue/bwv_846
C:\Users\eagle\MARG_research\third_party\PianistTransformer\data\midis\asap-dataset-master\Bach\Fugue\bwv_846\Shi05M.mid,asap_metadata_performance,tokenized_reconstructed,106.086,97,106086,Bach/Fugue/bwv_846/Shi05M.mid,Bach,Fugue_bwv_846,Bach/Fugue/bwv_846
C:\Users\eagle\MARG_research\third_party\PianistTransformer\data\midis\asap-dataset-master\Bach\Fugue\bwv_846\Shi05M.mid,asap_metadata_performance,tokenized_reconstructed,106.162,104,106162,Bach/Fugue/bwv_846/Shi05M.mid,Bach,Fugue_bwv_846,Bach/Fugue/bwv_846
C:\Users\eagle\MARG_research\third_party\PianistTransformer\data\midis\asap-dataset-master\Bach\Fugue\bwv_846\Shi05M.mid,asap_metadata_performance,tokenized_reconstructed,106.238,101,106238,Bach/Fugue/bwv_846/Shi05M.mid,Bach,Fugue_bwv_846,Bach/Fugue/bwv_846
C:\Users\eagle\MARG_research\third_party\PianistTransformer\data\midis\asap-dataset-master\Bach\Fugue\bwv_846\Shi05M.mid,asap_metadata_performance,tokenized_reconstructed,106.263,94,106263,Bach/Fugue/bwv_846/Shi05M.mid,Bach,Fugue_bwv_846,Bach/Fugue/bwv_846
C:\Users\eagle\MARG_research\third_party\PianistTransformer\data\midis\asap-dataset-master\Bach\Fugue\bwv_846\Shi05M.mid,asap_metadata_performance,tokenized_reconstructed,106.345,0,106345,Bach/Fugue/bwv_846/Shi05M.mid,Bach,Fugue_bwv_846,Bach/Fugue/bwv_846
C:\Users\eagle\MARG_research\third_party\PianistTransformer\data\midis\asap-dataset-master\Bach\Fugue\bwv_846\Shi05M.mid,asap_metadata_performance,tokenized_reconstructed,106.488,68,106488,Bach/Fugue/bwv_846/Shi05M.mid,Bach,Fugue_bwv_846,Bach/Fugue/bwv_846
C:\Users\eagle\MARG_research\third_party\PianistTransformer\data\midis\asap-dataset-master\Bach\Fugue\bwv_846\Shi05M.mid,asap_metadata_performance,tokenized_reconstructed,106.56,83,106560,Bach/Fugue/bwv_846/Shi05M.mid,Bach,Fugue_bwv_846,Bach/Fugue/bwv_846
C:\Users\eagle\MARG_research\third_party\PianistTransformer\data\midis\asap-dataset-master\Bach\Fugue\bwv_846\Shi05M.mid,asap_metadata_performance,tokenized_reconstructed,106.641,95,106641,Bach/Fugue/bwv_846/Shi05M.mid,Bach,Fugue_bwv_846,Bach/Fugue/bwv_846
C:\Users\eagle\MARG_research\third_party\PianistTransformer\data\midis\asap-dataset-master\Bach\Fugue\bwv_846\Shi05M.mid,asap_metadata_performance,tokenized_reconstructed,106.722,101,106722,Bach/Fugue/bwv_846/Shi05M.mid,Bach,Fugue_bwv_846,Bach/Fugue/bwv_846
C:\Users\eagle\MARG_research\third_party\PianistTransformer\data\midis\asap-dataset-master\Bach\Fugue\bwv_846\Shi05M.mid,asap_metadata_performance,tokenized_reconstructed,106.803,123,106803,Bach/Fugue/bwv_846/Shi05M.mid,Bach,Fugue_bwv_846,Bach/Fugue/bwv_846
C:\Users\eagle\MARG_research\third_party\PianistTransformer\data\midis\asap-dataset-master\Bach\Fugue\bwv_846\Shi05M.mid,asap_metadata_performance,tokenized_reconstructed,106.884,97,106884,Bach/Fugue/bwv_846/Shi05M.mid,Bach,Fugue_bwv_846,Bach/Fugue/bwv_846
C:\Users\eagle\MARG_research\third_party\PianistTransformer\data\midis\asap-dataset-master\Bach\Fugue\bwv_846\Shi05M.mid,asap_metadata_performance,tokenized_reconstructed,106.896,79,106896,Bach/Fugue/bwv_846/Shi05M.mid,Bach,Fugue_bwv_846,Bach/Fugue/bwv_846
C:\Users\eagle\MARG_research\third_party\PianistTransformer\data\midis\asap-dataset-master\Bach\Fugue\bwv_846\Shi05M.mid,asap_metadata_performance,tokenized_reconstructed,106.98,0,106980,Bach/Fugue/bwv_846/Shi05M.mid,Bach,Fugue_bwv_846,Bach/Fugue/bwv_846
C:\Users\eagle\MARG_research\third_party\PianistTransformer\data\midis\asap-dataset-master\Bach\Fugue\bwv_846\Shi05M.mid,asap_metadata_performance,tokenized_reconstructed,107.149,61,107149,Bach/Fugue/bwv_846/Shi05M.mid,Bach,Fugue_bwv_846,Bach/Fugue/bwv_846
C:\Users\eagle\MARG_research\third_party\PianistTransformer\data\midis\asap-dataset-master\Bach\Fugue\bwv_846\Shi05M.mid,asap_metadata_performance,tokenized_reconstructed,107.233,89,107233,Bach/Fugue/bwv_846/Shi05M.mid,Bach,Fugue_bwv_846,Bach/Fugue/bwv_846
C:\Users\eagle\MARG_research\third_party\PianistTransformer\data\midis\asap-dataset-master\Bach\Fugue\bwv_846\Shi05M.mid,asap_metadata_performance,tokenized_reconstructed,107.31,106,107310,Bach/Fugue/bwv_846/Shi05M.mid,Bach,Fugue_bwv_846,Bach/Fugue/bwv_846
C:\Users\eagle\MARG_research\third_party\PianistTransformer\data\midis\asap-dataset-master\Bach\Fugue\bwv_846\Shi05M.mid,asap_metadata_performance,tokenized_reconstructed,107.388,115,107388,Bach/Fugue/bwv_846/Shi05M.mid,Bach,Fugue_bwv_846,Bach/Fugue/bwv_846
C:\Users\eagle\MARG_research\third_party\PianistTransformer\data\midis\asap-dataset-master\Bach\Fugue\bwv_846\Shi05M.mid,asap_metadata_performance,tokenized_reconstructed,107.737,111,107737,Bach/Fugue/bwv_846/Shi05M.mid,Bach,Fugue_bwv_846,Bach/Fugue/bwv_846
C:\Users\eagle\MARG_research\third_party\PianistTransformer\data\midis\asap-dataset-master\Bach\Fugue\bwv_846\Shi05M.mid,asap_metadata_performance,tokenized_reconstructed,108.058,98,108058,Bach/Fugue/bwv_846/Shi05M.mid,Bach,Fugue_bwv_846,Bach/Fugue/bwv_846
C:\Users\eagle\MARG_research\third_party\PianistTransformer\data\midis\asap-dataset-master\Bach\Fugue\bwv_846\Shi05M.mid,asap_metadata_performance,tokenized_reconstructed,108.096,73,108096,Bach/Fugue/bwv_846/Shi05M.mid,Bach,Fugue_bwv_846,Bach/Fugue/bwv_846
C:\Users\eagle\MARG_research\third_party\PianistTransformer\data\midis\asap-dataset-master\Bach\Fugue\bwv_846\Shi05M.mid,asap_metadata_performance,tokenized_reconstructed,108.177,34,108177,Bach/Fugue/bwv_846/Shi05M.mid,Bach,Fugue_bwv_846,Bach/Fugue/bwv_846
C:\Users\eagle\MARG_research\third_party\PianistTransformer\data\midis\asap-dataset-master\Bach\Fugue\bwv_846\Shi05M.mid,asap_metadata_performance,tokenized_reconstructed,108.256,68,108256,Bach/Fugue/bwv_846/Shi05M.mid,Bach,Fugue_bwv_846,Bach/Fugue/bwv_846
C:\Users\eagle\MARG_research\third_party\PianistTransformer\data\midis\asap-dataset-master\Bach\Fugue\bwv_846\Shi05M.mid,asap_metadata_performance,tokenized_reconstructed,108.335,126,108335,Bach/Fugue/bwv_846/Shi05M.mid,Bach,Fugue_bwv_846,Bach/Fugue/bwv_846
C:\Users\eagle\MARG_research\third_party\PianistTransformer\data\midis\asap-dataset-master\Bach\Fugue\bwv_846\Shi05M.mid,asap_metadata_performance,tokenized_reconstructed,108.734,100,108734,Bach/Fugue/bwv_846/Shi05M.mid,Bach,Fugue_bwv_846,Bach/Fugue/bwv_846
C:\Users\eagle\MARG_research\third_party\PianistTransformer\data\midis\asap-dataset-master\Bach\Fugue\bwv_846\Shi05M.mid,asap_metadata_performance,tokenized_reconstructed,108.821,52,108821,Bach/Fugue/bwv_846/Shi05M.mid,Bach,Fugue_bwv_846,Bach/Fugue/bwv_846
C:\Users\eagle\MARG_research\third_party\PianistTransformer\data\midis\asap-dataset-master\Bach\Fugue\bwv_846\Shi05M.mid,asap_metadata_performance,tokenized_reconstructed,108.896,89,108896,Bach/Fugue/bwv_846/Shi05M.mid,Bach,Fugue_bwv_846,Bach/Fugue/bwv_846
C:\Users\eagle\MARG_research\third_party\PianistTransformer\data\midis\asap-dataset-master\Bach\Fugue\bwv_846\Shi05M.mid,asap_metadata_performance,tokenized_reconstructed,108.971,127,108971,Bach/Fugue/bwv_846/Shi05M.mid,Bach,Fugue_bwv_846,Bach/Fugue/bwv_846
C:\Users\eagle\MARG_research\third_party\PianistTransformer\data\midis\asap-dataset-master\Bach\Fugue\bwv_846\Shi05M.mid,asap_metadata_performance,tokenized_reconstructed,109.462,92,109462,Bach/Fugue/bwv_846/Shi05M.mid,Bach,Fugue_bwv_846,Bach/Fugue/bwv_846
C:\Users\eagle\MARG_research\third_party\PianistTransformer\data\midis\asap-dataset-master\Bach\Fugue\bwv_846\Shi05M.mid,asap_metadata_performance,tokenized_reconstructed,109.539,39,109539,Bach/Fugue/bwv_846/Shi05M.mid,Bach,Fugue_bwv_846,Bach/Fugue/bwv_846
C:\Users\eagle\MARG_research\third_party\PianistTransformer\data\midis\asap-dataset-master\Bach\Fugue\bwv_846\Shi05M.mid,asap_metadata_performance,tokenized_reconstructed,109.616,56,109616,Bach/Fugue/bwv_846/Shi05M.mid,Bach,Fugue_bwv_846,Bach/Fugue/bwv_846
C:\Users\eagle\MARG_research\third_party\PianistTransformer\data\midis\asap-dataset-master\Bach\Fugue\bwv_846\Shi05M.mid,asap_metadata_performance,tokenized_reconstructed,109.693,86,109693,Bach/Fugue/bwv_846/Shi05M.mid,Bach,Fugue_bwv_846,Bach/Fugue/bwv_846
C:\Users\eagle\MARG_research\third_party\PianistTransformer\data\midis\asap-dataset-master\Bach\Fugue\bwv_846\Shi05M.mid,asap_metadata_performance,tokenized_reconstructed,109.776,127,109776,Bach/Fugue/bwv_846/Shi05M.mid,Bach,Fugue_bwv_846,Bach/Fugue/bwv_846
C:\Users\eagle\MARG_research\third_party\PianistTransformer\data\midis\asap-dataset-master\Bach\Fugue\bwv_846\Shi05M.mid,asap_metadata_performance,tokenized_reconstructed,110.029,93,110029,Bach/Fugue/bwv_846/Shi05M.mid,Bach,Fugue_bwv_846,Bach/Fugue/bwv_846
C:\Users\eagle\MARG_research\third_party\PianistTransformer\data\midis\asap-dataset-master\Bach\Fugue\bwv_846\Shi05M.mid,asap_metadata_performance,tokenized_reconstructed,110.113,56,110113,Bach/Fugue/bwv_846/Shi05M.mid,Bach,Fugue_bwv_846,Bach/Fugue/bwv_846
C:\Users\eagle\MARG_research\third_party\PianistTransformer\data\midis\asap-dataset-master\Bach\Fugue\bwv_846\Shi05M.mid,asap_metadata_performance,tokenized_reconstructed,110.196,127,110196,Bach/Fugue/bwv_846/Shi05M.mid,Bach,Fugue_bwv_846,Bach/Fugue/bwv_846
C:\Users\eagle\MARG_research\third_party\PianistTransformer\data\midis\asap-dataset-master\Bach\Fugue\bwv_846\Shi05M.mid,asap_metadata_performance,tokenized_reconstructed,110.776,0,110776,Bach/Fugue/bwv_846/Shi05M.mid,Bach,Fugue_bwv_846,Bach/Fugue/bwv_846
C:\Users\eagle\MARG_research\third_party\PianistTransformer\data\midis\asap-dataset-master\Bach\Fugue\bwv_846\Shi05M.mid,asap_metadata_performance,tokenized_reconstructed,110.854,35,110854,Bach/Fugue/bwv_846/Shi05M.mid,Bach,Fugue_bwv_846,Bach/Fugue/bwv_846
C:\Users\eagle\MARG_research\third_party\PianistTransformer\data\midis\asap-dataset-master\Bach\Fugue\bwv_846\Shi05M.mid,asap_metadata_performance,tokenized_reconstructed,110.933,76,110933,Bach/Fugue/bwv_846/Shi05M.mid,Bach,Fugue_bwv_846,Bach/Fugue/bwv_846
C:\Users\eagle\MARG_research\third_party\PianistTransformer\data\midis\asap-dataset-master\Bach\Fugue\bwv_846\Shi05M.mid,asap_metadata_performance,tokenized_reconstructed,111.012,97,111012,Bach/Fugue/bwv_846/Shi05M.mid,Bach,Fugue_bwv_846,Bach/Fugue/bwv_846
C:\Users\eagle\MARG_research\third_party\PianistTransformer\data\midis\asap-dataset-master\Bach\Fugue\bwv_846\Shi05M.mid,asap_metadata_performance,tokenized_reconstructed,111.089,111,111089,Bach/Fugue/bwv_846/Shi05M.mid,Bach,Fugue_bwv_846,Bach/Fugue/bwv_846
C:\Users\eagle\MARG_research\third_party\PianistTransformer\data\midis\asap-dataset-master\Bach\Fugue\bwv_846\Shi05M.mid,asap_metadata_performance,tokenized_reconstructed,111.166,127,111166,Bach/Fugue/bwv_846/Shi05M.mid,Bach,Fugue_bwv_846,Bach/Fugue/bwv_846
C:\Users\eagle\MARG_research\third_party\PianistTransformer\data\midis\asap-dataset-master\Bach\Fugue\bwv_846\Shi05M.mid,asap_metadata_performance,tokenized_reconstructed,111.32,93,111320,Bach/Fugue/bwv_846/Shi05M.mid,Bach,Fugue_bwv_846,Bach/Fugue/bwv_846
C:\Users\eagle\MARG_research\third_party\PianistTransformer\data\midis\asap-dataset-master\Bach\Fugue\bwv_846\Shi05M.mid,asap_metadata_performance,tokenized_reconstructed,111.394,51,111394,Bach/Fugue/bwv_846/Shi05M.mid,Bach,Fugue_bwv_846,Bach/Fugue/bwv_846
C:\Users\eagle\MARG_research\third_party\PianistTransformer\data\midis\asap-dataset-master\Bach\Fugue\bwv_846\Shi05M.mid,asap_metadata_performance,tokenized_reconstructed,111.465,83,111465,Bach/Fugue/bwv_846/Shi05M.mid,Bach,Fugue_bwv_846,Bach/Fugue/bwv_846
C:\Users\eagle\MARG_research\third_party\PianistTransformer\data\midis\asap-dataset-master\Bach\Fugue\bwv_846\Shi05M.mid,asap_metadata_performance,tokenized_reconstructed,111.536,127,111536,Bach/Fugue/bwv_846/Shi05M.mid,Bach,Fugue_bwv_846,Bach/Fugue/bwv_846
C:\Users\eagle\MARG_research\third_party\PianistTransformer\data\midis\asap-dataset-master\Bach\Fugue\bwv_846\Shi05M.mid,asap_metadata_performance,tokenized_reconstructed,111.931,86,111931,Bach/Fugue/bwv_846/Shi05M.mid,Bach,Fugue_bwv_846,Bach/Fugue/bwv_846
C:\Users\eagle\MARG_research\third_party\PianistTransformer\data\midis\asap-dataset-master\Bach\Fugue\bwv_846\Shi05M.mid,asap_metadata_performance,tokenized_reconstructed,111.936,66,111936,Bach/Fugue/bwv_846/Shi05M.mid,Bach,Fugue_bwv_846,Bach/Fugue/bwv_846
C:\Users\eagle\MARG_research\third_party\PianistTransformer\data\midis\asap-dataset-master\Bach\Fugue\bwv_846\Shi05M.mid,asap_metadata_performance,tokenized_reconstructed,112.006,41,112006,Bach/Fugue/bwv_846/Shi05M.mid,Bach,Fugue_bwv_846,Bach/Fugue/bwv_846
C:\Users\eagle\MARG_research\third_party\PianistTransformer\data\midis\asap-dataset-master\Bach\Fugue\bwv_846\Shi05M.mid,asap_metadata_performance,tokenized_reconstructed,112.059,77,112059,Bach/Fugue/bwv_846/Shi05M.mid,Bach,Fugue_bwv_846,Bach/Fugue/bwv_846
C:\Users\eagle\MARG_research\third_party\PianistTransformer\data\midis\asap-dataset-master\Bach\Fugue\bwv_846\Shi05M.mid,asap_metadata_performance,tokenized_reconstructed,112.112,97,112112,Bach/Fugue/bwv_846/Shi05M.mid,Bach,Fugue_bwv_846,Bach/Fugue/bwv_846
C:\Users\eagle\MARG_research\third_party\PianistTransformer\data\midis\asap-dataset-master\Bach\Fugue\bwv_846\Shi05M.mid,asap_metadata_performance,tokenized_reconstructed,112.165,127,112165,Bach/Fugue/bwv_846/Shi05M.mid,Bach,Fugue_bwv_846,Bach/Fugue/bwv_846
C:\Users\eagle\MARG_research\third_party\PianistTransformer\data\midis\asap-dataset-master\Bach\Fugue\bwv_846\Shi05M.mid,asap_metadata_performance,tokenized_reconstructed,112.552,93,112552,Bach/Fugue/bwv_846/Shi05M.mid,Bach,Fugue_bwv_846,Bach/Fugue/bwv_846
C:\Users\eagle\MARG_research\third_party\PianistTransformer\data\midis\asap-dataset-master\Bach\Fugue\bwv_846\Shi05M.mid,asap_metadata_performance,tokenized_reconstructed,112.568,86,112568,Bach/Fugue/bwv_846/Shi05M.mid,Bach,Fugue_bwv_846,Bach/Fugue/bwv_846
C:\Users\eagle\MARG_research\third_party\PianistTransformer\data\midis\asap-dataset-master\Bach\Fugue\bwv_846\Shi05M.mid,asap_metadata_performance,tokenized_reconstructed,112.583,88,112583,Bach/Fugue/bwv_846/Shi05M.mid,Bach,Fugue_bwv_846,Bach/Fugue/bwv_846
C:\Users\eagle\MARG_research\third_party\PianistTransformer\data\midis\asap-dataset-master\Bach\Fugue\bwv_846\Shi05M.mid,asap_metadata_performance,tokenized_reconstructed,112.614,93,112614,Bach/Fugue/bwv_846/Shi05M.mid,Bach,Fugue_bwv_846,Bach/Fugue/bwv_846
C:\Users\eagle\MARG_research\third_party\PianistTransformer\data\midis\asap-dataset-master\Bach\Fugue\bwv_846\Shi05M.mid,asap_metadata_performance,tokenized_reconstructed,112.644,120,112644,Bach/Fugue/bwv_846/Shi05M.mid,Bach,Fugue_bwv_846,Bach/Fugue/bwv_846
C:\Users\eagle\MARG_research\third_party\PianistTransformer\data\midis\asap-dataset-master\Bach\Fugue\bwv_846\Shi05M.mid,asap_metadata_performance,tokenized_reconstructed,112.675,127,112675,Bach/Fugue/bwv_846/Shi05M.mid,Bach,Fugue_bwv_846,Bach/Fugue/bwv_846
C:\Users\eagle\MARG_research\third_party\PianistTransformer\data\midis\asap-dataset-master\Bach\Fugue\bwv_846\Shi05M.mid,asap_metadata_performance,tokenized_reconstructed,113.354,52,113354,Bach/Fugue/bwv_846/Shi05M.mid,Bach,Fugue_bwv_846,Bach/Fugue/bwv_846
C:\Users\eagle\MARG_research\third_party\PianistTransformer\data\midis\asap-dataset-master\Bach\Fugue\bwv_846\Shi05M.mid,asap_metadata_performance,tokenized_reconstructed,113.442,74,113442,Bach/Fugue/bwv_846/Shi05M.mid,Bach,Fugue_bwv_846,Bach/Fugue/bwv_846
C:\Users\eagle\MARG_research\third_party\PianistTransformer\data\midis\asap-dataset-master\Bach\Fugue\bwv_846\Shi05M.mid,asap_metadata_performance,tokenized_reconstructed,113.529,80,113529,Bach/Fugue/bwv_846/Shi05M.mid,Bach,Fugue_bwv_846,Bach/Fugue/bwv_846
C:\Users\eagle\MARG_research\third_party\PianistTransformer\data\midis\asap-dataset-master\Bach\Fugue\bwv_846\Shi05M.mid,asap_metadata_performance,tokenized_reconstructed,113.606,77,113606,Bach/Fugue/bwv_846/Shi05M.mid,Bach,Fugue_bwv_846,Bach/Fugue/bwv_846
C:\Users\eagle\MARG_research\third_party\PianistTransformer\data\midis\asap-dataset-master\Bach\Fugue\bwv_846\Shi05M.mid,asap_metadata_performance,tokenized_reconstructed,113.682,76,113682,Bach/Fugue/bwv_846/Shi05M.mid,Bach,Fugue_bwv_846,Bach/Fugue/bwv_846
C:\Users\eagle\MARG_research\third_party\PianistTransformer\data\midis\asap-dataset-master\Bach\Fugue\bwv_846\Shi05M.mid,asap_metadata_performance,tokenized_reconstructed,113.835,73,113835,Bach/Fugue/bwv_846/Shi05M.mid,Bach,Fugue_bwv_846,Bach/Fugue/bwv_846
C:\Users\eagle\MARG_research\third_party\PianistTransformer\data\midis\asap-dataset-master\Bach\Fugue\bwv_846\Shi05M.mid,asap_metadata_performance,tokenized_reconstructed,113.932,62,113932,Bach/Fugue/bwv_846/Shi05M.mid,Bach,Fugue_bwv_846,Bach/Fugue/bwv_846
C:\Users\eagle\MARG_research\third_party\PianistTransformer\data\midis\asap-dataset-master\Bach\Fugue\bwv_846\Shi05M.mid,asap_metadata_performance,tokenized_reconstructed,114.009,56,114009,Bach/Fugue/bwv_846/Shi05M.mid,Bach,Fugue_bwv_846,Bach/Fugue/bwv_846
C:\Users\eagle\MARG_research\third_party\PianistTransformer\data\midis\asap-dataset-master\Bach\Fugue\bwv_846\Shi05M.mid,asap_metadata_performance,tokenized_reconstructed,114.086,49,114086,Bach/Fugue/bwv_846/Shi05M.mid,Bach,Fugue_bwv_846,Bach/Fugue/bwv_846
C:\Users\eagle\MARG_research\third_party\PianistTransformer\data\midis\asap-dataset-master\Bach\Fugue\bwv_846\Shi05M.mid,asap_metadata_performance,tokenized_reconstructed,114.163,45,114163,Bach/Fugue/bwv_846/Shi05M.mid,Bach,Fugue_bwv_846,Bach/Fugue/bwv_846
C:\Users\eagle\MARG_research\third_party\PianistTransformer\data\midis\asap-dataset-master\Bach\Fugue\bwv_846\Shi05M.mid,asap_metadata_performance,tokenized_reconstructed,114.245,44,114245,Bach/Fugue/bwv_846/Shi05M.mid,Bach,Fugue_bwv_846,Bach/Fugue/bwv_846
C:\Users\eagle\MARG_research\third_party\PianistTransformer\data\midis\asap-dataset-master\Bach\Fugue\bwv_846\Shi05M.mid,asap_metadata_performance,tokenized_reconstructed,114.326,42,114326,Bach/Fugue/bwv_846/Shi05M.mid,Bach,Fugue_bwv_846,Bach/Fugue/bwv_846
C:\Users\eagle\MARG_research\third_party\PianistTransformer\data\midis\asap-dataset-master\Bach\Fugue\bwv_846\Shi05M.mid,asap_metadata_performance,tokenized_reconstructed,114.408,34,114408,Bach/Fugue/bwv_846/Shi05M.mid,Bach,Fugue_bwv_846,Bach/Fugue/bwv_846
C:\Users\eagle\MARG_research\third_party\PianistTransformer\data\midis\asap-dataset-master\Bach\Fugue\bwv_846\Shi05M.mid,asap_metadata_performance,tokenized_reconstructed,114.505,33,114505,Bach/Fugue/bwv_846/Shi05M.mid,Bach,Fugue_bwv_846,Bach/Fugue/bwv_846
C:\Users\eagle\MARG_research\third_party\PianistTransformer\data\midis\asap-dataset-master\Bach\Fugue\bwv_846\Shi05M.mid,asap_metadata_performance,tokenized_reconstructed,114.665,37,114665,Bach/Fugue/bwv_846/Shi05M.mid,Bach,Fugue_bwv_846,Bach/Fugue/bwv_846
C:\Users\eagle\MARG_research\third_party\PianistTransformer\data\midis\asap-dataset-master\Bach\Fugue\bwv_846\Shi05M.mid,asap_metadata_performance,tokenized_reconstructed,114.742,49,114742,Bach/Fugue/bwv_846/Shi05M.mid,Bach,Fugue_bwv_846,Bach/Fugue/bwv_846
C:\Users\eagle\MARG_research\third_party\PianistTransformer\data\midis\asap-dataset-master\Bach\Fugue\bwv_846\Shi05M.mid,asap_metadata_performance,tokenized_reconstructed,114.82,68,114820,Bach/Fugue/bwv_846/Shi05M.mid,Bach,Fugue_bwv_846,Bach/Fugue/bwv_846
C:\Users\eagle\MARG_research\third_party\PianistTransformer\data\midis\asap-dataset-master\Bach\Fugue\bwv_846\Shi05M.mid,asap_metadata_performance,tokenized_reconstructed,114.908,83,114908,Bach/Fugue/bwv_846/Shi05M.mid,Bach,Fugue_bwv_846,Bach/Fugue/bwv_846
C:\Users\eagle\MARG_research\third_party\PianistTransformer\data\midis\asap-dataset-master\Bach\Fugue\bwv_846\Shi05M.mid,asap_metadata_performance,tokenized_reconstructed,114.996,87,114996,Bach/Fugue/bwv_846/Shi05M.mid,Bach,Fugue_bwv_846,Bach/Fugue/bwv_846
C:\Users\eagle\MARG_research\third_party\PianistTransformer\data\midis\asap-dataset-master\Bach\Fugue\bwv_846\Shi05M.mid,asap_metadata_performance,tokenized_reconstructed,115.083,86,115083,Bach/Fugue/bwv_846/Shi05M.mid,Bach,Fugue_bwv_846,Bach/Fugue/bwv_846
C:\Users\eagle\MARG_research\third_party\PianistTransformer\data\midis\asap-dataset-master\Bach\Fugue\bwv_846\Shi05M.mid,asap_metadata_performance,tokenized_reconstructed,115.171,80,115171,Bach/Fugue/bwv_846/Shi05M.mid,Bach,Fugue_bwv_846,Bach/Fugue/bwv_846
C:\Users\eagle\MARG_research\third_party\PianistTransformer\data\midis\asap-dataset-master\Bach\Fugue\bwv_846\Shi05M.mid,asap_metadata_performance,tokenized_reconstructed,115.176,78,115176,Bach/Fugue/bwv_846/Shi05M.mid,Bach,Fugue_bwv_846,Bach/Fugue/bwv_846
C:\Users\eagle\MARG_research\third_party\PianistTransformer\data\midis\asap-dataset-master\Bach\Fugue\bwv_846\Shi05M.mid,asap_metadata_performance,tokenized_reconstructed,115.193,75,115193,Bach/Fugue/bwv_846/Shi05M.mid,Bach,Fugue_bwv_846,Bach/Fugue/bwv_846
C:\Users\eagle\MARG_research\third_party\PianistTransformer\data\midis\asap-dataset-master\Bach\Fugue\bwv_846\Shi05M.mid,asap_metadata_performance,tokenized_reconstructed,115.283,71,115283,Bach/Fugue/bwv_846/Shi05M.mid,Bach,Fugue_bwv_846,Bach/Fugue/bwv_846
C:\Users\eagle\MARG_research\third_party\PianistTransformer\data\midis\asap-dataset-master\Bach\Fugue\bwv_846\Shi05M.mid,asap_metadata_performance,tokenized_reconstructed,115.372,59,115372,Bach/Fugue/bwv_846/Shi05M.mid,Bach,Fugue_bwv_846,Bach/Fugue/bwv_846
C:\Users\eagle\MARG_research\third_party\PianistTransformer\data\midis\asap-dataset-master\Bach\Fugue\bwv_846\Shi05M.mid,asap_metadata_performance,tokenized_reconstructed,115.46,56,115460,Bach/Fugue/bwv_846/Shi05M.mid,Bach,Fugue_bwv_846,Bach/Fugue/bwv_846
C:\Users\eagle\MARG_research\third_party\PianistTransformer\data\midis\asap-dataset-master\Bach\Fugue\bwv_846\Shi05M.mid,asap_metadata_performance,tokenized_reconstructed,115.663,54,115663,Bach/Fugue/bwv_846/Shi05M.mid,Bach,Fugue_bwv_846,Bach/Fugue/bwv_846
C:\Users\eagle\MARG_research\third_party\PianistTransformer\data\midis\asap-dataset-master\Bach\Fugue\bwv_846\Shi05M.mid,asap_metadata_performance,tokenized_reconstructed,115.776,50,115776,Bach/Fugue/bwv_846/Shi05M.mid,Bach,Fugue_bwv_846,Bach/Fugue/bwv_846
C:\Users\eagle\MARG_research\third_party\PianistTransformer\data\midis\asap-dataset-master\Bach\Fugue\bwv_846\Shi05M.mid,asap_metadata_performance,tokenized_reconstructed,115.89,48,115890,Bach/Fugue/bwv_846/Shi05M.mid,Bach,Fugue_bwv_846,Bach/Fugue/bwv_846
C:\Users\eagle\MARG_research\third_party\PianistTransformer\data\midis\asap-dataset-master\Bach\Fugue\bwv_846\Shi05M.mid,asap_metadata_performance,tokenized_reconstructed,116.004,44,116004,Bach/Fugue/bwv_846/Shi05M.mid,Bach,Fugue_bwv_846,Bach/Fugue/bwv_846
C:\Users\eagle\MARG_research\third_party\PianistTransformer\data\midis\asap-dataset-master\Bach\Fugue\bwv_846\Shi05M.mid,asap_metadata_performance,tokenized_reconstructed,116.013,41,116013,Bach/Fugue/bwv_846/Shi05M.mid,Bach,Fugue_bwv_846,Bach/Fugue/bwv_846
C:\Users\eagle\MARG_research\third_party\PianistTransformer\data\midis\asap-dataset-master\Bach\Fugue\bwv_846\Shi05M.mid,asap_metadata_performance,tokenized_reconstructed,116.23,0,116230,Bach/Fugue/bwv_846/Shi05M.mid,Bach,Fugue_bwv_846,Bach/Fugue/bwv_846
C:\Users\eagle\MARG_research\third_party\PianistTransformer\data\midis\asap-dataset-master\Bach\Fugue\bwv_846\Shi05M.mid,asap_metadata_performance,tokenized_reconstructed,117.118,38,117118,Bach/Fugue/bwv_846/Shi05M.mid,Bach,Fugue_bwv_846,Bach/Fugue/bwv_846
C:\Users\eagle\MARG_research\third_party\PianistTransformer\data\midis\asap-dataset-master\Bach\Fugue\bwv_846\Shi05M.mid,asap_metadata_performance,tokenized_reconstructed,117.353,127,117353,Bach/Fugue/bwv_846/Shi05M.mid,Bach,Fugue_bwv_846,Bach/Fugue/bwv_846
C:\Users\eagle\MARG_research\third_party\PianistTransformer\data\midis\asap-dataset-master\Bach\Fugue\bwv_846\Shi05M.mid,asap_metadata_performance,tokenized_reconstructed,118.098,0,118098,Bach/Fugue/bwv_846/Shi05M.mid,Bach,Fugue_bwv_846,Bach/Fugue/bwv_846
C:\Users\eagle\MARG_research\third_party\PianistTransformer\data\midis\asap-dataset-master\Bach\Fugue\bwv_846\Shi05M.mid,asap_metadata_performance,tokenized_reconstructed,118.362,127,118362,Bach/Fugue/bwv_846/Shi05M.mid,Bach,Fugue_bwv_846,Bach/Fugue/bwv_846
C:\Users\eagle\MARG_research\third_party\PianistTransformer\data\midis\asap-dataset-master\Bach\Fugue\bwv_846\Shi05M.mid,asap_metadata_performance,tokenized_reconstructed,119.07,94,119070,Bach/Fugue/bwv_846/Shi05M.mid,Bach,Fugue_bwv_846,Bach/Fugue/bwv_846
C:\Users\eagle\MARG_research\third_party\PianistTransformer\data\midis\asap-dataset-master\Bach\Fugue\bwv_846\Shi05M.mid,asap_metadata_performance,tokenized_reconstructed,119.251,88,119251,Bach/Fugue/bwv_846/Shi05M.mid,Bach,Fugue_bwv_846,Bach/Fugue/bwv_846
C:\Users\eagle\MARG_research\third_party\PianistTransformer\data\midis\asap-dataset-master\Bach\Fugue\bwv_846\Shi05M.mid,asap_metadata_performance,tokenized_reconstructed,119.432,85,119432,Bach/Fugue/bwv_846/Shi05M.mid,Bach,Fugue_bwv_846,Bach/Fugue/bwv_846
C:\Users\eagle\MARG_research\third_party\PianistTransformer\data\midis\asap-dataset-master\Bach\Fugue\bwv_846\Shi05M.mid,asap_metadata_performance,tokenized_reconstructed,119.613,78,119613,Bach/Fugue/bwv_846/Shi05M.mid,Bach,Fugue_bwv_846,Bach/Fugue/bwv_846
C:\Users\eagle\MARG_research\third_party\PianistTransformer\data\midis\asap-dataset-master\Bach\Fugue\bwv_846\Shi05M.mid,asap_metadata_performance,tokenized_reconstructed,119.799,64,119799,Bach/Fugue/bwv_846/Shi05M.mid,Bach,Fugue_bwv_846,Bach/Fugue/bwv_846
C:\Users\eagle\MARG_research\third_party\PianistTransformer\data\midis\asap-dataset-master\Bach\Fugue\bwv_846\Shi05M.mid,asap_metadata_performance,tokenized_reconstructed,119.968,58,119968,Bach/Fugue/bwv_846/Shi05M.mid,Bach,Fugue_bwv_846,Bach/Fugue/bwv_846
C:\Users\eagle\MARG_research\third_party\PianistTransformer\data\midis\asap-dataset-master\Bach\Fugue\bwv_846\Shi05M.mid,asap_metadata_performance,tokenized_reconstructed,120.136,56,120136,Bach/Fugue/bwv_846/Shi05M.mid,Bach,Fugue_bwv_846,Bach/Fugue/bwv_846
C:\Users\eagle\MARG_research\third_party\PianistTransformer\data\midis\asap-dataset-master\Bach\Fugue\bwv_846\Shi05M.mid,asap_metadata_performance,tokenized_reconstructed,120.305,54,120305,Bach/Fugue/bwv_846/Shi05M.mid,Bach,Fugue_bwv_846,Bach/Fugue/bwv_846
C:\Users\eagle\MARG_research\third_party\PianistTransformer\data\midis\asap-dataset-master\Bach\Fugue\bwv_846\Shi05M.mid,asap_metadata_performance,tokenized_reconstructed,120.496,53,120496,Bach/Fugue/bwv_846/Shi05M.mid,Bach,Fugue_bwv_846,Bach/Fugue/bwv_846
C:\Users\eagle\MARG_research\third_party\PianistTransformer\data\midis\asap-dataset-master\Bach\Fugue\bwv_846\Shi05M.mid,asap_metadata_performance,tokenized_reconstructed,121.196,51,121196,Bach/Fugue/bwv_846/Shi05M.mid,Bach,Fugue_bwv_846,Bach/Fugue/bwv_846
C:\Users\eagle\MARG_research\third_party\PianistTransformer\data\midis\asap-dataset-master\Bach\Fugue\bwv_846\Shi05M.mid,asap_metadata_performance,tokenized_reconstructed,123.209,50,123209,Bach/Fugue/bwv_846/Shi05M.mid,Bach,Fugue_bwv_846,Bach/Fugue/bwv_846
C:\Users\eagle\MARG_research\third_party\PianistTransformer\data\midis\asap-dataset-master\Bach\Fugue\bwv_846\Shi05M.mid,asap_metadata_performance,tokenized_reconstructed,123.38,49,123380,Bach/Fugue/bwv_846/Shi05M.mid,Bach,Fugue_bwv_846,Bach/Fugue/bwv_846
C:\Users\eagle\MARG_research\third_party\PianistTransformer\data\midis\asap-dataset-master\Bach\Fugue\bwv_846\Shi05M.mid,asap_metadata_performance,tokenized_reconstructed,124.675,52,124675,Bach/Fugue/bwv_846/Shi05M.mid,Bach,Fugue_bwv_846,Bach/Fugue/bwv_846
C:\Users\eagle\MARG_research\third_party\PianistTransformer\data\midis\asap-dataset-master\Bach\Fugue\bwv_846\Shi05M.mid,asap_metadata_performance,tokenized_reconstructed,124.757,64,124757,Bach/Fugue/bwv_846/Shi05M.mid,Bach,Fugue_bwv_846,Bach/Fugue/bwv_846
C:\Users\eagle\MARG_research\third_party\PianistTransformer\data\midis\asap-dataset-master\Bach\Fugue\bwv_846\Shi05M.mid,asap_metadata_performance,tokenized_reconstructed,124.793,65,124793,Bach/Fugue/bwv_846/Shi05M.mid,Bach,Fugue_bwv_846,Bach/Fugue/bwv_846
C:\Users\eagle\MARG_research\third_party\PianistTransformer\data\midis\asap-dataset-master\Bach\Fugue\bwv_846\Shi05M.mid,asap_metadata_performance,tokenized_reconstructed,124.83,66,124830,Bach/Fugue/bwv_846/Shi05M.mid,Bach,Fugue_bwv_846,Bach/Fugue/bwv_846
C:\Users\eagle\MARG_research\third_party\PianistTransformer\data\midis\asap-dataset-master\Bach\Fugue\bwv_846\Shi05M.mid,asap_metadata_performance,tokenized_reconstructed,124.94,65,124940,Bach/Fugue/bwv_846/Shi05M.mid,Bach,Fugue_bwv_846,Bach/Fugue/bwv_846
C:\Users\eagle\MARG_research\third_party\PianistTransformer\data\midis\asap-dataset-master\Bach\Fugue\bwv_846\Shi05M.mid,asap_metadata_performance,tokenized_reconstructed,124.978,63,124978,Bach/Fugue/bwv_846/Shi05M.mid,Bach,Fugue_bwv_846,Bach/Fugue/bwv_846
C:\Users\eagle\MARG_research\third_party\PianistTransformer\data\midis\asap-dataset-master\Bach\Fugue\bwv_846\Shi05M.mid,asap_metadata_performance,tokenized_reconstructed,125.015,62,125015,Bach/Fugue/bwv_846/Shi05M.mid,Bach,Fugue_bwv_846,Bach/Fugue/bwv_846
C:\Users\eagle\MARG_research\third_party\PianistTransformer\data\midis\asap-dataset-master\Bach\Fugue\bwv_846\Shi05M.mid,asap_metadata_performance,tokenized_reconstructed,125.053,61,125053,Bach/Fugue/bwv_846/Shi05M.mid,Bach,Fugue_bwv_846,Bach/Fugue/bwv_846
C:\Users\eagle\MARG_research\third_party\PianistTransformer\data\midis\asap-dataset-master\Bach\Fugue\bwv_846\Shi05M.mid,asap_metadata_performance,tokenized_reconstructed,125.138,58,125138,Bach/Fugue/bwv_846/Shi05M.mid,Bach,Fugue_bwv_846,Bach/Fugue/bwv_846
C:\Users\eagle\MARG_research\third_party\PianistTransformer\data\midis\asap-dataset-master\Bach\Fugue\bwv_846\Shi05M.mid,asap_metadata_performance,tokenized_reconstructed,125.216,57,125216,Bach/Fugue/bwv_846/Shi05M.mid,Bach,Fugue_bwv_846,Bach/Fugue/bwv_846
C:\Users\eagle\MARG_research\third_party\PianistTransformer\data\midis\asap-dataset-master\Bach\Fugue\bwv_846\Shi05M.mid,asap_metadata_performance,tokenized_reconstructed,125.371,56,125371,Bach/Fugue/bwv_846/Shi05M.mid,Bach,Fugue_bwv_846,Bach/Fugue/bwv_846
C:\Users\eagle\MARG_research\third_party\PianistTransformer\data\midis\asap-dataset-master\Bach\Fugue\bwv_846\Shi05M.mid,asap_metadata_performance,tokenized_reconstructed,125.446,55,125446,Bach/Fugue/bwv_846/Shi05M.mid,Bach,Fugue_bwv_846,Bach/Fugue/bwv_846
C:\Users\eagle\MARG_research\third_party\PianistTransformer\data\midis\asap-dataset-master\Bach\Fugue\bwv_846\Shi05M.mid,asap_metadata_performance,tokenized_reconstructed,125.842,56,125842,Bach/Fugue/bwv_846/Shi05M.mid,Bach,Fugue_bwv_846,Bach/Fugue/bwv_846
C:\Users\eagle\MARG_research\third_party\PianistTransformer\data\midis\asap-dataset-master\Bach\Fugue\bwv_846\Shi05M.mid,asap_metadata_performance,tokenized_reconstructed,125.993,57,125993,Bach/Fugue/bwv_846/Shi05M.mid,Bach,Fugue_bwv_846,Bach/Fugue/bwv_846
C:\Users\eagle\MARG_research\third_party\PianistTransformer\data\midis\asap-dataset-master\Bach\Fugue\bwv_846\Shi05M.mid,asap_metadata_performance,tokenized_reconstructed,126.069,58,126069,Bach/Fugue/bwv_846/Shi05M.mid,Bach,Fugue_bwv_846,Bach/Fugue/bwv_846
C:\Users\eagle\MARG_research\third_party\PianistTransformer\data\midis\asap-dataset-master\Bach\Fugue\bwv_846\Shi05M.mid,asap_metadata_performance,tokenized_reconstructed,126.146,60,126146,Bach/Fugue/bwv_846/Shi05M.mid,Bach,Fugue_bwv_846,Bach/Fugue/bwv_846
C:\Users\eagle\MARG_research\third_party\PianistTransformer\data\midis\asap-dataset-master\Bach\Fugue\bwv_846\Shi05M.mid,asap_metadata_performance,tokenized_reconstructed,126.298,61,126298,Bach/Fugue/bwv_846/Shi05M.mid,Bach,Fugue_bwv_846,Bach/Fugue/bwv_846
C:\Users\eagle\MARG_research\third_party\PianistTransformer\data\midis\asap-dataset-master\Bach\Fugue\bwv_846\Shi05M.mid,asap_metadata_performance,tokenized_reconstructed,126.303,62,126303,Bach/Fugue/bwv_846/Shi05M.mid,Bach,Fugue_bwv_846,Bach/Fugue/bwv_846
C:\Users\eagle\MARG_research\third_party\PianistTransformer\data\midis\asap-dataset-master\Bach\Fugue\bwv_846\Shi05M.mid,asap_metadata_performance,tokenized_reconstructed,126.395,84,126395,Bach/Fugue/bwv_846/Shi05M.mid,Bach,Fugue_bwv_846,Bach/Fugue/bwv_846
C:\Users\eagle\MARG_research\third_party\PianistTransformer\data\midis\asap-dataset-master\Bach\Fugue\bwv_846\Shi05M.mid,asap_metadata_performance,tokenized_reconstructed,126.472,127,126472,Bach/Fugue/bwv_846/Shi05M.mid,Bach,Fugue_bwv_846,Bach/Fugue/bwv_846
C:\Users\eagle\MARG_research\third_party\PianistTransformer\data\midis\asap-dataset-master\Bach\Fugue\bwv_846\Shi05M.mid,asap_metadata_performance,tokenized_reconstructed,126.97,107,126970,Bach/Fugue/bwv_846/Shi05M.mid,Bach,Fugue_bwv_846,Bach/Fugue/bwv_846
C:\Users\eagle\MARG_research\third_party\PianistTransformer\data\midis\asap-dataset-master\Bach\Fugue\bwv_846\Shi05M.mid,asap_metadata_performance,tokenized_reconstructed,126.973,102,126973,Bach/Fugue/bwv_846/Shi05M.mid,Bach,Fugue_bwv_846,Bach/Fugue/bwv_846
C:\Users\eagle\MARG_research\third_party\PianistTransformer\data\midis\asap-dataset-master\Bach\Fugue\bwv_846\Shi05M.mid,asap_metadata_performance,tokenized_reconstructed,127.068,86,127068,Bach/Fugue/bwv_846/Shi05M.mid,Bach,Fugue_bwv_846,Bach/Fugue/bwv_846
C:\Users\eagle\MARG_research\third_party\PianistTransformer\data\midis\asap-dataset-master\Bach\Fugue\bwv_846\Shi05M.mid,asap_metadata_performance,tokenized_reconstructed,127.153,66,127153,Bach/Fugue/bwv_846/Shi05M.mid,Bach,Fugue_bwv_846,Bach/Fugue/bwv_846
C:\Users\eagle\MARG_research\third_party\PianistTransformer\data\midis\asap-dataset-master\Bach\Fugue\bwv_846\Shi05M.mid,asap_metadata_performance,tokenized_reconstructed,127.238,52,127238,Bach/Fugue/bwv_846/Shi05M.mid,Bach,Fugue_bwv_846,Bach/Fugue/bwv_846
C:\Users\eagle\MARG_research\third_party\PianistTransformer\data\midis\asap-dataset-master\Bach\Fugue\bwv_846\Shi05M.mid,asap_metadata_performance,tokenized_reconstructed,127.323,50,127323,Bach/Fugue/bwv_846/Shi05M.mid,Bach,Fugue_bwv_846,Bach/Fugue/bwv_846
C:\Users\eagle\MARG_research\third_party\PianistTransformer\data\midis\asap-dataset-master\Bach\Fugue\bwv_846\Shi05M.mid,asap_metadata_performance,tokenized_reconstructed,127.422,49,127422,Bach/Fugue/bwv_846/Shi05M.mid,Bach,Fugue_bwv_846,Bach/Fugue/bwv_846
C:\Users\eagle\MARG_research\third_party\PianistTransformer\data\midis\asap-dataset-master\Bach\Fugue\bwv_846\Shi05M.mid,asap_metadata_performance,tokenized_reconstructed,128.456,50,128456,Bach/Fugue/bwv_846/Shi05M.mid,Bach,Fugue_bwv_846,Bach/Fugue/bwv_846
C:\Users\eagle\MARG_research\third_party\PianistTransformer\data\midis\asap-dataset-master\Bach\Fugue\bwv_846\Shi05M.mid,asap_metadata_performance,tokenized_reconstructed,128.542,53,128542,Bach/Fugue/bwv_846/Shi05M.mid,Bach,Fugue_bwv_846,Bach/Fugue/bwv_846
C:\Users\eagle\MARG_research\third_party\PianistTransformer\data\midis\asap-dataset-master\Bach\Fugue\bwv_846\Shi05M.mid,asap_metadata_performance,tokenized_reconstructed,128.629,56,128629,Bach/Fugue/bwv_846/Shi05M.mid,Bach,Fugue_bwv_846,Bach/Fugue/bwv_846
C:\Users\eagle\MARG_research\third_party\PianistTransformer\data\midis\asap-dataset-master\Bach\Fugue\bwv_846\Shi05M.mid,asap_metadata_performance,tokenized_reconstructed,128.715,60,128715,Bach/Fugue/bwv_846/Shi05M.mid,Bach,Fugue_bwv_846,Bach/Fugue/bwv_846
C:\Users\eagle\MARG_research\third_party\PianistTransformer\data\midis\asap-dataset-master\Bach\Fugue\bwv_846\Shi05M.mid,asap_metadata_performance,tokenized_reconstructed,128.717,61,128717,Bach/Fugue/bwv_846/Shi05M.mid,Bach,Fugue_bwv_846,Bach/Fugue/bwv_846
C:\Users\eagle\MARG_research\third_party\PianistTransformer\data\midis\asap-dataset-master\Bach\Fugue\bwv_846\Shi05M.mid,asap_metadata_performance,tokenized_reconstructed,128.828,76,128828,Bach/Fugue/bwv_846/Shi05M.mid,Bach,Fugue_bwv_846,Bach/Fugue/bwv_846
C:\Users\eagle\MARG_research\third_party\PianistTransformer\data\midis\asap-dataset-master\Bach\Fugue\bwv_846\Shi05M.mid,asap_metadata_performance,tokenized_reconstructed,128.932,105,128932,Bach/Fugue/bwv_846/Shi05M.mid,Bach,Fugue_bwv_846,Bach/Fugue/bwv_846
C:\Users\eagle\MARG_research\third_party\PianistTransformer\data\midis\asap-dataset-master\Bach\Fugue\bwv_846\Shi05M.mid,asap_metadata_performance,tokenized_reconstructed,129.036,113,129036,Bach/Fugue/bwv_846/Shi05M.mid,Bach,Fugue_bwv_846,Bach/Fugue/bwv_846
C:\Users\eagle\MARG_research\third_party\PianistTransformer\data\midis\asap-dataset-master\Bach\Fugue\bwv_846\Shi05M.mid,asap_metadata_performance,tokenized_reconstructed,129.141,101,129141,Bach/Fugue/bwv_846/Shi05M.mid,Bach,Fugue_bwv_846,Bach/Fugue/bwv_846
C:\Users\eagle\MARG_research\third_party\PianistTransformer\data\midis\asap-dataset-master\Bach\Fugue\bwv_846\Shi05M.mid,asap_metadata_performance,tokenized_reconstructed,129.151,98,129151,Bach/Fugue/bwv_846/Shi05M.mid,Bach,Fugue_bwv_846,Bach/Fugue/bwv_846
C:\Users\eagle\MARG_research\third_party\PianistTransformer\data\midis\asap-dataset-master\Bach\Fugue\bwv_846\Shi05M.mid,asap_metadata_performance,tokenized_reconstructed,129.271,78,129271,Bach/Fugue/bwv_846/Shi05M.mid,Bach,Fugue_bwv_846,Bach/Fugue/bwv_846
C:\Users\eagle\MARG_research\third_party\PianistTransformer\data\midis\asap-dataset-master\Bach\Fugue\bwv_846\Shi05M.mid,asap_metadata_performance,tokenized_reconstructed,129.388,56,129388,Bach/Fugue/bwv_846/Shi05M.mid,Bach,Fugue_bwv_846,Bach/Fugue/bwv_846
C:\Users\eagle\MARG_research\third_party\PianistTransformer\data\midis\asap-dataset-master\Bach\Fugue\bwv_846\Shi05M.mid,asap_metadata_performance,tokenized_reconstructed,129.504,52,129504,Bach/Fugue/bwv_846/Shi05M.mid,Bach,Fugue_bwv_846,Bach/Fugue/bwv_846
C:\Users\eagle\MARG_research\third_party\PianistTransformer\data\midis\asap-dataset-master\Bach\Fugue\bwv_846\Shi05M.mid,asap_metadata_performance,tokenized_reconstructed,132.96,51,132960,Bach/Fugue/bwv_846/Shi05M.mid,Bach,Fugue_bwv_846,Bach/Fugue/bwv_846
C:\Users\eagle\MARG_research\third_party\PianistTransformer\data\midis\asap-dataset-master\Bach\Fugue\bwv_846\Shi05M.mid,asap_metadata_performance,tokenized_reconstructed,133.63,50,133630,Bach/Fugue/bwv_846/Shi05M.mid,Bach,Fugue_bwv_846,Bach/Fugue/bwv_846
C:\Users\eagle\MARG_research\third_party\PianistTransformer\data\midis\asap-dataset-master\Bach\Fugue\bwv_846\Shi05M.mid,asap_metadata_performance,tokenized_reconstructed,133.821,49,133821,Bach/Fugue/bwv_846/Shi05M.mid,Bach,Fugue_bwv_846,Bach/Fugue/bwv_846
C:\Users\eagle\MARG_research\third_party\PianistTransformer\data\midis\asap-dataset-master\Bach\Fugue\bwv_846\Shi05M.mid,asap_metadata_performance,tokenized_reconstructed,133.917,48,133917,Bach/Fugue/bwv_846/Shi05M.mid,Bach,Fugue_bwv_846,Bach/Fugue/bwv_846
C:\Users\eagle\MARG_research\third_party\PianistTransformer\data\midis\asap-dataset-master\Bach\Fugue\bwv_846\Shi05M.mid,asap_metadata_performance,tokenized_reconstructed,134.012,47,134012,Bach/Fugue/bwv_846/Shi05M.mid,Bach,Fugue_bwv_846,Bach/Fugue/bwv_846
C:\Users\eagle\MARG_research\third_party\PianistTransformer\data\midis\asap-dataset-master\Bach\Fugue\bwv_846\Shi05M.mid,asap_metadata_performance,tokenized_reconstructed,134.107,46,134107,Bach/Fugue/bwv_846/Shi05M.mid,Bach,Fugue_bwv_846,Bach/Fugue/bwv_846
C:\Users\eagle\MARG_research\third_party\PianistTransformer\data\midis\asap-dataset-master\Bach\Fugue\bwv_846\Shi05M.mid,asap_metadata_performance,tokenized_reconstructed,134.202,45,134202,Bach/Fugue/bwv_846/Shi05M.mid,Bach,Fugue_bwv_846,Bach/Fugue/bwv_846
C:\Users\eagle\MARG_research\third_party\PianistTransformer\data\midis\asap-dataset-master\Bach\Fugue\bwv_846\Shi05M.mid,asap_metadata_performance,tokenized_reconstructed,134.297,44,134297,Bach/Fugue/bwv_846/Shi05M.mid,Bach,Fugue_bwv_846,Bach/Fugue/bwv_846
C:\Users\eagle\MARG_research\third_party\PianistTransformer\data\midis\asap-dataset-master\Bach\Fugue\bwv_846\Shi05M.mid,asap_metadata_performance,tokenized_reconstructed,134.391,43,134391,Bach/Fugue/bwv_846/Shi05M.mid,Bach,Fugue_bwv_846,Bach/Fugue/bwv_846
C:\Users\eagle\MARG_research\third_party\PianistTransformer\data\midis\asap-dataset-master\Bach\Fugue\bwv_846\Shi05M.mid,asap_metadata_performance,tokenized_reconstructed,135.181,46,135181,Bach/Fugue/bwv_846/Shi05M.mid,Bach,Fugue_bwv_846,Bach/Fugue/bwv_846
C:\Users\eagle\MARG_research\third_party\PianistTransformer\data\midis\asap-dataset-master\Bach\Fugue\bwv_846\Shi05M.mid,asap_metadata_performance,tokenized_reconstructed,135.29,50,135290,Bach/Fugue/bwv_846/Shi05M.mid,Bach,Fugue_bwv_846,Bach/Fugue/bwv_846
C:\Users\eagle\MARG_research\third_party\PianistTransformer\data\midis\asap-dataset-master\Bach\Fugue\bwv_846\Shi05M.mid,asap_metadata_performance,tokenized_reconstructed,135.399,59,135399,Bach/Fugue/bwv_846/Shi05M.mid,Bach,Fugue_bwv_846,Bach/Fugue/bwv_846
C:\Users\eagle\MARG_research\third_party\PianistTransformer\data\midis\asap-dataset-master\Bach\Fugue\bwv_846\Shi05M.mid,asap_metadata_performance,tokenized_reconstructed,135.508,69,135508,Bach/Fugue/bwv_846/Shi05M.mid,Bach,Fugue_bwv_846,Bach/Fugue/bwv_846
C:\Users\eagle\MARG_research\third_party\PianistTransformer\data\midis\asap-dataset-master\Bach\Fugue\bwv_846\Shi05M.mid,asap_metadata_performance,tokenized_reconstructed,135.643,97,135643,Bach/Fugue/bwv_846/Shi05M.mid,Bach,Fugue_bwv_846,Bach/Fugue/bwv_846
C:\Users\eagle\MARG_research\third_party\PianistTransformer\data\midis\asap-dataset-master\Bach\Fugue\bwv_846\Shi05M.mid,asap_metadata_performance,tokenized_reconstructed,135.778,100,135778,Bach/Fugue/bwv_846/Shi05M.mid,Bach,Fugue_bwv_846,Bach/Fugue/bwv_846
C:\Users\eagle\MARG_research\third_party\PianistTransformer\data\midis\asap-dataset-master\Bach\Fugue\bwv_846\Shi05M.mid,asap_metadata_performance,tokenized_reconstructed,136.048,89,136048,Bach/Fugue/bwv_846/Shi05M.mid,Bach,Fugue_bwv_846,Bach/Fugue/bwv_846
C:\Users\eagle\MARG_research\third_party\PianistTransformer\data\midis\asap-dataset-master\Bach\Fugue\bwv_846\Shi05M.mid,asap_metadata_performance,tokenized_reconstructed,136.054,88,136054,Bach/Fugue/bwv_846/Shi05M.mid,Bach,Fugue_bwv_846,Bach/Fugue/bwv_846
C:\Users\eagle\MARG_research\third_party\PianistTransformer\data\midis\asap-dataset-master\Bach\Fugue\bwv_846\Shi05M.mid,asap_metadata_performance,tokenized_reconstructed,136.074,86,136074,Bach/Fugue/bwv_846/Shi05M.mid,Bach,Fugue_bwv_846,Bach/Fugue/bwv_846
C:\Users\eagle\MARG_research\third_party\PianistTransformer\data\midis\asap-dataset-master\Bach\Fugue\bwv_846\Shi05M.mid,asap_metadata_performance,tokenized_reconstructed,136.153,78,136153,Bach/Fugue/bwv_846/Shi05M.mid,Bach,Fugue_bwv_846,Bach/Fugue/bwv_846
C:\Users\eagle\MARG_research\third_party\PianistTransformer\data\midis\asap-dataset-master\Bach\Fugue\bwv_846\Shi05M.mid,asap_metadata_performance,tokenized_reconstructed,136.232,73,136232,Bach/Fugue/bwv_846/Shi05M.mid,Bach,Fugue_bwv_846,Bach/Fugue/bwv_846
C:\Users\eagle\MARG_research\third_party\PianistTransformer\data\midis\asap-dataset-master\Bach\Fugue\bwv_846\Shi05M.mid,asap_metadata_performance,tokenized_reconstructed,136.312,68,136312,Bach/Fugue/bwv_846/Shi05M.mid,Bach,Fugue_bwv_846,Bach/Fugue/bwv_846
C:\Users\eagle\MARG_research\third_party\PianistTransformer\data\midis\asap-dataset-master\Bach\Fugue\bwv_846\Shi05M.mid,asap_metadata_performance,tokenized_reconstructed,136.391,63,136391,Bach/Fugue/bwv_846/Shi05M.mid,Bach,Fugue_bwv_846,Bach/Fugue/bwv_846
C:\Users\eagle\MARG_research\third_party\PianistTransformer\data\midis\asap-dataset-master\Bach\Fugue\bwv_846\Shi05M.mid,asap_metadata_performance,tokenized_reconstructed,136.454,61,136454,Bach/Fugue/bwv_846/Shi05M.mid,Bach,Fugue_bwv_846,Bach/Fugue/bwv_846
C:\Users\eagle\MARG_research\third_party\PianistTransformer\data\midis\asap-dataset-master\Bach\Fugue\bwv_846\Shi05M.mid,asap_metadata_performance,tokenized_reconstructed,136.516,58,136516,Bach/Fugue/bwv_846/Shi05M.mid,Bach,Fugue_bwv_846,Bach/Fugue/bwv_846
C:\Users\eagle\MARG_research\third_party\PianistTransformer\data\midis\asap-dataset-master\Bach\Fugue\bwv_846\Shi05M.mid,asap_metadata_performance,tokenized_reconstructed,136.578,57,136578,Bach/Fugue/bwv_846/Shi05M.mid,Bach,Fugue_bwv_846,Bach/Fugue/bwv_846
C:\Users\eagle\MARG_research\third_party\PianistTransformer\data\midis\asap-dataset-master\Bach\Fugue\bwv_846\Shi05M.mid,asap_metadata_performance,tokenized_reconstructed,136.641,54,136641,Bach/Fugue/bwv_846/Shi05M.mid,Bach,Fugue_bwv_846,Bach/Fugue/bwv_846
C:\Users\eagle\MARG_research\third_party\PianistTransformer\data\midis\asap-dataset-master\Bach\Fugue\bwv_846\Shi05M.mid,asap_metadata_performance,tokenized_reconstructed,136.698,53,136698,Bach/Fugue/bwv_846/Shi05M.mid,Bach,Fugue_bwv_846,Bach/Fugue/bwv_846
C:\Users\eagle\MARG_research\third_party\PianistTransformer\data\midis\asap-dataset-master\Bach\Fugue\bwv_846\Shi05M.mid,asap_metadata_performance,tokenized_reconstructed,136.813,51,136813,Bach/Fugue/bwv_846/Shi05M.mid,Bach,Fugue_bwv_846,Bach/Fugue/bwv_846
C:\Users\eagle\MARG_research\third_party\PianistTransformer\data\midis\asap-dataset-master\Bach\Fugue\bwv_846\Shi05M.mid,asap_metadata_performance,tokenized_reconstructed,136.87,50,136870,Bach/Fugue/bwv_846/Shi05M.mid,Bach,Fugue_bwv_846,Bach/Fugue/bwv_846
C:\Users\eagle\MARG_research\third_party\PianistTransformer\data\midis\asap-dataset-master\Bach\Fugue\bwv_846\Shi05M.mid,asap_metadata_performance,tokenized_reconstructed,136.999,49,136999,Bach/Fugue/bwv_846/Shi05M.mid,Bach,Fugue_bwv_846,Bach/Fugue/bwv_846
C:\Users\eagle\MARG_research\third_party\PianistTransformer\data\midis\asap-dataset-master\Bach\Fugue\bwv_846\Shi05M.mid,asap_metadata_performance,tokenized_reconstructed,137.128,48,137128,Bach/Fugue/bwv_846/Shi05M.mid,Bach,Fugue_bwv_846,Bach/Fugue/bwv_846
C:\Users\eagle\MARG_research\third_party\PianistTransformer\data\midis\asap-dataset-master\Bach\Fugue\bwv_846\Shi05M.mid,asap_metadata_performance,tokenized_reconstructed,137.237,47,137237,Bach/Fugue/bwv_846/Shi05M.mid,Bach,Fugue_bwv_846,Bach/Fugue/bwv_846
C:\Users\eagle\MARG_research\third_party\PianistTransformer\data\midis\asap-dataset-master\Bach\Fugue\bwv_846\Shi05M.mid,asap_metadata_performance,tokenized_reconstructed,137.677,46,137677,Bach/Fugue/bwv_846/Shi05M.mid,Bach,Fugue_bwv_846,Bach/Fugue/bwv_846
C:\Users\eagle\MARG_research\third_party\PianistTransformer\data\midis\asap-dataset-master\Bach\Fugue\bwv_846\Shi05M.mid,asap_metadata_performance,tokenized_reconstructed,139.809,48,139809,Bach/Fugue/bwv_846/Shi05M.mid,Bach,Fugue_bwv_846,Bach/Fugue/bwv_846
C:\Users\eagle\MARG_research\third_party\PianistTransformer\data\midis\asap-dataset-master\Bach\Fugue\bwv_846\Shi05M.mid,asap_metadata_performance,tokenized_reconstructed,140.074,118,140074,Bach/Fugue/bwv_846/Shi05M.mid,Bach,Fugue_bwv_846,Bach/Fugue/bwv_846
C:\Users\eagle\MARG_research\third_party\PianistTransformer\data\midis\asap-dataset-master\Bach\Fugue\bwv_846\Shi05M.mid,asap_metadata_performance,tokenized_reconstructed,140.338,127,140338,Bach/Fugue/bwv_846/Shi05M.mid,Bach,Fugue_bwv_846,Bach/Fugue/bwv_846
C:\Users\eagle\MARG_research\third_party\PianistTransformer\data\midis\asap-dataset-master\Bach\Fugue\bwv_846\Shi05M.mid,asap_metadata_performance,tokenized_reconstructed,144.628,83,144628,Bach/Fugue/bwv_846/Shi05M.mid,Bach,Fugue_bwv_846,Bach/Fugue/bwv_846
