file,candidate_source,note_index,pitch,ioi_from_prev_ticks,ioi_from_prev_sec,velocity,duration_ticks,duration_sec,onset_tick,onset_sec,next_ioi_ticks,next_ioi_sec,pedal1,pedal1_sample_tick,pedal1_sample_time_sec,pedal2,pedal2_sample_tick,pedal2_sample_time_sec,pedal3,pedal3_sample_tick,pedal3_sample_time_sec,pedal4,pedal4_sample_tick,pedal4_sample_time_sec,relative_path,composer,title,folder
C:\Users\eagle\MARG_research\third_party\PianistTransformer\data\midis\asap-dataset-master\Bach\Fugue\bwv_846\Shi05M.mid,asap_metadata_performance,0,60,500,0.5,36,848,0.848,500,0.5,595,0.595,48,500.0,0.5,48,648.75,0.64875,47,797.5,0.7975,46,946.25,0.94625,Bach/Fugue/bwv_846/Shi05M.mid,Bach,Fugue_bwv_846,Bach/Fugue/bwv_846
C:\Users\eagle\MARG_research\third_party\PianistTransformer\data\midis\asap-dataset-master\Bach\Fugue\bwv_846\Shi05M.mid,asap_metadata_performance,1,62,595,0.595,51,734,0.734,1095,1.095,611,0.611,44,1095.0,1.095,43,1247.75,1.24775,43,1400.5,1.4005,43,1553.25,1.55325,Bach/Fugue/bwv_846/Shi05M.mid,Bach,Fugue_bwv_846,Bach/Fugue/bwv_846
C:\Users\eagle\MARG_research\third_party\PianistTransformer\data\midis\asap-dataset-master\Bach\Fugue\bwv_846\Shi05M.mid,asap_metadata_performance,2,64,611,0.611,54,748,0.748,1706,1.706,659,0.659,43,1706.0,1.706,42,1870.75,1.87075,41,2035.5,2.0355,41,2200.25,2.20025,Bach/Fugue/bwv_846/Shi05M.mid,Bach,Fugue_bwv_846,Bach/Fugue/bwv_846
C:\Users\eagle\MARG_research\third_party\PianistTransformer\data\midis\asap-dataset-master\Bach\Fugue\bwv_846\Shi05M.mid,asap_metadata_performance,3,65,659,0.659,57,1011,1.011,2365,2.365,1022,1.022,41,2365.0,2.365,40,2620.5,2.6205,40,2876.0,2.876,40,3131.5,3.1315,Bach/Fugue/bwv_846/Shi05M.mid,Bach,Fugue_bwv_846,Bach/Fugue/bwv_846
C:\Users\eagle\MARG_research\third_party\PianistTransformer\data\midis\asap-dataset-master\Bach\Fugue\bwv_846\Shi05M.mid,asap_metadata_performance,4,67,1022,1.022,44,442,0.442,3387,3.387,140,0.14,40,3387.0,3.387,40,3422.0,3.422,40,3457.0,3.457,40,3492.0,3.492,Bach/Fugue/bwv_846/Shi05M.mid,Bach,Fugue_bwv_846,Bach/Fugue/bwv_846
C:\Users\eagle\MARG_research\third_party\PianistTransformer\data\midis\asap-dataset-master\Bach\Fugue\bwv_846\Shi05M.mid,asap_metadata_performance,5,65,140,0.14,54,339,0.339,3527,3.527,136,0.136,40,3527.0,3.527,40,3561.0,3.561,40,3595.0,3.595,40,3629.0,3.629,Bach/Fugue/bwv_846/Shi05M.mid,Bach,Fugue_bwv_846,Bach/Fugue/bwv_846
C:\Users\eagle\MARG_research\third_party\PianistTransformer\data\midis\asap-dataset-master\Bach\Fugue\bwv_846\Shi05M.mid,asap_metadata_performance,6,64,136,0.136,53,853,0.853,3663,3.663,626,0.626,40,3663.0,3.663,40,3819.5,3.8195,39,3976.0,3.976,38,4132.5,4.1325,Bach/Fugue/bwv_846/Shi05M.mid,Bach,Fugue_bwv_846,Bach/Fugue/bwv_846
C:\Users\eagle\MARG_research\third_party\PianistTransformer\data\midis\asap-dataset-master\Bach\Fugue\bwv_846\Shi05M.mid,asap_metadata_performance,7,69,626,0.626,61,718,0.718,4289,4.289,635,0.635,36,4289.0,4.289,34,4447.75,4.44775,32,4606.5,4.6065,0,4765.25,4.76525,Bach/Fugue/bwv_846/Shi05M.mid,Bach,Fugue_bwv_846,Bach/Fugue/bwv_846
C:\Users\eagle\MARG_research\third_party\PianistTransformer\data\midis\asap-dataset-master\Bach\Fugue\bwv_846\Shi05M.mid,asap_metadata_performance,8,62,635,0.635,47,892,0.892,4924,4.924,665,0.665,0,4924.0,4.924,0,5090.25,5.09025,0,5256.5,5.2565,0,5422.75,5.42275,Bach/Fugue/bwv_846/Shi05M.mid,Bach,Fugue_bwv_846,Bach/Fugue/bwv_846
C:\Users\eagle\MARG_research\third_party\PianistTransformer\data\midis\asap-dataset-master\Bach\Fugue\bwv_846\Shi05M.mid,asap_metadata_performance,9,67,665,0.665,51,1110,1.11,5589,5.589,1061,1.061,0,5589.0,5.589,0,5854.25,5.85425,0,6119.5,6.1195,0,6384.75,6.38475,Bach/Fugue/bwv_846/Shi05M.mid,Bach,Fugue_bwv_846,Bach/Fugue/bwv_846
C:\Users\eagle\MARG_research\third_party\PianistTransformer\data\midis\asap-dataset-master\Bach\Fugue\bwv_846\Shi05M.mid,asap_metadata_performance,10,69,1061,1.061,42,341,0.341,6650,6.65,284,0.284,0,6650.0,6.65,0,6721.0,6.721,0,6792.0,6.792,0,6863.0,6.863,Bach/Fugue/bwv_846/Shi05M.mid,Bach,Fugue_bwv_846,Bach/Fugue/bwv_846
C:\Users\eagle\MARG_research\third_party\PianistTransformer\data\midis\asap-dataset-master\Bach\Fugue\bwv_846\Shi05M.mid,asap_metadata_performance,11,67,284,0.284,41,371,0.371,6934,6.934,281,0.281,0,6934.0,6.934,0,7004.25,7.00425,0,7074.5,7.0745,0,7144.75,7.14475,Bach/Fugue/bwv_846/Shi05M.mid,Bach,Fugue_bwv_846,Bach/Fugue/bwv_846
C:\Users\eagle\MARG_research\third_party\PianistTransformer\data\midis\asap-dataset-master\Bach\Fugue\bwv_846\Shi05M.mid,asap_metadata_performance,12,65,281,0.281,44,250,0.25,7215,7.215,282,0.282,0,7215.0,7.215,0,7285.5,7.2855,0,7356.0,7.356,0,7426.5,7.4265,Bach/Fugue/bwv_846/Shi05M.mid,Bach,Fugue_bwv_846,Bach/Fugue/bwv_846
C:\Users\eagle\MARG_research\third_party\PianistTransformer\data\midis\asap-dataset-master\Bach\Fugue\bwv_846\Shi05M.mid,asap_metadata_performance,13,64,282,0.282,41,278,0.278,7497,7.497,273,0.273,0,7497.0,7.497,0,7565.25,7.56525,0,7633.5,7.6335,0,7701.75,7.70175,Bach/Fugue/bwv_846/Shi05M.mid,Bach,Fugue_bwv_846,Bach/Fugue/bwv_846
C:\Users\eagle\MARG_research\third_party\PianistTransformer\data\midis\asap-dataset-master\Bach\Fugue\bwv_846\Shi05M.mid,asap_metadata_performance,14,65,273,0.273,50,438,0.438,7770,7.77,269,0.269,0,7770.0,7.77,0,7837.25,7.83725,0,7904.5,7.9045,0,7971.75,7.97175,Bach/Fugue/bwv_846/Shi05M.mid,Bach,Fugue_bwv_846,Bach/Fugue/bwv_846
C:\Users\eagle\MARG_research\third_party\PianistTransformer\data\midis\asap-dataset-master\Bach\Fugue\bwv_846\Shi05M.mid,asap_metadata_performance,15,67,269,0.269,57,720,0.72,8039,8.039,30,0.03,0,8039.0,8.039,0,8046.5,8.0465,0,8054.0,8.054,0,8061.5,8.0615,Bach/Fugue/bwv_846/Shi05M.mid,Bach,Fugue_bwv_846,Bach/Fugue/bwv_846
C:\Users\eagle\MARG_research\third_party\PianistTransformer\data\midis\asap-dataset-master\Bach\Fugue\bwv_846\Shi05M.mid,asap_metadata_performance,16,64,30,0.03,36,448,0.448,8069,8.069,299,0.299,0,8069.0,8.069,0,8143.75,8.14375,0,8218.5,8.2185,0,8293.25,8.29325,Bach/Fugue/bwv_846/Shi05M.mid,Bach,Fugue_bwv_846,Bach/Fugue/bwv_846
C:\Users\eagle\MARG_research\third_party\PianistTransformer\data\midis\asap-dataset-master\Bach\Fugue\bwv_846\Shi05M.mid,asap_metadata_performance,17,62,299,0.299,45,293,0.293,8368,8.368,257,0.257,0,8368.0,8.368,0,8432.25,8.43225,0,8496.5,8.4965,0,8560.75,8.56075,Bach/Fugue/bwv_846/Shi05M.mid,Bach,Fugue_bwv_846,Bach/Fugue/bwv_846
C:\Users\eagle\MARG_research\third_party\PianistTransformer\data\midis\asap-dataset-master\Bach\Fugue\bwv_846\Shi05M.mid,asap_metadata_performance,18,69,257,0.257,65,655,0.655,8625,8.625,29,0.029,0,8625.0,8.625,0,8632.25,8.63225,0,8639.5,8.6395,0,8646.75,8.64675,Bach/Fugue/bwv_846/Shi05M.mid,Bach,Fugue_bwv_846,Bach/Fugue/bwv_846
C:\Users\eagle\MARG_research\third_party\PianistTransformer\data\midis\asap-dataset-master\Bach\Fugue\bwv_846\Shi05M.mid,asap_metadata_performance,19,60,29,0.029,36,229,0.229,8654,8.654,261,0.261,0,8654.0,8.654,0,8719.25,8.71925,0,8784.5,8.7845,0,8849.75,8.84975,Bach/Fugue/bwv_846/Shi05M.mid,Bach,Fugue_bwv_846,Bach/Fugue/bwv_846
C:\Users\eagle\MARG_research\third_party\PianistTransformer\data\midis\asap-dataset-master\Bach\Fugue\bwv_846\Shi05M.mid,asap_metadata_performance,20,62,261,0.261,45,387,0.387,8915,8.915,275,0.275,0,8915.0,8.915,0,8983.75,8.98375,0,9052.5,9.0525,0,9121.25,9.12125,Bach/Fugue/bwv_846/Shi05M.mid,Bach,Fugue_bwv_846,Bach/Fugue/bwv_846
C:\Users\eagle\MARG_research\third_party\PianistTransformer\data\midis\asap-dataset-master\Bach\Fugue\bwv_846\Shi05M.mid,asap_metadata_performance,21,71,275,0.275,71,714,0.714,9190,9.19,14,0.014,0,9190.0,9.19,0,9193.5,9.1935,0,9197.0,9.197,0,9200.5,9.2005,Bach/Fugue/bwv_846/Shi05M.mid,Bach,Fugue_bwv_846,Bach/Fugue/bwv_846
C:\Users\eagle\MARG_research\third_party\PianistTransformer\data\midis\asap-dataset-master\Bach\Fugue\bwv_846\Shi05M.mid,asap_metadata_performance,22,60,14,0.014,40,345,0.345,9204,9.204,287,0.287,0,9204.0,9.204,0,9275.75,9.27575,0,9347.5,9.3475,0,9419.25,9.41925,Bach/Fugue/bwv_846/Shi05M.mid,Bach,Fugue_bwv_846,Bach/Fugue/bwv_846
C:\Users\eagle\MARG_research\third_party\PianistTransformer\data\midis\asap-dataset-master\Bach\Fugue\bwv_846\Shi05M.mid,asap_metadata_performance,23,59,287,0.287,44,381,0.381,9491,9.491,312,0.312,0,9491.0,9.491,0,9569.0,9.569,0,9647.0,9.647,0,9725.0,9.725,Bach/Fugue/bwv_846/Shi05M.mid,Bach,Fugue_bwv_846,Bach/Fugue/bwv_846
C:\Users\eagle\MARG_research\third_party\PianistTransformer\data\midis\asap-dataset-master\Bach\Fugue\bwv_846\Shi05M.mid,asap_metadata_performance,24,72,312,0.312,64,903,0.903,9803,9.803,30,0.03,0,9803.0,9.803,0,9810.5,9.8105,0,9818.0,9.818,0,9825.5,9.8255,Bach/Fugue/bwv_846/Shi05M.mid,Bach,Fugue_bwv_846,Bach/Fugue/bwv_846
C:\Users\eagle\MARG_research\third_party\PianistTransformer\data\midis\asap-dataset-master\Bach\Fugue\bwv_846\Shi05M.mid,asap_metadata_performance,25,57,30,0.03,47,599,0.599,9833,9.833,594,0.594,0,9833.0,9.833,0,9981.5,9.9815,0,10130.0,10.13,0,10278.5,10.2785,Bach/Fugue/bwv_846/Shi05M.mid,Bach,Fugue_bwv_846,Bach/Fugue/bwv_846
C:\Users\eagle\MARG_research\third_party\PianistTransformer\data\midis\asap-dataset-master\Bach\Fugue\bwv_846\Shi05M.mid,asap_metadata_performance,26,66,594,0.594,48,762,0.762,10427,10.427,313,0.313,0,10427.0,10.427,0,10505.25,10.50525,0,10583.5,10.5835,0,10661.75,10.66175,Bach/Fugue/bwv_846/Shi05M.mid,Bach,Fugue_bwv_846,Bach/Fugue/bwv_846
C:\Users\eagle\MARG_research\third_party\PianistTransformer\data\midis\asap-dataset-master\Bach\Fugue\bwv_846\Shi05M.mid,asap_metadata_performance,27,74,313,0.313,48,330,0.33,10740,10.74,147,0.147,0,10740.0,10.74,0,10776.75,10.77675,0,10813.5,10.8135,0,10850.25,10.85025,Bach/Fugue/bwv_846/Shi05M.mid,Bach,Fugue_bwv_846,Bach/Fugue/bwv_846
C:\Users\eagle\MARG_research\third_party\PianistTransformer\data\midis\asap-dataset-master\Bach\Fugue\bwv_846\Shi05M.mid,asap_metadata_performance,28,72,147,0.147,62,226,0.226,10887,10.887,148,0.148,0,10887.0,10.887,0,10924.0,10.924,0,10961.0,10.961,0,10998.0,10.998,Bach/Fugue/bwv_846/Shi05M.mid,Bach,Fugue_bwv_846,Bach/Fugue/bwv_846
C:\Users\eagle\MARG_research\third_party\PianistTransformer\data\midis\asap-dataset-master\Bach\Fugue\bwv_846\Shi05M.mid,asap_metadata_performance,29,71,148,0.148,60,766,0.766,11035,11.035,14,0.014,0,11035.0,11.035,0,11038.5,11.0385,0,11042.0,11.042,0,11045.5,11.0455,Bach/Fugue/bwv_846/Shi05M.mid,Bach,Fugue_bwv_846,Bach/Fugue/bwv_846
C:\Users\eagle\MARG_research\third_party\PianistTransformer\data\midis\asap-dataset-master\Bach\Fugue\bwv_846\Shi05M.mid,asap_metadata_performance,30,67,14,0.014,41,2513,2.513,11049,11.049,579,0.579,0,11049.0,11.049,0,11193.75,11.19375,0,11338.5,11.3385,0,11483.25,11.48325,Bach/Fugue/bwv_846/Shi05M.mid,Bach,Fugue_bwv_846,Bach/Fugue/bwv_846
C:\Users\eagle\MARG_research\third_party\PianistTransformer\data\midis\asap-dataset-master\Bach\Fugue\bwv_846\Shi05M.mid,asap_metadata_performance,31,76,579,0.579,67,683,0.683,11628,11.628,623,0.623,0,11628.0,11.628,0,11783.75,11.78375,0,11939.5,11.9395,0,12095.25,12.09525,Bach/Fugue/bwv_846/Shi05M.mid,Bach,Fugue_bwv_846,Bach/Fugue/bwv_846
C:\Users\eagle\MARG_research\third_party\PianistTransformer\data\midis\asap-dataset-master\Bach\Fugue\bwv_846\Shi05M.mid,asap_metadata_performance,32,69,623,0.623,57,922,0.922,12251,12.251,614,0.614,0,12251.0,12.251,0,12404.5,12.4045,0,12558.0,12.558,0,12711.5,12.7115,Bach/Fugue/bwv_846/Shi05M.mid,Bach,Fugue_bwv_846,Bach/Fugue/bwv_846
C:\Users\eagle\MARG_research\third_party\PianistTransformer\data\midis\asap-dataset-master\Bach\Fugue\bwv_846\Shi05M.mid,asap_metadata_performance,33,74,614,0.614,59,975,0.975,12865,12.865,28,0.028,0,12865.0,12.865,0,12872.0,12.872,0,12879.0,12.879,0,12886.0,12.886,Bach/Fugue/bwv_846/Shi05M.mid,Bach,Fugue_bwv_846,Bach/Fugue/bwv_846
C:\Users\eagle\MARG_research\third_party\PianistTransformer\data\midis\asap-dataset-master\Bach\Fugue\bwv_846\Shi05M.mid,asap_metadata_performance,34,66,28,0.028,31,318,0.318,12893,12.893,289,0.289,0,12893.0,12.893,0,12965.25,12.96525,0,13037.5,13.0375,0,13109.75,13.10975,Bach/Fugue/bwv_846/Shi05M.mid,Bach,Fugue_bwv_846,Bach/Fugue/bwv_846
C:\Users\eagle\MARG_research\third_party\PianistTransformer\data\midis\asap-dataset-master\Bach\Fugue\bwv_846\Shi05M.mid,asap_metadata_performance,35,64,289,0.289,37,366,0.366,13182,13.182,321,0.321,0,13182.0,13.182,0,13262.25,13.26225,0,13342.5,13.3425,0,13422.75,13.42275,Bach/Fugue/bwv_846/Shi05M.mid,Bach,Fugue_bwv_846,Bach/Fugue/bwv_846
C:\Users\eagle\MARG_research\third_party\PianistTransformer\data\midis\asap-dataset-master\Bach\Fugue\bwv_846\Shi05M.mid,asap_metadata_performance,36,66,321,0.321,43,708,0.708,13503,13.503,281,0.281,0,13503.0,13.503,0,13573.25,13.57325,0,13643.5,13.6435,0,13713.75,13.71375,Bach/Fugue/bwv_846/Shi05M.mid,Bach,Fugue_bwv_846,Bach/Fugue/bwv_846
C:\Users\eagle\MARG_research\third_party\PianistTransformer\data\midis\asap-dataset-master\Bach\Fugue\bwv_846\Shi05M.mid,asap_metadata_performance,37,76,281,0.281,65,349,0.349,13784,13.784,311,0.311,0,13784.0,13.784,0,13861.75,13.86175,0,13939.5,13.9395,0,14017.25,14.01725,Bach/Fugue/bwv_846/Shi05M.mid,Bach,Fugue_bwv_846,Bach/Fugue/bwv_846
C:\Users\eagle\MARG_research\third_party\PianistTransformer\data\midis\asap-dataset-master\Bach\Fugue\bwv_846\Shi05M.mid,asap_metadata_performance,38,62,311,0.311,35,582,0.582,14095,14.095,3,0.003,0,14095.0,14.095,0,14095.75,14.09575,0,14096.5,14.0965,0,14097.25,14.09725,Bach/Fugue/bwv_846/Shi05M.mid,Bach,Fugue_bwv_846,Bach/Fugue/bwv_846
C:\Users\eagle\MARG_research\third_party\PianistTransformer\data\midis\asap-dataset-master\Bach\Fugue\bwv_846\Shi05M.mid,asap_metadata_performance,39,74,3,0.003,59,316,0.316,14098,14.098,286,0.286,0,14098.0,14.098,0,14169.5,14.1695,0,14241.0,14.241,0,14312.5,14.3125,Bach/Fugue/bwv_846/Shi05M.mid,Bach,Fugue_bwv_846,Bach/Fugue/bwv_846
C:\Users\eagle\MARG_research\third_party\PianistTransformer\data\midis\asap-dataset-master\Bach\Fugue\bwv_846\Shi05M.mid,asap_metadata_performance,40,72,286,0.286,56,343,0.343,14384,14.384,328,0.328,0,14384.0,14.384,0,14466.0,14.466,0,14548.0,14.548,0,14630.0,14.63,Bach/Fugue/bwv_846/Shi05M.mid,Bach,Fugue_bwv_846,Bach/Fugue/bwv_846
C:\Users\eagle\MARG_research\third_party\PianistTransformer\data\midis\asap-dataset-master\Bach\Fugue\bwv_846\Shi05M.mid,asap_metadata_performance,41,71,328,0.328,51,279,0.279,14712,14.712,18,0.018,0,14712.0,14.712,0,14716.5,14.7165,0,14721.0,14.721,0,14725.5,14.7255,Bach/Fugue/bwv_846/Shi05M.mid,Bach,Fugue_bwv_846,Bach/Fugue/bwv_846
C:\Users\eagle\MARG_research\third_party\PianistTransformer\data\midis\asap-dataset-master\Bach\Fugue\bwv_846\Shi05M.mid,asap_metadata_performance,42,67,18,0.018,32,138,0.138,14730,14.73,286,0.286,0,14730.0,14.73,60,14801.5,14.8015,93,14873.0,14.873,127,14944.5,14.9445,Bach/Fugue/bwv_846/Shi05M.mid,Bach,Fugue_bwv_846,Bach/Fugue/bwv_846
C:\Users\eagle\MARG_research\third_party\PianistTransformer\data\midis\asap-dataset-master\Bach\Fugue\bwv_846\Shi05M.mid,asap_metadata_performance,43,67,286,0.286,52,385,0.385,15016,15.016,312,0.312,127,15016.0,15.016,127,15094.0,15.094,127,15172.0,15.172,127,15250.0,15.25,Bach/Fugue/bwv_846/Shi05M.mid,Bach,Fugue_bwv_846,Bach/Fugue/bwv_846
C:\Users\eagle\MARG_research\third_party\PianistTransformer\data\midis\asap-dataset-master\Bach\Fugue\bwv_846\Shi05M.mid,asap_metadata_performance,44,55,312,0.312,58,828,0.828,15328,15.328,21,0.021,111,15328.0,15.328,111,15333.25,15.33325,111,15338.5,15.3385,111,15343.75,15.34375,Bach/Fugue/bwv_846/Shi05M.mid,Bach,Fugue_bwv_846,Bach/Fugue/bwv_846
C:\Users\eagle\MARG_research\third_party\PianistTransformer\data\midis\asap-dataset-master\Bach\Fugue\bwv_846\Shi05M.mid,asap_metadata_performance,45,69,21,0.021,50,361,0.361,15349,15.349,13,0.013,88,15349.0,15.349,88,15352.25,15.35225,88,15355.5,15.3555,88,15358.75,15.35875,Bach/Fugue/bwv_846/Shi05M.mid,Bach,Fugue_bwv_846,Bach/Fugue/bwv_846
C:\Users\eagle\MARG_research\third_party\PianistTransformer\data\midis\asap-dataset-master\Bach\Fugue\bwv_846\Shi05M.mid,asap_metadata_performance,46,65,13,0.013,39,147,0.147,15362,15.362,266,0.266,88,15362.0,15.362,37,15428.5,15.4285,68,15495.0,15.495,127,15561.5,15.5615,Bach/Fugue/bwv_846/Shi05M.mid,Bach,Fugue_bwv_846,Bach/Fugue/bwv_846
C:\Users\eagle\MARG_research\third_party\PianistTransformer\data\midis\asap-dataset-master\Bach\Fugue\bwv_846\Shi05M.mid,asap_metadata_performance,47,71,266,0.266,53,341,0.341,15628,15.628,306,0.306,127,15628.0,15.628,127,15704.5,15.7045,127,15781.0,15.781,127,15857.5,15.8575,Bach/Fugue/bwv_846/Shi05M.mid,Bach,Fugue_bwv_846,Bach/Fugue/bwv_846
C:\Users\eagle\MARG_research\third_party\PianistTransformer\data\midis\asap-dataset-master\Bach\Fugue\bwv_846\Shi05M.mid,asap_metadata_performance,48,57,306,0.306,69,692,0.692,15934,15.934,4,0.004,127,15934.0,15.934,127,15935.0,15.935,127,15936.0,15.936,127,15937.0,15.937,Bach/Fugue/bwv_846/Shi05M.mid,Bach,Fugue_bwv_846,Bach/Fugue/bwv_846
C:\Users\eagle\MARG_research\third_party\PianistTransformer\data\midis\asap-dataset-master\Bach\Fugue\bwv_846\Shi05M.mid,asap_metadata_performance,49,72,4,0.004,63,265,0.265,15938,15.938,31,0.031,127,15938.0,15.938,94,15945.75,15.94575,94,15953.5,15.9535,94,15961.25,15.96125,Bach/Fugue/bwv_846/Shi05M.mid,Bach,Fugue_bwv_846,Bach/Fugue/bwv_846
C:\Users\eagle\MARG_research\third_party\PianistTransformer\data\midis\asap-dataset-master\Bach\Fugue\bwv_846\Shi05M.mid,asap_metadata_performance,50,64,31,0.031,44,189,0.189,15969,15.969,260,0.26,78,15969.0,15.969,37,16034.0,16.034,62,16099.0,16.099,103,16164.0,16.164,Bach/Fugue/bwv_846/Shi05M.mid,Bach,Fugue_bwv_846,Bach/Fugue/bwv_846
C:\Users\eagle\MARG_research\third_party\PianistTransformer\data\midis\asap-dataset-master\Bach\Fugue\bwv_846\Shi05M.mid,asap_metadata_performance,51,71,260,0.26,58,339,0.339,16229,16.229,314,0.314,127,16229.0,16.229,127,16307.5,16.3075,127,16386.0,16.386,127,16464.5,16.4645,Bach/Fugue/bwv_846/Shi05M.mid,Bach,Fugue_bwv_846,Bach/Fugue/bwv_846
C:\Users\eagle\MARG_research\third_party\PianistTransformer\data\midis\asap-dataset-master\Bach\Fugue\bwv_846\Shi05M.mid,asap_metadata_performance,52,72,314,0.314,65,336,0.336,16543,16.543,4,0.004,127,16543.0,16.543,127,16544.0,16.544,127,16545.0,16.545,127,16546.0,16.546,Bach/Fugue/bwv_846/Shi05M.mid,Bach,Fugue_bwv_846,Bach/Fugue/bwv_846
C:\Users\eagle\MARG_research\third_party\PianistTransformer\data\midis\asap-dataset-master\Bach\Fugue\bwv_846\Shi05M.mid,asap_metadata_performance,53,59,4,0.004,70,756,0.756,16547,16.547,23,0.023,127,16547.0,16.547,127,16552.75,16.55275,127,16558.5,16.5585,127,16564.25,16.56425,Bach/Fugue/bwv_846/Shi05M.mid,Bach,Fugue_bwv_846,Bach/Fugue/bwv_846
C:\Users\eagle\MARG_research\third_party\PianistTransformer\data\midis\asap-dataset-master\Bach\Fugue\bwv_846\Shi05M.mid,asap_metadata_performance,54,62,23,0.023,55,711,0.711,16570,16.57,272,0.272,102,16570.0,16.57,62,16638.0,16.638,40,16706.0,16.706,65,16774.0,16.774,Bach/Fugue/bwv_846/Shi05M.mid,Bach,Fugue_bwv_846,Bach/Fugue/bwv_846
C:\Users\eagle\MARG_research\third_party\PianistTransformer\data\midis\asap-dataset-master\Bach\Fugue\bwv_846\Shi05M.mid,asap_metadata_performance,55,74,272,0.272,64,365,0.365,16842,16.842,312,0.312,86,16842.0,16.842,92,16920.0,16.92,92,16998.0,16.998,86,17076.0,17.076,Bach/Fugue/bwv_846/Shi05M.mid,Bach,Fugue_bwv_846,Bach/Fugue/bwv_846
C:\Users\eagle\MARG_research\third_party\PianistTransformer\data\midis\asap-dataset-master\Bach\Fugue\bwv_846\Shi05M.mid,asap_metadata_performance,56,60,312,0.312,73,858,0.858,17154,17.154,4,0.004,80,17154.0,17.154,80,17155.0,17.155,80,17156.0,17.156,80,17157.0,17.157,Bach/Fugue/bwv_846/Shi05M.mid,Bach,Fugue_bwv_846,Bach/Fugue/bwv_846
C:\Users\eagle\MARG_research\third_party\PianistTransformer\data\midis\asap-dataset-master\Bach\Fugue\bwv_846\Shi05M.mid,asap_metadata_performance,57,76,4,0.004,68,293,0.293,17158,17.158,300,0.3,80,17158.0,17.158,64,17233.0,17.233,46,17308.0,17.308,37,17383.0,17.383,Bach/Fugue/bwv_846/Shi05M.mid,Bach,Fugue_bwv_846,Bach/Fugue/bwv_846
C:\Users\eagle\MARG_research\third_party\PianistTransformer\data\midis\asap-dataset-master\Bach\Fugue\bwv_846\Shi05M.mid,asap_metadata_performance,58,74,300,0.3,63,349,0.349,17458,17.458,291,0.291,32,17458.0,17.458,0,17530.75,17.53075,0,17603.5,17.6035,0,17676.25,17.67625,Bach/Fugue/bwv_846/Shi05M.mid,Bach,Fugue_bwv_846,Bach/Fugue/bwv_846
C:\Users\eagle\MARG_research\third_party\PianistTransformer\data\midis\asap-dataset-master\Bach\Fugue\bwv_846\Shi05M.mid,asap_metadata_performance,59,76,291,0.291,68,356,0.356,17749,17.749,268,0.268,0,17749.0,17.749,0,17816.0,17.816,0,17883.0,17.883,0,17950.0,17.95,Bach/Fugue/bwv_846/Shi05M.mid,Bach,Fugue_bwv_846,Bach/Fugue/bwv_846
C:\Users\eagle\MARG_research\third_party\PianistTransformer\data\midis\asap-dataset-master\Bach\Fugue\bwv_846\Shi05M.mid,asap_metadata_performance,60,78,268,0.268,75,393,0.393,18017,18.017,17,0.017,0,18017.0,18.017,0,18021.25,18.02125,0,18025.5,18.0255,0,18029.75,18.02975,Bach/Fugue/bwv_846/Shi05M.mid,Bach,Fugue_bwv_846,Bach/Fugue/bwv_846
C:\Users\eagle\MARG_research\third_party\PianistTransformer\data\midis\asap-dataset-master\Bach\Fugue\bwv_846\Shi05M.mid,asap_metadata_performance,61,62,17,0.017,57,362,0.362,18034,18.034,133,0.133,0,18034.0,18.034,0,18067.25,18.06725,0,18100.5,18.1005,0,18133.75,18.13375,Bach/Fugue/bwv_846/Shi05M.mid,Bach,Fugue_bwv_846,Bach/Fugue/bwv_846
C:\Users\eagle\MARG_research\third_party\PianistTransformer\data\midis\asap-dataset-master\Bach\Fugue\bwv_846\Shi05M.mid,asap_metadata_performance,62,60,133,0.133,68,264,0.264,18167,18.167,155,0.155,0,18167.0,18.167,0,18205.75,18.20575,0,18244.5,18.2445,0,18283.25,18.28325,Bach/Fugue/bwv_846/Shi05M.mid,Bach,Fugue_bwv_846,Bach/Fugue/bwv_846
C:\Users\eagle\MARG_research\third_party\PianistTransformer\data\midis\asap-dataset-master\Bach\Fugue\bwv_846\Shi05M.mid,asap_metadata_performance,63,79,155,0.155,74,662,0.662,18322,18.322,5,0.005,0,18322.0,18.322,0,18323.25,18.32325,0,18324.5,18.3245,0,18325.75,18.32575,Bach/Fugue/bwv_846/Shi05M.mid,Bach,Fugue_bwv_846,Bach/Fugue/bwv_846
C:\Users\eagle\MARG_research\third_party\PianistTransformer\data\midis\asap-dataset-master\Bach\Fugue\bwv_846\Shi05M.mid,asap_metadata_performance,64,59,5,0.005,62,773,0.773,18327,18.327,611,0.611,0,18327.0,18.327,0,18479.75,18.47975,0,18632.5,18.6325,0,18785.25,18.78525,Bach/Fugue/bwv_846/Shi05M.mid,Bach,Fugue_bwv_846,Bach/Fugue/bwv_846
C:\Users\eagle\MARG_research\third_party\PianistTransformer\data\midis\asap-dataset-master\Bach\Fugue\bwv_846\Shi05M.mid,asap_metadata_performance,65,71,611,0.611,59,774,0.774,18938,18.938,10,0.01,0,18938.0,18.938,0,18940.5,18.9405,0,18943.0,18.943,0,18945.5,18.9455,Bach/Fugue/bwv_846/Shi05M.mid,Bach,Fugue_bwv_846,Bach/Fugue/bwv_846
C:\Users\eagle\MARG_research\third_party\PianistTransformer\data\midis\asap-dataset-master\Bach\Fugue\bwv_846\Shi05M.mid,asap_metadata_performance,66,64,10,0.01,69,760,0.76,18948,18.948,16,0.016,0,18948.0,18.948,0,18952.0,18.952,0,18956.0,18.956,0,18960.0,18.96,Bach/Fugue/bwv_846/Shi05M.mid,Bach,Fugue_bwv_846,Bach/Fugue/bwv_846
C:\Users\eagle\MARG_research\third_party\PianistTransformer\data\midis\asap-dataset-master\Bach\Fugue\bwv_846\Shi05M.mid,asap_metadata_performance,67,67,16,0.016,46,1351,1.351,18964,18.964,595,0.595,0,18964.0,18.964,0,19112.75,19.11275,0,19261.5,19.2615,0,19410.25,19.41025,Bach/Fugue/bwv_846/Shi05M.mid,Bach,Fugue_bwv_846,Bach/Fugue/bwv_846
C:\Users\eagle\MARG_research\third_party\PianistTransformer\data\midis\asap-dataset-master\Bach\Fugue\bwv_846\Shi05M.mid,asap_metadata_performance,68,72,595,0.595,66,759,0.759,19559,19.559,11,0.011,0,19559.0,19.559,0,19561.75,19.56175,0,19564.5,19.5645,0,19567.25,19.56725,Bach/Fugue/bwv_846/Shi05M.mid,Bach,Fugue_bwv_846,Bach/Fugue/bwv_846
C:\Users\eagle\MARG_research\third_party\PianistTransformer\data\midis\asap-dataset-master\Bach\Fugue\bwv_846\Shi05M.mid,asap_metadata_performance,69,57,11,0.011,57,905,0.905,19570,19.57,611,0.611,0,19570.0,19.57,0,19722.75,19.72275,0,19875.5,19.8755,0,20028.25,20.02825,Bach/Fugue/bwv_846/Shi05M.mid,Bach,Fugue_bwv_846,Bach/Fugue/bwv_846
C:\Users\eagle\MARG_research\third_party\PianistTransformer\data\midis\asap-dataset-master\Bach\Fugue\bwv_846\Shi05M.mid,asap_metadata_performance,70,62,611,0.611,58,940,0.94,20181,20.181,3,0.003,0,20181.0,20.181,0,20181.75,20.18175,0,20182.5,20.1825,0,20183.25,20.18325,Bach/Fugue/bwv_846/Shi05M.mid,Bach,Fugue_bwv_846,Bach/Fugue/bwv_846
C:\Users\eagle\MARG_research\third_party\PianistTransformer\data\midis\asap-dataset-master\Bach\Fugue\bwv_846\Shi05M.mid,asap_metadata_performance,71,69,3,0.003,61,618,0.618,20184,20.184,10,0.01,0,20184.0,20.184,0,20186.5,20.1865,0,20189.0,20.189,0,20191.5,20.1915,Bach/Fugue/bwv_846/Shi05M.mid,Bach,Fugue_bwv_846,Bach/Fugue/bwv_846
C:\Users\eagle\MARG_research\third_party\PianistTransformer\data\midis\asap-dataset-master\Bach\Fugue\bwv_846\Shi05M.mid,asap_metadata_performance,72,65,10,0.01,55,335,0.335,20194,20.194,326,0.326,0,20194.0,20.194,0,20275.5,20.2755,0,20357.0,20.357,0,20438.5,20.4385,Bach/Fugue/bwv_846/Shi05M.mid,Bach,Fugue_bwv_846,Bach/Fugue/bwv_846
C:\Users\eagle\MARG_research\third_party\PianistTransformer\data\midis\asap-dataset-master\Bach\Fugue\bwv_846\Shi05M.mid,asap_metadata_performance,73,64,326,0.326,58,321,0.321,20520,20.52,273,0.273,0,20520.0,20.52,0,20588.25,20.58825,0,20656.5,20.6565,0,20724.75,20.72475,Bach/Fugue/bwv_846/Shi05M.mid,Bach,Fugue_bwv_846,Bach/Fugue/bwv_846
C:\Users\eagle\MARG_research\third_party\PianistTransformer\data\midis\asap-dataset-master\Bach\Fugue\bwv_846\Shi05M.mid,asap_metadata_performance,74,74,273,0.273,69,400,0.4,20793,20.793,12,0.012,0,20793.0,20.793,0,20796.0,20.796,0,20799.0,20.799,0,20802.0,20.802,Bach/Fugue/bwv_846/Shi05M.mid,Bach,Fugue_bwv_846,Bach/Fugue/bwv_846
C:\Users\eagle\MARG_research\third_party\PianistTransformer\data\midis\asap-dataset-master\Bach\Fugue\bwv_846\Shi05M.mid,asap_metadata_performance,75,65,12,0.012,57,863,0.863,20805,20.805,291,0.291,0,20805.0,20.805,0,20877.75,20.87775,0,20950.5,20.9505,0,21023.25,21.02325,Bach/Fugue/bwv_846/Shi05M.mid,Bach,Fugue_bwv_846,Bach/Fugue/bwv_846
C:\Users\eagle\MARG_research\third_party\PianistTransformer\data\midis\asap-dataset-master\Bach\Fugue\bwv_846\Shi05M.mid,asap_metadata_performance,76,72,291,0.291,62,386,0.386,21096,21.096,7,0.007,0,21096.0,21.096,0,21097.75,21.09775,0,21099.5,21.0995,0,21101.25,21.10125,Bach/Fugue/bwv_846/Shi05M.mid,Bach,Fugue_bwv_846,Bach/Fugue/bwv_846
C:\Users\eagle\MARG_research\third_party\PianistTransformer\data\midis\asap-dataset-master\Bach\Fugue\bwv_846\Shi05M.mid,asap_metadata_performance,77,64,7,0.007,47,281,0.281,21103,21.103,276,0.276,0,21103.0,21.103,0,21172.0,21.172,0,21241.0,21.241,0,21310.0,21.31,Bach/Fugue/bwv_846/Shi05M.mid,Bach,Fugue_bwv_846,Bach/Fugue/bwv_846
C:\Users\eagle\MARG_research\third_party\PianistTransformer\data\midis\asap-dataset-master\Bach\Fugue\bwv_846\Shi05M.mid,asap_metadata_performance,78,71,276,0.276,64,629,0.629,21379,21.379,40,0.04,0,21379.0,21.379,0,21389.0,21.389,0,21399.0,21.399,0,21409.0,21.409,Bach/Fugue/bwv_846/Shi05M.mid,Bach,Fugue_bwv_846,Bach/Fugue/bwv_846
C:\Users\eagle\MARG_research\third_party\PianistTransformer\data\midis\asap-dataset-master\Bach\Fugue\bwv_846\Shi05M.mid,asap_metadata_performance,79,62,40,0.04,49,347,0.347,21419,21.419,259,0.259,0,21419.0,21.419,0,21483.75,21.48375,0,21548.5,21.5485,0,21613.25,21.61325,Bach/Fugue/bwv_846/Shi05M.mid,Bach,Fugue_bwv_846,Bach/Fugue/bwv_846
C:\Users\eagle\MARG_research\third_party\PianistTransformer\data\midis\asap-dataset-master\Bach\Fugue\bwv_846\Shi05M.mid,asap_metadata_performance,80,69,259,0.259,58,330,0.33,21678,21.678,12,0.012,0,21678.0,21.678,0,21681.0,21.681,0,21684.0,21.684,0,21687.0,21.687,Bach/Fugue/bwv_846/Shi05M.mid,Bach,Fugue_bwv_846,Bach/Fugue/bwv_846
C:\Users\eagle\MARG_research\third_party\PianistTransformer\data\midis\asap-dataset-master\Bach\Fugue\bwv_846\Shi05M.mid,asap_metadata_performance,81,60,12,0.012,51,343,0.343,21690,21.69,320,0.32,0,21690.0,21.69,0,21770.0,21.77,0,21850.0,21.85,0,21930.0,21.93,Bach/Fugue/bwv_846/Shi05M.mid,Bach,Fugue_bwv_846,Bach/Fugue/bwv_846
C:\Users\eagle\MARG_research\third_party\PianistTransformer\data\midis\asap-dataset-master\Bach\Fugue\bwv_846\Shi05M.mid,asap_metadata_performance,82,59,320,0.32,37,151,0.151,22010,22.01,0,0.0,0,22010.0,22.01,0,22010.0,22.01,0,22010.0,22.01,0,22010.0,22.01,Bach/Fugue/bwv_846/Shi05M.mid,Bach,Fugue_bwv_846,Bach/Fugue/bwv_846
C:\Users\eagle\MARG_research\third_party\PianistTransformer\data\midis\asap-dataset-master\Bach\Fugue\bwv_846\Shi05M.mid,asap_metadata_performance,83,67,0,0.0,54,754,0.754,22010,22.01,336,0.336,0,22010.0,22.01,68,22094.0,22.094,127,22178.0,22.178,127,22262.0,22.262,Bach/Fugue/bwv_846/Shi05M.mid,Bach,Fugue_bwv_846,Bach/Fugue/bwv_846
C:\Users\eagle\MARG_research\third_party\PianistTransformer\data\midis\asap-dataset-master\Bach\Fugue\bwv_846\Shi05M.mid,asap_metadata_performance,84,65,336,0.336,53,390,0.39,22346,22.346,304,0.304,127,22346.0,22.346,127,22422.0,22.422,127,22498.0,22.498,127,22574.0,22.574,Bach/Fugue/bwv_846/Shi05M.mid,Bach,Fugue_bwv_846,Bach/Fugue/bwv_846
C:\Users\eagle\MARG_research\third_party\PianistTransformer\data\midis\asap-dataset-master\Bach\Fugue\bwv_846\Shi05M.mid,asap_metadata_performance,85,48,304,0.304,67,715,0.715,22650,22.65,4,0.004,127,22650.0,22.65,127,22651.0,22.651,127,22652.0,22.652,127,22653.0,22.653,Bach/Fugue/bwv_846/Shi05M.mid,Bach,Fugue_bwv_846,Bach/Fugue/bwv_846
C:\Users\eagle\MARG_research\third_party\PianistTransformer\data\midis\asap-dataset-master\Bach\Fugue\bwv_846\Shi05M.mid,asap_metadata_performance,86,60,4,0.004,62,1467,1.467,22654,22.654,24,0.024,127,22654.0,22.654,127,22660.0,22.66,127,22666.0,22.666,91,22672.0,22.672,Bach/Fugue/bwv_846/Shi05M.mid,Bach,Fugue_bwv_846,Bach/Fugue/bwv_846
C:\Users\eagle\MARG_research\third_party\PianistTransformer\data\midis\asap-dataset-master\Bach\Fugue\bwv_846\Shi05M.mid,asap_metadata_performance,87,64,24,0.024,48,332,0.332,22678,22.678,287,0.287,91,22678.0,22.678,41,22749.75,22.74975,66,22821.5,22.8215,98,22893.25,22.89325,Bach/Fugue/bwv_846/Shi05M.mid,Bach,Fugue_bwv_846,Bach/Fugue/bwv_846
C:\Users\eagle\MARG_research\third_party\PianistTransformer\data\midis\asap-dataset-master\Bach\Fugue\bwv_846\Shi05M.mid,asap_metadata_performance,88,67,287,0.287,54,448,0.448,22965,22.965,321,0.321,127,22965.0,22.965,127,23045.25,23.04525,127,23125.5,23.1255,127,23205.75,23.20575,Bach/Fugue/bwv_846/Shi05M.mid,Bach,Fugue_bwv_846,Bach/Fugue/bwv_846
C:\Users\eagle\MARG_research\third_party\PianistTransformer\data\midis\asap-dataset-master\Bach\Fugue\bwv_846\Shi05M.mid,asap_metadata_performance,89,50,321,0.321,76,888,0.888,23286,23.286,11,0.011,127,23286.0,23.286,127,23288.75,23.28875,114,23291.5,23.2915,114,23294.25,23.29425,Bach/Fugue/bwv_846/Shi05M.mid,Bach,Fugue_bwv_846,Bach/Fugue/bwv_846
C:\Users\eagle\MARG_research\third_party\PianistTransformer\data\midis\asap-dataset-master\Bach\Fugue\bwv_846\Shi05M.mid,asap_metadata_performance,90,65,11,0.011,65,312,0.312,23297,23.297,31,0.031,114,23297.0,23.297,114,23304.75,23.30475,92,23312.5,23.3125,92,23320.25,23.32025,Bach/Fugue/bwv_846/Shi05M.mid,Bach,Fugue_bwv_846,Bach/Fugue/bwv_846
C:\Users\eagle\MARG_research\third_party\PianistTransformer\data\midis\asap-dataset-master\Bach\Fugue\bwv_846\Shi05M.mid,asap_metadata_performance,91,62,31,0.031,39,245,0.245,23328,23.328,279,0.279,92,23328.0,23.328,0,23397.75,23.39775,0,23467.5,23.4675,69,23537.25,23.53725,Bach/Fugue/bwv_846/Shi05M.mid,Bach,Fugue_bwv_846,Bach/Fugue/bwv_846
C:\Users\eagle\MARG_research\third_party\PianistTransformer\data\midis\asap-dataset-master\Bach\Fugue\bwv_846\Shi05M.mid,asap_metadata_performance,92,64,279,0.279,52,622,0.622,23607,23.607,307,0.307,86,23607.0,23.607,95,23683.75,23.68375,109,23760.5,23.7605,109,23837.25,23.83725,Bach/Fugue/bwv_846/Shi05M.mid,Bach,Fugue_bwv_846,Bach/Fugue/bwv_846
C:\Users\eagle\MARG_research\third_party\PianistTransformer\data\midis\asap-dataset-master\Bach\Fugue\bwv_846\Shi05M.mid,asap_metadata_performance,93,58,307,0.307,68,626,0.626,23914,23.914,1,0.001,90,23914.0,23.914,90,23914.25,23.91425,90,23914.5,23.9145,90,23914.75,23.91475,Bach/Fugue/bwv_846/Shi05M.mid,Bach,Fugue_bwv_846,Bach/Fugue/bwv_846
C:\Users\eagle\MARG_research\third_party\PianistTransformer\data\midis\asap-dataset-master\Bach\Fugue\bwv_846\Shi05M.mid,asap_metadata_performance,94,52,1,0.001,74,723,0.723,23915,23.915,13,0.013,90,23915.0,23.915,90,23918.25,23.91825,90,23921.5,23.9215,90,23924.75,23.92475,Bach/Fugue/bwv_846/Shi05M.mid,Bach,Fugue_bwv_846,Bach/Fugue/bwv_846
C:\Users\eagle\MARG_research\third_party\PianistTransformer\data\midis\asap-dataset-master\Bach\Fugue\bwv_846\Shi05M.mid,asap_metadata_performance,95,65,13,0.013,61,345,0.345,23928,23.928,310,0.31,77,23928.0,23.928,0,24005.5,24.0055,36,24083.0,24.083,66,24160.5,24.1605,Bach/Fugue/bwv_846/Shi05M.mid,Bach,Fugue_bwv_846,Bach/Fugue/bwv_846
C:\Users\eagle\MARG_research\third_party\PianistTransformer\data\midis\asap-dataset-master\Bach\Fugue\bwv_846\Shi05M.mid,asap_metadata_performance,96,67,310,0.31,65,344,0.344,24238,24.238,314,0.314,82,24238.0,24.238,89,24316.5,24.3165,89,24395.0,24.395,89,24473.5,24.4735,Bach/Fugue/bwv_846/Shi05M.mid,Bach,Fugue_bwv_846,Bach/Fugue/bwv_846
C:\Users\eagle\MARG_research\third_party\PianistTransformer\data\midis\asap-dataset-master\Bach\Fugue\bwv_846\Shi05M.mid,asap_metadata_performance,97,53,314,0.314,69,891,0.891,24552,24.552,1,0.001,74,24552.0,24.552,74,24552.25,24.55225,74,24552.5,24.5525,74,24552.75,24.55275,Bach/Fugue/bwv_846/Shi05M.mid,Bach,Fugue_bwv_846,Bach/Fugue/bwv_846
C:\Users\eagle\MARG_research\third_party\PianistTransformer\data\midis\asap-dataset-master\Bach\Fugue\bwv_846\Shi05M.mid,asap_metadata_performance,98,57,1,0.001,68,606,0.606,24553,24.553,2,0.002,74,24553.0,24.553,74,24553.5,24.5535,74,24554.0,24.554,74,24554.5,24.5545,Bach/Fugue/bwv_846/Shi05M.mid,Bach,Fugue_bwv_846,Bach/Fugue/bwv_846
C:\Users\eagle\MARG_research\third_party\PianistTransformer\data\midis\asap-dataset-master\Bach\Fugue\bwv_846\Shi05M.mid,asap_metadata_performance,99,69,2,0.002,68,338,0.338,24555,24.555,41,0.041,74,24555.0,24.555,74,24565.25,24.56525,64,24575.5,24.5755,64,24585.75,24.58575,Bach/Fugue/bwv_846/Shi05M.mid,Bach,Fugue_bwv_846,Bach/Fugue/bwv_846
C:\Users\eagle\MARG_research\third_party\PianistTransformer\data\midis\asap-dataset-master\Bach\Fugue\bwv_846\Shi05M.mid,asap_metadata_performance,100,60,41,0.041,42,123,0.123,24596,24.596,269,0.269,47,24596.0,24.596,0,24663.25,24.66325,44,24730.5,24.7305,66,24797.75,24.79775,Bach/Fugue/bwv_846/Shi05M.mid,Bach,Fugue_bwv_846,Bach/Fugue/bwv_846
C:\Users\eagle\MARG_research\third_party\PianistTransformer\data\midis\asap-dataset-master\Bach\Fugue\bwv_846\Shi05M.mid,asap_metadata_performance,101,67,269,0.269,63,312,0.312,24865,24.865,294,0.294,71,24865.0,24.865,71,24938.5,24.9385,71,25012.0,25.012,71,25085.5,25.0855,Bach/Fugue/bwv_846/Shi05M.mid,Bach,Fugue_bwv_846,Bach/Fugue/bwv_846
C:\Users\eagle\MARG_research\third_party\PianistTransformer\data\midis\asap-dataset-master\Bach\Fugue\bwv_846\Shi05M.mid,asap_metadata_performance,102,69,294,0.294,64,359,0.359,25159,25.159,18,0.018,59,25159.0,25.159,59,25163.5,25.1635,48,25168.0,25.168,48,25172.5,25.1725,Bach/Fugue/bwv_846/Shi05M.mid,Bach,Fugue_bwv_846,Bach/Fugue/bwv_846
C:\Users\eagle\MARG_research\third_party\PianistTransformer\data\midis\asap-dataset-master\Bach\Fugue\bwv_846\Shi05M.mid,asap_metadata_performance,103,65,18,0.018,41,837,0.837,25177,25.177,4,0.004,48,25177.0,25.177,48,25178.0,25.178,48,25179.0,25.179,48,25180.0,25.18,Bach/Fugue/bwv_846/Shi05M.mid,Bach,Fugue_bwv_846,Bach/Fugue/bwv_846
C:\Users\eagle\MARG_research\third_party\PianistTransformer\data\midis\asap-dataset-master\Bach\Fugue\bwv_846\Shi05M.mid,asap_metadata_performance,104,62,4,0.004,53,706,0.706,25181,25.181,276,0.276,48,25181.0,25.181,52,25250.0,25.25,68,25319.0,25.319,72,25388.0,25.388,Bach/Fugue/bwv_846/Shi05M.mid,Bach,Fugue_bwv_846,Bach/Fugue/bwv_846
C:\Users\eagle\MARG_research\third_party\PianistTransformer\data\midis\asap-dataset-master\Bach\Fugue\bwv_846\Shi05M.mid,asap_metadata_performance,105,55,276,0.276,62,167,0.167,25457,25.457,9,0.009,72,25457.0,25.457,72,25459.25,25.45925,72,25461.5,25.4615,72,25463.75,25.46375,Bach/Fugue/bwv_846/Shi05M.mid,Bach,Fugue_bwv_846,Bach/Fugue/bwv_846
C:\Users\eagle\MARG_research\third_party\PianistTransformer\data\midis\asap-dataset-master\Bach\Fugue\bwv_846\Shi05M.mid,asap_metadata_performance,106,71,9,0.009,69,349,0.349,25466,25.466,129,0.129,72,25466.0,25.466,72,25498.25,25.49825,72,25530.5,25.5305,72,25562.75,25.56275,Bach/Fugue/bwv_846/Shi05M.mid,Bach,Fugue_bwv_846,Bach/Fugue/bwv_846
C:\Users\eagle\MARG_research\third_party\PianistTransformer\data\midis\asap-dataset-master\Bach\Fugue\bwv_846\Shi05M.mid,asap_metadata_performance,107,53,129,0.129,63,212,0.212,25595,25.595,160,0.16,72,25595.0,25.595,72,25635.0,25.635,71,25675.0,25.675,63,25715.0,25.715,Bach/Fugue/bwv_846/Shi05M.mid,Bach,Fugue_bwv_846,Bach/Fugue/bwv_846
C:\Users\eagle\MARG_research\third_party\PianistTransformer\data\midis\asap-dataset-master\Bach\Fugue\bwv_846\Shi05M.mid,asap_metadata_performance,108,52,160,0.16,66,763,0.763,25755,25.755,0,0.0,30,25755.0,25.755,30,25755.0,25.755,30,25755.0,25.755,30,25755.0,25.755,Bach/Fugue/bwv_846/Shi05M.mid,Bach,Fugue_bwv_846,Bach/Fugue/bwv_846
C:\Users\eagle\MARG_research\third_party\PianistTransformer\data\midis\asap-dataset-master\Bach\Fugue\bwv_846\Shi05M.mid,asap_metadata_performance,109,55,0,0.0,64,367,0.367,25755,25.755,7,0.007,30,25755.0,25.755,30,25756.75,25.75675,30,25758.5,25.7585,30,25760.25,25.76025,Bach/Fugue/bwv_846/Shi05M.mid,Bach,Fugue_bwv_846,Bach/Fugue/bwv_846
C:\Users\eagle\MARG_research\third_party\PianistTransformer\data\midis\asap-dataset-master\Bach\Fugue\bwv_846\Shi05M.mid,asap_metadata_performance,110,72,7,0.007,73,2708,2.708,25762,25.762,311,0.311,30,25762.0,25.762,0,25839.75,25.83975,0,25917.5,25.9175,62,25995.25,25.99525,Bach/Fugue/bwv_846/Shi05M.mid,Bach,Fugue_bwv_846,Bach/Fugue/bwv_846
C:\Users\eagle\MARG_research\third_party\PianistTransformer\data\midis\asap-dataset-master\Bach\Fugue\bwv_846\Shi05M.mid,asap_metadata_performance,111,67,311,0.311,60,409,0.409,26073,26.073,312,0.312,84,26073.0,26.073,91,26151.0,26.151,92,26229.0,26.229,92,26307.0,26.307,Bach/Fugue/bwv_846/Shi05M.mid,Bach,Fugue_bwv_846,Bach/Fugue/bwv_846
C:\Users\eagle\MARG_research\third_party\PianistTransformer\data\midis\asap-dataset-master\Bach\Fugue\bwv_846\Shi05M.mid,asap_metadata_performance,112,57,312,0.312,73,684,0.684,26385,26.385,10,0.01,89,26385.0,26.385,89,26387.5,26.3875,89,26390.0,26.39,89,26392.5,26.3925,Bach/Fugue/bwv_846/Shi05M.mid,Bach,Fugue_bwv_846,Bach/Fugue/bwv_846
C:\Users\eagle\MARG_research\third_party\PianistTransformer\data\midis\asap-dataset-master\Bach\Fugue\bwv_846\Shi05M.mid,asap_metadata_performance,113,60,10,0.01,58,1204,1.204,26395,26.395,1,0.001,86,26395.0,26.395,86,26395.25,26.39525,86,26395.5,26.3955,86,26395.75,26.39575,Bach/Fugue/bwv_846/Shi05M.mid,Bach,Fugue_bwv_846,Bach/Fugue/bwv_846
C:\Users\eagle\MARG_research\third_party\PianistTransformer\data\midis\asap-dataset-master\Bach\Fugue\bwv_846\Shi05M.mid,asap_metadata_performance,114,65,1,0.001,62,303,0.303,26396,26.396,318,0.318,86,26396.0,26.396,66,26475.5,26.4755,0,26555.0,26.555,0,26634.5,26.6345,Bach/Fugue/bwv_846/Shi05M.mid,Bach,Fugue_bwv_846,Bach/Fugue/bwv_846
C:\Users\eagle\MARG_research\third_party\PianistTransformer\data\midis\asap-dataset-master\Bach\Fugue\bwv_846\Shi05M.mid,asap_metadata_performance,115,64,318,0.318,50,449,0.449,26714,26.714,287,0.287,0,26714.0,26.714,0,26785.75,26.78575,0,26857.5,26.8575,0,26929.25,26.92925,Bach/Fugue/bwv_846/Shi05M.mid,Bach,Fugue_bwv_846,Bach/Fugue/bwv_846
C:\Users\eagle\MARG_research\third_party\PianistTransformer\data\midis\asap-dataset-master\Bach\Fugue\bwv_846\Shi05M.mid,asap_metadata_performance,116,50,287,0.287,74,782,0.782,27001,27.001,8,0.008,0,27001.0,27.001,0,27003.0,27.003,0,27005.0,27.005,0,27007.0,27.007,Bach/Fugue/bwv_846/Shi05M.mid,Bach,Fugue_bwv_846,Bach/Fugue/bwv_846
C:\Users\eagle\MARG_research\third_party\PianistTransformer\data\midis\asap-dataset-master\Bach\Fugue\bwv_846\Shi05M.mid,asap_metadata_performance,117,65,8,0.008,63,658,0.658,27009,27.009,317,0.317,0,27009.0,27.009,0,27088.25,27.08825,0,27167.5,27.1675,0,27246.75,27.24675,Bach/Fugue/bwv_846/Shi05M.mid,Bach,Fugue_bwv_846,Bach/Fugue/bwv_846
C:\Users\eagle\MARG_research\third_party\PianistTransformer\data\midis\asap-dataset-master\Bach\Fugue\bwv_846\Shi05M.mid,asap_metadata_performance,118,57,317,0.317,57,299,0.299,27326,27.326,283,0.283,0,27326.0,27.326,0,27396.75,27.39675,0,27467.5,27.4675,0,27538.25,27.53825,Bach/Fugue/bwv_846/Shi05M.mid,Bach,Fugue_bwv_846,Bach/Fugue/bwv_846
C:\Users\eagle\MARG_research\third_party\PianistTransformer\data\midis\asap-dataset-master\Bach\Fugue\bwv_846\Shi05M.mid,asap_metadata_performance,119,62,283,0.283,65,345,0.345,27609,27.609,3,0.003,0,27609.0,27.609,0,27609.75,27.60975,0,27610.5,27.6105,0,27611.25,27.61125,Bach/Fugue/bwv_846/Shi05M.mid,Bach,Fugue_bwv_846,Bach/Fugue/bwv_846
C:\Users\eagle\MARG_research\third_party\PianistTransformer\data\midis\asap-dataset-master\Bach\Fugue\bwv_846\Shi05M.mid,asap_metadata_performance,120,59,3,0.003,54,318,0.318,27612,27.612,6,0.006,0,27612.0,27.612,0,27613.5,27.6135,0,27615.0,27.615,0,27616.5,27.6165,Bach/Fugue/bwv_846/Shi05M.mid,Bach,Fugue_bwv_846,Bach/Fugue/bwv_846
C:\Users\eagle\MARG_research\third_party\PianistTransformer\data\midis\asap-dataset-master\Bach\Fugue\bwv_846\Shi05M.mid,asap_metadata_performance,121,55,6,0.006,49,900,0.9,27618,27.618,292,0.292,0,27618.0,27.618,41,27691.0,27.691,65,27764.0,27.764,88,27837.0,27.837,Bach/Fugue/bwv_846/Shi05M.mid,Bach,Fugue_bwv_846,Bach/Fugue/bwv_846
C:\Users\eagle\MARG_research\third_party\PianistTransformer\data\midis\asap-dataset-master\Bach\Fugue\bwv_846\Shi05M.mid,asap_metadata_performance,122,60,292,0.292,58,72,0.072,27910,27.91,284,0.284,100,27910.0,27.91,103,27981.0,27.981,103,28052.0,28.052,103,28123.0,28.123,Bach/Fugue/bwv_846/Shi05M.mid,Bach,Fugue_bwv_846,Bach/Fugue/bwv_846
C:\Users\eagle\MARG_research\third_party\PianistTransformer\data\midis\asap-dataset-master\Bach\Fugue\bwv_846\Shi05M.mid,asap_metadata_performance,123,71,284,0.284,63,1176,1.176,28194,28.194,18,0.018,91,28194.0,28.194,91,28198.5,28.1985,91,28203.0,28.203,91,28207.5,28.2075,Bach/Fugue/bwv_846/Shi05M.mid,Bach,Fugue_bwv_846,Bach/Fugue/bwv_846
C:\Users\eagle\MARG_research\third_party\PianistTransformer\data\midis\asap-dataset-master\Bach\Fugue\bwv_846\Shi05M.mid,asap_metadata_performance,124,62,18,0.018,49,864,0.864,28212,28.212,0,0.0,86,28212.0,28.212,86,28212.0,28.212,86,28212.0,28.212,86,28212.0,28.212,Bach/Fugue/bwv_846/Shi05M.mid,Bach,Fugue_bwv_846,Bach/Fugue/bwv_846
C:\Users\eagle\MARG_research\third_party\PianistTransformer\data\midis\asap-dataset-master\Bach\Fugue\bwv_846\Shi05M.mid,asap_metadata_performance,125,67,0,0.0,40,95,0.095,28212,28.212,95,0.095,86,28212.0,28.212,80,28235.75,28.23575,73,28259.5,28.2595,65,28283.25,28.28325,Bach/Fugue/bwv_846/Shi05M.mid,Bach,Fugue_bwv_846,Bach/Fugue/bwv_846
C:\Users\eagle\MARG_research\third_party\PianistTransformer\data\midis\asap-dataset-master\Bach\Fugue\bwv_846\Shi05M.mid,asap_metadata_performance,126,67,95,0.095,4,2365,2.365,28307,28.307,215,0.215,55,28307.0,28.307,0,28360.75,28.36075,0,28414.5,28.4145,0,28468.25,28.46825,Bach/Fugue/bwv_846/Shi05M.mid,Bach,Fugue_bwv_846,Bach/Fugue/bwv_846
C:\Users\eagle\MARG_research\third_party\PianistTransformer\data\midis\asap-dataset-master\Bach\Fugue\bwv_846\Shi05M.mid,asap_metadata_performance,127,57,215,0.215,50,471,0.471,28522,28.522,292,0.292,0,28522.0,28.522,0,28595.0,28.595,0,28668.0,28.668,0,28741.0,28.741,Bach/Fugue/bwv_846/Shi05M.mid,Bach,Fugue_bwv_846,Bach/Fugue/bwv_846
C:\Users\eagle\MARG_research\third_party\PianistTransformer\data\midis\asap-dataset-master\Bach\Fugue\bwv_846\Shi05M.mid,asap_metadata_performance,128,55,292,0.292,50,306,0.306,28814,28.814,281,0.281,0,28814.0,28.814,45,28884.25,28.88425,69,28954.5,28.9545,87,29024.75,29.02475,Bach/Fugue/bwv_846/Shi05M.mid,Bach,Fugue_bwv_846,Bach/Fugue/bwv_846
C:\Users\eagle\MARG_research\third_party\PianistTransformer\data\midis\asap-dataset-master\Bach\Fugue\bwv_846\Shi05M.mid,asap_metadata_performance,129,53,281,0.281,50,52,0.052,29095,29.095,310,0.31,104,29095.0,29.095,109,29172.5,29.1725,109,29250.0,29.25,105,29327.5,29.3275,Bach/Fugue/bwv_846/Shi05M.mid,Bach,Fugue_bwv_846,Bach/Fugue/bwv_846
C:\Users\eagle\MARG_research\third_party\PianistTransformer\data\midis\asap-dataset-master\Bach\Fugue\bwv_846\Shi05M.mid,asap_metadata_performance,130,52,310,0.31,46,298,0.298,29405,29.405,1,0.001,93,29405.0,29.405,93,29405.25,29.40525,93,29405.5,29.4055,93,29405.75,29.40575,Bach/Fugue/bwv_846/Shi05M.mid,Bach,Fugue_bwv_846,Bach/Fugue/bwv_846
C:\Users\eagle\MARG_research\third_party\PianistTransformer\data\midis\asap-dataset-master\Bach\Fugue\bwv_846\Shi05M.mid,asap_metadata_performance,131,55,1,0.001,38,1417,1.417,29406,29.406,306,0.306,93,29406.0,29.406,58,29482.5,29.4825,39,29559.0,29.559,38,29635.5,29.6355,Bach/Fugue/bwv_846/Shi05M.mid,Bach,Fugue_bwv_846,Bach/Fugue/bwv_846
C:\Users\eagle\MARG_research\third_party\PianistTransformer\data\midis\asap-dataset-master\Bach\Fugue\bwv_846\Shi05M.mid,asap_metadata_performance,132,53,306,0.306,47,413,0.413,29712,29.712,297,0.297,37,29712.0,29.712,37,29786.25,29.78625,37,29860.5,29.8605,36,29934.75,29.93475,Bach/Fugue/bwv_846/Shi05M.mid,Bach,Fugue_bwv_846,Bach/Fugue/bwv_846
C:\Users\eagle\MARG_research\third_party\PianistTransformer\data\midis\asap-dataset-master\Bach\Fugue\bwv_846\Shi05M.mid,asap_metadata_performance,133,72,297,0.297,59,724,0.724,30009,30.009,20,0.02,35,30009.0,30.009,35,30014.0,30.014,35,30019.0,30.019,35,30024.0,30.024,Bach/Fugue/bwv_846/Shi05M.mid,Bach,Fugue_bwv_846,Bach/Fugue/bwv_846
C:\Users\eagle\MARG_research\third_party\PianistTransformer\data\midis\asap-dataset-master\Bach\Fugue\bwv_846\Shi05M.mid,asap_metadata_performance,134,52,20,0.02,42,291,0.291,30029,30.029,282,0.282,35,30029.0,30.029,35,30099.5,30.0995,34,30170.0,30.17,34,30240.5,30.2405,Bach/Fugue/bwv_846/Shi05M.mid,Bach,Fugue_bwv_846,Bach/Fugue/bwv_846
C:\Users\eagle\MARG_research\third_party\PianistTransformer\data\midis\asap-dataset-master\Bach\Fugue\bwv_846\Shi05M.mid,asap_metadata_performance,135,50,282,0.282,50,322,0.322,30311,30.311,296,0.296,34,30311.0,30.311,33,30385.0,30.385,32,30459.0,30.459,32,30533.0,30.533,Bach/Fugue/bwv_846/Shi05M.mid,Bach,Fugue_bwv_846,Bach/Fugue/bwv_846
C:\Users\eagle\MARG_research\third_party\PianistTransformer\data\midis\asap-dataset-master\Bach\Fugue\bwv_846\Shi05M.mid,asap_metadata_performance,136,74,296,0.296,68,652,0.652,30607,30.607,10,0.01,0,30607.0,30.607,0,30609.5,30.6095,0,30612.0,30.612,0,30614.5,30.6145,Bach/Fugue/bwv_846/Shi05M.mid,Bach,Fugue_bwv_846,Bach/Fugue/bwv_846
C:\Users\eagle\MARG_research\third_party\PianistTransformer\data\midis\asap-dataset-master\Bach\Fugue\bwv_846\Shi05M.mid,asap_metadata_performance,137,48,10,0.01,51,314,0.314,30617,30.617,284,0.284,0,30617.0,30.617,0,30688.0,30.688,0,30759.0,30.759,0,30830.0,30.83,Bach/Fugue/bwv_846/Shi05M.mid,Bach,Fugue_bwv_846,Bach/Fugue/bwv_846
C:\Users\eagle\MARG_research\third_party\PianistTransformer\data\midis\asap-dataset-master\Bach\Fugue\bwv_846\Shi05M.mid,asap_metadata_performance,138,50,284,0.284,65,366,0.366,30901,30.901,301,0.301,0,30901.0,30.901,0,30976.25,30.97625,0,31051.5,31.0515,0,31126.75,31.12675,Bach/Fugue/bwv_846/Shi05M.mid,Bach,Fugue_bwv_846,Bach/Fugue/bwv_846
C:\Users\eagle\MARG_research\third_party\PianistTransformer\data\midis\asap-dataset-master\Bach\Fugue\bwv_846\Shi05M.mid,asap_metadata_performance,139,76,301,0.301,71,664,0.664,31202,31.202,5,0.005,0,31202.0,31.202,0,31203.25,31.20325,0,31204.5,31.2045,0,31205.75,31.20575,Bach/Fugue/bwv_846/Shi05M.mid,Bach,Fugue_bwv_846,Bach/Fugue/bwv_846
C:\Users\eagle\MARG_research\third_party\PianistTransformer\data\midis\asap-dataset-master\Bach\Fugue\bwv_846\Shi05M.mid,asap_metadata_performance,140,55,5,0.005,72,339,0.339,31207,31.207,4,0.004,0,31207.0,31.207,0,31208.0,31.208,0,31209.0,31.209,0,31210.0,31.21,Bach/Fugue/bwv_846/Shi05M.mid,Bach,Fugue_bwv_846,Bach/Fugue/bwv_846
C:\Users\eagle\MARG_research\third_party\PianistTransformer\data\midis\asap-dataset-master\Bach\Fugue\bwv_846\Shi05M.mid,asap_metadata_performance,141,48,4,0.004,59,345,0.345,31211,31.211,307,0.307,0,31211.0,31.211,0,31287.75,31.28775,57,31364.5,31.3645,88,31441.25,31.44125,Bach/Fugue/bwv_846/Shi05M.mid,Bach,Fugue_bwv_846,Bach/Fugue/bwv_846
C:\Users\eagle\MARG_research\third_party\PianistTransformer\data\midis\asap-dataset-master\Bach\Fugue\bwv_846\Shi05M.mid,asap_metadata_performance,142,47,307,0.307,55,300,0.3,31518,31.518,297,0.297,110,31518.0,31.518,127,31592.25,31.59225,127,31666.5,31.6665,127,31740.75,31.74075,Bach/Fugue/bwv_846/Shi05M.mid,Bach,Fugue_bwv_846,Bach/Fugue/bwv_846
C:\Users\eagle\MARG_research\third_party\PianistTransformer\data\midis\asap-dataset-master\Bach\Fugue\bwv_846\Shi05M.mid,asap_metadata_performance,143,77,297,0.297,70,938,0.938,31815,31.815,3,0.003,107,31815.0,31.815,107,31815.75,31.81575,107,31816.5,31.8165,107,31817.25,31.81725,Bach/Fugue/bwv_846/Shi05M.mid,Bach,Fugue_bwv_846,Bach/Fugue/bwv_846
C:\Users\eagle\MARG_research\third_party\PianistTransformer\data\midis\asap-dataset-master\Bach\Fugue\bwv_846\Shi05M.mid,asap_metadata_performance,144,57,3,0.003,81,666,0.666,31818,31.818,9,0.009,107,31818.0,31.818,107,31820.25,31.82025,107,31822.5,31.8225,107,31824.75,31.82475,Bach/Fugue/bwv_846/Shi05M.mid,Bach,Fugue_bwv_846,Bach/Fugue/bwv_846
C:\Users\eagle\MARG_research\third_party\PianistTransformer\data\midis\asap-dataset-master\Bach\Fugue\bwv_846\Shi05M.mid,asap_metadata_performance,145,45,9,0.009,65,165,0.165,31827,31.827,603,0.603,88,31827.0,31.827,57,31977.75,31.97775,100,32128.5,32.1285,103,32279.25,32.27925,Bach/Fugue/bwv_846/Shi05M.mid,Bach,Fugue_bwv_846,Bach/Fugue/bwv_846
C:\Users\eagle\MARG_research\third_party\PianistTransformer\data\midis\asap-dataset-master\Bach\Fugue\bwv_846\Shi05M.mid,asap_metadata_performance,146,59,603,0.603,75,659,0.659,32430,32.43,22,0.022,103,32430.0,32.43,101,32435.5,32.4355,101,32441.0,32.441,101,32446.5,32.4465,Bach/Fugue/bwv_846/Shi05M.mid,Bach,Fugue_bwv_846,Bach/Fugue/bwv_846
C:\Users\eagle\MARG_research\third_party\PianistTransformer\data\midis\asap-dataset-master\Bach\Fugue\bwv_846\Shi05M.mid,asap_metadata_performance,147,50,22,0.022,65,660,0.66,32452,32.452,289,0.289,97,32452.0,32.452,69,32524.25,32.52425,0,32596.5,32.5965,0,32668.75,32.66875,Bach/Fugue/bwv_846/Shi05M.mid,Bach,Fugue_bwv_846,Bach/Fugue/bwv_846
C:\Users\eagle\MARG_research\third_party\PianistTransformer\data\midis\asap-dataset-master\Bach\Fugue\bwv_846\Shi05M.mid,asap_metadata_performance,148,79,289,0.289,74,301,0.301,32741,32.741,142,0.142,0,32741.0,32.741,0,32776.5,32.7765,0,32812.0,32.812,0,32847.5,32.8475,Bach/Fugue/bwv_846/Shi05M.mid,Bach,Fugue_bwv_846,Bach/Fugue/bwv_846
C:\Users\eagle\MARG_research\third_party\PianistTransformer\data\midis\asap-dataset-master\Bach\Fugue\bwv_846\Shi05M.mid,asap_metadata_performance,149,77,142,0.142,75,211,0.211,32883,32.883,164,0.164,0,32883.0,32.883,0,32924.0,32.924,0,32965.0,32.965,0,33006.0,33.006,Bach/Fugue/bwv_846/Shi05M.mid,Bach,Fugue_bwv_846,Bach/Fugue/bwv_846
C:\Users\eagle\MARG_research\third_party\PianistTransformer\data\midis\asap-dataset-master\Bach\Fugue\bwv_846\Shi05M.mid,asap_metadata_performance,150,76,164,0.164,71,719,0.719,33047,33.047,10,0.01,0,33047.0,33.047,0,33049.5,33.0495,0,33052.0,33.052,0,33054.5,33.0545,Bach/Fugue/bwv_846/Shi05M.mid,Bach,Fugue_bwv_846,Bach/Fugue/bwv_846
C:\Users\eagle\MARG_research\third_party\PianistTransformer\data\midis\asap-dataset-master\Bach\Fugue\bwv_846\Shi05M.mid,asap_metadata_performance,151,60,10,0.01,80,904,0.904,33057,33.057,12,0.012,0,33057.0,33.057,0,33060.0,33.06,0,33063.0,33.063,0,33066.0,33.066,Bach/Fugue/bwv_846/Shi05M.mid,Bach,Fugue_bwv_846,Bach/Fugue/bwv_846
C:\Users\eagle\MARG_research\third_party\PianistTransformer\data\midis\asap-dataset-master\Bach\Fugue\bwv_846\Shi05M.mid,asap_metadata_performance,152,57,12,0.012,70,583,0.583,33069,33.069,613,0.613,0,33069.0,33.069,0,33222.25,33.22225,0,33375.5,33.3755,0,33528.75,33.52875,Bach/Fugue/bwv_846/Shi05M.mid,Bach,Fugue_bwv_846,Bach/Fugue/bwv_846
C:\Users\eagle\MARG_research\third_party\PianistTransformer\data\midis\asap-dataset-master\Bach\Fugue\bwv_846\Shi05M.mid,asap_metadata_performance,153,54,613,0.613,54,555,0.555,33682,33.682,0,0.0,0,33682.0,33.682,0,33682.0,33.682,0,33682.0,33.682,0,33682.0,33.682,Bach/Fugue/bwv_846/Shi05M.mid,Bach,Fugue_bwv_846,Bach/Fugue/bwv_846
C:\Users\eagle\MARG_research\third_party\PianistTransformer\data\midis\asap-dataset-master\Bach\Fugue\bwv_846\Shi05M.mid,asap_metadata_performance,154,81,0,0.0,75,680,0.68,33682,33.682,293,0.293,0,33682.0,33.682,0,33755.25,33.75525,40,33828.5,33.8285,71,33901.75,33.90175,Bach/Fugue/bwv_846/Shi05M.mid,Bach,Fugue_bwv_846,Bach/Fugue/bwv_846
C:\Users\eagle\MARG_research\third_party\PianistTransformer\data\midis\asap-dataset-master\Bach\Fugue\bwv_846\Shi05M.mid,asap_metadata_performance,155,62,293,0.293,60,103,0.103,33975,33.975,132,0.132,93,33975.0,33.975,98,34008.0,34.008,100,34041.0,34.041,104,34074.0,34.074,Bach/Fugue/bwv_846/Shi05M.mid,Bach,Fugue_bwv_846,Bach/Fugue/bwv_846
C:\Users\eagle\MARG_research\third_party\PianistTransformer\data\midis\asap-dataset-master\Bach\Fugue\bwv_846\Shi05M.mid,asap_metadata_performance,156,60,132,0.132,65,191,0.191,34107,34.107,174,0.174,104,34107.0,34.107,104,34150.5,34.1505,104,34194.0,34.194,104,34237.5,34.2375,Bach/Fugue/bwv_846/Shi05M.mid,Bach,Fugue_bwv_846,Bach/Fugue/bwv_846
C:\Users\eagle\MARG_research\third_party\PianistTransformer\data\midis\asap-dataset-master\Bach\Fugue\bwv_846\Shi05M.mid,asap_metadata_performance,157,59,174,0.174,68,297,0.297,34281,34.281,3,0.003,84,34281.0,34.281,84,34281.75,34.28175,84,34282.5,34.2825,84,34283.25,34.28325,Bach/Fugue/bwv_846/Shi05M.mid,Bach,Fugue_bwv_846,Bach/Fugue/bwv_846
C:\Users\eagle\MARG_research\third_party\PianistTransformer\data\midis\asap-dataset-master\Bach\Fugue\bwv_846\Shi05M.mid,asap_metadata_performance,158,74,3,0.003,69,707,0.707,34284,34.284,12,0.012,84,34284.0,34.284,84,34287.0,34.287,84,34290.0,34.29,84,34293.0,34.293,Bach/Fugue/bwv_846/Shi05M.mid,Bach,Fugue_bwv_846,Bach/Fugue/bwv_846
C:\Users\eagle\MARG_research\third_party\PianistTransformer\data\midis\asap-dataset-master\Bach\Fugue\bwv_846\Shi05M.mid,asap_metadata_performance,159,55,12,0.012,61,643,0.643,34296,34.296,299,0.299,71,34296.0,34.296,0,34370.75,34.37075,37,34445.5,34.4455,77,34520.25,34.52025,Bach/Fugue/bwv_846/Shi05M.mid,Bach,Fugue_bwv_846,Bach/Fugue/bwv_846
C:\Users\eagle\MARG_research\third_party\PianistTransformer\data\midis\asap-dataset-master\Bach\Fugue\bwv_846\Shi05M.mid,asap_metadata_performance,160,57,299,0.299,61,353,0.353,34595,34.595,288,0.288,104,34595.0,34.595,127,34667.0,34.667,127,34739.0,34.739,127,34811.0,34.811,Bach/Fugue/bwv_846/Shi05M.mid,Bach,Fugue_bwv_846,Bach/Fugue/bwv_846
C:\Users\eagle\MARG_research\third_party\PianistTransformer\data\midis\asap-dataset-master\Bach\Fugue\bwv_846\Shi05M.mid,asap_metadata_performance,161,64,288,0.288,75,353,0.353,34883,34.883,1,0.001,127,34883.0,34.883,127,34883.25,34.88325,127,34883.5,34.8835,127,34883.75,34.88375,Bach/Fugue/bwv_846/Shi05M.mid,Bach,Fugue_bwv_846,Bach/Fugue/bwv_846
C:\Users\eagle\MARG_research\third_party\PianistTransformer\data\midis\asap-dataset-master\Bach\Fugue\bwv_846\Shi05M.mid,asap_metadata_performance,162,79,1,0.001,77,991,0.991,34884,34.884,14,0.014,127,34884.0,34.884,127,34887.5,34.8875,105,34891.0,34.891,105,34894.5,34.8945,Bach/Fugue/bwv_846/Shi05M.mid,Bach,Fugue_bwv_846,Bach/Fugue/bwv_846
C:\Users\eagle\MARG_research\third_party\PianistTransformer\data\midis\asap-dataset-master\Bach\Fugue\bwv_846\Shi05M.mid,asap_metadata_performance,163,58,14,0.014,66,280,0.28,34898,34.898,309,0.309,105,34898.0,34.898,44,34975.25,34.97525,0,35052.5,35.0525,73,35129.75,35.12975,Bach/Fugue/bwv_846/Shi05M.mid,Bach,Fugue_bwv_846,Bach/Fugue/bwv_846
C:\Users\eagle\MARG_research\third_party\PianistTransformer\data\midis\asap-dataset-master\Bach\Fugue\bwv_846\Shi05M.mid,asap_metadata_performance,164,55,309,0.309,54,417,0.417,35207,35.207,300,0.3,98,35207.0,35.207,127,35282.0,35.282,127,35357.0,35.357,127,35432.0,35.432,Bach/Fugue/bwv_846/Shi05M.mid,Bach,Fugue_bwv_846,Bach/Fugue/bwv_846
C:\Users\eagle\MARG_research\third_party\PianistTransformer\data\midis\asap-dataset-master\Bach\Fugue\bwv_846\Shi05M.mid,asap_metadata_performance,165,57,300,0.3,77,712,0.712,35507,35.507,6,0.006,127,35507.0,35.507,127,35508.5,35.5085,127,35510.0,35.51,127,35511.5,35.5115,Bach/Fugue/bwv_846/Shi05M.mid,Bach,Fugue_bwv_846,Bach/Fugue/bwv_846
C:\Users\eagle\MARG_research\third_party\PianistTransformer\data\midis\asap-dataset-master\Bach\Fugue\bwv_846\Shi05M.mid,asap_metadata_performance,166,49,6,0.006,69,241,0.241,35513,35.513,318,0.318,127,35513.0,35.513,55,35592.5,35.5925,0,35672.0,35.672,72,35751.5,35.7515,Bach/Fugue/bwv_846/Shi05M.mid,Bach,Fugue_bwv_846,Bach/Fugue/bwv_846
C:\Users\eagle\MARG_research\third_party\PianistTransformer\data\midis\asap-dataset-master\Bach\Fugue\bwv_846\Shi05M.mid,asap_metadata_performance,167,81,318,0.318,67,380,0.38,35831,35.831,310,0.31,103,35831.0,35.831,123,35908.5,35.9085,127,35986.0,35.986,127,36063.5,36.0635,Bach/Fugue/bwv_846/Shi05M.mid,Bach,Fugue_bwv_846,Bach/Fugue/bwv_846
C:\Users\eagle\MARG_research\third_party\PianistTransformer\data\midis\asap-dataset-master\Bach\Fugue\bwv_846\Shi05M.mid,asap_metadata_performance,168,62,310,0.31,77,1049,1.049,36141,36.141,6,0.006,111,36141.0,36.141,111,36142.5,36.1425,111,36144.0,36.144,111,36145.5,36.1455,Bach/Fugue/bwv_846/Shi05M.mid,Bach,Fugue_bwv_846,Bach/Fugue/bwv_846
C:\Users\eagle\MARG_research\third_party\PianistTransformer\data\midis\asap-dataset-master\Bach\Fugue\bwv_846\Shi05M.mid,asap_metadata_performance,169,79,6,0.006,74,429,0.429,36147,36.147,4,0.004,111,36147.0,36.147,101,36148.0,36.148,101,36149.0,36.149,101,36150.0,36.15,Bach/Fugue/bwv_846/Shi05M.mid,Bach,Fugue_bwv_846,Bach/Fugue/bwv_846
C:\Users\eagle\MARG_research\third_party\PianistTransformer\data\midis\asap-dataset-master\Bach\Fugue\bwv_846\Shi05M.mid,asap_metadata_performance,170,50,4,0.004,64,238,0.238,36151,36.151,309,0.309,101,36151.0,36.151,35,36228.25,36.22825,0,36305.5,36.3055,79,36382.75,36.38275,Bach/Fugue/bwv_846/Shi05M.mid,Bach,Fugue_bwv_846,Bach/Fugue/bwv_846
C:\Users\eagle\MARG_research\third_party\PianistTransformer\data\midis\asap-dataset-master\Bach\Fugue\bwv_846\Shi05M.mid,asap_metadata_performance,171,77,309,0.309,67,382,0.382,36460,36.46,329,0.329,117,36460.0,36.46,126,36542.25,36.54225,126,36624.5,36.6245,126,36706.75,36.70675,Bach/Fugue/bwv_846/Shi05M.mid,Bach,Fugue_bwv_846,Bach/Fugue/bwv_846
C:\Users\eagle\MARG_research\third_party\PianistTransformer\data\midis\asap-dataset-master\Bach\Fugue\bwv_846\Shi05M.mid,asap_metadata_performance,172,76,329,0.329,62,1807,1.807,36789,36.789,1,0.001,115,36789.0,36.789,115,36789.25,36.78925,115,36789.5,36.7895,115,36789.75,36.78975,Bach/Fugue/bwv_846/Shi05M.mid,Bach,Fugue_bwv_846,Bach/Fugue/bwv_846
C:\Users\eagle\MARG_research\third_party\PianistTransformer\data\midis\asap-dataset-master\Bach\Fugue\bwv_846\Shi05M.mid,asap_metadata_performance,173,57,1,0.001,61,998,0.998,36790,36.79,302,0.302,115,36790.0,36.79,77,36865.5,36.8655,40,36941.0,36.941,32,37016.5,37.0165,Bach/Fugue/bwv_846/Shi05M.mid,Bach,Fugue_bwv_846,Bach/Fugue/bwv_846
C:\Users\eagle\MARG_research\third_party\PianistTransformer\data\midis\asap-dataset-master\Bach\Fugue\bwv_846\Shi05M.mid,asap_metadata_performance,174,64,302,0.302,67,374,0.374,37092,37.092,312,0.312,0,37092.0,37.092,0,37170.0,37.17,0,37248.0,37.248,0,37326.0,37.326,Bach/Fugue/bwv_846/Shi05M.mid,Bach,Fugue_bwv_846,Bach/Fugue/bwv_846
C:\Users\eagle\MARG_research\third_party\PianistTransformer\data\midis\asap-dataset-master\Bach\Fugue\bwv_846\Shi05M.mid,asap_metadata_performance,175,81,312,0.312,81,1119,1.119,37404,37.404,13,0.013,0,37404.0,37.404,0,37407.25,37.40725,0,37410.5,37.4105,0,37413.75,37.41375,Bach/Fugue/bwv_846/Shi05M.mid,Bach,Fugue_bwv_846,Bach/Fugue/bwv_846
C:\Users\eagle\MARG_research\third_party\PianistTransformer\data\midis\asap-dataset-master\Bach\Fugue\bwv_846\Shi05M.mid,asap_metadata_performance,176,62,13,0.013,71,326,0.326,37417,37.417,300,0.3,0,37417.0,37.417,0,37492.0,37.492,0,37567.0,37.567,39,37642.0,37.642,Bach/Fugue/bwv_846/Shi05M.mid,Bach,Fugue_bwv_846,Bach/Fugue/bwv_846
C:\Users\eagle\MARG_research\third_party\PianistTransformer\data\midis\asap-dataset-master\Bach\Fugue\bwv_846\Shi05M.mid,asap_metadata_performance,177,60,300,0.3,72,455,0.455,37717,37.717,356,0.356,73,37717.0,37.717,100,37806.0,37.806,105,37895.0,37.895,108,37984.0,37.984,Bach/Fugue/bwv_846/Shi05M.mid,Bach,Fugue_bwv_846,Bach/Fugue/bwv_846
C:\Users\eagle\MARG_research\third_party\PianistTransformer\data\midis\asap-dataset-master\Bach\Fugue\bwv_846\Shi05M.mid,asap_metadata_performance,178,52,356,0.356,66,1066,1.066,38073,38.073,9,0.009,104,38073.0,38.073,104,38075.25,38.07525,104,38077.5,38.0775,104,38079.75,38.07975,Bach/Fugue/bwv_846/Shi05M.mid,Bach,Fugue_bwv_846,Bach/Fugue/bwv_846
C:\Users\eagle\MARG_research\third_party\PianistTransformer\data\midis\asap-dataset-master\Bach\Fugue\bwv_846\Shi05M.mid,asap_metadata_performance,179,59,9,0.009,74,1026,1.026,38082,38.082,370,0.37,104,38082.0,38.082,71,38174.5,38.1745,0,38267.0,38.267,0,38359.5,38.3595,Bach/Fugue/bwv_846/Shi05M.mid,Bach,Fugue_bwv_846,Bach/Fugue/bwv_846
C:\Users\eagle\MARG_research\third_party\PianistTransformer\data\midis\asap-dataset-master\Bach\Fugue\bwv_846\Shi05M.mid,asap_metadata_performance,180,83,370,0.37,82,474,0.474,38452,38.452,359,0.359,0,38452.0,38.452,0,38541.75,38.54175,0,38631.5,38.6315,0,38721.25,38.72125,Bach/Fugue/bwv_846/Shi05M.mid,Bach,Fugue_bwv_846,Bach/Fugue/bwv_846
C:\Users\eagle\MARG_research\third_party\PianistTransformer\data\midis\asap-dataset-master\Bach\Fugue\bwv_846\Shi05M.mid,asap_metadata_performance,181,64,359,0.359,81,1654,1.654,38811,38.811,1,0.001,0,38811.0,38.811,0,38811.25,38.81125,0,38811.5,38.8115,0,38811.75,38.81175,Bach/Fugue/bwv_846/Shi05M.mid,Bach,Fugue_bwv_846,Bach/Fugue/bwv_846
C:\Users\eagle\MARG_research\third_party\PianistTransformer\data\midis\asap-dataset-master\Bach\Fugue\bwv_846\Shi05M.mid,asap_metadata_performance,182,81,1,0.001,81,415,0.415,38812,38.812,344,0.344,0,38812.0,38.812,0,38898.0,38.898,0,38984.0,38.984,69,39070.0,39.07,Bach/Fugue/bwv_846/Shi05M.mid,Bach,Fugue_bwv_846,Bach/Fugue/bwv_846
C:\Users\eagle\MARG_research\third_party\PianistTransformer\data\midis\asap-dataset-master\Bach\Fugue\bwv_846\Shi05M.mid,asap_metadata_performance,183,79,344,0.344,80,399,0.399,39156,39.156,332,0.332,92,39156.0,39.156,103,39239.0,39.239,103,39322.0,39.322,98,39405.0,39.405,Bach/Fugue/bwv_846/Shi05M.mid,Bach,Fugue_bwv_846,Bach/Fugue/bwv_846
C:\Users\eagle\MARG_research\third_party\PianistTransformer\data\midis\asap-dataset-master\Bach\Fugue\bwv_846\Shi05M.mid,asap_metadata_performance,184,77,332,0.332,71,2619,2.619,39488,39.488,30,0.03,88,39488.0,39.488,84,39495.5,39.4955,84,39503.0,39.503,84,39510.5,39.5105,Bach/Fugue/bwv_846/Shi05M.mid,Bach,Fugue_bwv_846,Bach/Fugue/bwv_846
C:\Users\eagle\MARG_research\third_party\PianistTransformer\data\midis\asap-dataset-master\Bach\Fugue\bwv_846\Shi05M.mid,asap_metadata_performance,185,57,30,0.03,48,324,0.324,39518,39.518,275,0.275,79,39518.0,39.518,60,39586.75,39.58675,47,39655.5,39.6555,39,39724.25,39.72425,Bach/Fugue/bwv_846/Shi05M.mid,Bach,Fugue_bwv_846,Bach/Fugue/bwv_846
C:\Users\eagle\MARG_research\third_party\PianistTransformer\data\midis\asap-dataset-master\Bach\Fugue\bwv_846\Shi05M.mid,asap_metadata_performance,186,59,275,0.275,55,354,0.354,39793,39.793,297,0.297,35,39793.0,39.793,34,39867.25,39.86725,32,39941.5,39.9415,32,40015.75,40.01575,Bach/Fugue/bwv_846/Shi05M.mid,Bach,Fugue_bwv_846,Bach/Fugue/bwv_846
C:\Users\eagle\MARG_research\third_party\PianistTransformer\data\midis\asap-dataset-master\Bach\Fugue\bwv_846\Shi05M.mid,asap_metadata_performance,187,67,297,0.297,69,820,0.82,40090,40.09,26,0.026,33,40090.0,40.09,33,40096.5,40.0965,33,40103.0,40.103,34,40109.5,40.1095,Bach/Fugue/bwv_846/Shi05M.mid,Bach,Fugue_bwv_846,Bach/Fugue/bwv_846
C:\Users\eagle\MARG_research\third_party\PianistTransformer\data\midis\asap-dataset-master\Bach\Fugue\bwv_846\Shi05M.mid,asap_metadata_performance,188,60,26,0.026,52,361,0.361,40116,40.116,295,0.295,34,40116.0,40.116,58,40189.75,40.18975,76,40263.5,40.2635,123,40337.25,40.33725,Bach/Fugue/bwv_846/Shi05M.mid,Bach,Fugue_bwv_846,Bach/Fugue/bwv_846
C:\Users\eagle\MARG_research\third_party\PianistTransformer\data\midis\asap-dataset-master\Bach\Fugue\bwv_846\Shi05M.mid,asap_metadata_performance,189,62,295,0.295,56,86,0.086,40411,40.411,282,0.282,127,40411.0,40.411,127,40481.5,40.4815,127,40552.0,40.552,127,40622.5,40.6225,Bach/Fugue/bwv_846/Shi05M.mid,Bach,Fugue_bwv_846,Bach/Fugue/bwv_846
C:\Users\eagle\MARG_research\third_party\PianistTransformer\data\midis\asap-dataset-master\Bach\Fugue\bwv_846\Shi05M.mid,asap_metadata_performance,190,69,282,0.282,71,705,0.705,40693,40.693,5,0.005,100,40693.0,40.693,100,40694.25,40.69425,100,40695.5,40.6955,100,40696.75,40.69675,Bach/Fugue/bwv_846/Shi05M.mid,Bach,Fugue_bwv_846,Bach/Fugue/bwv_846
C:\Users\eagle\MARG_research\third_party\PianistTransformer\data\midis\asap-dataset-master\Bach\Fugue\bwv_846\Shi05M.mid,asap_metadata_performance,191,62,5,0.005,44,1405,1.405,40698,40.698,16,0.016,100,40698.0,40.698,100,40702.0,40.702,100,40706.0,40.706,100,40710.0,40.71,Bach/Fugue/bwv_846/Shi05M.mid,Bach,Fugue_bwv_846,Bach/Fugue/bwv_846
C:\Users\eagle\MARG_research\third_party\PianistTransformer\data\midis\asap-dataset-master\Bach\Fugue\bwv_846\Shi05M.mid,asap_metadata_performance,192,60,16,0.016,46,285,0.285,40714,40.714,277,0.277,95,40714.0,40.714,80,40783.25,40.78325,61,40852.5,40.8525,52,40921.75,40.92175,Bach/Fugue/bwv_846/Shi05M.mid,Bach,Fugue_bwv_846,Bach/Fugue/bwv_846
C:\Users\eagle\MARG_research\third_party\PianistTransformer\data\midis\asap-dataset-master\Bach\Fugue\bwv_846\Shi05M.mid,asap_metadata_performance,193,59,277,0.277,49,345,0.345,40991,40.991,303,0.303,49,40991.0,40.991,48,41066.75,41.06675,46,41142.5,41.1425,44,41218.25,41.21825,Bach/Fugue/bwv_846/Shi05M.mid,Bach,Fugue_bwv_846,Bach/Fugue/bwv_846
C:\Users\eagle\MARG_research\third_party\PianistTransformer\data\midis\asap-dataset-master\Bach\Fugue\bwv_846\Shi05M.mid,asap_metadata_performance,194,71,303,0.303,79,732,0.732,41294,41.294,22,0.022,39,41294.0,41.294,39,41299.5,41.2995,39,41305.0,41.305,39,41310.5,41.3105,Bach/Fugue/bwv_846/Shi05M.mid,Bach,Fugue_bwv_846,Bach/Fugue/bwv_846
C:\Users\eagle\MARG_research\third_party\PianistTransformer\data\midis\asap-dataset-master\Bach\Fugue\bwv_846\Shi05M.mid,asap_metadata_performance,195,57,22,0.022,54,280,0.28,41316,41.316,275,0.275,37,41316.0,41.316,33,41384.75,41.38475,32,41453.5,41.4535,32,41522.25,41.52225,Bach/Fugue/bwv_846/Shi05M.mid,Bach,Fugue_bwv_846,Bach/Fugue/bwv_846
C:\Users\eagle\MARG_research\third_party\PianistTransformer\data\midis\asap-dataset-master\Bach\Fugue\bwv_846\Shi05M.mid,asap_metadata_performance,196,55,275,0.275,47,893,0.893,41591,41.591,317,0.317,0,41591.0,41.591,0,41670.25,41.67025,0,41749.5,41.7495,0,41828.75,41.82875,Bach/Fugue/bwv_846/Shi05M.mid,Bach,Fugue_bwv_846,Bach/Fugue/bwv_846
C:\Users\eagle\MARG_research\third_party\PianistTransformer\data\midis\asap-dataset-master\Bach\Fugue\bwv_846\Shi05M.mid,asap_metadata_performance,197,76,317,0.317,71,960,0.96,41908,41.908,2,0.002,0,41908.0,41.908,0,41908.5,41.9085,0,41909.0,41.909,0,41909.5,41.9095,Bach/Fugue/bwv_846/Shi05M.mid,Bach,Fugue_bwv_846,Bach/Fugue/bwv_846
C:\Users\eagle\MARG_research\third_party\PianistTransformer\data\midis\asap-dataset-master\Bach\Fugue\bwv_846\Shi05M.mid,asap_metadata_performance,198,72,2,0.002,67,929,0.929,41910,41.91,33,0.033,0,41910.0,41.91,0,41918.25,41.91825,0,41926.5,41.9265,0,41934.75,41.93475,Bach/Fugue/bwv_846/Shi05M.mid,Bach,Fugue_bwv_846,Bach/Fugue/bwv_846
C:\Users\eagle\MARG_research\third_party\PianistTransformer\data\midis\asap-dataset-master\Bach\Fugue\bwv_846\Shi05M.mid,asap_metadata_performance,199,60,33,0.033,50,328,0.328,41943,41.943,311,0.311,0,41943.0,41.943,0,42020.75,42.02075,0,42098.5,42.0985,0,42176.25,42.17625,Bach/Fugue/bwv_846/Shi05M.mid,Bach,Fugue_bwv_846,Bach/Fugue/bwv_846
C:\Users\eagle\MARG_research\third_party\PianistTransformer\data\midis\asap-dataset-master\Bach\Fugue\bwv_846\Shi05M.mid,asap_metadata_performance,200,59,311,0.311,47,331,0.331,42254,42.254,292,0.292,0,42254.0,42.254,0,42327.0,42.327,0,42400.0,42.4,0,42473.0,42.473,Bach/Fugue/bwv_846/Shi05M.mid,Bach,Fugue_bwv_846,Bach/Fugue/bwv_846
C:\Users\eagle\MARG_research\third_party\PianistTransformer\data\midis\asap-dataset-master\Bach\Fugue\bwv_846\Shi05M.mid,asap_metadata_performance,201,60,292,0.292,60,349,0.349,42546,42.546,283,0.283,0,42546.0,42.546,0,42616.75,42.61675,0,42687.5,42.6875,0,42758.25,42.75825,Bach/Fugue/bwv_846/Shi05M.mid,Bach,Fugue_bwv_846,Bach/Fugue/bwv_846
C:\Users\eagle\MARG_research\third_party\PianistTransformer\data\midis\asap-dataset-master\Bach\Fugue\bwv_846\Shi05M.mid,asap_metadata_performance,202,78,283,0.283,67,411,0.411,42829,42.829,3,0.003,0,42829.0,42.829,0,42829.75,42.82975,0,42830.5,42.8305,0,42831.25,42.83125,Bach/Fugue/bwv_846/Shi05M.mid,Bach,Fugue_bwv_846,Bach/Fugue/bwv_846
C:\Users\eagle\MARG_research\third_party\PianistTransformer\data\midis\asap-dataset-master\Bach\Fugue\bwv_846\Shi05M.mid,asap_metadata_performance,203,74,3,0.003,74,120,0.12,42832,42.832,14,0.014,0,42832.0,42.832,0,42835.5,42.8355,0,42839.0,42.839,0,42842.5,42.8425,Bach/Fugue/bwv_846/Shi05M.mid,Bach,Fugue_bwv_846,Bach/Fugue/bwv_846
C:\Users\eagle\MARG_research\third_party\PianistTransformer\data\midis\asap-dataset-master\Bach\Fugue\bwv_846\Shi05M.mid,asap_metadata_performance,204,57,14,0.014,53,315,0.315,42846,42.846,120,0.12,0,42846.0,42.846,0,42876.0,42.876,0,42906.0,42.906,0,42936.0,42.936,Bach/Fugue/bwv_846/Shi05M.mid,Bach,Fugue_bwv_846,Bach/Fugue/bwv_846
C:\Users\eagle\MARG_research\third_party\PianistTransformer\data\midis\asap-dataset-master\Bach\Fugue\bwv_846\Shi05M.mid,asap_metadata_performance,205,72,120,0.12,74,248,0.248,42966,42.966,168,0.168,0,42966.0,42.966,0,43008.0,43.008,0,43050.0,43.05,0,43092.0,43.092,Bach/Fugue/bwv_846/Shi05M.mid,Bach,Fugue_bwv_846,Bach/Fugue/bwv_846
C:\Users\eagle\MARG_research\third_party\PianistTransformer\data\midis\asap-dataset-master\Bach\Fugue\bwv_846\Shi05M.mid,asap_metadata_performance,206,71,168,0.168,69,918,0.918,43134,43.134,3,0.003,0,43134.0,43.134,0,43134.75,43.13475,0,43135.5,43.1355,0,43136.25,43.13625,Bach/Fugue/bwv_846/Shi05M.mid,Bach,Fugue_bwv_846,Bach/Fugue/bwv_846
C:\Users\eagle\MARG_research\third_party\PianistTransformer\data\midis\asap-dataset-master\Bach\Fugue\bwv_846\Shi05M.mid,asap_metadata_performance,207,79,3,0.003,74,2751,2.751,43137,43.137,13,0.013,0,43137.0,43.137,0,43140.25,43.14025,0,43143.5,43.1435,0,43146.75,43.14675,Bach/Fugue/bwv_846/Shi05M.mid,Bach,Fugue_bwv_846,Bach/Fugue/bwv_846
C:\Users\eagle\MARG_research\third_party\PianistTransformer\data\midis\asap-dataset-master\Bach\Fugue\bwv_846\Shi05M.mid,asap_metadata_performance,208,64,13,0.013,54,601,0.601,43150,43.15,303,0.303,0,43150.0,43.15,0,43225.75,43.22575,0,43301.5,43.3015,0,43377.25,43.37725,Bach/Fugue/bwv_846/Shi05M.mid,Bach,Fugue_bwv_846,Bach/Fugue/bwv_846
C:\Users\eagle\MARG_research\third_party\PianistTransformer\data\midis\asap-dataset-master\Bach\Fugue\bwv_846\Shi05M.mid,asap_metadata_performance,209,62,303,0.303,58,543,0.543,43453,43.453,290,0.29,0,43453.0,43.453,0,43525.5,43.5255,0,43598.0,43.598,0,43670.5,43.6705,Bach/Fugue/bwv_846/Shi05M.mid,Bach,Fugue_bwv_846,Bach/Fugue/bwv_846
C:\Users\eagle\MARG_research\third_party\PianistTransformer\data\midis\asap-dataset-master\Bach\Fugue\bwv_846\Shi05M.mid,asap_metadata_performance,210,76,290,0.29,77,1355,1.355,43743,43.743,32,0.032,0,43743.0,43.743,0,43751.0,43.751,0,43759.0,43.759,0,43767.0,43.767,Bach/Fugue/bwv_846/Shi05M.mid,Bach,Fugue_bwv_846,Bach/Fugue/bwv_846
C:\Users\eagle\MARG_research\third_party\PianistTransformer\data\midis\asap-dataset-master\Bach\Fugue\bwv_846\Shi05M.mid,asap_metadata_performance,211,60,32,0.032,51,273,0.273,43775,43.775,254,0.254,0,43775.0,43.775,0,43838.5,43.8385,0,43902.0,43.902,0,43965.5,43.9655,Bach/Fugue/bwv_846/Shi05M.mid,Bach,Fugue_bwv_846,Bach/Fugue/bwv_846
C:\Users\eagle\MARG_research\third_party\PianistTransformer\data\midis\asap-dataset-master\Bach\Fugue\bwv_846\Shi05M.mid,asap_metadata_performance,212,59,254,0.254,51,431,0.431,44029,44.029,307,0.307,0,44029.0,44.029,0,44105.75,44.10575,0,44182.5,44.1825,0,44259.25,44.25925,Bach/Fugue/bwv_846/Shi05M.mid,Bach,Fugue_bwv_846,Bach/Fugue/bwv_846
C:\Users\eagle\MARG_research\third_party\PianistTransformer\data\midis\asap-dataset-master\Bach\Fugue\bwv_846\Shi05M.mid,asap_metadata_performance,213,69,307,0.307,73,1637,1.637,44336,44.336,26,0.026,0,44336.0,44.336,0,44342.5,44.3425,0,44349.0,44.349,0,44355.5,44.3555,Bach/Fugue/bwv_846/Shi05M.mid,Bach,Fugue_bwv_846,Bach/Fugue/bwv_846
C:\Users\eagle\MARG_research\third_party\PianistTransformer\data\midis\asap-dataset-master\Bach\Fugue\bwv_846\Shi05M.mid,asap_metadata_performance,214,60,26,0.026,54,299,0.299,44362,44.362,285,0.285,0,44362.0,44.362,0,44433.25,44.43325,0,44504.5,44.5045,0,44575.75,44.57575,Bach/Fugue/bwv_846/Shi05M.mid,Bach,Fugue_bwv_846,Bach/Fugue/bwv_846
C:\Users\eagle\MARG_research\third_party\PianistTransformer\data\midis\asap-dataset-master\Bach\Fugue\bwv_846\Shi05M.mid,asap_metadata_performance,215,57,285,0.285,59,362,0.362,44647,44.647,289,0.289,0,44647.0,44.647,0,44719.25,44.71925,0,44791.5,44.7915,0,44863.75,44.86375,Bach/Fugue/bwv_846/Shi05M.mid,Bach,Fugue_bwv_846,Bach/Fugue/bwv_846
C:\Users\eagle\MARG_research\third_party\PianistTransformer\data\midis\asap-dataset-master\Bach\Fugue\bwv_846\Shi05M.mid,asap_metadata_performance,216,74,289,0.289,72,1046,1.046,44936,44.936,9,0.009,0,44936.0,44.936,0,44938.25,44.93825,0,44940.5,44.9405,0,44942.75,44.94275,Bach/Fugue/bwv_846/Shi05M.mid,Bach,Fugue_bwv_846,Bach/Fugue/bwv_846
C:\Users\eagle\MARG_research\third_party\PianistTransformer\data\midis\asap-dataset-master\Bach\Fugue\bwv_846\Shi05M.mid,asap_metadata_performance,217,59,9,0.009,48,427,0.427,44945,44.945,291,0.291,0,44945.0,44.945,0,45017.75,45.01775,0,45090.5,45.0905,0,45163.25,45.16325,Bach/Fugue/bwv_846/Shi05M.mid,Bach,Fugue_bwv_846,Bach/Fugue/bwv_846
C:\Users\eagle\MARG_research\third_party\PianistTransformer\data\midis\asap-dataset-master\Bach\Fugue\bwv_846\Shi05M.mid,asap_metadata_performance,218,60,291,0.291,52,369,0.369,45236,45.236,332,0.332,0,45236.0,45.236,0,45319.0,45.319,0,45402.0,45.402,0,45485.0,45.485,Bach/Fugue/bwv_846/Shi05M.mid,Bach,Fugue_bwv_846,Bach/Fugue/bwv_846
C:\Users\eagle\MARG_research\third_party\PianistTransformer\data\midis\asap-dataset-master\Bach\Fugue\bwv_846\Shi05M.mid,asap_metadata_performance,219,78,332,0.332,71,1429,1.429,45568,45.568,9,0.009,0,45568.0,45.568,0,45570.25,45.57025,0,45572.5,45.5725,0,45574.75,45.57475,Bach/Fugue/bwv_846/Shi05M.mid,Bach,Fugue_bwv_846,Bach/Fugue/bwv_846
C:\Users\eagle\MARG_research\third_party\PianistTransformer\data\midis\asap-dataset-master\Bach\Fugue\bwv_846\Shi05M.mid,asap_metadata_performance,220,62,9,0.009,45,410,0.41,45577,45.577,320,0.32,0,45577.0,45.577,0,45657.0,45.657,0,45737.0,45.737,0,45817.0,45.817,Bach/Fugue/bwv_846/Shi05M.mid,Bach,Fugue_bwv_846,Bach/Fugue/bwv_846
C:\Users\eagle\MARG_research\third_party\PianistTransformer\data\midis\asap-dataset-master\Bach\Fugue\bwv_846\Shi05M.mid,asap_metadata_performance,221,76,320,0.32,77,389,0.389,45897,45.897,8,0.008,0,45897.0,45.897,0,45899.0,45.899,0,45901.0,45.901,0,45903.0,45.903,Bach/Fugue/bwv_846/Shi05M.mid,Bach,Fugue_bwv_846,Bach/Fugue/bwv_846
C:\Users\eagle\MARG_research\third_party\PianistTransformer\data\midis\asap-dataset-master\Bach\Fugue\bwv_846\Shi05M.mid,asap_metadata_performance,222,60,8,0.008,52,380,0.38,45905,45.905,280,0.28,0,45905.0,45.905,0,45975.0,45.975,0,46045.0,46.045,0,46115.0,46.115,Bach/Fugue/bwv_846/Shi05M.mid,Bach,Fugue_bwv_846,Bach/Fugue/bwv_846
C:\Users\eagle\MARG_research\third_party\PianistTransformer\data\midis\asap-dataset-master\Bach\Fugue\bwv_846\Shi05M.mid,asap_metadata_performance,223,74,280,0.28,71,311,0.311,46185,46.185,12,0.012,0,46185.0,46.185,0,46188.0,46.188,0,46191.0,46.191,0,46194.0,46.194,Bach/Fugue/bwv_846/Shi05M.mid,Bach,Fugue_bwv_846,Bach/Fugue/bwv_846
C:\Users\eagle\MARG_research\third_party\PianistTransformer\data\midis\asap-dataset-master\Bach\Fugue\bwv_846\Shi05M.mid,asap_metadata_performance,224,59,12,0.012,52,303,0.303,46197,46.197,294,0.294,0,46197.0,46.197,0,46270.5,46.2705,0,46344.0,46.344,0,46417.5,46.4175,Bach/Fugue/bwv_846/Shi05M.mid,Bach,Fugue_bwv_846,Bach/Fugue/bwv_846
C:\Users\eagle\MARG_research\third_party\PianistTransformer\data\midis\asap-dataset-master\Bach\Fugue\bwv_846\Shi05M.mid,asap_metadata_performance,225,72,294,0.294,69,510,0.51,46491,46.491,4,0.004,0,46491.0,46.491,0,46492.0,46.492,0,46493.0,46.493,0,46494.0,46.494,Bach/Fugue/bwv_846/Shi05M.mid,Bach,Fugue_bwv_846,Bach/Fugue/bwv_846
C:\Users\eagle\MARG_research\third_party\PianistTransformer\data\midis\asap-dataset-master\Bach\Fugue\bwv_846\Shi05M.mid,asap_metadata_performance,226,57,4,0.004,65,466,0.466,46495,46.495,384,0.384,0,46495.0,46.495,0,46591.0,46.591,0,46687.0,46.687,0,46783.0,46.783,Bach/Fugue/bwv_846/Shi05M.mid,Bach,Fugue_bwv_846,Bach/Fugue/bwv_846
C:\Users\eagle\MARG_research\third_party\PianistTransformer\data\midis\asap-dataset-master\Bach\Fugue\bwv_846\Shi05M.mid,asap_metadata_performance,227,79,384,0.384,66,473,0.473,46879,46.879,9,0.009,0,46879.0,46.879,0,46881.25,46.88125,0,46883.5,46.8835,0,46885.75,46.88575,Bach/Fugue/bwv_846/Shi05M.mid,Bach,Fugue_bwv_846,Bach/Fugue/bwv_846
C:\Users\eagle\MARG_research\third_party\PianistTransformer\data\midis\asap-dataset-master\Bach\Fugue\bwv_846\Shi05M.mid,asap_metadata_performance,228,55,9,0.009,63,1079,1.079,46888,46.888,4,0.004,0,46888.0,46.888,0,46889.0,46.889,0,46890.0,46.89,0,46891.0,46.891,Bach/Fugue/bwv_846/Shi05M.mid,Bach,Fugue_bwv_846,Bach/Fugue/bwv_846
C:\Users\eagle\MARG_research\third_party\PianistTransformer\data\midis\asap-dataset-master\Bach\Fugue\bwv_846\Shi05M.mid,asap_metadata_performance,229,71,4,0.004,62,1104,1.104,46892,46.892,391,0.391,0,46892.0,46.892,0,46989.75,46.98975,0,47087.5,47.0875,0,47185.25,47.18525,Bach/Fugue/bwv_846/Shi05M.mid,Bach,Fugue_bwv_846,Bach/Fugue/bwv_846
C:\Users\eagle\MARG_research\third_party\PianistTransformer\data\midis\asap-dataset-master\Bach\Fugue\bwv_846\Shi05M.mid,asap_metadata_performance,230,77,391,0.391,63,582,0.582,47283,47.283,373,0.373,0,47283.0,47.283,0,47376.25,47.37625,0,47469.5,47.4695,0,47562.75,47.56275,Bach/Fugue/bwv_846/Shi05M.mid,Bach,Fugue_bwv_846,Bach/Fugue/bwv_846
C:\Users\eagle\MARG_research\third_party\PianistTransformer\data\midis\asap-dataset-master\Bach\Fugue\bwv_846\Shi05M.mid,asap_metadata_performance,231,43,373,0.373,78,736,0.736,47656,47.656,4,0.004,0,47656.0,47.656,0,47657.0,47.657,0,47658.0,47.658,0,47659.0,47.659,Bach/Fugue/bwv_846/Shi05M.mid,Bach,Fugue_bwv_846,Bach/Fugue/bwv_846
C:\Users\eagle\MARG_research\third_party\PianistTransformer\data\midis\asap-dataset-master\Bach\Fugue\bwv_846\Shi05M.mid,asap_metadata_performance,232,76,4,0.004,70,669,0.669,47660,47.66,326,0.326,0,47660.0,47.66,0,47741.5,47.7415,0,47823.0,47.823,64,47904.5,47.9045,Bach/Fugue/bwv_846/Shi05M.mid,Bach,Fugue_bwv_846,Bach/Fugue/bwv_846
C:\Users\eagle\MARG_research\third_party\PianistTransformer\data\midis\asap-dataset-master\Bach\Fugue\bwv_846\Shi05M.mid,asap_metadata_performance,233,74,326,0.326,71,406,0.406,47986,47.986,321,0.321,97,47986.0,47.986,107,48066.25,48.06625,109,48146.5,48.1465,109,48226.75,48.22675,Bach/Fugue/bwv_846/Shi05M.mid,Bach,Fugue_bwv_846,Bach/Fugue/bwv_846
C:\Users\eagle\MARG_research\third_party\PianistTransformer\data\midis\asap-dataset-master\Bach\Fugue\bwv_846\Shi05M.mid,asap_metadata_performance,234,72,321,0.321,70,295,0.295,48307,48.307,2,0.002,102,48307.0,48.307,102,48307.5,48.3075,102,48308.0,48.308,102,48308.5,48.3085,Bach/Fugue/bwv_846/Shi05M.mid,Bach,Fugue_bwv_846,Bach/Fugue/bwv_846
C:\Users\eagle\MARG_research\third_party\PianistTransformer\data\midis\asap-dataset-master\Bach\Fugue\bwv_846\Shi05M.mid,asap_metadata_performance,235,45,2,0.002,82,682,0.682,48309,48.309,311,0.311,102,48309.0,48.309,52,48386.75,48.38675,0,48464.5,48.4645,51,48542.25,48.54225,Bach/Fugue/bwv_846/Shi05M.mid,Bach,Fugue_bwv_846,Bach/Fugue/bwv_846
C:\Users\eagle\MARG_research\third_party\PianistTransformer\data\midis\asap-dataset-master\Bach\Fugue\bwv_846\Shi05M.mid,asap_metadata_performance,236,74,311,0.311,65,319,0.319,48620,48.62,286,0.286,76,48620.0,48.62,100,48691.5,48.6915,108,48763.0,48.763,110,48834.5,48.8345,Bach/Fugue/bwv_846/Shi05M.mid,Bach,Fugue_bwv_846,Bach/Fugue/bwv_846
C:\Users\eagle\MARG_research\third_party\PianistTransformer\data\midis\asap-dataset-master\Bach\Fugue\bwv_846\Shi05M.mid,asap_metadata_performance,237,62,286,0.286,79,421,0.421,48906,48.906,8,0.008,99,48906.0,48.906,99,48908.0,48.908,99,48910.0,48.91,99,48912.0,48.912,Bach/Fugue/bwv_846/Shi05M.mid,Bach,Fugue_bwv_846,Bach/Fugue/bwv_846
C:\Users\eagle\MARG_research\third_party\PianistTransformer\data\midis\asap-dataset-master\Bach\Fugue\bwv_846\Shi05M.mid,asap_metadata_performance,238,72,8,0.008,70,393,0.393,48914,48.914,4,0.004,99,48914.0,48.914,99,48915.0,48.915,99,48916.0,48.916,99,48917.0,48.917,Bach/Fugue/bwv_846/Shi05M.mid,Bach,Fugue_bwv_846,Bach/Fugue/bwv_846
C:\Users\eagle\MARG_research\third_party\PianistTransformer\data\midis\asap-dataset-master\Bach\Fugue\bwv_846\Shi05M.mid,asap_metadata_performance,239,47,4,0.004,71,760,0.76,48918,48.918,315,0.315,99,48918.0,48.918,37,48996.75,48.99675,51,49075.5,49.0755,90,49154.25,49.15425,Bach/Fugue/bwv_846/Shi05M.mid,Bach,Fugue_bwv_846,Bach/Fugue/bwv_846
C:\Users\eagle\MARG_research\third_party\PianistTransformer\data\midis\asap-dataset-master\Bach\Fugue\bwv_846\Shi05M.mid,asap_metadata_performance,240,71,315,0.315,61,430,0.43,49233,49.233,323,0.323,126,49233.0,49.233,126,49313.75,49.31375,126,49394.5,49.3945,126,49475.25,49.47525,Bach/Fugue/bwv_846/Shi05M.mid,Bach,Fugue_bwv_846,Bach/Fugue/bwv_846
C:\Users\eagle\MARG_research\third_party\PianistTransformer\data\midis\asap-dataset-master\Bach\Fugue\bwv_846\Shi05M.mid,asap_metadata_performance,241,64,323,0.323,75,710,0.71,49556,49.556,3,0.003,101,49556.0,49.556,101,49556.75,49.55675,101,49557.5,49.5575,101,49558.25,49.55825,Bach/Fugue/bwv_846/Shi05M.mid,Bach,Fugue_bwv_846,Bach/Fugue/bwv_846
C:\Users\eagle\MARG_research\third_party\PianistTransformer\data\midis\asap-dataset-master\Bach\Fugue\bwv_846\Shi05M.mid,asap_metadata_performance,242,69,3,0.003,75,325,0.325,49559,49.559,9,0.009,101,49559.0,49.559,101,49561.25,49.56125,101,49563.5,49.5635,101,49565.75,49.56575,Bach/Fugue/bwv_846/Shi05M.mid,Bach,Fugue_bwv_846,Bach/Fugue/bwv_846
C:\Users\eagle\MARG_research\third_party\PianistTransformer\data\midis\asap-dataset-master\Bach\Fugue\bwv_846\Shi05M.mid,asap_metadata_performance,243,48,9,0.009,67,910,0.91,49568,49.568,323,0.323,101,49568.0,49.568,63,49648.75,49.64875,0,49729.5,49.7295,0,49810.25,49.81025,Bach/Fugue/bwv_846/Shi05M.mid,Bach,Fugue_bwv_846,Bach/Fugue/bwv_846
C:\Users\eagle\MARG_research\third_party\PianistTransformer\data\midis\asap-dataset-master\Bach\Fugue\bwv_846\Shi05M.mid,asap_metadata_performance,244,72,323,0.323,59,530,0.53,49891,49.891,282,0.282,69,49891.0,49.891,78,49961.5,49.9615,75,50032.0,50.032,75,50102.5,50.1025,Bach/Fugue/bwv_846/Shi05M.mid,Bach,Fugue_bwv_846,Bach/Fugue/bwv_846
C:\Users\eagle\MARG_research\third_party\PianistTransformer\data\midis\asap-dataset-master\Bach\Fugue\bwv_846\Shi05M.mid,asap_metadata_performance,245,66,282,0.282,69,748,0.748,50173,50.173,3,0.003,70,50173.0,50.173,70,50173.75,50.17375,70,50174.5,50.1745,70,50175.25,50.17525,Bach/Fugue/bwv_846/Shi05M.mid,Bach,Fugue_bwv_846,Bach/Fugue/bwv_846
C:\Users\eagle\MARG_research\third_party\PianistTransformer\data\midis\asap-dataset-master\Bach\Fugue\bwv_846\Shi05M.mid,asap_metadata_performance,246,71,3,0.003,72,350,0.35,50176,50.176,301,0.301,70,50176.0,50.176,67,50251.25,50.25125,58,50326.5,50.3265,51,50401.75,50.40175,Bach/Fugue/bwv_846/Shi05M.mid,Bach,Fugue_bwv_846,Bach/Fugue/bwv_846
C:\Users\eagle\MARG_research\third_party\PianistTransformer\data\midis\asap-dataset-master\Bach\Fugue\bwv_846\Shi05M.mid,asap_metadata_performance,247,69,301,0.301,72,390,0.39,50477,50.477,7,0.007,42,50477.0,50.477,42,50478.75,50.47875,42,50480.5,50.4805,42,50482.25,50.48225,Bach/Fugue/bwv_846/Shi05M.mid,Bach,Fugue_bwv_846,Bach/Fugue/bwv_846
C:\Users\eagle\MARG_research\third_party\PianistTransformer\data\midis\asap-dataset-master\Bach\Fugue\bwv_846\Shi05M.mid,asap_metadata_performance,248,50,7,0.007,63,448,0.448,50484,50.484,146,0.146,42,50484.0,50.484,42,50520.5,50.5205,42,50557.0,50.557,42,50593.5,50.5935,Bach/Fugue/bwv_846/Shi05M.mid,Bach,Fugue_bwv_846,Bach/Fugue/bwv_846
C:\Users\eagle\MARG_research\third_party\PianistTransformer\data\midis\asap-dataset-master\Bach\Fugue\bwv_846\Shi05M.mid,asap_metadata_performance,249,48,146,0.146,66,261,0.261,50630,50.63,143,0.143,42,50630.0,50.63,42,50665.75,50.66575,42,50701.5,50.7015,42,50737.25,50.73725,Bach/Fugue/bwv_846/Shi05M.mid,Bach,Fugue_bwv_846,Bach/Fugue/bwv_846
C:\Users\eagle\MARG_research\third_party\PianistTransformer\data\midis\asap-dataset-master\Bach\Fugue\bwv_846\Shi05M.mid,asap_metadata_performance,250,67,143,0.143,76,976,0.976,50773,50.773,17,0.017,42,50773.0,50.773,42,50777.25,50.77725,42,50781.5,50.7815,42,50785.75,50.78575,Bach/Fugue/bwv_846/Shi05M.mid,Bach,Fugue_bwv_846,Bach/Fugue/bwv_846
C:\Users\eagle\MARG_research\third_party\PianistTransformer\data\midis\asap-dataset-master\Bach\Fugue\bwv_846\Shi05M.mid,asap_metadata_performance,251,47,17,0.017,54,855,0.855,50790,50.79,625,0.625,42,50790.0,50.79,38,50946.25,50.94625,0,51102.5,51.1025,0,51258.75,51.25875,Bach/Fugue/bwv_846/Shi05M.mid,Bach,Fugue_bwv_846,Bach/Fugue/bwv_846
C:\Users\eagle\MARG_research\third_party\PianistTransformer\data\midis\asap-dataset-master\Bach\Fugue\bwv_846\Shi05M.mid,asap_metadata_performance,252,52,625,0.625,71,771,0.771,51415,51.415,315,0.315,0,51415.0,51.415,0,51493.75,51.49375,0,51572.5,51.5725,0,51651.25,51.65125,Bach/Fugue/bwv_846/Shi05M.mid,Bach,Fugue_bwv_846,Bach/Fugue/bwv_846
C:\Users\eagle\MARG_research\third_party\PianistTransformer\data\midis\asap-dataset-master\Bach\Fugue\bwv_846\Shi05M.mid,asap_metadata_performance,253,69,315,0.315,66,278,0.278,51730,51.73,138,0.138,0,51730.0,51.73,0,51764.5,51.7645,0,51799.0,51.799,0,51833.5,51.8335,Bach/Fugue/bwv_846/Shi05M.mid,Bach,Fugue_bwv_846,Bach/Fugue/bwv_846
C:\Users\eagle\MARG_research\third_party\PianistTransformer\data\midis\asap-dataset-master\Bach\Fugue\bwv_846\Shi05M.mid,asap_metadata_performance,254,67,138,0.138,68,196,0.196,51868,51.868,150,0.15,0,51868.0,51.868,0,51905.5,51.9055,0,51943.0,51.943,0,51980.5,51.9805,Bach/Fugue/bwv_846/Shi05M.mid,Bach,Fugue_bwv_846,Bach/Fugue/bwv_846
C:\Users\eagle\MARG_research\third_party\PianistTransformer\data\midis\asap-dataset-master\Bach\Fugue\bwv_846\Shi05M.mid,asap_metadata_performance,255,66,150,0.15,75,981,0.981,52018,52.018,8,0.008,0,52018.0,52.018,0,52020.0,52.02,0,52022.0,52.022,0,52024.0,52.024,Bach/Fugue/bwv_846/Shi05M.mid,Bach,Fugue_bwv_846,Bach/Fugue/bwv_846
C:\Users\eagle\MARG_research\third_party\PianistTransformer\data\midis\asap-dataset-master\Bach\Fugue\bwv_846\Shi05M.mid,asap_metadata_performance,256,45,8,0.008,60,849,0.849,52026,52.026,320,0.32,0,52026.0,52.026,0,52106.0,52.106,0,52186.0,52.186,0,52266.0,52.266,Bach/Fugue/bwv_846/Shi05M.mid,Bach,Fugue_bwv_846,Bach/Fugue/bwv_846
C:\Users\eagle\MARG_research\third_party\PianistTransformer\data\midis\asap-dataset-master\Bach\Fugue\bwv_846\Shi05M.mid,asap_metadata_performance,257,72,320,0.32,57,593,0.593,52346,52.346,312,0.312,0,52346.0,52.346,0,52424.0,52.424,0,52502.0,52.502,0,52580.0,52.58,Bach/Fugue/bwv_846/Shi05M.mid,Bach,Fugue_bwv_846,Bach/Fugue/bwv_846
C:\Users\eagle\MARG_research\third_party\PianistTransformer\data\midis\asap-dataset-master\Bach\Fugue\bwv_846\Shi05M.mid,asap_metadata_performance,258,71,312,0.312,74,748,0.748,52658,52.658,6,0.006,0,52658.0,52.658,0,52659.5,52.6595,0,52661.0,52.661,0,52662.5,52.6625,Bach/Fugue/bwv_846/Shi05M.mid,Bach,Fugue_bwv_846,Bach/Fugue/bwv_846
C:\Users\eagle\MARG_research\third_party\PianistTransformer\data\midis\asap-dataset-master\Bach\Fugue\bwv_846\Shi05M.mid,asap_metadata_performance,259,50,6,0.006,56,913,0.913,52664,52.664,309,0.309,0,52664.0,52.664,0,52741.25,52.74125,0,52818.5,52.8185,0,52895.75,52.89575,Bach/Fugue/bwv_846/Shi05M.mid,Bach,Fugue_bwv_846,Bach/Fugue/bwv_846
C:\Users\eagle\MARG_research\third_party\PianistTransformer\data\midis\asap-dataset-master\Bach\Fugue\bwv_846\Shi05M.mid,asap_metadata_performance,260,69,309,0.309,46,498,0.498,52973,52.973,311,0.311,0,52973.0,52.973,0,53050.75,53.05075,0,53128.5,53.1285,0,53206.25,53.20625,Bach/Fugue/bwv_846/Shi05M.mid,Bach,Fugue_bwv_846,Bach/Fugue/bwv_846
C:\Users\eagle\MARG_research\third_party\PianistTransformer\data\midis\asap-dataset-master\Bach\Fugue\bwv_846\Shi05M.mid,asap_metadata_performance,261,68,311,0.311,71,738,0.738,53284,53.284,5,0.005,0,53284.0,53.284,0,53285.25,53.28525,0,53286.5,53.2865,0,53287.75,53.28775,Bach/Fugue/bwv_846/Shi05M.mid,Bach,Fugue_bwv_846,Bach/Fugue/bwv_846
C:\Users\eagle\MARG_research\third_party\PianistTransformer\data\midis\asap-dataset-master\Bach\Fugue\bwv_846\Shi05M.mid,asap_metadata_performance,262,64,5,0.005,66,315,0.315,53289,53.289,294,0.294,0,53289.0,53.289,0,53362.5,53.3625,54,53436.0,53.436,77,53509.5,53.5095,Bach/Fugue/bwv_846/Shi05M.mid,Bach,Fugue_bwv_846,Bach/Fugue/bwv_846
C:\Users\eagle\MARG_research\third_party\PianistTransformer\data\midis\asap-dataset-master\Bach\Fugue\bwv_846\Shi05M.mid,asap_metadata_performance,263,52,294,0.294,64,395,0.395,53583,53.583,289,0.289,127,53583.0,53.583,127,53655.25,53.65525,127,53727.5,53.7275,127,53799.75,53.79975,Bach/Fugue/bwv_846/Shi05M.mid,Bach,Fugue_bwv_846,Bach/Fugue/bwv_846
C:\Users\eagle\MARG_research\third_party\PianistTransformer\data\midis\asap-dataset-master\Bach\Fugue\bwv_846\Shi05M.mid,asap_metadata_performance,264,76,289,0.289,72,761,0.761,53872,53.872,2,0.002,113,53872.0,53.872,113,53872.5,53.8725,113,53873.0,53.873,113,53873.5,53.8735,Bach/Fugue/bwv_846/Shi05M.mid,Bach,Fugue_bwv_846,Bach/Fugue/bwv_846
C:\Users\eagle\MARG_research\third_party\PianistTransformer\data\midis\asap-dataset-master\Bach\Fugue\bwv_846\Shi05M.mid,asap_metadata_performance,265,69,2,0.002,68,979,0.979,53874,53.874,17,0.017,113,53874.0,53.874,113,53878.25,53.87825,113,53882.5,53.8825,113,53886.75,53.88675,Bach/Fugue/bwv_846/Shi05M.mid,Bach,Fugue_bwv_846,Bach/Fugue/bwv_846
C:\Users\eagle\MARG_research\third_party\PianistTransformer\data\midis\asap-dataset-master\Bach\Fugue\bwv_846\Shi05M.mid,asap_metadata_performance,266,50,17,0.017,61,399,0.399,53891,53.891,303,0.303,99,53891.0,53.891,76,53966.75,53.96675,50,54042.5,54.0425,40,54118.25,54.11825,Bach/Fugue/bwv_846/Shi05M.mid,Bach,Fugue_bwv_846,Bach/Fugue/bwv_846
C:\Users\eagle\MARG_research\third_party\PianistTransformer\data\midis\asap-dataset-master\Bach\Fugue\bwv_846\Shi05M.mid,asap_metadata_performance,267,48,303,0.303,59,349,0.349,54194,54.194,324,0.324,0,54194.0,54.194,0,54275.0,54.275,0,54356.0,54.356,0,54437.0,54.437,Bach/Fugue/bwv_846/Shi05M.mid,Bach,Fugue_bwv_846,Bach/Fugue/bwv_846
C:\Users\eagle\MARG_research\third_party\PianistTransformer\data\midis\asap-dataset-master\Bach\Fugue\bwv_846\Shi05M.mid,asap_metadata_performance,268,74,324,0.324,63,660,0.66,54518,54.518,15,0.015,0,54518.0,54.518,0,54521.75,54.52175,0,54525.5,54.5255,0,54529.25,54.52925,Bach/Fugue/bwv_846/Shi05M.mid,Bach,Fugue_bwv_846,Bach/Fugue/bwv_846
C:\Users\eagle\MARG_research\third_party\PianistTransformer\data\midis\asap-dataset-master\Bach\Fugue\bwv_846\Shi05M.mid,asap_metadata_performance,269,47,15,0.015,49,235,0.235,54533,54.533,290,0.29,0,54533.0,54.533,0,54605.5,54.6055,70,54678.0,54.678,112,54750.5,54.7505,Bach/Fugue/bwv_846/Shi05M.mid,Bach,Fugue_bwv_846,Bach/Fugue/bwv_846
C:\Users\eagle\MARG_research\third_party\PianistTransformer\data\midis\asap-dataset-master\Bach\Fugue\bwv_846\Shi05M.mid,asap_metadata_performance,270,71,290,0.29,71,404,0.404,54823,54.823,338,0.338,127,54823.0,54.823,127,54907.5,54.9075,127,54992.0,54.992,127,55076.5,55.0765,Bach/Fugue/bwv_846/Shi05M.mid,Bach,Fugue_bwv_846,Bach/Fugue/bwv_846
C:\Users\eagle\MARG_research\third_party\PianistTransformer\data\midis\asap-dataset-master\Bach\Fugue\bwv_846\Shi05M.mid,asap_metadata_performance,271,72,338,0.338,68,416,0.416,55161,55.161,20,0.02,127,55161.0,55.161,127,55166.0,55.166,127,55171.0,55.171,113,55176.0,55.176,Bach/Fugue/bwv_846/Shi05M.mid,Bach,Fugue_bwv_846,Bach/Fugue/bwv_846
C:\Users\eagle\MARG_research\third_party\PianistTransformer\data\midis\asap-dataset-master\Bach\Fugue\bwv_846\Shi05M.mid,asap_metadata_performance,272,52,20,0.02,84,1340,1.34,55181,55.181,0,0.0,113,55181.0,55.181,113,55181.0,55.181,113,55181.0,55.181,113,55181.0,55.181,Bach/Fugue/bwv_846/Shi05M.mid,Bach,Fugue_bwv_846,Bach/Fugue/bwv_846
C:\Users\eagle\MARG_research\third_party\PianistTransformer\data\midis\asap-dataset-master\Bach\Fugue\bwv_846\Shi05M.mid,asap_metadata_performance,273,69,0,0.0,57,332,0.332,55181,55.181,309,0.309,113,55181.0,55.181,91,55258.25,55.25825,71,55335.5,55.3355,59,55412.75,55.41275,Bach/Fugue/bwv_846/Shi05M.mid,Bach,Fugue_bwv_846,Bach/Fugue/bwv_846
C:\Users\eagle\MARG_research\third_party\PianistTransformer\data\midis\asap-dataset-master\Bach\Fugue\bwv_846\Shi05M.mid,asap_metadata_performance,274,71,309,0.309,73,362,0.362,55490,55.49,11,0.011,0,55490.0,55.49,0,55492.75,55.49275,0,55495.5,55.4955,0,55498.25,55.49825,Bach/Fugue/bwv_846/Shi05M.mid,Bach,Fugue_bwv_846,Bach/Fugue/bwv_846
C:\Users\eagle\MARG_research\third_party\PianistTransformer\data\midis\asap-dataset-master\Bach\Fugue\bwv_846\Shi05M.mid,asap_metadata_performance,275,68,11,0.011,73,343,0.343,55501,55.501,301,0.301,0,55501.0,55.501,0,55576.25,55.57625,0,55651.5,55.6515,0,55726.75,55.72675,Bach/Fugue/bwv_846/Shi05M.mid,Bach,Fugue_bwv_846,Bach/Fugue/bwv_846
C:\Users\eagle\MARG_research\third_party\PianistTransformer\data\midis\asap-dataset-master\Bach\Fugue\bwv_846\Shi05M.mid,asap_metadata_performance,276,54,301,0.301,87,729,0.729,55802,55.802,5,0.005,0,55802.0,55.802,0,55803.25,55.80325,0,55804.5,55.8045,0,55805.75,55.80575,Bach/Fugue/bwv_846/Shi05M.mid,Bach,Fugue_bwv_846,Bach/Fugue/bwv_846
C:\Users\eagle\MARG_research\third_party\PianistTransformer\data\midis\asap-dataset-master\Bach\Fugue\bwv_846\Shi05M.mid,asap_metadata_performance,277,66,5,0.005,64,481,0.481,55807,55.807,3,0.003,0,55807.0,55.807,0,55807.75,55.80775,0,55808.5,55.8085,0,55809.25,55.80925,Bach/Fugue/bwv_846/Shi05M.mid,Bach,Fugue_bwv_846,Bach/Fugue/bwv_846
C:\Users\eagle\MARG_research\third_party\PianistTransformer\data\midis\asap-dataset-master\Bach\Fugue\bwv_846\Shi05M.mid,asap_metadata_performance,278,69,3,0.003,70,336,0.336,55810,55.81,292,0.292,0,55810.0,55.81,0,55883.0,55.883,0,55956.0,55.956,0,56029.0,56.029,Bach/Fugue/bwv_846/Shi05M.mid,Bach,Fugue_bwv_846,Bach/Fugue/bwv_846
C:\Users\eagle\MARG_research\third_party\PianistTransformer\data\midis\asap-dataset-master\Bach\Fugue\bwv_846\Shi05M.mid,asap_metadata_performance,279,68,292,0.292,71,373,0.373,56102,56.102,322,0.322,67,56102.0,56.102,95,56182.5,56.1825,98,56263.0,56.263,98,56343.5,56.3435,Bach/Fugue/bwv_846/Shi05M.mid,Bach,Fugue_bwv_846,Bach/Fugue/bwv_846
C:\Users\eagle\MARG_research\third_party\PianistTransformer\data\midis\asap-dataset-master\Bach\Fugue\bwv_846\Shi05M.mid,asap_metadata_performance,280,69,322,0.322,69,421,0.421,56424,56.424,2,0.002,84,56424.0,56.424,84,56424.5,56.4245,84,56425.0,56.425,84,56425.5,56.4255,Bach/Fugue/bwv_846/Shi05M.mid,Bach,Fugue_bwv_846,Bach/Fugue/bwv_846
C:\Users\eagle\MARG_research\third_party\PianistTransformer\data\midis\asap-dataset-master\Bach\Fugue\bwv_846\Shi05M.mid,asap_metadata_performance,281,56,2,0.002,84,726,0.726,56426,56.426,5,0.005,84,56426.0,56.426,84,56427.25,56.42725,84,56428.5,56.4285,84,56429.75,56.42975,Bach/Fugue/bwv_846/Shi05M.mid,Bach,Fugue_bwv_846,Bach/Fugue/bwv_846
C:\Users\eagle\MARG_research\third_party\PianistTransformer\data\midis\asap-dataset-master\Bach\Fugue\bwv_846\Shi05M.mid,asap_metadata_performance,282,65,5,0.005,65,393,0.393,56431,56.431,4,0.004,84,56431.0,56.431,84,56432.0,56.432,84,56433.0,56.433,84,56434.0,56.434,Bach/Fugue/bwv_846/Shi05M.mid,Bach,Fugue_bwv_846,Bach/Fugue/bwv_846
C:\Users\eagle\MARG_research\third_party\PianistTransformer\data\midis\asap-dataset-master\Bach\Fugue\bwv_846\Shi05M.mid,asap_metadata_performance,283,50,4,0.004,67,707,0.707,56435,56.435,316,0.316,84,56435.0,56.435,0,56514.0,56.514,0,56593.0,56.593,0,56672.0,56.672,Bach/Fugue/bwv_846/Shi05M.mid,Bach,Fugue_bwv_846,Bach/Fugue/bwv_846
C:\Users\eagle\MARG_research\third_party\PianistTransformer\data\midis\asap-dataset-master\Bach\Fugue\bwv_846\Shi05M.mid,asap_metadata_performance,284,71,316,0.316,68,394,0.394,56751,56.751,305,0.305,67,56751.0,56.751,91,56827.25,56.82725,93,56903.5,56.9035,93,56979.75,56.97975,Bach/Fugue/bwv_846/Shi05M.mid,Bach,Fugue_bwv_846,Bach/Fugue/bwv_846
C:\Users\eagle\MARG_research\third_party\PianistTransformer\data\midis\asap-dataset-master\Bach\Fugue\bwv_846\Shi05M.mid,asap_metadata_performance,285,72,305,0.305,68,689,0.689,57056,57.056,9,0.009,88,57056.0,57.056,88,57058.25,57.05825,88,57060.5,57.0605,88,57062.75,57.06275,Bach/Fugue/bwv_846/Shi05M.mid,Bach,Fugue_bwv_846,Bach/Fugue/bwv_846
C:\Users\eagle\MARG_research\third_party\PianistTransformer\data\midis\asap-dataset-master\Bach\Fugue\bwv_846\Shi05M.mid,asap_metadata_performance,286,57,9,0.009,84,889,0.889,57065,57.065,12,0.012,88,57065.0,57.065,88,57068.0,57.068,88,57071.0,57.071,84,57074.0,57.074,Bach/Fugue/bwv_846/Shi05M.mid,Bach,Fugue_bwv_846,Bach/Fugue/bwv_846
C:\Users\eagle\MARG_research\third_party\PianistTransformer\data\midis\asap-dataset-master\Bach\Fugue\bwv_846\Shi05M.mid,asap_metadata_performance,287,64,12,0.012,55,331,0.331,57077,57.077,2,0.002,84,57077.0,57.077,84,57077.5,57.0775,84,57078.0,57.078,84,57078.5,57.0785,Bach/Fugue/bwv_846/Shi05M.mid,Bach,Fugue_bwv_846,Bach/Fugue/bwv_846
C:\Users\eagle\MARG_research\third_party\PianistTransformer\data\midis\asap-dataset-master\Bach\Fugue\bwv_846\Shi05M.mid,asap_metadata_performance,288,48,2,0.002,68,638,0.638,57079,57.079,323,0.323,84,57079.0,57.079,38,57159.75,57.15975,0,57240.5,57.2405,0,57321.25,57.32125,Bach/Fugue/bwv_846/Shi05M.mid,Bach,Fugue_bwv_846,Bach/Fugue/bwv_846
C:\Users\eagle\MARG_research\third_party\PianistTransformer\data\midis\asap-dataset-master\Bach\Fugue\bwv_846\Shi05M.mid,asap_metadata_performance,289,66,323,0.323,46,631,0.631,57402,57.402,265,0.265,63,57402.0,57.402,74,57468.25,57.46825,80,57534.5,57.5345,81,57600.75,57.60075,Bach/Fugue/bwv_846/Shi05M.mid,Bach,Fugue_bwv_846,Bach/Fugue/bwv_846
C:\Users\eagle\MARG_research\third_party\PianistTransformer\data\midis\asap-dataset-master\Bach\Fugue\bwv_846\Shi05M.mid,asap_metadata_performance,290,68,265,0.265,64,395,0.395,57667,57.667,4,0.004,75,57667.0,57.667,75,57668.0,57.668,75,57669.0,57.669,75,57670.0,57.67,Bach/Fugue/bwv_846/Shi05M.mid,Bach,Fugue_bwv_846,Bach/Fugue/bwv_846
C:\Users\eagle\MARG_research\third_party\PianistTransformer\data\midis\asap-dataset-master\Bach\Fugue\bwv_846\Shi05M.mid,asap_metadata_performance,291,53,4,0.004,61,1369,1.369,57671,57.671,23,0.023,75,57671.0,57.671,75,57676.75,57.67675,65,57682.5,57.6825,65,57688.25,57.68825,Bach/Fugue/bwv_846/Shi05M.mid,Bach,Fugue_bwv_846,Bach/Fugue/bwv_846
C:\Users\eagle\MARG_research\third_party\PianistTransformer\data\midis\asap-dataset-master\Bach\Fugue\bwv_846\Shi05M.mid,asap_metadata_performance,292,62,23,0.023,41,555,0.555,57694,57.694,268,0.268,65,57694.0,57.694,62,57761.0,57.761,79,57828.0,57.828,83,57895.0,57.895,Bach/Fugue/bwv_846/Shi05M.mid,Bach,Fugue_bwv_846,Bach/Fugue/bwv_846
C:\Users\eagle\MARG_research\third_party\PianistTransformer\data\midis\asap-dataset-master\Bach\Fugue\bwv_846\Shi05M.mid,asap_metadata_performance,293,59,268,0.268,64,114,0.114,57962,57.962,3,0.003,83,57962.0,57.962,83,57962.75,57.96275,83,57963.5,57.9635,83,57964.25,57.96425,Bach/Fugue/bwv_846/Shi05M.mid,Bach,Fugue_bwv_846,Bach/Fugue/bwv_846
C:\Users\eagle\MARG_research\third_party\PianistTransformer\data\midis\asap-dataset-master\Bach\Fugue\bwv_846\Shi05M.mid,asap_metadata_performance,294,69,3,0.003,65,331,0.331,57965,57.965,122,0.122,83,57965.0,57.965,83,57995.5,57.9955,83,58026.0,58.026,82,58056.5,58.0565,Bach/Fugue/bwv_846/Shi05M.mid,Bach,Fugue_bwv_846,Bach/Fugue/bwv_846
C:\Users\eagle\MARG_research\third_party\PianistTransformer\data\midis\asap-dataset-master\Bach\Fugue\bwv_846\Shi05M.mid,asap_metadata_performance,295,57,122,0.122,75,266,0.266,58087,58.087,159,0.159,82,58087.0,58.087,82,58126.75,58.12675,82,58166.5,58.1665,81,58206.25,58.20625,Bach/Fugue/bwv_846/Shi05M.mid,Bach,Fugue_bwv_846,Bach/Fugue/bwv_846
C:\Users\eagle\MARG_research\third_party\PianistTransformer\data\midis\asap-dataset-master\Bach\Fugue\bwv_846\Shi05M.mid,asap_metadata_performance,296,71,159,0.159,72,701,0.701,58246,58.246,14,0.014,77,58246.0,58.246,72,58249.5,58.2495,72,58253.0,58.253,72,58256.5,58.2565,Bach/Fugue/bwv_846/Shi05M.mid,Bach,Fugue_bwv_846,Bach/Fugue/bwv_846
C:\Users\eagle\MARG_research\third_party\PianistTransformer\data\midis\asap-dataset-master\Bach\Fugue\bwv_846\Shi05M.mid,asap_metadata_performance,297,56,14,0.014,76,791,0.791,58260,58.26,291,0.291,72,58260.0,58.26,42,58332.75,58.33275,0,58405.5,58.4055,63,58478.25,58.47825,Bach/Fugue/bwv_846/Shi05M.mid,Bach,Fugue_bwv_846,Bach/Fugue/bwv_846
C:\Users\eagle\MARG_research\third_party\PianistTransformer\data\midis\asap-dataset-master\Bach\Fugue\bwv_846\Shi05M.mid,asap_metadata_performance,298,64,291,0.291,62,82,0.082,58551,58.551,316,0.316,75,58551.0,58.551,98,58630.0,58.63,108,58709.0,58.709,108,58788.0,58.788,Bach/Fugue/bwv_846/Shi05M.mid,Bach,Fugue_bwv_846,Bach/Fugue/bwv_846
C:\Users\eagle\MARG_research\third_party\PianistTransformer\data\midis\asap-dataset-master\Bach\Fugue\bwv_846\Shi05M.mid,asap_metadata_performance,299,69,316,0.316,67,375,0.375,58867,58.867,15,0.015,108,58867.0,58.867,108,58870.75,58.87075,102,58874.5,58.8745,102,58878.25,58.87825,Bach/Fugue/bwv_846/Shi05M.mid,Bach,Fugue_bwv_846,Bach/Fugue/bwv_846
C:\Users\eagle\MARG_research\third_party\PianistTransformer\data\midis\asap-dataset-master\Bach\Fugue\bwv_846\Shi05M.mid,asap_metadata_performance,300,60,15,0.015,80,787,0.787,58882,58.882,6,0.006,102,58882.0,58.882,102,58883.5,58.8835,102,58885.0,58.885,102,58886.5,58.8865,Bach/Fugue/bwv_846/Shi05M.mid,Bach,Fugue_bwv_846,Bach/Fugue/bwv_846
C:\Users\eagle\MARG_research\third_party\PianistTransformer\data\midis\asap-dataset-master\Bach\Fugue\bwv_846\Shi05M.mid,asap_metadata_performance,301,52,6,0.006,73,1415,1.415,58888,58.888,0,0.0,102,58888.0,58.888,102,58888.0,58.888,102,58888.0,58.888,102,58888.0,58.888,Bach/Fugue/bwv_846/Shi05M.mid,Bach,Fugue_bwv_846,Bach/Fugue/bwv_846
C:\Users\eagle\MARG_research\third_party\PianistTransformer\data\midis\asap-dataset-master\Bach\Fugue\bwv_846\Shi05M.mid,asap_metadata_performance,302,66,0,0.0,53,246,0.246,58888,58.888,298,0.298,102,58888.0,58.888,69,58962.5,58.9625,0,59037.0,59.037,62,59111.5,59.1115,Bach/Fugue/bwv_846/Shi05M.mid,Bach,Fugue_bwv_846,Bach/Fugue/bwv_846
C:\Users\eagle\MARG_research\third_party\PianistTransformer\data\midis\asap-dataset-master\Bach\Fugue\bwv_846\Shi05M.mid,asap_metadata_performance,303,71,298,0.298,64,396,0.396,59186,59.186,13,0.013,81,59186.0,59.186,81,59189.25,59.18925,91,59192.5,59.1925,91,59195.75,59.19575,Bach/Fugue/bwv_846/Shi05M.mid,Bach,Fugue_bwv_846,Bach/Fugue/bwv_846
C:\Users\eagle\MARG_research\third_party\PianistTransformer\data\midis\asap-dataset-master\Bach\Fugue\bwv_846\Shi05M.mid,asap_metadata_performance,304,68,13,0.013,66,332,0.332,59199,59.199,302,0.302,91,59199.0,59.199,127,59274.5,59.2745,127,59350.0,59.35,127,59425.5,59.4255,Bach/Fugue/bwv_846/Shi05M.mid,Bach,Fugue_bwv_846,Bach/Fugue/bwv_846
C:\Users\eagle\MARG_research\third_party\PianistTransformer\data\midis\asap-dataset-master\Bach\Fugue\bwv_846\Shi05M.mid,asap_metadata_performance,305,54,302,0.302,84,766,0.766,59501,59.501,2,0.002,98,59501.0,59.501,98,59501.5,59.5015,98,59502.0,59.502,98,59502.5,59.5025,Bach/Fugue/bwv_846/Shi05M.mid,Bach,Fugue_bwv_846,Bach/Fugue/bwv_846
C:\Users\eagle\MARG_research\third_party\PianistTransformer\data\midis\asap-dataset-master\Bach\Fugue\bwv_846\Shi05M.mid,asap_metadata_performance,306,72,2,0.002,74,688,0.688,59503,59.503,18,0.018,98,59503.0,59.503,98,59507.5,59.5075,98,59512.0,59.512,98,59516.5,59.5165,Bach/Fugue/bwv_846/Shi05M.mid,Bach,Fugue_bwv_846,Bach/Fugue/bwv_846
C:\Users\eagle\MARG_research\third_party\PianistTransformer\data\midis\asap-dataset-master\Bach\Fugue\bwv_846\Shi05M.mid,asap_metadata_performance,307,69,18,0.018,55,291,0.291,59521,59.521,307,0.307,84,59521.0,59.521,0,59597.75,59.59775,0,59674.5,59.6745,72,59751.25,59.75125,Bach/Fugue/bwv_846/Shi05M.mid,Bach,Fugue_bwv_846,Bach/Fugue/bwv_846
C:\Users\eagle\MARG_research\third_party\PianistTransformer\data\midis\asap-dataset-master\Bach\Fugue\bwv_846\Shi05M.mid,asap_metadata_performance,308,68,307,0.307,67,294,0.294,59828,59.828,318,0.318,127,59828.0,59.828,127,59907.5,59.9075,127,59987.0,59.987,127,60066.5,60.0665,Bach/Fugue/bwv_846/Shi05M.mid,Bach,Fugue_bwv_846,Bach/Fugue/bwv_846
C:\Users\eagle\MARG_research\third_party\PianistTransformer\data\midis\asap-dataset-master\Bach\Fugue\bwv_846\Shi05M.mid,asap_metadata_performance,309,77,318,0.318,76,612,0.612,60146,60.146,4,0.004,127,60146.0,60.146,127,60147.0,60.147,127,60148.0,60.148,127,60149.0,60.149,Bach/Fugue/bwv_846/Shi05M.mid,Bach,Fugue_bwv_846,Bach/Fugue/bwv_846
C:\Users\eagle\MARG_research\third_party\PianistTransformer\data\midis\asap-dataset-master\Bach\Fugue\bwv_846\Shi05M.mid,asap_metadata_performance,310,59,4,0.004,81,950,0.95,60150,60.15,8,0.008,127,60150.0,60.15,127,60152.0,60.152,127,60154.0,60.154,127,60156.0,60.156,Bach/Fugue/bwv_846/Shi05M.mid,Bach,Fugue_bwv_846,Bach/Fugue/bwv_846
C:\Users\eagle\MARG_research\third_party\PianistTransformer\data\midis\asap-dataset-master\Bach\Fugue\bwv_846\Shi05M.mid,asap_metadata_performance,311,50,8,0.008,72,1398,1.398,60158,60.158,33,0.033,127,60158.0,60.158,127,60166.25,60.16625,127,60174.5,60.1745,127,60182.75,60.18275,Bach/Fugue/bwv_846/Shi05M.mid,Bach,Fugue_bwv_846,Bach/Fugue/bwv_846
C:\Users\eagle\MARG_research\third_party\PianistTransformer\data\midis\asap-dataset-master\Bach\Fugue\bwv_846\Shi05M.mid,asap_metadata_performance,312,69,33,0.033,45,313,0.313,60191,60.191,286,0.286,127,60191.0,60.191,127,60262.5,60.2625,61,60334.0,60.334,0,60405.5,60.4055,Bach/Fugue/bwv_846/Shi05M.mid,Bach,Fugue_bwv_846,Bach/Fugue/bwv_846
C:\Users\eagle\MARG_research\third_party\PianistTransformer\data\midis\asap-dataset-master\Bach\Fugue\bwv_846\Shi05M.mid,asap_metadata_performance,313,71,286,0.286,63,312,0.312,60477,60.477,294,0.294,0,60477.0,60.477,0,60550.5,60.5505,0,60624.0,60.624,0,60697.5,60.6975,Bach/Fugue/bwv_846/Shi05M.mid,Bach,Fugue_bwv_846,Bach/Fugue/bwv_846
C:\Users\eagle\MARG_research\third_party\PianistTransformer\data\midis\asap-dataset-master\Bach\Fugue\bwv_846\Shi05M.mid,asap_metadata_performance,314,76,294,0.294,73,729,0.729,60771,60.771,15,0.015,0,60771.0,60.771,0,60774.75,60.77475,0,60778.5,60.7785,0,60782.25,60.78225,Bach/Fugue/bwv_846/Shi05M.mid,Bach,Fugue_bwv_846,Bach/Fugue/bwv_846
C:\Users\eagle\MARG_research\third_party\PianistTransformer\data\midis\asap-dataset-master\Bach\Fugue\bwv_846\Shi05M.mid,asap_metadata_performance,315,68,15,0.015,62,373,0.373,60786,60.786,279,0.279,0,60786.0,60.786,42,60855.75,60.85575,63,60925.5,60.9255,71,60995.25,60.99525,Bach/Fugue/bwv_846/Shi05M.mid,Bach,Fugue_bwv_846,Bach/Fugue/bwv_846
C:\Users\eagle\MARG_research\third_party\PianistTransformer\data\midis\asap-dataset-master\Bach\Fugue\bwv_846\Shi05M.mid,asap_metadata_performance,316,60,279,0.279,65,310,0.31,61065,61.065,8,0.008,76,61065.0,61.065,76,61067.0,61.067,76,61069.0,61.069,76,61071.0,61.071,Bach/Fugue/bwv_846/Shi05M.mid,Bach,Fugue_bwv_846,Bach/Fugue/bwv_846
C:\Users\eagle\MARG_research\third_party\PianistTransformer\data\midis\asap-dataset-master\Bach\Fugue\bwv_846\Shi05M.mid,asap_metadata_performance,317,66,8,0.008,65,247,0.247,61073,61.073,303,0.303,76,61073.0,61.073,76,61148.75,61.14875,76,61224.5,61.2245,76,61300.25,61.30025,Bach/Fugue/bwv_846/Shi05M.mid,Bach,Fugue_bwv_846,Bach/Fugue/bwv_846
C:\Users\eagle\MARG_research\third_party\PianistTransformer\data\midis\asap-dataset-master\Bach\Fugue\bwv_846\Shi05M.mid,asap_metadata_performance,318,59,303,0.303,75,323,0.323,61376,61.376,0,0.0,52,61376.0,61.376,52,61376.0,61.376,52,61376.0,61.376,52,61376.0,61.376,Bach/Fugue/bwv_846/Shi05M.mid,Bach,Fugue_bwv_846,Bach/Fugue/bwv_846
C:\Users\eagle\MARG_research\third_party\PianistTransformer\data\midis\asap-dataset-master\Bach\Fugue\bwv_846\Shi05M.mid,asap_metadata_performance,319,74,0,0.0,71,732,0.732,61376,61.376,7,0.007,52,61376.0,61.376,52,61377.75,61.37775,52,61379.5,61.3795,40,61381.25,61.38125,Bach/Fugue/bwv_846/Shi05M.mid,Bach,Fugue_bwv_846,Bach/Fugue/bwv_846
C:\Users\eagle\MARG_research\third_party\PianistTransformer\data\midis\asap-dataset-master\Bach\Fugue\bwv_846\Shi05M.mid,asap_metadata_performance,320,52,7,0.007,56,677,0.677,61383,61.383,14,0.014,40,61383.0,61.383,40,61386.5,61.3865,40,61390.0,61.39,40,61393.5,61.3935,Bach/Fugue/bwv_846/Shi05M.mid,Bach,Fugue_bwv_846,Bach/Fugue/bwv_846
C:\Users\eagle\MARG_research\third_party\PianistTransformer\data\midis\asap-dataset-master\Bach\Fugue\bwv_846\Shi05M.mid,asap_metadata_performance,321,68,14,0.014,63,320,0.32,61397,61.397,270,0.27,40,61397.0,61.397,76,61464.5,61.4645,109,61532.0,61.532,127,61599.5,61.5995,Bach/Fugue/bwv_846/Shi05M.mid,Bach,Fugue_bwv_846,Bach/Fugue/bwv_846
C:\Users\eagle\MARG_research\third_party\PianistTransformer\data\midis\asap-dataset-master\Bach\Fugue\bwv_846\Shi05M.mid,asap_metadata_performance,322,69,270,0.27,74,369,0.369,61667,61.667,10,0.01,127,61667.0,61.667,127,61669.5,61.6695,127,61672.0,61.672,127,61674.5,61.6745,Bach/Fugue/bwv_846/Shi05M.mid,Bach,Fugue_bwv_846,Bach/Fugue/bwv_846
C:\Users\eagle\MARG_research\third_party\PianistTransformer\data\midis\asap-dataset-master\Bach\Fugue\bwv_846\Shi05M.mid,asap_metadata_performance,323,57,10,0.01,79,103,0.103,61677,61.677,328,0.328,127,61677.0,61.677,127,61759.0,61.759,127,61841.0,61.841,127,61923.0,61.923,Bach/Fugue/bwv_846/Shi05M.mid,Bach,Fugue_bwv_846,Bach/Fugue/bwv_846
C:\Users\eagle\MARG_research\third_party\PianistTransformer\data\midis\asap-dataset-master\Bach\Fugue\bwv_846\Shi05M.mid,asap_metadata_performance,324,71,328,0.328,76,207,0.207,62005,62.005,7,0.007,0,62005.0,62.005,0,62006.75,62.00675,0,62008.5,62.0085,0,62010.25,62.01025,Bach/Fugue/bwv_846/Shi05M.mid,Bach,Fugue_bwv_846,Bach/Fugue/bwv_846
C:\Users\eagle\MARG_research\third_party\PianistTransformer\data\midis\asap-dataset-master\Bach\Fugue\bwv_846\Shi05M.mid,asap_metadata_performance,325,56,7,0.007,75,204,0.204,62012,62.012,18,0.018,0,62012.0,62.012,0,62016.5,62.0165,0,62021.0,62.021,0,62025.5,62.0255,Bach/Fugue/bwv_846/Shi05M.mid,Bach,Fugue_bwv_846,Bach/Fugue/bwv_846
C:\Users\eagle\MARG_research\third_party\PianistTransformer\data\midis\asap-dataset-master\Bach\Fugue\bwv_846\Shi05M.mid,asap_metadata_performance,326,53,18,0.018,64,160,0.16,62030,62.03,631,0.631,0,62030.0,62.03,90,62187.75,62.18775,127,62345.5,62.3455,127,62503.25,62.50325,Bach/Fugue/bwv_846/Shi05M.mid,Bach,Fugue_bwv_846,Bach/Fugue/bwv_846
C:\Users\eagle\MARG_research\third_party\PianistTransformer\data\midis\asap-dataset-master\Bach\Fugue\bwv_846\Shi05M.mid,asap_metadata_performance,327,72,631,0.631,70,433,0.433,62661,62.661,11,0.011,123,62661.0,62.661,123,62663.75,62.66375,123,62666.5,62.6665,123,62669.25,62.66925,Bach/Fugue/bwv_846/Shi05M.mid,Bach,Fugue_bwv_846,Bach/Fugue/bwv_846
C:\Users\eagle\MARG_research\third_party\PianistTransformer\data\midis\asap-dataset-master\Bach\Fugue\bwv_846\Shi05M.mid,asap_metadata_performance,328,57,11,0.011,87,1633,1.633,62672,62.672,17,0.017,123,62672.0,62.672,123,62676.25,62.67625,98,62680.5,62.6805,98,62684.75,62.68475,Bach/Fugue/bwv_846/Shi05M.mid,Bach,Fugue_bwv_846,Bach/Fugue/bwv_846
C:\Users\eagle\MARG_research\third_party\PianistTransformer\data\midis\asap-dataset-master\Bach\Fugue\bwv_846\Shi05M.mid,asap_metadata_performance,329,52,17,0.017,66,358,0.358,62689,62.689,311,0.311,98,62689.0,62.689,0,62766.75,62.76675,0,62844.5,62.8445,0,62922.25,62.92225,Bach/Fugue/bwv_846/Shi05M.mid,Bach,Fugue_bwv_846,Bach/Fugue/bwv_846
C:\Users\eagle\MARG_research\third_party\PianistTransformer\data\midis\asap-dataset-master\Bach\Fugue\bwv_846\Shi05M.mid,asap_metadata_performance,330,71,311,0.311,70,141,0.141,63000,63.0,7,0.007,71,63000.0,63.0,71,63001.75,63.00175,71,63003.5,63.0035,71,63005.25,63.00525,Bach/Fugue/bwv_846/Shi05M.mid,Bach,Fugue_bwv_846,Bach/Fugue/bwv_846
C:\Users\eagle\MARG_research\third_party\PianistTransformer\data\midis\asap-dataset-master\Bach\Fugue\bwv_846\Shi05M.mid,asap_metadata_performance,331,50,7,0.007,60,91,0.091,63007,63.007,389,0.389,71,63007.0,63.007,127,63104.25,63.10425,127,63201.5,63.2015,127,63298.75,63.29875,Bach/Fugue/bwv_846/Shi05M.mid,Bach,Fugue_bwv_846,Bach/Fugue/bwv_846
C:\Users\eagle\MARG_research\third_party\PianistTransformer\data\midis\asap-dataset-master\Bach\Fugue\bwv_846\Shi05M.mid,asap_metadata_performance,332,72,389,0.389,74,212,0.212,63396,63.396,6,0.006,111,63396.0,63.396,111,63397.5,63.3975,111,63399.0,63.399,111,63400.5,63.4005,Bach/Fugue/bwv_846/Shi05M.mid,Bach,Fugue_bwv_846,Bach/Fugue/bwv_846
C:\Users\eagle\MARG_research\third_party\PianistTransformer\data\midis\asap-dataset-master\Bach\Fugue\bwv_846\Shi05M.mid,asap_metadata_performance,333,52,6,0.006,66,1274,1.274,63402,63.402,227,0.227,111,63402.0,63.402,34,63458.75,63.45875,0,63515.5,63.5155,56,63572.25,63.57225,Bach/Fugue/bwv_846/Shi05M.mid,Bach,Fugue_bwv_846,Bach/Fugue/bwv_846
C:\Users\eagle\MARG_research\third_party\PianistTransformer\data\midis\asap-dataset-master\Bach\Fugue\bwv_846\Shi05M.mid,asap_metadata_performance,334,71,227,0.227,59,86,0.086,63629,63.629,98,0.098,83,63629.0,63.629,96,63653.5,63.6535,126,63678.0,63.678,126,63702.5,63.7025,Bach/Fugue/bwv_846/Shi05M.mid,Bach,Fugue_bwv_846,Bach/Fugue/bwv_846
C:\Users\eagle\MARG_research\third_party\PianistTransformer\data\midis\asap-dataset-master\Bach\Fugue\bwv_846\Shi05M.mid,asap_metadata_performance,335,72,98,0.098,67,71,0.071,63727,63.727,92,0.092,126,63727.0,63.727,126,63750.0,63.75,126,63773.0,63.773,126,63796.0,63.796,Bach/Fugue/bwv_846/Shi05M.mid,Bach,Fugue_bwv_846,Bach/Fugue/bwv_846
C:\Users\eagle\MARG_research\third_party\PianistTransformer\data\midis\asap-dataset-master\Bach\Fugue\bwv_846\Shi05M.mid,asap_metadata_performance,336,71,92,0.092,63,74,0.074,63819,63.819,86,0.086,126,63819.0,63.819,126,63840.5,63.8405,126,63862.0,63.862,126,63883.5,63.8835,Bach/Fugue/bwv_846/Shi05M.mid,Bach,Fugue_bwv_846,Bach/Fugue/bwv_846
C:\Users\eagle\MARG_research\third_party\PianistTransformer\data\midis\asap-dataset-master\Bach\Fugue\bwv_846\Shi05M.mid,asap_metadata_performance,337,72,86,0.086,67,73,0.073,63905,63.905,87,0.087,126,63905.0,63.905,126,63926.75,63.92675,126,63948.5,63.9485,126,63970.25,63.97025,Bach/Fugue/bwv_846/Shi05M.mid,Bach,Fugue_bwv_846,Bach/Fugue/bwv_846
C:\Users\eagle\MARG_research\third_party\PianistTransformer\data\midis\asap-dataset-master\Bach\Fugue\bwv_846\Shi05M.mid,asap_metadata_performance,338,71,87,0.087,64,67,0.067,63992,63.992,70,0.07,126,63992.0,63.992,126,64009.5,64.0095,126,64027.0,64.027,126,64044.5,64.0445,Bach/Fugue/bwv_846/Shi05M.mid,Bach,Fugue_bwv_846,Bach/Fugue/bwv_846
C:\Users\eagle\MARG_research\third_party\PianistTransformer\data\midis\asap-dataset-master\Bach\Fugue\bwv_846\Shi05M.mid,asap_metadata_performance,339,72,70,0.07,71,111,0.111,64062,64.062,83,0.083,126,64062.0,64.062,126,64082.75,64.08275,126,64103.5,64.1035,126,64124.25,64.12425,Bach/Fugue/bwv_846/Shi05M.mid,Bach,Fugue_bwv_846,Bach/Fugue/bwv_846
C:\Users\eagle\MARG_research\third_party\PianistTransformer\data\midis\asap-dataset-master\Bach\Fugue\bwv_846\Shi05M.mid,asap_metadata_performance,340,56,83,0.083,81,506,0.506,64145,64.145,0,0.0,120,64145.0,64.145,120,64145.0,64.145,120,64145.0,64.145,120,64145.0,64.145,Bach/Fugue/bwv_846/Shi05M.mid,Bach,Fugue_bwv_846,Bach/Fugue/bwv_846
C:\Users\eagle\MARG_research\third_party\PianistTransformer\data\midis\asap-dataset-master\Bach\Fugue\bwv_846\Shi05M.mid,asap_metadata_performance,341,71,0,0.0,76,442,0.442,64145,64.145,389,0.389,120,64145.0,64.145,0,64242.25,64.24225,0,64339.5,64.3395,61,64436.75,64.43675,Bach/Fugue/bwv_846/Shi05M.mid,Bach,Fugue_bwv_846,Bach/Fugue/bwv_846
C:\Users\eagle\MARG_research\third_party\PianistTransformer\data\midis\asap-dataset-master\Bach\Fugue\bwv_846\Shi05M.mid,asap_metadata_performance,342,69,389,0.389,81,376,0.376,64534,64.534,499,0.499,107,64534.0,64.534,127,64658.75,64.65875,127,64783.5,64.7835,127,64908.25,64.90825,Bach/Fugue/bwv_846/Shi05M.mid,Bach,Fugue_bwv_846,Bach/Fugue/bwv_846
C:\Users\eagle\MARG_research\third_party\PianistTransformer\data\midis\asap-dataset-master\Bach\Fugue\bwv_846\Shi05M.mid,asap_metadata_performance,343,69,499,0.499,76,1806,1.806,65033,65.033,1,0.001,127,65033.0,65.033,127,65033.25,65.03325,127,65033.5,65.0335,127,65033.75,65.03375,Bach/Fugue/bwv_846/Shi05M.mid,Bach,Fugue_bwv_846,Bach/Fugue/bwv_846
C:\Users\eagle\MARG_research\third_party\PianistTransformer\data\midis\asap-dataset-master\Bach\Fugue\bwv_846\Shi05M.mid,asap_metadata_performance,344,57,1,0.001,65,1913,1.913,65034,65.034,4,0.004,127,65034.0,65.034,127,65035.0,65.035,127,65036.0,65.036,127,65037.0,65.037,Bach/Fugue/bwv_846/Shi05M.mid,Bach,Fugue_bwv_846,Bach/Fugue/bwv_846
C:\Users\eagle\MARG_research\third_party\PianistTransformer\data\midis\asap-dataset-master\Bach\Fugue\bwv_846\Shi05M.mid,asap_metadata_performance,345,45,4,0.004,61,1478,1.478,65038,65.038,962,0.962,127,65038.0,65.038,47,65278.5,65.2785,32,65519.0,65.519,0,65759.5,65.7595,Bach/Fugue/bwv_846/Shi05M.mid,Bach,Fugue_bwv_846,Bach/Fugue/bwv_846
C:\Users\eagle\MARG_research\third_party\PianistTransformer\data\midis\asap-dataset-master\Bach\Fugue\bwv_846\Shi05M.mid,asap_metadata_performance,346,60,962,0.962,40,831,0.831,66000,66.0,674,0.674,0,66000.0,66.0,0,66168.5,66.1685,0,66337.0,66.337,35,66505.5,66.5055,Bach/Fugue/bwv_846/Shi05M.mid,Bach,Fugue_bwv_846,Bach/Fugue/bwv_846
C:\Users\eagle\MARG_research\third_party\PianistTransformer\data\midis\asap-dataset-master\Bach\Fugue\bwv_846\Shi05M.mid,asap_metadata_performance,347,62,674,0.674,52,744,0.744,66674,66.674,658,0.658,38,66674.0,66.674,40,66838.5,66.8385,40,67003.0,67.003,40,67167.5,67.1675,Bach/Fugue/bwv_846/Shi05M.mid,Bach,Fugue_bwv_846,Bach/Fugue/bwv_846
C:\Users\eagle\MARG_research\third_party\PianistTransformer\data\midis\asap-dataset-master\Bach\Fugue\bwv_846\Shi05M.mid,asap_metadata_performance,348,55,658,0.658,52,777,0.777,67332,67.332,8,0.008,39,67332.0,67.332,39,67334.0,67.334,39,67336.0,67.336,39,67338.0,67.338,Bach/Fugue/bwv_846/Shi05M.mid,Bach,Fugue_bwv_846,Bach/Fugue/bwv_846
C:\Users\eagle\MARG_research\third_party\PianistTransformer\data\midis\asap-dataset-master\Bach\Fugue\bwv_846\Shi05M.mid,asap_metadata_performance,349,64,8,0.008,37,786,0.786,67340,67.34,652,0.652,39,67340.0,67.34,37,67503.0,67.503,37,67666.0,67.666,37,67829.0,67.829,Bach/Fugue/bwv_846/Shi05M.mid,Bach,Fugue_bwv_846,Bach/Fugue/bwv_846
C:\Users\eagle\MARG_research\third_party\PianistTransformer\data\midis\asap-dataset-master\Bach\Fugue\bwv_846\Shi05M.mid,asap_metadata_performance,350,57,652,0.652,53,745,0.745,67992,67.992,1,0.001,37,67992.0,67.992,37,67992.25,67.99225,37,67992.5,67.9925,37,67992.75,67.99275,Bach/Fugue/bwv_846/Shi05M.mid,Bach,Fugue_bwv_846,Bach/Fugue/bwv_846
C:\Users\eagle\MARG_research\third_party\PianistTransformer\data\midis\asap-dataset-master\Bach\Fugue\bwv_846\Shi05M.mid,asap_metadata_performance,351,65,1,0.001,51,956,0.956,67993,67.993,645,0.645,37,67993.0,67.993,36,68154.25,68.15425,36,68315.5,68.3155,36,68476.75,68.47675,Bach/Fugue/bwv_846/Shi05M.mid,Bach,Fugue_bwv_846,Bach/Fugue/bwv_846
C:\Users\eagle\MARG_research\third_party\PianistTransformer\data\midis\asap-dataset-master\Bach\Fugue\bwv_846\Shi05M.mid,asap_metadata_performance,352,59,645,0.645,49,727,0.727,68638,68.638,339,0.339,36,68638.0,68.638,35,68722.75,68.72275,34,68807.5,68.8075,34,68892.25,68.89225,Bach/Fugue/bwv_846/Shi05M.mid,Bach,Fugue_bwv_846,Bach/Fugue/bwv_846
C:\Users\eagle\MARG_research\third_party\PianistTransformer\data\midis\asap-dataset-master\Bach\Fugue\bwv_846\Shi05M.mid,asap_metadata_performance,353,67,339,0.339,47,269,0.269,68977,68.977,127,0.127,34,68977.0,68.977,34,69008.75,69.00875,35,69040.5,69.0405,35,69072.25,69.07225,Bach/Fugue/bwv_846/Shi05M.mid,Bach,Fugue_bwv_846,Bach/Fugue/bwv_846
C:\Users\eagle\MARG_research\third_party\PianistTransformer\data\midis\asap-dataset-master\Bach\Fugue\bwv_846\Shi05M.mid,asap_metadata_performance,354,65,127,0.127,53,179,0.179,69104,69.104,173,0.173,35,69104.0,69.104,34,69147.25,69.14725,32,69190.5,69.1905,32,69233.75,69.23375,Bach/Fugue/bwv_846/Shi05M.mid,Bach,Fugue_bwv_846,Bach/Fugue/bwv_846
C:\Users\eagle\MARG_research\third_party\PianistTransformer\data\midis\asap-dataset-master\Bach\Fugue\bwv_846\Shi05M.mid,asap_metadata_performance,355,64,173,0.173,51,759,0.759,69277,69.277,9,0.009,0,69277.0,69.277,0,69279.25,69.27925,0,69281.5,69.2815,0,69283.75,69.28375,Bach/Fugue/bwv_846/Shi05M.mid,Bach,Fugue_bwv_846,Bach/Fugue/bwv_846
C:\Users\eagle\MARG_research\third_party\PianistTransformer\data\midis\asap-dataset-master\Bach\Fugue\bwv_846\Shi05M.mid,asap_metadata_performance,356,60,9,0.009,58,913,0.913,69286,69.286,627,0.627,0,69286.0,69.286,0,69442.75,69.44275,0,69599.5,69.5995,0,69756.25,69.75625,Bach/Fugue/bwv_846/Shi05M.mid,Bach,Fugue_bwv_846,Bach/Fugue/bwv_846
C:\Users\eagle\MARG_research\third_party\PianistTransformer\data\midis\asap-dataset-master\Bach\Fugue\bwv_846\Shi05M.mid,asap_metadata_performance,357,69,627,0.627,53,691,0.691,69913,69.913,306,0.306,0,69913.0,69.913,0,69989.5,69.9895,0,70066.0,70.066,0,70142.5,70.1425,Bach/Fugue/bwv_846/Shi05M.mid,Bach,Fugue_bwv_846,Bach/Fugue/bwv_846
C:\Users\eagle\MARG_research\third_party\PianistTransformer\data\midis\asap-dataset-master\Bach\Fugue\bwv_846\Shi05M.mid,asap_metadata_performance,358,62,306,0.306,53,126,0.126,70219,70.219,136,0.136,0,70219.0,70.219,0,70253.0,70.253,0,70287.0,70.287,0,70321.0,70.321,Bach/Fugue/bwv_846/Shi05M.mid,Bach,Fugue_bwv_846,Bach/Fugue/bwv_846
C:\Users\eagle\MARG_research\third_party\PianistTransformer\data\midis\asap-dataset-master\Bach\Fugue\bwv_846\Shi05M.mid,asap_metadata_performance,359,60,136,0.136,45,219,0.219,70355,70.355,161,0.161,0,70355.0,70.355,0,70395.25,70.39525,0,70435.5,70.4355,0,70475.75,70.47575,Bach/Fugue/bwv_846/Shi05M.mid,Bach,Fugue_bwv_846,Bach/Fugue/bwv_846
C:\Users\eagle\MARG_research\third_party\PianistTransformer\data\midis\asap-dataset-master\Bach\Fugue\bwv_846\Shi05M.mid,asap_metadata_performance,360,59,161,0.161,54,303,0.303,70516,70.516,10,0.01,0,70516.0,70.516,0,70518.5,70.5185,0,70521.0,70.521,0,70523.5,70.5235,Bach/Fugue/bwv_846/Shi05M.mid,Bach,Fugue_bwv_846,Bach/Fugue/bwv_846
C:\Users\eagle\MARG_research\third_party\PianistTransformer\data\midis\asap-dataset-master\Bach\Fugue\bwv_846\Shi05M.mid,asap_metadata_performance,361,62,10,0.01,52,862,0.862,70526,70.526,676,0.676,0,70526.0,70.526,68,70695.0,70.695,127,70864.0,70.864,127,71033.0,71.033,Bach/Fugue/bwv_846/Shi05M.mid,Bach,Fugue_bwv_846,Bach/Fugue/bwv_846
C:\Users\eagle\MARG_research\third_party\PianistTransformer\data\midis\asap-dataset-master\Bach\Fugue\bwv_846\Shi05M.mid,asap_metadata_performance,362,67,676,0.676,54,948,0.948,71202,71.202,1,0.001,111,71202.0,71.202,111,71202.25,71.20225,111,71202.5,71.2025,111,71202.75,71.20275,Bach/Fugue/bwv_846/Shi05M.mid,Bach,Fugue_bwv_846,Bach/Fugue/bwv_846
C:\Users\eagle\MARG_research\third_party\PianistTransformer\data\midis\asap-dataset-master\Bach\Fugue\bwv_846\Shi05M.mid,asap_metadata_performance,363,43,1,0.001,61,741,0.741,71203,71.203,3,0.003,111,71203.0,71.203,111,71203.75,71.20375,111,71204.5,71.2045,111,71205.25,71.20525,Bach/Fugue/bwv_846/Shi05M.mid,Bach,Fugue_bwv_846,Bach/Fugue/bwv_846
C:\Users\eagle\MARG_research\third_party\PianistTransformer\data\midis\asap-dataset-master\Bach\Fugue\bwv_846\Shi05M.mid,asap_metadata_performance,364,64,3,0.003,55,941,0.941,71206,71.206,639,0.639,111,71206.0,71.206,50,71365.75,71.36575,0,71525.5,71.5255,0,71685.25,71.68525,Bach/Fugue/bwv_846/Shi05M.mid,Bach,Fugue_bwv_846,Bach/Fugue/bwv_846
C:\Users\eagle\MARG_research\third_party\PianistTransformer\data\midis\asap-dataset-master\Bach\Fugue\bwv_846\Shi05M.mid,asap_metadata_performance,365,57,639,0.639,66,734,0.734,71845,71.845,4,0.004,0,71845.0,71.845,0,71846.0,71.846,0,71847.0,71.847,0,71848.0,71.848,Bach/Fugue/bwv_846/Shi05M.mid,Bach,Fugue_bwv_846,Bach/Fugue/bwv_846
C:\Users\eagle\MARG_research\third_party\PianistTransformer\data\midis\asap-dataset-master\Bach\Fugue\bwv_846\Shi05M.mid,asap_metadata_performance,366,45,4,0.004,65,707,0.707,71849,71.849,314,0.314,0,71849.0,71.849,0,71927.5,71.9275,0,72006.0,72.006,0,72084.5,72.0845,Bach/Fugue/bwv_846/Shi05M.mid,Bach,Fugue_bwv_846,Bach/Fugue/bwv_846
C:\Users\eagle\MARG_research\third_party\PianistTransformer\data\midis\asap-dataset-master\Bach\Fugue\bwv_846\Shi05M.mid,asap_metadata_performance,367,69,314,0.314,55,380,0.38,72163,72.163,312,0.312,0,72163.0,72.163,0,72241.0,72.241,0,72319.0,72.319,0,72397.0,72.397,Bach/Fugue/bwv_846/Shi05M.mid,Bach,Fugue_bwv_846,Bach/Fugue/bwv_846
C:\Users\eagle\MARG_research\third_party\PianistTransformer\data\midis\asap-dataset-master\Bach\Fugue\bwv_846\Shi05M.mid,asap_metadata_performance,368,67,312,0.312,60,304,0.304,72475,72.475,4,0.004,0,72475.0,72.475,0,72476.0,72.476,0,72477.0,72.477,0,72478.0,72.478,Bach/Fugue/bwv_846/Shi05M.mid,Bach,Fugue_bwv_846,Bach/Fugue/bwv_846
C:\Users\eagle\MARG_research\third_party\PianistTransformer\data\midis\asap-dataset-master\Bach\Fugue\bwv_846\Shi05M.mid,asap_metadata_performance,369,62,4,0.004,55,955,0.955,72479,72.479,1,0.001,0,72479.0,72.479,0,72479.25,72.47925,0,72479.5,72.4795,0,72479.75,72.47975,Bach/Fugue/bwv_846/Shi05M.mid,Bach,Fugue_bwv_846,Bach/Fugue/bwv_846
C:\Users\eagle\MARG_research\third_party\PianistTransformer\data\midis\asap-dataset-master\Bach\Fugue\bwv_846\Shi05M.mid,asap_metadata_performance,370,47,1,0.001,65,709,0.709,72480,72.48,296,0.296,0,72480.0,72.48,0,72554.0,72.554,0,72628.0,72.628,0,72702.0,72.702,Bach/Fugue/bwv_846/Shi05M.mid,Bach,Fugue_bwv_846,Bach/Fugue/bwv_846
C:\Users\eagle\MARG_research\third_party\PianistTransformer\data\midis\asap-dataset-master\Bach\Fugue\bwv_846\Shi05M.mid,asap_metadata_performance,371,65,296,0.296,57,379,0.379,72776,72.776,354,0.354,0,72776.0,72.776,0,72864.5,72.8645,0,72953.0,72.953,0,73041.5,73.0415,Bach/Fugue/bwv_846/Shi05M.mid,Bach,Fugue_bwv_846,Bach/Fugue/bwv_846
C:\Users\eagle\MARG_research\third_party\PianistTransformer\data\midis\asap-dataset-master\Bach\Fugue\bwv_846\Shi05M.mid,asap_metadata_performance,372,48,354,0.354,58,929,0.929,73130,73.13,15,0.015,0,73130.0,73.13,0,73133.75,73.13375,0,73137.5,73.1375,0,73141.25,73.14125,Bach/Fugue/bwv_846/Shi05M.mid,Bach,Fugue_bwv_846,Bach/Fugue/bwv_846
C:\Users\eagle\MARG_research\third_party\PianistTransformer\data\midis\asap-dataset-master\Bach\Fugue\bwv_846\Shi05M.mid,asap_metadata_performance,373,64,15,0.015,46,322,0.322,73145,73.145,632,0.632,0,73145.0,73.145,42,73303.0,73.303,127,73461.0,73.461,127,73619.0,73.619,Bach/Fugue/bwv_846/Shi05M.mid,Bach,Fugue_bwv_846,Bach/Fugue/bwv_846
C:\Users\eagle\MARG_research\third_party\PianistTransformer\data\midis\asap-dataset-master\Bach\Fugue\bwv_846\Shi05M.mid,asap_metadata_performance,374,67,632,0.632,62,655,0.655,73777,73.777,8,0.008,102,73777.0,73.777,102,73779.0,73.779,102,73781.0,73.781,102,73783.0,73.783,Bach/Fugue/bwv_846/Shi05M.mid,Bach,Fugue_bwv_846,Bach/Fugue/bwv_846
C:\Users\eagle\MARG_research\third_party\PianistTransformer\data\midis\asap-dataset-master\Bach\Fugue\bwv_846\Shi05M.mid,asap_metadata_performance,375,55,8,0.008,52,218,0.218,73785,73.785,5,0.005,102,73785.0,73.785,102,73786.25,73.78625,102,73787.5,73.7875,102,73788.75,73.78875,Bach/Fugue/bwv_846/Shi05M.mid,Bach,Fugue_bwv_846,Bach/Fugue/bwv_846
C:\Users\eagle\MARG_research\third_party\PianistTransformer\data\midis\asap-dataset-master\Bach\Fugue\bwv_846\Shi05M.mid,asap_metadata_performance,376,64,5,0.005,46,232,0.232,73790,73.79,306,0.306,102,73790.0,73.79,56,73866.5,73.8665,89,73943.0,73.943,127,74019.5,74.0195,Bach/Fugue/bwv_846/Shi05M.mid,Bach,Fugue_bwv_846,Bach/Fugue/bwv_846
C:\Users\eagle\MARG_research\third_party\PianistTransformer\data\midis\asap-dataset-master\Bach\Fugue\bwv_846\Shi05M.mid,asap_metadata_performance,377,50,306,0.306,55,222,0.222,74096,74.096,131,0.131,127,74096.0,74.096,127,74128.75,74.12875,127,74161.5,74.1615,115,74194.25,74.19425,Bach/Fugue/bwv_846/Shi05M.mid,Bach,Fugue_bwv_846,Bach/Fugue/bwv_846
C:\Users\eagle\MARG_research\third_party\PianistTransformer\data\midis\asap-dataset-master\Bach\Fugue\bwv_846\Shi05M.mid,asap_metadata_performance,378,48,131,0.131,61,239,0.239,74227,74.227,143,0.143,113,74227.0,74.227,110,74262.75,74.26275,110,74298.5,74.2985,103,74334.25,74.33425,Bach/Fugue/bwv_846/Shi05M.mid,Bach,Fugue_bwv_846,Bach/Fugue/bwv_846
C:\Users\eagle\MARG_research\third_party\PianistTransformer\data\midis\asap-dataset-master\Bach\Fugue\bwv_846\Shi05M.mid,asap_metadata_performance,379,69,143,0.143,69,703,0.703,74370,74.37,13,0.013,95,74370.0,74.37,95,74373.25,74.37325,95,74376.5,74.3765,89,74379.75,74.37975,Bach/Fugue/bwv_846/Shi05M.mid,Bach,Fugue_bwv_846,Bach/Fugue/bwv_846
C:\Users\eagle\MARG_research\third_party\PianistTransformer\data\midis\asap-dataset-master\Bach\Fugue\bwv_846\Shi05M.mid,asap_metadata_performance,380,47,13,0.013,54,751,0.751,74383,74.383,2,0.002,89,74383.0,74.383,89,74383.5,74.3835,89,74384.0,74.384,89,74384.5,74.3845,Bach/Fugue/bwv_846/Shi05M.mid,Bach,Fugue_bwv_846,Bach/Fugue/bwv_846
C:\Users\eagle\MARG_research\third_party\PianistTransformer\data\midis\asap-dataset-master\Bach\Fugue\bwv_846\Shi05M.mid,asap_metadata_performance,381,66,2,0.002,53,651,0.651,74385,74.385,2,0.002,89,74385.0,74.385,89,74385.5,74.3855,89,74386.0,74.386,89,74386.5,74.3865,Bach/Fugue/bwv_846/Shi05M.mid,Bach,Fugue_bwv_846,Bach/Fugue/bwv_846
C:\Users\eagle\MARG_research\third_party\PianistTransformer\data\midis\asap-dataset-master\Bach\Fugue\bwv_846\Shi05M.mid,asap_metadata_performance,382,62,2,0.002,52,954,0.954,74387,74.387,597,0.597,89,74387.0,74.387,0,74536.25,74.53625,0,74685.5,74.6855,0,74834.75,74.83475,Bach/Fugue/bwv_846/Shi05M.mid,Bach,Fugue_bwv_846,Bach/Fugue/bwv_846
C:\Users\eagle\MARG_research\third_party\PianistTransformer\data\midis\asap-dataset-master\Bach\Fugue\bwv_846\Shi05M.mid,asap_metadata_performance,383,71,597,0.597,70,717,0.717,74984,74.984,7,0.007,0,74984.0,74.984,0,74985.75,74.98575,0,74987.5,74.9875,0,74989.25,74.98925,Bach/Fugue/bwv_846/Shi05M.mid,Bach,Fugue_bwv_846,Bach/Fugue/bwv_846
C:\Users\eagle\MARG_research\third_party\PianistTransformer\data\midis\asap-dataset-master\Bach\Fugue\bwv_846\Shi05M.mid,asap_metadata_performance,384,52,7,0.007,66,733,0.733,74991,74.991,19,0.019,0,74991.0,74.991,0,74995.75,74.99575,0,75000.5,75.0005,0,75005.25,75.00525,Bach/Fugue/bwv_846/Shi05M.mid,Bach,Fugue_bwv_846,Bach/Fugue/bwv_846
C:\Users\eagle\MARG_research\third_party\PianistTransformer\data\midis\asap-dataset-master\Bach\Fugue\bwv_846\Shi05M.mid,asap_metadata_performance,385,67,19,0.019,53,601,0.601,75010,75.01,638,0.638,0,75010.0,75.01,67,75169.5,75.1695,127,75329.0,75.329,127,75488.5,75.4885,Bach/Fugue/bwv_846/Shi05M.mid,Bach,Fugue_bwv_846,Bach/Fugue/bwv_846
C:\Users\eagle\MARG_research\third_party\PianistTransformer\data\midis\asap-dataset-master\Bach\Fugue\bwv_846\Shi05M.mid,asap_metadata_performance,386,45,638,0.638,61,793,0.793,75648,75.648,3,0.003,93,75648.0,75.648,93,75648.75,75.64875,93,75649.5,75.6495,93,75650.25,75.65025,Bach/Fugue/bwv_846/Shi05M.mid,Bach,Fugue_bwv_846,Bach/Fugue/bwv_846
C:\Users\eagle\MARG_research\third_party\PianistTransformer\data\midis\asap-dataset-master\Bach\Fugue\bwv_846\Shi05M.mid,asap_metadata_performance,387,72,3,0.003,70,953,0.953,75651,75.651,14,0.014,93,75651.0,75.651,93,75654.5,75.6545,76,75658.0,75.658,76,75661.5,75.6615,Bach/Fugue/bwv_846/Shi05M.mid,Bach,Fugue_bwv_846,Bach/Fugue/bwv_846
C:\Users\eagle\MARG_research\third_party\PianistTransformer\data\midis\asap-dataset-master\Bach\Fugue\bwv_846\Shi05M.mid,asap_metadata_performance,388,60,14,0.014,53,154,0.154,75665,75.665,653,0.653,76,75665.0,75.665,67,75828.25,75.82825,118,75991.5,75.9915,123,76154.75,76.15475,Bach/Fugue/bwv_846/Shi05M.mid,Bach,Fugue_bwv_846,Bach/Fugue/bwv_846
C:\Users\eagle\MARG_research\third_party\PianistTransformer\data\midis\asap-dataset-master\Bach\Fugue\bwv_846\Shi05M.mid,asap_metadata_performance,389,50,653,0.653,60,894,0.894,76318,76.318,0,0.0,104,76318.0,76.318,104,76318.0,76.318,104,76318.0,76.318,104,76318.0,76.318,Bach/Fugue/bwv_846/Shi05M.mid,Bach,Fugue_bwv_846,Bach/Fugue/bwv_846
C:\Users\eagle\MARG_research\third_party\PianistTransformer\data\midis\asap-dataset-master\Bach\Fugue\bwv_846\Shi05M.mid,asap_metadata_performance,390,66,0,0.0,61,329,0.329,76318,76.318,9,0.009,104,76318.0,76.318,87,76320.25,76.32025,87,76322.5,76.3225,87,76324.75,76.32475,Bach/Fugue/bwv_846/Shi05M.mid,Bach,Fugue_bwv_846,Bach/Fugue/bwv_846
C:\Users\eagle\MARG_research\third_party\PianistTransformer\data\midis\asap-dataset-master\Bach\Fugue\bwv_846\Shi05M.mid,asap_metadata_performance,391,57,9,0.009,57,676,0.676,76327,76.327,289,0.289,87,76327.0,76.327,0,76399.25,76.39925,66,76471.5,76.4715,91,76543.75,76.54375,Bach/Fugue/bwv_846/Shi05M.mid,Bach,Fugue_bwv_846,Bach/Fugue/bwv_846
C:\Users\eagle\MARG_research\third_party\PianistTransformer\data\midis\asap-dataset-master\Bach\Fugue\bwv_846\Shi05M.mid,asap_metadata_performance,392,74,289,0.289,66,238,0.238,76616,76.616,135,0.135,92,76616.0,76.616,92,76649.75,76.64975,92,76683.5,76.6835,89,76717.25,76.71725,Bach/Fugue/bwv_846/Shi05M.mid,Bach,Fugue_bwv_846,Bach/Fugue/bwv_846
C:\Users\eagle\MARG_research\third_party\PianistTransformer\data\midis\asap-dataset-master\Bach\Fugue\bwv_846\Shi05M.mid,asap_metadata_performance,393,72,135,0.135,71,184,0.184,76751,76.751,121,0.121,88,76751.0,76.751,88,76781.25,76.78125,87,76811.5,76.8115,83,76841.75,76.84175,Bach/Fugue/bwv_846/Shi05M.mid,Bach,Fugue_bwv_846,Bach/Fugue/bwv_846
C:\Users\eagle\MARG_research\third_party\PianistTransformer\data\midis\asap-dataset-master\Bach\Fugue\bwv_846\Shi05M.mid,asap_metadata_performance,394,68,121,0.121,58,274,0.274,76872,76.872,10,0.01,82,76872.0,76.872,82,76874.5,76.8745,82,76877.0,76.877,82,76879.5,76.8795,Bach/Fugue/bwv_846/Shi05M.mid,Bach,Fugue_bwv_846,Bach/Fugue/bwv_846
C:\Users\eagle\MARG_research\third_party\PianistTransformer\data\midis\asap-dataset-master\Bach\Fugue\bwv_846\Shi05M.mid,asap_metadata_performance,395,71,10,0.01,68,320,0.32,76882,76.882,7,0.007,82,76882.0,76.882,82,76883.75,76.88375,82,76885.5,76.8855,82,76887.25,76.88725,Bach/Fugue/bwv_846/Shi05M.mid,Bach,Fugue_bwv_846,Bach/Fugue/bwv_846
C:\Users\eagle\MARG_research\third_party\PianistTransformer\data\midis\asap-dataset-master\Bach\Fugue\bwv_846\Shi05M.mid,asap_metadata_performance,396,64,7,0.007,37,886,0.886,76889,76.889,280,0.28,82,76889.0,76.889,70,76959.0,76.959,49,77029.0,77.029,39,77099.0,77.099,Bach/Fugue/bwv_846/Shi05M.mid,Bach,Fugue_bwv_846,Bach/Fugue/bwv_846
C:\Users\eagle\MARG_research\third_party\PianistTransformer\data\midis\asap-dataset-master\Bach\Fugue\bwv_846\Shi05M.mid,asap_metadata_performance,397,52,280,0.28,56,310,0.31,77169,77.169,302,0.302,58,77169.0,77.169,77,77244.5,77.2445,92,77320.0,77.32,92,77395.5,77.3955,Bach/Fugue/bwv_846/Shi05M.mid,Bach,Fugue_bwv_846,Bach/Fugue/bwv_846
C:\Users\eagle\MARG_research\third_party\PianistTransformer\data\midis\asap-dataset-master\Bach\Fugue\bwv_846\Shi05M.mid,asap_metadata_performance,398,72,302,0.302,72,683,0.683,77471,77.471,8,0.008,92,77471.0,77.471,92,77473.0,77.473,92,77475.0,77.475,92,77477.0,77.477,Bach/Fugue/bwv_846/Shi05M.mid,Bach,Fugue_bwv_846,Bach/Fugue/bwv_846
C:\Users\eagle\MARG_research\third_party\PianistTransformer\data\midis\asap-dataset-master\Bach\Fugue\bwv_846\Shi05M.mid,asap_metadata_performance,399,69,8,0.008,57,725,0.725,77479,77.479,8,0.008,91,77479.0,77.479,91,77481.0,77.481,91,77483.0,77.483,91,77485.0,77.485,Bach/Fugue/bwv_846/Shi05M.mid,Bach,Fugue_bwv_846,Bach/Fugue/bwv_846
C:\Users\eagle\MARG_research\third_party\PianistTransformer\data\midis\asap-dataset-master\Bach\Fugue\bwv_846\Shi05M.mid,asap_metadata_performance,400,50,8,0.008,59,488,0.488,77487,77.487,285,0.285,91,77487.0,77.487,65,77558.25,77.55825,44,77629.5,77.6295,44,77700.75,77.70075,Bach/Fugue/bwv_846/Shi05M.mid,Bach,Fugue_bwv_846,Bach/Fugue/bwv_846
C:\Users\eagle\MARG_research\third_party\PianistTransformer\data\midis\asap-dataset-master\Bach\Fugue\bwv_846\Shi05M.mid,asap_metadata_performance,401,48,285,0.285,58,370,0.37,77772,77.772,322,0.322,44,77772.0,77.772,44,77852.5,77.8525,42,77933.0,77.933,33,78013.5,78.0135,Bach/Fugue/bwv_846/Shi05M.mid,Bach,Fugue_bwv_846,Bach/Fugue/bwv_846
C:\Users\eagle\MARG_research\third_party\PianistTransformer\data\midis\asap-dataset-master\Bach\Fugue\bwv_846\Shi05M.mid,asap_metadata_performance,402,74,322,0.322,72,597,0.597,78094,78.094,6,0.006,0,78094.0,78.094,0,78095.5,78.0955,0,78097.0,78.097,0,78098.5,78.0985,Bach/Fugue/bwv_846/Shi05M.mid,Bach,Fugue_bwv_846,Bach/Fugue/bwv_846
C:\Users\eagle\MARG_research\third_party\PianistTransformer\data\midis\asap-dataset-master\Bach\Fugue\bwv_846\Shi05M.mid,asap_metadata_performance,403,62,6,0.006,63,228,0.228,78100,78.1,11,0.011,0,78100.0,78.1,0,78102.75,78.10275,0,78105.5,78.1055,0,78108.25,78.10825,Bach/Fugue/bwv_846/Shi05M.mid,Bach,Fugue_bwv_846,Bach/Fugue/bwv_846
C:\Users\eagle\MARG_research\third_party\PianistTransformer\data\midis\asap-dataset-master\Bach\Fugue\bwv_846\Shi05M.mid,asap_metadata_performance,404,47,11,0.011,54,746,0.746,78111,78.111,648,0.648,0,78111.0,78.111,70,78273.0,78.273,127,78435.0,78.435,127,78597.0,78.597,Bach/Fugue/bwv_846/Shi05M.mid,Bach,Fugue_bwv_846,Bach/Fugue/bwv_846
C:\Users\eagle\MARG_research\third_party\PianistTransformer\data\midis\asap-dataset-master\Bach\Fugue\bwv_846\Shi05M.mid,asap_metadata_performance,405,76,648,0.648,78,767,0.767,78759,78.759,1,0.001,105,78759.0,78.759,105,78759.25,78.75925,105,78759.5,78.7595,105,78759.75,78.75975,Bach/Fugue/bwv_846/Shi05M.mid,Bach,Fugue_bwv_846,Bach/Fugue/bwv_846
C:\Users\eagle\MARG_research\third_party\PianistTransformer\data\midis\asap-dataset-master\Bach\Fugue\bwv_846\Shi05M.mid,asap_metadata_performance,406,67,1,0.001,76,778,0.778,78760,78.76,21,0.021,105,78760.0,78.76,105,78765.25,78.76525,105,78770.5,78.7705,85,78775.75,78.77575,Bach/Fugue/bwv_846/Shi05M.mid,Bach,Fugue_bwv_846,Bach/Fugue/bwv_846
C:\Users\eagle\MARG_research\third_party\PianistTransformer\data\midis\asap-dataset-master\Bach\Fugue\bwv_846\Shi05M.mid,asap_metadata_performance,407,46,21,0.021,60,732,0.732,78781,78.781,620,0.62,85,78781.0,78.781,70,78936.0,78.936,127,79091.0,79.091,127,79246.0,79.246,Bach/Fugue/bwv_846/Shi05M.mid,Bach,Fugue_bwv_846,Bach/Fugue/bwv_846
C:\Users\eagle\MARG_research\third_party\PianistTransformer\data\midis\asap-dataset-master\Bach\Fugue\bwv_846\Shi05M.mid,asap_metadata_performance,408,77,620,0.62,74,958,0.958,79401,79.401,1,0.001,101,79401.0,79.401,101,79401.25,79.40125,101,79401.5,79.4015,101,79401.75,79.40175,Bach/Fugue/bwv_846/Shi05M.mid,Bach,Fugue_bwv_846,Bach/Fugue/bwv_846
C:\Users\eagle\MARG_research\third_party\PianistTransformer\data\midis\asap-dataset-master\Bach\Fugue\bwv_846\Shi05M.mid,asap_metadata_performance,409,69,1,0.001,72,703,0.703,79402,79.402,19,0.019,101,79402.0,79.402,101,79406.75,79.40675,101,79411.5,79.4115,101,79416.25,79.41625,Bach/Fugue/bwv_846/Shi05M.mid,Bach,Fugue_bwv_846,Bach/Fugue/bwv_846
C:\Users\eagle\MARG_research\third_party\PianistTransformer\data\midis\asap-dataset-master\Bach\Fugue\bwv_846\Shi05M.mid,asap_metadata_performance,410,45,19,0.019,62,699,0.699,79421,79.421,621,0.621,79,79421.0,79.421,56,79576.25,79.57625,105,79731.5,79.7315,127,79886.75,79.88675,Bach/Fugue/bwv_846/Shi05M.mid,Bach,Fugue_bwv_846,Bach/Fugue/bwv_846
C:\Users\eagle\MARG_research\third_party\PianistTransformer\data\midis\asap-dataset-master\Bach\Fugue\bwv_846\Shi05M.mid,asap_metadata_performance,411,71,621,0.621,86,678,0.678,80042,80.042,22,0.022,51,80042.0,80.042,51,80047.5,80.0475,34,80053.0,80.053,34,80058.5,80.0585,Bach/Fugue/bwv_846/Shi05M.mid,Bach,Fugue_bwv_846,Bach/Fugue/bwv_846
C:\Users\eagle\MARG_research\third_party\PianistTransformer\data\midis\asap-dataset-master\Bach\Fugue\bwv_846\Shi05M.mid,asap_metadata_performance,412,43,22,0.022,65,702,0.702,80064,80.064,311,0.311,34,80064.0,80.064,69,80141.75,80.14175,127,80219.5,80.2195,127,80297.25,80.29725,Bach/Fugue/bwv_846/Shi05M.mid,Bach,Fugue_bwv_846,Bach/Fugue/bwv_846
C:\Users\eagle\MARG_research\third_party\PianistTransformer\data\midis\asap-dataset-master\Bach\Fugue\bwv_846\Shi05M.mid,asap_metadata_performance,413,79,311,0.311,76,306,0.306,80375,80.375,138,0.138,127,80375.0,80.375,127,80409.5,80.4095,127,80444.0,80.444,127,80478.5,80.4785,Bach/Fugue/bwv_846/Shi05M.mid,Bach,Fugue_bwv_846,Bach/Fugue/bwv_846
C:\Users\eagle\MARG_research\third_party\PianistTransformer\data\midis\asap-dataset-master\Bach\Fugue\bwv_846\Shi05M.mid,asap_metadata_performance,414,77,138,0.138,72,210,0.21,80513,80.513,156,0.156,127,80513.0,80.513,127,80552.0,80.552,127,80591.0,80.591,127,80630.0,80.63,Bach/Fugue/bwv_846/Shi05M.mid,Bach,Fugue_bwv_846,Bach/Fugue/bwv_846
C:\Users\eagle\MARG_research\third_party\PianistTransformer\data\midis\asap-dataset-master\Bach\Fugue\bwv_846\Shi05M.mid,asap_metadata_performance,415,76,156,0.156,78,692,0.692,80669,80.669,8,0.008,82,80669.0,80.669,82,80671.0,80.671,82,80673.0,80.673,82,80675.0,80.675,Bach/Fugue/bwv_846/Shi05M.mid,Bach,Fugue_bwv_846,Bach/Fugue/bwv_846
C:\Users\eagle\MARG_research\third_party\PianistTransformer\data\midis\asap-dataset-master\Bach\Fugue\bwv_846\Shi05M.mid,asap_metadata_performance,416,72,8,0.008,75,957,0.957,80677,80.677,18,0.018,62,80677.0,80.677,62,80681.5,80.6815,62,80686.0,80.686,62,80690.5,80.6905,Bach/Fugue/bwv_846/Shi05M.mid,Bach,Fugue_bwv_846,Bach/Fugue/bwv_846
C:\Users\eagle\MARG_research\third_party\PianistTransformer\data\midis\asap-dataset-master\Bach\Fugue\bwv_846\Shi05M.mid,asap_metadata_performance,417,45,18,0.018,73,232,0.232,80695,80.695,607,0.607,62,80695.0,80.695,0,80846.75,80.84675,127,80998.5,80.9985,127,81150.25,81.15025,Bach/Fugue/bwv_846/Shi05M.mid,Bach,Fugue_bwv_846,Bach/Fugue/bwv_846
C:\Users\eagle\MARG_research\third_party\PianistTransformer\data\midis\asap-dataset-master\Bach\Fugue\bwv_846\Shi05M.mid,asap_metadata_performance,418,81,607,0.607,73,358,0.358,81302,81.302,5,0.005,127,81302.0,81.302,127,81303.25,81.30325,127,81304.5,81.3045,127,81305.75,81.30575,Bach/Fugue/bwv_846/Shi05M.mid,Bach,Fugue_bwv_846,Bach/Fugue/bwv_846
C:\Users\eagle\MARG_research\third_party\PianistTransformer\data\midis\asap-dataset-master\Bach\Fugue\bwv_846\Shi05M.mid,asap_metadata_performance,419,57,5,0.005,87,410,0.41,81307,81.307,16,0.016,127,81307.0,81.307,127,81311.0,81.311,127,81315.0,81.315,127,81319.0,81.319,Bach/Fugue/bwv_846/Shi05M.mid,Bach,Fugue_bwv_846,Bach/Fugue/bwv_846
C:\Users\eagle\MARG_research\third_party\PianistTransformer\data\midis\asap-dataset-master\Bach\Fugue\bwv_846\Shi05M.mid,asap_metadata_performance,420,54,16,0.016,68,669,0.669,81323,81.323,311,0.311,127,81323.0,81.323,0,81400.75,81.40075,62,81478.5,81.4785,127,81556.25,81.55625,Bach/Fugue/bwv_846/Shi05M.mid,Bach,Fugue_bwv_846,Bach/Fugue/bwv_846
C:\Users\eagle\MARG_research\third_party\PianistTransformer\data\midis\asap-dataset-master\Bach\Fugue\bwv_846\Shi05M.mid,asap_metadata_performance,421,74,311,0.311,71,146,0.146,81634,81.634,121,0.121,127,81634.0,81.634,127,81664.25,81.66425,127,81694.5,81.6945,127,81724.75,81.72475,Bach/Fugue/bwv_846/Shi05M.mid,Bach,Fugue_bwv_846,Bach/Fugue/bwv_846
C:\Users\eagle\MARG_research\third_party\PianistTransformer\data\midis\asap-dataset-master\Bach\Fugue\bwv_846\Shi05M.mid,asap_metadata_performance,422,72,121,0.121,77,233,0.233,81755,81.755,173,0.173,127,81755.0,81.755,127,81798.25,81.79825,127,81841.5,81.8415,127,81884.75,81.88475,Bach/Fugue/bwv_846/Shi05M.mid,Bach,Fugue_bwv_846,Bach/Fugue/bwv_846
C:\Users\eagle\MARG_research\third_party\PianistTransformer\data\midis\asap-dataset-master\Bach\Fugue\bwv_846\Shi05M.mid,asap_metadata_performance,423,74,173,0.173,80,829,0.829,81928,81.928,6,0.006,85,81928.0,81.928,85,81929.5,81.9295,85,81931.0,81.931,85,81932.5,81.9325,Bach/Fugue/bwv_846/Shi05M.mid,Bach,Fugue_bwv_846,Bach/Fugue/bwv_846
C:\Users\eagle\MARG_research\third_party\PianistTransformer\data\midis\asap-dataset-master\Bach\Fugue\bwv_846\Shi05M.mid,asap_metadata_performance,424,59,6,0.006,82,372,0.372,81934,81.934,0,0.0,85,81934.0,81.934,85,81934.0,81.934,85,81934.0,81.934,85,81934.0,81.934,Bach/Fugue/bwv_846/Shi05M.mid,Bach,Fugue_bwv_846,Bach/Fugue/bwv_846
C:\Users\eagle\MARG_research\third_party\PianistTransformer\data\midis\asap-dataset-master\Bach\Fugue\bwv_846\Shi05M.mid,asap_metadata_performance,425,71,0,0.0,72,977,0.977,81934,81.934,14,0.014,85,81934.0,81.934,85,81937.5,81.9375,85,81941.0,81.941,85,81944.5,81.9445,Bach/Fugue/bwv_846/Shi05M.mid,Bach,Fugue_bwv_846,Bach/Fugue/bwv_846
C:\Users\eagle\MARG_research\third_party\PianistTransformer\data\midis\asap-dataset-master\Bach\Fugue\bwv_846\Shi05M.mid,asap_metadata_performance,426,55,14,0.014,70,802,0.802,81948,81.948,677,0.677,68,81948.0,81.948,0,82117.25,82.11725,127,82286.5,82.2865,127,82455.75,82.45575,Bach/Fugue/bwv_846/Shi05M.mid,Bach,Fugue_bwv_846,Bach/Fugue/bwv_846
C:\Users\eagle\MARG_research\third_party\PianistTransformer\data\midis\asap-dataset-master\Bach\Fugue\bwv_846\Shi05M.mid,asap_metadata_performance,427,79,677,0.677,76,1376,1.376,82625,82.625,1,0.001,127,82625.0,82.625,127,82625.25,82.62525,127,82625.5,82.6255,127,82625.75,82.62575,Bach/Fugue/bwv_846/Shi05M.mid,Bach,Fugue_bwv_846,Bach/Fugue/bwv_846
C:\Users\eagle\MARG_research\third_party\PianistTransformer\data\midis\asap-dataset-master\Bach\Fugue\bwv_846\Shi05M.mid,asap_metadata_performance,428,61,1,0.001,85,305,0.305,82626,82.626,19,0.019,127,82626.0,82.626,127,82630.75,82.63075,127,82635.5,82.6355,127,82640.25,82.64025,Bach/Fugue/bwv_846/Shi05M.mid,Bach,Fugue_bwv_846,Bach/Fugue/bwv_846
C:\Users\eagle\MARG_research\third_party\PianistTransformer\data\midis\asap-dataset-master\Bach\Fugue\bwv_846\Shi05M.mid,asap_metadata_performance,429,52,19,0.019,66,971,0.971,82645,82.645,1,0.001,127,82645.0,82.645,127,82645.25,82.64525,127,82645.5,82.6455,127,82645.75,82.64575,Bach/Fugue/bwv_846/Shi05M.mid,Bach,Fugue_bwv_846,Bach/Fugue/bwv_846
C:\Users\eagle\MARG_research\third_party\PianistTransformer\data\midis\asap-dataset-master\Bach\Fugue\bwv_846\Shi05M.mid,asap_metadata_performance,430,76,1,0.001,65,280,0.28,82646,82.646,815,0.815,127,82646.0,82.646,127,82849.75,82.84975,127,83053.5,83.0535,127,83257.25,83.25725,Bach/Fugue/bwv_846/Shi05M.mid,Bach,Fugue_bwv_846,Bach/Fugue/bwv_846
C:\Users\eagle\MARG_research\third_party\PianistTransformer\data\midis\asap-dataset-master\Bach\Fugue\bwv_846\Shi05M.mid,asap_metadata_performance,431,62,815,0.815,80,1141,1.141,83461,83.461,9,0.009,127,83461.0,83.461,127,83463.25,83.46325,127,83465.5,83.4655,127,83467.75,83.46775,Bach/Fugue/bwv_846/Shi05M.mid,Bach,Fugue_bwv_846,Bach/Fugue/bwv_846
C:\Users\eagle\MARG_research\third_party\PianistTransformer\data\midis\asap-dataset-master\Bach\Fugue\bwv_846\Shi05M.mid,asap_metadata_performance,432,50,9,0.009,76,606,0.606,83470,83.47,0,0.0,127,83470.0,83.47,127,83470.0,83.47,127,83470.0,83.47,127,83470.0,83.47,Bach/Fugue/bwv_846/Shi05M.mid,Bach,Fugue_bwv_846,Bach/Fugue/bwv_846
C:\Users\eagle\MARG_research\third_party\PianistTransformer\data\midis\asap-dataset-master\Bach\Fugue\bwv_846\Shi05M.mid,asap_metadata_performance,433,69,0,0.0,74,715,0.715,83470,83.47,469,0.469,127,83470.0,83.47,127,83587.25,83.58725,0,83704.5,83.7045,83,83821.75,83.82175,Bach/Fugue/bwv_846/Shi05M.mid,Bach,Fugue_bwv_846,Bach/Fugue/bwv_846
C:\Users\eagle\MARG_research\third_party\PianistTransformer\data\midis\asap-dataset-master\Bach\Fugue\bwv_846\Shi05M.mid,asap_metadata_performance,434,81,469,0.469,81,449,0.449,83939,83.939,371,0.371,127,83939.0,83.939,127,84031.75,84.03175,127,84124.5,84.1245,127,84217.25,84.21725,Bach/Fugue/bwv_846/Shi05M.mid,Bach,Fugue_bwv_846,Bach/Fugue/bwv_846
C:\Users\eagle\MARG_research\third_party\PianistTransformer\data\midis\asap-dataset-master\Bach\Fugue\bwv_846\Shi05M.mid,asap_metadata_performance,435,79,371,0.371,81,327,0.327,84310,84.31,4,0.004,127,84310.0,84.31,127,84311.0,84.311,127,84312.0,84.312,127,84313.0,84.313,Bach/Fugue/bwv_846/Shi05M.mid,Bach,Fugue_bwv_846,Bach/Fugue/bwv_846
C:\Users\eagle\MARG_research\third_party\PianistTransformer\data\midis\asap-dataset-master\Bach\Fugue\bwv_846\Shi05M.mid,asap_metadata_performance,436,74,4,0.004,78,998,0.998,84314,84.314,291,0.291,127,84314.0,84.314,127,84386.75,84.38675,127,84459.5,84.4595,127,84532.25,84.53225,Bach/Fugue/bwv_846/Shi05M.mid,Bach,Fugue_bwv_846,Bach/Fugue/bwv_846
C:\Users\eagle\MARG_research\third_party\PianistTransformer\data\midis\asap-dataset-master\Bach\Fugue\bwv_846\Shi05M.mid,asap_metadata_performance,437,77,291,0.291,73,420,0.42,84605,84.605,6,0.006,127,84605.0,84.605,127,84606.5,84.6065,127,84608.0,84.608,127,84609.5,84.6095,Bach/Fugue/bwv_846/Shi05M.mid,Bach,Fugue_bwv_846,Bach/Fugue/bwv_846
C:\Users\eagle\MARG_research\third_party\PianistTransformer\data\midis\asap-dataset-master\Bach\Fugue\bwv_846\Shi05M.mid,asap_metadata_performance,438,64,6,0.006,64,114,0.114,84611,84.611,132,0.132,127,84611.0,84.611,127,84644.0,84.644,127,84677.0,84.677,127,84710.0,84.71,Bach/Fugue/bwv_846/Shi05M.mid,Bach,Fugue_bwv_846,Bach/Fugue/bwv_846
C:\Users\eagle\MARG_research\third_party\PianistTransformer\data\midis\asap-dataset-master\Bach\Fugue\bwv_846\Shi05M.mid,asap_metadata_performance,439,62,132,0.132,67,84,0.084,84743,84.743,165,0.165,127,84743.0,84.743,127,84784.25,84.78425,127,84825.5,84.8255,127,84866.75,84.86675,Bach/Fugue/bwv_846/Shi05M.mid,Bach,Fugue_bwv_846,Bach/Fugue/bwv_846
C:\Users\eagle\MARG_research\third_party\PianistTransformer\data\midis\asap-dataset-master\Bach\Fugue\bwv_846\Shi05M.mid,asap_metadata_performance,440,76,165,0.165,79,181,0.181,84908,84.908,2,0.002,127,84908.0,84.908,127,84908.5,84.9085,127,84909.0,84.909,127,84909.5,84.9095,Bach/Fugue/bwv_846/Shi05M.mid,Bach,Fugue_bwv_846,Bach/Fugue/bwv_846
C:\Users\eagle\MARG_research\third_party\PianistTransformer\data\midis\asap-dataset-master\Bach\Fugue\bwv_846\Shi05M.mid,asap_metadata_performance,441,60,2,0.002,84,770,0.77,84910,84.91,4,0.004,127,84910.0,84.91,127,84911.0,84.911,127,84912.0,84.912,127,84913.0,84.913,Bach/Fugue/bwv_846/Shi05M.mid,Bach,Fugue_bwv_846,Bach/Fugue/bwv_846
C:\Users\eagle\MARG_research\third_party\PianistTransformer\data\midis\asap-dataset-master\Bach\Fugue\bwv_846\Shi05M.mid,asap_metadata_performance,442,52,4,0.004,82,405,0.405,84914,84.914,306,0.306,127,84914.0,84.914,0,84990.5,84.9905,0,85067.0,85.067,91,85143.5,85.1435,Bach/Fugue/bwv_846/Shi05M.mid,Bach,Fugue_bwv_846,Bach/Fugue/bwv_846
C:\Users\eagle\MARG_research\third_party\PianistTransformer\data\midis\asap-dataset-master\Bach\Fugue\bwv_846\Shi05M.mid,asap_metadata_performance,443,76,306,0.306,75,665,0.665,85220,85.22,326,0.326,127,85220.0,85.22,127,85301.5,85.3015,127,85383.0,85.383,127,85464.5,85.4645,Bach/Fugue/bwv_846/Shi05M.mid,Bach,Fugue_bwv_846,Bach/Fugue/bwv_846
C:\Users\eagle\MARG_research\third_party\PianistTransformer\data\midis\asap-dataset-master\Bach\Fugue\bwv_846\Shi05M.mid,asap_metadata_performance,444,81,326,0.326,80,852,0.852,85546,85.546,5,0.005,127,85546.0,85.546,127,85547.25,85.54725,127,85548.5,85.5485,127,85549.75,85.54975,Bach/Fugue/bwv_846/Shi05M.mid,Bach,Fugue_bwv_846,Bach/Fugue/bwv_846
C:\Users\eagle\MARG_research\third_party\PianistTransformer\data\midis\asap-dataset-master\Bach\Fugue\bwv_846\Shi05M.mid,asap_metadata_performance,445,65,5,0.005,87,751,0.751,85551,85.551,2,0.002,127,85551.0,85.551,127,85551.5,85.5515,127,85552.0,85.552,127,85552.5,85.5525,Bach/Fugue/bwv_846/Shi05M.mid,Bach,Fugue_bwv_846,Bach/Fugue/bwv_846
C:\Users\eagle\MARG_research\third_party\PianistTransformer\data\midis\asap-dataset-master\Bach\Fugue\bwv_846\Shi05M.mid,asap_metadata_performance,446,53,2,0.002,84,759,0.759,85553,85.553,3,0.003,127,85553.0,85.553,127,85553.75,85.55375,127,85554.5,85.5545,127,85555.25,85.55525,Bach/Fugue/bwv_846/Shi05M.mid,Bach,Fugue_bwv_846,Bach/Fugue/bwv_846
C:\Users\eagle\MARG_research\third_party\PianistTransformer\data\midis\asap-dataset-master\Bach\Fugue\bwv_846\Shi05M.mid,asap_metadata_performance,447,74,3,0.003,61,393,0.393,85556,85.556,301,0.301,127,85556.0,85.556,75,85631.25,85.63125,0,85706.5,85.7065,58,85781.75,85.78175,Bach/Fugue/bwv_846/Shi05M.mid,Bach,Fugue_bwv_846,Bach/Fugue/bwv_846
C:\Users\eagle\MARG_research\third_party\PianistTransformer\data\midis\asap-dataset-master\Bach\Fugue\bwv_846\Shi05M.mid,asap_metadata_performance,448,72,301,0.301,68,168,0.168,85857,85.857,336,0.336,91,85857.0,85.857,127,85941.0,85.941,127,86025.0,86.025,127,86109.0,86.109,Bach/Fugue/bwv_846/Shi05M.mid,Bach,Fugue_bwv_846,Bach/Fugue/bwv_846
C:\Users\eagle\MARG_research\third_party\PianistTransformer\data\midis\asap-dataset-master\Bach\Fugue\bwv_846\Shi05M.mid,asap_metadata_performance,449,74,336,0.336,78,1006,1.006,86193,86.193,2,0.002,127,86193.0,86.193,127,86193.5,86.1935,127,86194.0,86.194,127,86194.5,86.1945,Bach/Fugue/bwv_846/Shi05M.mid,Bach,Fugue_bwv_846,Bach/Fugue/bwv_846
C:\Users\eagle\MARG_research\third_party\PianistTransformer\data\midis\asap-dataset-master\Bach\Fugue\bwv_846\Shi05M.mid,asap_metadata_performance,450,71,2,0.002,71,300,0.3,86195,86.195,4,0.004,127,86195.0,86.195,127,86196.0,86.196,127,86197.0,86.197,127,86198.0,86.198,Bach/Fugue/bwv_846/Shi05M.mid,Bach,Fugue_bwv_846,Bach/Fugue/bwv_846
C:\Users\eagle\MARG_research\third_party\PianistTransformer\data\midis\asap-dataset-master\Bach\Fugue\bwv_846\Shi05M.mid,asap_metadata_performance,451,55,4,0.004,76,1064,1.064,86199,86.199,0,0.0,127,86199.0,86.199,127,86199.0,86.199,127,86199.0,86.199,127,86199.0,86.199,Bach/Fugue/bwv_846/Shi05M.mid,Bach,Fugue_bwv_846,Bach/Fugue/bwv_846
C:\Users\eagle\MARG_research\third_party\PianistTransformer\data\midis\asap-dataset-master\Bach\Fugue\bwv_846\Shi05M.mid,asap_metadata_performance,452,59,0,0.0,77,991,0.991,86199,86.199,690,0.69,127,86199.0,86.199,0,86371.5,86.3715,75,86544.0,86.544,127,86716.5,86.7165,Bach/Fugue/bwv_846/Shi05M.mid,Bach,Fugue_bwv_846,Bach/Fugue/bwv_846
C:\Users\eagle\MARG_research\third_party\PianistTransformer\data\midis\asap-dataset-master\Bach\Fugue\bwv_846\Shi05M.mid,asap_metadata_performance,453,82,690,0.69,86,728,0.728,86889,86.889,15,0.015,127,86889.0,86.889,127,86892.75,86.89275,127,86896.5,86.8965,127,86900.25,86.90025,Bach/Fugue/bwv_846/Shi05M.mid,Bach,Fugue_bwv_846,Bach/Fugue/bwv_846
C:\Users\eagle\MARG_research\third_party\PianistTransformer\data\midis\asap-dataset-master\Bach\Fugue\bwv_846\Shi05M.mid,asap_metadata_performance,454,79,15,0.015,70,841,0.841,86904,86.904,5,0.005,127,86904.0,86.904,127,86905.25,86.90525,127,86906.5,86.9065,127,86907.75,86.90775,Bach/Fugue/bwv_846/Shi05M.mid,Bach,Fugue_bwv_846,Bach/Fugue/bwv_846
C:\Users\eagle\MARG_research\third_party\PianistTransformer\data\midis\asap-dataset-master\Bach\Fugue\bwv_846\Shi05M.mid,asap_metadata_performance,455,64,5,0.005,72,1124,1.124,86909,86.909,372,0.372,127,86909.0,86.909,65,87002.0,87.002,127,87095.0,87.095,127,87188.0,87.188,Bach/Fugue/bwv_846/Shi05M.mid,Bach,Fugue_bwv_846,Bach/Fugue/bwv_846
C:\Users\eagle\MARG_research\third_party\PianistTransformer\data\midis\asap-dataset-master\Bach\Fugue\bwv_846\Shi05M.mid,asap_metadata_performance,456,57,372,0.372,73,203,0.203,87281,87.281,125,0.125,127,87281.0,87.281,127,87312.25,87.31225,127,87343.5,87.3435,127,87374.75,87.37475,Bach/Fugue/bwv_846/Shi05M.mid,Bach,Fugue_bwv_846,Bach/Fugue/bwv_846
C:\Users\eagle\MARG_research\third_party\PianistTransformer\data\midis\asap-dataset-master\Bach\Fugue\bwv_846\Shi05M.mid,asap_metadata_performance,457,55,125,0.125,76,170,0.17,87406,87.406,150,0.15,127,87406.0,87.406,127,87443.5,87.4435,127,87481.0,87.481,127,87518.5,87.5185,Bach/Fugue/bwv_846/Shi05M.mid,Bach,Fugue_bwv_846,Bach/Fugue/bwv_846
C:\Users\eagle\MARG_research\third_party\PianistTransformer\data\midis\asap-dataset-master\Bach\Fugue\bwv_846\Shi05M.mid,asap_metadata_performance,458,81,150,0.15,82,669,0.669,87556,87.556,6,0.006,127,87556.0,87.556,127,87557.5,87.5575,127,87559.0,87.559,127,87560.5,87.5605,Bach/Fugue/bwv_846/Shi05M.mid,Bach,Fugue_bwv_846,Bach/Fugue/bwv_846
C:\Users\eagle\MARG_research\third_party\PianistTransformer\data\midis\asap-dataset-master\Bach\Fugue\bwv_846\Shi05M.mid,asap_metadata_performance,459,53,6,0.006,77,796,0.796,87562,87.562,3,0.003,127,87562.0,87.562,127,87562.75,87.56275,127,87563.5,87.5635,127,87564.25,87.56425,Bach/Fugue/bwv_846/Shi05M.mid,Bach,Fugue_bwv_846,Bach/Fugue/bwv_846
C:\Users\eagle\MARG_research\third_party\PianistTransformer\data\midis\asap-dataset-master\Bach\Fugue\bwv_846\Shi05M.mid,asap_metadata_performance,460,73,3,0.003,70,415,0.415,87565,87.565,319,0.319,127,87565.0,87.565,44,87644.75,87.64475,65,87724.5,87.7245,127,87804.25,87.80425,Bach/Fugue/bwv_846/Shi05M.mid,Bach,Fugue_bwv_846,Bach/Fugue/bwv_846
C:\Users\eagle\MARG_research\third_party\PianistTransformer\data\midis\asap-dataset-master\Bach\Fugue\bwv_846\Shi05M.mid,asap_metadata_performance,461,65,319,0.319,74,162,0.162,87884,87.884,297,0.297,127,87884.0,87.884,127,87958.25,87.95825,127,88032.5,88.0325,127,88106.75,88.10675,Bach/Fugue/bwv_846/Shi05M.mid,Bach,Fugue_bwv_846,Bach/Fugue/bwv_846
C:\Users\eagle\MARG_research\third_party\PianistTransformer\data\midis\asap-dataset-master\Bach\Fugue\bwv_846\Shi05M.mid,asap_metadata_performance,462,58,297,0.297,73,345,0.345,88181,88.181,0,0.0,127,88181.0,88.181,127,88181.0,88.181,127,88181.0,88.181,127,88181.0,88.181,Bach/Fugue/bwv_846/Shi05M.mid,Bach,Fugue_bwv_846,Bach/Fugue/bwv_846
C:\Users\eagle\MARG_research\third_party\PianistTransformer\data\midis\asap-dataset-master\Bach\Fugue\bwv_846\Shi05M.mid,asap_metadata_performance,463,79,0,0.0,82,380,0.38,88181,88.181,4,0.004,127,88181.0,88.181,127,88182.0,88.182,127,88183.0,88.183,127,88184.0,88.184,Bach/Fugue/bwv_846/Shi05M.mid,Bach,Fugue_bwv_846,Bach/Fugue/bwv_846
C:\Users\eagle\MARG_research\third_party\PianistTransformer\data\midis\asap-dataset-master\Bach\Fugue\bwv_846\Shi05M.mid,asap_metadata_performance,464,64,4,0.004,73,249,0.249,88185,88.185,18,0.018,127,88185.0,88.185,127,88189.5,88.1895,95,88194.0,88.194,95,88198.5,88.1985,Bach/Fugue/bwv_846/Shi05M.mid,Bach,Fugue_bwv_846,Bach/Fugue/bwv_846
C:\Users\eagle\MARG_research\third_party\PianistTransformer\data\midis\asap-dataset-master\Bach\Fugue\bwv_846\Shi05M.mid,asap_metadata_performance,465,74,18,0.018,62,42,0.042,88203,88.203,296,0.296,95,88203.0,88.203,38,88277.0,88.277,104,88351.0,88.351,127,88425.0,88.425,Bach/Fugue/bwv_846/Shi05M.mid,Bach,Fugue_bwv_846,Bach/Fugue/bwv_846
C:\Users\eagle\MARG_research\third_party\PianistTransformer\data\midis\asap-dataset-master\Bach\Fugue\bwv_846\Shi05M.mid,asap_metadata_performance,466,62,296,0.296,63,40,0.04,88499,88.499,0,0.0,127,88499.0,88.499,127,88499.0,88.499,127,88499.0,88.499,127,88499.0,88.499,Bach/Fugue/bwv_846/Shi05M.mid,Bach,Fugue_bwv_846,Bach/Fugue/bwv_846
C:\Users\eagle\MARG_research\third_party\PianistTransformer\data\midis\asap-dataset-master\Bach\Fugue\bwv_846\Shi05M.mid,asap_metadata_performance,467,77,0,0.0,76,347,0.347,88499,88.499,290,0.29,127,88499.0,88.499,127,88571.5,88.5715,127,88644.0,88.644,127,88716.5,88.7165,Bach/Fugue/bwv_846/Shi05M.mid,Bach,Fugue_bwv_846,Bach/Fugue/bwv_846
C:\Users\eagle\MARG_research\third_party\PianistTransformer\data\midis\asap-dataset-master\Bach\Fugue\bwv_846\Shi05M.mid,asap_metadata_performance,468,52,290,0.29,78,905,0.905,88789,88.789,7,0.007,127,88789.0,88.789,127,88790.75,88.79075,127,88792.5,88.7925,127,88794.25,88.79425,Bach/Fugue/bwv_846/Shi05M.mid,Bach,Fugue_bwv_846,Bach/Fugue/bwv_846
C:\Users\eagle\MARG_research\third_party\PianistTransformer\data\midis\asap-dataset-master\Bach\Fugue\bwv_846\Shi05M.mid,asap_metadata_performance,469,79,7,0.007,82,349,0.349,88796,88.796,1,0.001,127,88796.0,88.796,127,88796.25,88.79625,127,88796.5,88.7965,127,88796.75,88.79675,Bach/Fugue/bwv_846/Shi05M.mid,Bach,Fugue_bwv_846,Bach/Fugue/bwv_846
C:\Users\eagle\MARG_research\third_party\PianistTransformer\data\midis\asap-dataset-master\Bach\Fugue\bwv_846\Shi05M.mid,asap_metadata_performance,470,61,1,0.001,80,909,0.909,88797,88.797,9,0.009,127,88797.0,88.797,127,88799.25,88.79925,127,88801.5,88.8015,127,88803.75,88.80375,Bach/Fugue/bwv_846/Shi05M.mid,Bach,Fugue_bwv_846,Bach/Fugue/bwv_846
C:\Users\eagle\MARG_research\third_party\PianistTransformer\data\midis\asap-dataset-master\Bach\Fugue\bwv_846\Shi05M.mid,asap_metadata_performance,471,76,9,0.009,68,336,0.336,88806,88.806,298,0.298,127,88806.0,88.806,56,88880.5,88.8805,45,88955.0,88.955,78,89029.5,89.0295,Bach/Fugue/bwv_846/Shi05M.mid,Bach,Fugue_bwv_846,Bach/Fugue/bwv_846
C:\Users\eagle\MARG_research\third_party\PianistTransformer\data\midis\asap-dataset-master\Bach\Fugue\bwv_846\Shi05M.mid,asap_metadata_performance,472,77,298,0.298,77,371,0.371,89104,89.104,311,0.311,115,89104.0,89.104,127,89181.75,89.18175,127,89259.5,89.2595,127,89337.25,89.33725,Bach/Fugue/bwv_846/Shi05M.mid,Bach,Fugue_bwv_846,Bach/Fugue/bwv_846
C:\Users\eagle\MARG_research\third_party\PianistTransformer\data\midis\asap-dataset-master\Bach\Fugue\bwv_846\Shi05M.mid,asap_metadata_performance,473,79,311,0.311,84,637,0.637,89415,89.415,4,0.004,127,89415.0,89.415,127,89416.0,89.416,127,89417.0,89.417,127,89418.0,89.418,Bach/Fugue/bwv_846/Shi05M.mid,Bach,Fugue_bwv_846,Bach/Fugue/bwv_846
C:\Users\eagle\MARG_research\third_party\PianistTransformer\data\midis\asap-dataset-master\Bach\Fugue\bwv_846\Shi05M.mid,asap_metadata_performance,474,57,4,0.004,82,956,0.956,89419,89.419,8,0.008,127,89419.0,89.419,127,89421.0,89.421,127,89423.0,89.423,127,89425.0,89.425,Bach/Fugue/bwv_846/Shi05M.mid,Bach,Fugue_bwv_846,Bach/Fugue/bwv_846
C:\Users\eagle\MARG_research\third_party\PianistTransformer\data\midis\asap-dataset-master\Bach\Fugue\bwv_846\Shi05M.mid,asap_metadata_performance,475,73,8,0.008,67,354,0.354,89427,89.427,318,0.318,127,89427.0,89.427,127,89506.5,89.5065,40,89586.0,89.586,0,89665.5,89.6655,Bach/Fugue/bwv_846/Shi05M.mid,Bach,Fugue_bwv_846,Bach/Fugue/bwv_846
C:\Users\eagle\MARG_research\third_party\PianistTransformer\data\midis\asap-dataset-master\Bach\Fugue\bwv_846\Shi05M.mid,asap_metadata_performance,476,76,318,0.318,74,303,0.303,89745,89.745,271,0.271,31,89745.0,89.745,56,89812.75,89.81275,63,89880.5,89.8805,63,89948.25,89.94825,Bach/Fugue/bwv_846/Shi05M.mid,Bach,Fugue_bwv_846,Bach/Fugue/bwv_846
C:\Users\eagle\MARG_research\third_party\PianistTransformer\data\midis\asap-dataset-master\Bach\Fugue\bwv_846\Shi05M.mid,asap_metadata_performance,477,77,271,0.271,73,296,0.296,90016,90.016,19,0.019,64,90016.0,90.016,64,90020.75,90.02075,64,90025.5,90.0255,64,90030.25,90.03025,Bach/Fugue/bwv_846/Shi05M.mid,Bach,Fugue_bwv_846,Bach/Fugue/bwv_846
C:\Users\eagle\MARG_research\third_party\PianistTransformer\data\midis\asap-dataset-master\Bach\Fugue\bwv_846\Shi05M.mid,asap_metadata_performance,478,74,19,0.019,48,370,0.37,90035,90.035,271,0.271,65,90035.0,90.035,71,90102.75,90.10275,75,90170.5,90.1705,85,90238.25,90.23825,Bach/Fugue/bwv_846/Shi05M.mid,Bach,Fugue_bwv_846,Bach/Fugue/bwv_846
C:\Users\eagle\MARG_research\third_party\PianistTransformer\data\midis\asap-dataset-master\Bach\Fugue\bwv_846\Shi05M.mid,asap_metadata_performance,479,79,271,0.271,82,135,0.135,90306,90.306,25,0.025,93,90306.0,90.306,93,90312.25,90.31225,93,90318.5,90.3185,96,90324.75,90.32475,Bach/Fugue/bwv_846/Shi05M.mid,Bach,Fugue_bwv_846,Bach/Fugue/bwv_846
C:\Users\eagle\MARG_research\third_party\PianistTransformer\data\midis\asap-dataset-master\Bach\Fugue\bwv_846\Shi05M.mid,asap_metadata_performance,480,58,25,0.025,63,303,0.303,90331,90.331,273,0.273,96,90331.0,90.331,104,90399.25,90.39925,104,90467.5,90.4675,104,90535.75,90.53575,Bach/Fugue/bwv_846/Shi05M.mid,Bach,Fugue_bwv_846,Bach/Fugue/bwv_846
C:\Users\eagle\MARG_research\third_party\PianistTransformer\data\midis\asap-dataset-master\Bach\Fugue\bwv_846\Shi05M.mid,asap_metadata_performance,481,57,273,0.273,60,426,0.426,90604,90.604,21,0.021,85,90604.0,90.604,85,90609.25,90.60925,85,90614.5,90.6145,71,90619.75,90.61975,Bach/Fugue/bwv_846/Shi05M.mid,Bach,Fugue_bwv_846,Bach/Fugue/bwv_846
C:\Users\eagle\MARG_research\third_party\PianistTransformer\data\midis\asap-dataset-master\Bach\Fugue\bwv_846\Shi05M.mid,asap_metadata_performance,482,81,21,0.021,68,83,0.083,90625,90.625,61,0.061,71,90625.0,90.625,58,90640.25,90.64025,51,90655.5,90.6555,51,90670.75,90.67075,Bach/Fugue/bwv_846/Shi05M.mid,Bach,Fugue_bwv_846,Bach/Fugue/bwv_846
C:\Users\eagle\MARG_research\third_party\PianistTransformer\data\midis\asap-dataset-master\Bach\Fugue\bwv_846\Shi05M.mid,asap_metadata_performance,483,76,61,0.061,16,115,0.115,90686,90.686,47,0.047,59,90686.0,90.686,66,90697.75,90.69775,66,90709.5,90.7095,73,90721.25,90.72125,Bach/Fugue/bwv_846/Shi05M.mid,Bach,Fugue_bwv_846,Bach/Fugue/bwv_846
C:\Users\eagle\MARG_research\third_party\PianistTransformer\data\midis\asap-dataset-master\Bach\Fugue\bwv_846\Shi05M.mid,asap_metadata_performance,484,79,47,0.047,57,59,0.059,90733,90.733,74,0.074,73,90733.0,90.733,82,90751.5,90.7515,89,90770.0,90.77,92,90788.5,90.7885,Bach/Fugue/bwv_846/Shi05M.mid,Bach,Fugue_bwv_846,Bach/Fugue/bwv_846
C:\Users\eagle\MARG_research\third_party\PianistTransformer\data\midis\asap-dataset-master\Bach\Fugue\bwv_846\Shi05M.mid,asap_metadata_performance,485,81,74,0.074,72,127,0.127,90807,90.807,89,0.089,93,90807.0,90.807,93,90829.25,90.82925,92,90851.5,90.8515,92,90873.75,90.87375,Bach/Fugue/bwv_846/Shi05M.mid,Bach,Fugue_bwv_846,Bach/Fugue/bwv_846
C:\Users\eagle\MARG_research\third_party\PianistTransformer\data\midis\asap-dataset-master\Bach\Fugue\bwv_846\Shi05M.mid,asap_metadata_performance,486,79,89,0.089,76,91,0.091,90896,90.896,27,0.027,92,90896.0,90.896,92,90902.75,90.90275,92,90909.5,90.9095,92,90916.25,90.91625,Bach/Fugue/bwv_846/Shi05M.mid,Bach,Fugue_bwv_846,Bach/Fugue/bwv_846
C:\Users\eagle\MARG_research\third_party\PianistTransformer\data\midis\asap-dataset-master\Bach\Fugue\bwv_846\Shi05M.mid,asap_metadata_performance,487,55,27,0.027,66,410,0.41,90923,90.923,67,0.067,92,90923.0,90.923,92,90939.75,90.93975,92,90956.5,90.9565,92,90973.25,90.97325,Bach/Fugue/bwv_846/Shi05M.mid,Bach,Fugue_bwv_846,Bach/Fugue/bwv_846
C:\Users\eagle\MARG_research\third_party\PianistTransformer\data\midis\asap-dataset-master\Bach\Fugue\bwv_846\Shi05M.mid,asap_metadata_performance,488,77,67,0.067,71,105,0.105,90990,90.99,96,0.096,92,90990.0,90.99,91,91014.0,91.014,90,91038.0,91.038,90,91062.0,91.062,Bach/Fugue/bwv_846/Shi05M.mid,Bach,Fugue_bwv_846,Bach/Fugue/bwv_846
C:\Users\eagle\MARG_research\third_party\PianistTransformer\data\midis\asap-dataset-master\Bach\Fugue\bwv_846\Shi05M.mid,asap_metadata_performance,489,79,96,0.096,74,85,0.085,91086,91.086,128,0.128,89,91086.0,91.086,89,91118.0,91.118,89,91150.0,91.15,87,91182.0,91.182,Bach/Fugue/bwv_846/Shi05M.mid,Bach,Fugue_bwv_846,Bach/Fugue/bwv_846
C:\Users\eagle\MARG_research\third_party\PianistTransformer\data\midis\asap-dataset-master\Bach\Fugue\bwv_846\Shi05M.mid,asap_metadata_performance,490,81,128,0.128,83,688,0.688,91214,91.214,13,0.013,84,91214.0,91.214,84,91217.25,91.21725,84,91220.5,91.2205,84,91223.75,91.22375,Bach/Fugue/bwv_846/Shi05M.mid,Bach,Fugue_bwv_846,Bach/Fugue/bwv_846
C:\Users\eagle\MARG_research\third_party\PianistTransformer\data\midis\asap-dataset-master\Bach\Fugue\bwv_846\Shi05M.mid,asap_metadata_performance,491,69,13,0.013,62,1250,1.25,91227,91.227,15,0.015,84,91227.0,91.227,81,91230.75,91.23075,81,91234.5,91.2345,81,91238.25,91.23825,Bach/Fugue/bwv_846/Shi05M.mid,Bach,Fugue_bwv_846,Bach/Fugue/bwv_846
C:\Users\eagle\MARG_research\third_party\PianistTransformer\data\midis\asap-dataset-master\Bach\Fugue\bwv_846\Shi05M.mid,asap_metadata_performance,492,53,15,0.015,64,343,0.343,91242,91.242,275,0.275,81,91242.0,91.242,73,91310.75,91.31075,57,91379.5,91.3795,51,91448.25,91.44825,Bach/Fugue/bwv_846/Shi05M.mid,Bach,Fugue_bwv_846,Bach/Fugue/bwv_846
C:\Users\eagle\MARG_research\third_party\PianistTransformer\data\midis\asap-dataset-master\Bach\Fugue\bwv_846\Shi05M.mid,asap_metadata_performance,493,73,275,0.275,75,668,0.668,91517,91.517,4,0.004,44,91517.0,91.517,44,91518.0,91.518,44,91519.0,91.519,44,91520.0,91.52,Bach/Fugue/bwv_846/Shi05M.mid,Bach,Fugue_bwv_846,Bach/Fugue/bwv_846
C:\Users\eagle\MARG_research\third_party\PianistTransformer\data\midis\asap-dataset-master\Bach\Fugue\bwv_846\Shi05M.mid,asap_metadata_performance,494,52,4,0.004,66,486,0.486,91521,91.521,338,0.338,44,91521.0,91.521,43,91605.5,91.6055,43,91690.0,91.69,42,91774.5,91.7745,Bach/Fugue/bwv_846/Shi05M.mid,Bach,Fugue_bwv_846,Bach/Fugue/bwv_846
C:\Users\eagle\MARG_research\third_party\PianistTransformer\data\midis\asap-dataset-master\Bach\Fugue\bwv_846\Shi05M.mid,asap_metadata_performance,495,57,338,0.338,87,752,0.752,91859,91.859,3,0.003,42,91859.0,91.859,42,91859.75,91.85975,42,91860.5,91.8605,42,91861.25,91.86125,Bach/Fugue/bwv_846/Shi05M.mid,Bach,Fugue_bwv_846,Bach/Fugue/bwv_846
C:\Users\eagle\MARG_research\third_party\PianistTransformer\data\midis\asap-dataset-master\Bach\Fugue\bwv_846\Shi05M.mid,asap_metadata_performance,496,74,3,0.003,71,336,0.336,91862,91.862,20,0.02,42,91862.0,91.862,42,91867.0,91.867,42,91872.0,91.872,42,91877.0,91.877,Bach/Fugue/bwv_846/Shi05M.mid,Bach,Fugue_bwv_846,Bach/Fugue/bwv_846
C:\Users\eagle\MARG_research\third_party\PianistTransformer\data\midis\asap-dataset-master\Bach\Fugue\bwv_846\Shi05M.mid,asap_metadata_performance,497,53,20,0.02,61,279,0.279,91882,91.882,302,0.302,42,91882.0,91.882,42,91957.5,91.9575,41,92033.0,92.033,38,92108.5,92.1085,Bach/Fugue/bwv_846/Shi05M.mid,Bach,Fugue_bwv_846,Bach/Fugue/bwv_846
C:\Users\eagle\MARG_research\third_party\PianistTransformer\data\midis\asap-dataset-master\Bach\Fugue\bwv_846\Shi05M.mid,asap_metadata_performance,498,50,302,0.302,62,420,0.42,92184,92.184,11,0.011,32,92184.0,92.184,32,92186.75,92.18675,32,92189.5,92.1895,0,92192.25,92.19225,Bach/Fugue/bwv_846/Shi05M.mid,Bach,Fugue_bwv_846,Bach/Fugue/bwv_846
C:\Users\eagle\MARG_research\third_party\PianistTransformer\data\midis\asap-dataset-master\Bach\Fugue\bwv_846\Shi05M.mid,asap_metadata_performance,499,79,11,0.011,70,435,0.435,92195,92.195,352,0.352,0,92195.0,92.195,0,92283.0,92.283,0,92371.0,92.371,0,92459.0,92.459,Bach/Fugue/bwv_846/Shi05M.mid,Bach,Fugue_bwv_846,Bach/Fugue/bwv_846
C:\Users\eagle\MARG_research\third_party\PianistTransformer\data\midis\asap-dataset-master\Bach\Fugue\bwv_846\Shi05M.mid,asap_metadata_performance,500,77,352,0.352,73,252,0.252,92547,92.547,9,0.009,0,92547.0,92.547,0,92549.25,92.54925,0,92551.5,92.5515,0,92553.75,92.55375,Bach/Fugue/bwv_846/Shi05M.mid,Bach,Fugue_bwv_846,Bach/Fugue/bwv_846
C:\Users\eagle\MARG_research\third_party\PianistTransformer\data\midis\asap-dataset-master\Bach\Fugue\bwv_846\Shi05M.mid,asap_metadata_performance,501,59,9,0.009,80,362,0.362,92556,92.556,6,0.006,0,92556.0,92.556,0,92557.5,92.5575,0,92559.0,92.559,0,92560.5,92.5605,Bach/Fugue/bwv_846/Shi05M.mid,Bach,Fugue_bwv_846,Bach/Fugue/bwv_846
C:\Users\eagle\MARG_research\third_party\PianistTransformer\data\midis\asap-dataset-master\Bach\Fugue\bwv_846\Shi05M.mid,asap_metadata_performance,502,55,6,0.006,72,865,0.865,92562,92.562,271,0.271,0,92562.0,92.562,0,92629.75,92.62975,46,92697.5,92.6975,80,92765.25,92.76525,Bach/Fugue/bwv_846/Shi05M.mid,Bach,Fugue_bwv_846,Bach/Fugue/bwv_846
C:\Users\eagle\MARG_research\third_party\PianistTransformer\data\midis\asap-dataset-master\Bach\Fugue\bwv_846\Shi05M.mid,asap_metadata_performance,503,76,271,0.271,68,84,0.084,92833,92.833,125,0.125,127,92833.0,92.833,127,92864.25,92.86425,127,92895.5,92.8955,127,92926.75,92.92675,Bach/Fugue/bwv_846/Shi05M.mid,Bach,Fugue_bwv_846,Bach/Fugue/bwv_846
C:\Users\eagle\MARG_research\third_party\PianistTransformer\data\midis\asap-dataset-master\Bach\Fugue\bwv_846\Shi05M.mid,asap_metadata_performance,504,77,125,0.125,56,52,0.052,92958,92.958,94,0.094,127,92958.0,92.958,127,92981.5,92.9815,127,93005.0,93.005,127,93028.5,93.0285,Bach/Fugue/bwv_846/Shi05M.mid,Bach,Fugue_bwv_846,Bach/Fugue/bwv_846
C:\Users\eagle\MARG_research\third_party\PianistTransformer\data\midis\asap-dataset-master\Bach\Fugue\bwv_846\Shi05M.mid,asap_metadata_performance,505,76,94,0.094,62,50,0.05,93052,93.052,83,0.083,127,93052.0,93.052,127,93072.75,93.07275,127,93093.5,93.0935,127,93114.25,93.11425,Bach/Fugue/bwv_846/Shi05M.mid,Bach,Fugue_bwv_846,Bach/Fugue/bwv_846
C:\Users\eagle\MARG_research\third_party\PianistTransformer\data\midis\asap-dataset-master\Bach\Fugue\bwv_846\Shi05M.mid,asap_metadata_performance,506,77,83,0.083,61,46,0.046,93135,93.135,75,0.075,127,93135.0,93.135,127,93153.75,93.15375,127,93172.5,93.1725,127,93191.25,93.19125,Bach/Fugue/bwv_846/Shi05M.mid,Bach,Fugue_bwv_846,Bach/Fugue/bwv_846
C:\Users\eagle\MARG_research\third_party\PianistTransformer\data\midis\asap-dataset-master\Bach\Fugue\bwv_846\Shi05M.mid,asap_metadata_performance,507,76,75,0.075,63,54,0.054,93210,93.21,66,0.066,127,93210.0,93.21,127,93226.5,93.2265,127,93243.0,93.243,127,93259.5,93.2595,Bach/Fugue/bwv_846/Shi05M.mid,Bach,Fugue_bwv_846,Bach/Fugue/bwv_846
C:\Users\eagle\MARG_research\third_party\PianistTransformer\data\midis\asap-dataset-master\Bach\Fugue\bwv_846\Shi05M.mid,asap_metadata_performance,508,77,66,0.066,65,111,0.111,93276,93.276,74,0.074,127,93276.0,93.276,127,93294.5,93.2945,127,93313.0,93.313,127,93331.5,93.3315,Bach/Fugue/bwv_846/Shi05M.mid,Bach,Fugue_bwv_846,Bach/Fugue/bwv_846
C:\Users\eagle\MARG_research\third_party\PianistTransformer\data\midis\asap-dataset-master\Bach\Fugue\bwv_846\Shi05M.mid,asap_metadata_performance,509,76,74,0.074,78,477,0.477,93350,93.35,3,0.003,127,93350.0,93.35,127,93350.75,93.35075,127,93351.5,93.3515,127,93352.25,93.35225,Bach/Fugue/bwv_846/Shi05M.mid,Bach,Fugue_bwv_846,Bach/Fugue/bwv_846
C:\Users\eagle\MARG_research\third_party\PianistTransformer\data\midis\asap-dataset-master\Bach\Fugue\bwv_846\Shi05M.mid,asap_metadata_performance,510,64,3,0.003,81,470,0.47,93353,93.353,5,0.005,127,93353.0,93.353,127,93354.25,93.35425,127,93355.5,93.3555,127,93356.75,93.35675,Bach/Fugue/bwv_846/Shi05M.mid,Bach,Fugue_bwv_846,Bach/Fugue/bwv_846
C:\Users\eagle\MARG_research\third_party\PianistTransformer\data\midis\asap-dataset-master\Bach\Fugue\bwv_846\Shi05M.mid,asap_metadata_performance,511,57,5,0.005,69,454,0.454,93358,93.358,8,0.008,127,93358.0,93.358,127,93360.0,93.36,127,93362.0,93.362,127,93364.0,93.364,Bach/Fugue/bwv_846/Shi05M.mid,Bach,Fugue_bwv_846,Bach/Fugue/bwv_846
C:\Users\eagle\MARG_research\third_party\PianistTransformer\data\midis\asap-dataset-master\Bach\Fugue\bwv_846\Shi05M.mid,asap_metadata_performance,512,61,8,0.008,75,463,0.463,93366,93.366,460,0.46,127,93366.0,93.366,0,93481.0,93.481,60,93596.0,93.596,127,93711.0,93.711,Bach/Fugue/bwv_846/Shi05M.mid,Bach,Fugue_bwv_846,Bach/Fugue/bwv_846
C:\Users\eagle\MARG_research\third_party\PianistTransformer\data\midis\asap-dataset-master\Bach\Fugue\bwv_846\Shi05M.mid,asap_metadata_performance,513,74,460,0.46,88,395,0.395,93826,93.826,569,0.569,127,93826.0,93.826,127,93968.25,93.96825,127,94110.5,94.1105,127,94252.75,94.25275,Bach/Fugue/bwv_846/Shi05M.mid,Bach,Fugue_bwv_846,Bach/Fugue/bwv_846
C:\Users\eagle\MARG_research\third_party\PianistTransformer\data\midis\asap-dataset-master\Bach\Fugue\bwv_846\Shi05M.mid,asap_metadata_performance,514,66,569,0.569,80,921,0.921,94395,94.395,1,0.001,127,94395.0,94.395,127,94395.25,94.39525,127,94395.5,94.3955,127,94395.75,94.39575,Bach/Fugue/bwv_846/Shi05M.mid,Bach,Fugue_bwv_846,Bach/Fugue/bwv_846
C:\Users\eagle\MARG_research\third_party\PianistTransformer\data\midis\asap-dataset-master\Bach\Fugue\bwv_846\Shi05M.mid,asap_metadata_performance,515,74,1,0.001,77,1583,1.583,94396,94.396,4,0.004,127,94396.0,94.396,127,94397.0,94.397,127,94398.0,94.398,127,94399.0,94.399,Bach/Fugue/bwv_846/Shi05M.mid,Bach,Fugue_bwv_846,Bach/Fugue/bwv_846
C:\Users\eagle\MARG_research\third_party\PianistTransformer\data\midis\asap-dataset-master\Bach\Fugue\bwv_846\Shi05M.mid,asap_metadata_performance,516,62,4,0.004,62,1107,1.107,94400,94.4,2,0.002,127,94400.0,94.4,127,94400.5,94.4005,127,94401.0,94.401,127,94401.5,94.4015,Bach/Fugue/bwv_846/Shi05M.mid,Bach,Fugue_bwv_846,Bach/Fugue/bwv_846
C:\Users\eagle\MARG_research\third_party\PianistTransformer\data\midis\asap-dataset-master\Bach\Fugue\bwv_846\Shi05M.mid,asap_metadata_performance,517,50,2,0.002,59,3064,3.064,94402,94.402,835,0.835,127,94402.0,94.402,67,94610.75,94.61075,0,94819.5,94.8195,30,95028.25,95.02825,Bach/Fugue/bwv_846/Shi05M.mid,Bach,Fugue_bwv_846,Bach/Fugue/bwv_846
C:\Users\eagle\MARG_research\third_party\PianistTransformer\data\midis\asap-dataset-master\Bach\Fugue\bwv_846\Shi05M.mid,asap_metadata_performance,518,67,835,0.835,76,730,0.73,95237,95.237,340,0.34,52,95237.0,95.237,76,95322.0,95.322,111,95407.0,95.407,127,95492.0,95.492,Bach/Fugue/bwv_846/Shi05M.mid,Bach,Fugue_bwv_846,Bach/Fugue/bwv_846
C:\Users\eagle\MARG_research\third_party\PianistTransformer\data\midis\asap-dataset-master\Bach\Fugue\bwv_846\Shi05M.mid,asap_metadata_performance,519,64,340,0.34,53,196,0.196,95577,95.577,109,0.109,127,95577.0,95.577,127,95604.25,95.60425,127,95631.5,95.6315,127,95658.75,95.65875,Bach/Fugue/bwv_846/Shi05M.mid,Bach,Fugue_bwv_846,Bach/Fugue/bwv_846
C:\Users\eagle\MARG_research\third_party\PianistTransformer\data\midis\asap-dataset-master\Bach\Fugue\bwv_846\Shi05M.mid,asap_metadata_performance,520,62,109,0.109,64,271,0.271,95686,95.686,159,0.159,127,95686.0,95.686,127,95725.75,95.72575,127,95765.5,95.7655,127,95805.25,95.80525,Bach/Fugue/bwv_846/Shi05M.mid,Bach,Fugue_bwv_846,Bach/Fugue/bwv_846
C:\Users\eagle\MARG_research\third_party\PianistTransformer\data\midis\asap-dataset-master\Bach\Fugue\bwv_846\Shi05M.mid,asap_metadata_performance,521,60,159,0.159,73,742,0.742,95845,95.845,1,0.001,98,95845.0,95.845,98,95845.25,95.84525,98,95845.5,95.8455,98,95845.75,95.84575,Bach/Fugue/bwv_846/Shi05M.mid,Bach,Fugue_bwv_846,Bach/Fugue/bwv_846
C:\Users\eagle\MARG_research\third_party\PianistTransformer\data\midis\asap-dataset-master\Bach\Fugue\bwv_846\Shi05M.mid,asap_metadata_performance,522,69,1,0.001,71,957,0.957,95846,95.846,657,0.657,98,95846.0,95.846,61,96010.25,96.01025,117,96174.5,96.1745,117,96338.75,96.33875,Bach/Fugue/bwv_846/Shi05M.mid,Bach,Fugue_bwv_846,Bach/Fugue/bwv_846
C:\Users\eagle\MARG_research\third_party\PianistTransformer\data\midis\asap-dataset-master\Bach\Fugue\bwv_846\Shi05M.mid,asap_metadata_performance,523,66,657,0.657,76,885,0.885,96503,96.503,313,0.313,80,96503.0,96.503,61,96581.25,96.58125,89,96659.5,96.6595,127,96737.75,96.73775,Bach/Fugue/bwv_846/Shi05M.mid,Bach,Fugue_bwv_846,Bach/Fugue/bwv_846
C:\Users\eagle\MARG_research\third_party\PianistTransformer\data\midis\asap-dataset-master\Bach\Fugue\bwv_846\Shi05M.mid,asap_metadata_performance,524,71,313,0.313,64,278,0.278,96816,96.816,122,0.122,127,96816.0,96.816,127,96846.5,96.8465,127,96877.0,96.877,127,96907.5,96.9075,Bach/Fugue/bwv_846/Shi05M.mid,Bach,Fugue_bwv_846,Bach/Fugue/bwv_846
C:\Users\eagle\MARG_research\third_party\PianistTransformer\data\midis\asap-dataset-master\Bach\Fugue\bwv_846\Shi05M.mid,asap_metadata_performance,525,69,122,0.122,67,179,0.179,96938,96.938,141,0.141,127,96938.0,96.938,127,96973.25,96.97325,127,97008.5,97.0085,127,97043.75,97.04375,Bach/Fugue/bwv_846/Shi05M.mid,Bach,Fugue_bwv_846,Bach/Fugue/bwv_846
C:\Users\eagle\MARG_research\third_party\PianistTransformer\data\midis\asap-dataset-master\Bach\Fugue\bwv_846\Shi05M.mid,asap_metadata_performance,526,67,141,0.141,71,731,0.731,97079,97.079,2,0.002,93,97079.0,97.079,93,97079.5,97.0795,93,97080.0,97.08,93,97080.5,97.0805,Bach/Fugue/bwv_846/Shi05M.mid,Bach,Fugue_bwv_846,Bach/Fugue/bwv_846
C:\Users\eagle\MARG_research\third_party\PianistTransformer\data\midis\asap-dataset-master\Bach\Fugue\bwv_846\Shi05M.mid,asap_metadata_performance,527,59,2,0.002,72,528,0.528,97081,97.081,324,0.324,93,97081.0,97.081,0,97162.0,97.162,62,97243.0,97.243,86,97324.0,97.324,Bach/Fugue/bwv_846/Shi05M.mid,Bach,Fugue_bwv_846,Bach/Fugue/bwv_846
C:\Users\eagle\MARG_research\third_party\PianistTransformer\data\midis\asap-dataset-master\Bach\Fugue\bwv_846\Shi05M.mid,asap_metadata_performance,528,52,324,0.324,56,306,0.306,97405,97.405,284,0.284,94,97405.0,97.405,94,97476.0,97.476,94,97547.0,97.547,94,97618.0,97.618,Bach/Fugue/bwv_846/Shi05M.mid,Bach,Fugue_bwv_846,Bach/Fugue/bwv_846
C:\Users\eagle\MARG_research\third_party\PianistTransformer\data\midis\asap-dataset-master\Bach\Fugue\bwv_846\Shi05M.mid,asap_metadata_performance,529,72,284,0.284,76,976,0.976,97689,97.689,1,0.001,92,97689.0,97.689,92,97689.25,97.68925,92,97689.5,97.6895,92,97689.75,97.68975,Bach/Fugue/bwv_846/Shi05M.mid,Bach,Fugue_bwv_846,Bach/Fugue/bwv_846
C:\Users\eagle\MARG_research\third_party\PianistTransformer\data\midis\asap-dataset-master\Bach\Fugue\bwv_846\Shi05M.mid,asap_metadata_performance,530,64,1,0.001,74,1186,1.186,97690,97.69,4,0.004,92,97690.0,97.69,92,97691.0,97.691,92,97692.0,97.692,92,97693.0,97.693,Bach/Fugue/bwv_846/Shi05M.mid,Bach,Fugue_bwv_846,Bach/Fugue/bwv_846
C:\Users\eagle\MARG_research\third_party\PianistTransformer\data\midis\asap-dataset-master\Bach\Fugue\bwv_846\Shi05M.mid,asap_metadata_performance,531,50,4,0.004,57,251,0.251,97694,97.694,293,0.293,92,97694.0,97.694,53,97767.25,97.76725,69,97840.5,97.8405,75,97913.75,97.91375,Bach/Fugue/bwv_846/Shi05M.mid,Bach,Fugue_bwv_846,Bach/Fugue/bwv_846
C:\Users\eagle\MARG_research\third_party\PianistTransformer\data\midis\asap-dataset-master\Bach\Fugue\bwv_846\Shi05M.mid,asap_metadata_performance,532,48,293,0.293,58,311,0.311,97987,97.987,298,0.298,75,97987.0,97.987,74,98061.5,98.0615,74,98136.0,98.136,63,98210.5,98.2105,Bach/Fugue/bwv_846/Shi05M.mid,Bach,Fugue_bwv_846,Bach/Fugue/bwv_846
C:\Users\eagle\MARG_research\third_party\PianistTransformer\data\midis\asap-dataset-master\Bach\Fugue\bwv_846\Shi05M.mid,asap_metadata_performance,533,66,298,0.298,73,232,0.232,98285,98.285,30,0.03,42,98285.0,98.285,42,98292.5,98.2925,41,98300.0,98.3,41,98307.5,98.3075,Bach/Fugue/bwv_846/Shi05M.mid,Bach,Fugue_bwv_846,Bach/Fugue/bwv_846
C:\Users\eagle\MARG_research\third_party\PianistTransformer\data\midis\asap-dataset-master\Bach\Fugue\bwv_846\Shi05M.mid,asap_metadata_performance,534,47,30,0.03,57,257,0.257,98315,98.315,293,0.293,41,98315.0,98.315,65,98388.25,98.38825,84,98461.5,98.4615,89,98534.75,98.53475,Bach/Fugue/bwv_846/Shi05M.mid,Bach,Fugue_bwv_846,Bach/Fugue/bwv_846
C:\Users\eagle\MARG_research\third_party\PianistTransformer\data\midis\asap-dataset-master\Bach\Fugue\bwv_846\Shi05M.mid,asap_metadata_performance,535,45,293,0.293,52,384,0.384,98608,98.608,57,0.057,87,98608.0,98.608,86,98622.25,98.62225,85,98636.5,98.6365,85,98650.75,98.65075,Bach/Fugue/bwv_846/Shi05M.mid,Bach,Fugue_bwv_846,Bach/Fugue/bwv_846
C:\Users\eagle\MARG_research\third_party\PianistTransformer\data\midis\asap-dataset-master\Bach\Fugue\bwv_846\Shi05M.mid,asap_metadata_performance,536,66,57,0.057,45,502,0.502,98665,98.665,230,0.23,85,98665.0,98.665,82,98722.5,98.7225,80,98780.0,98.78,77,98837.5,98.8375,Bach/Fugue/bwv_846/Shi05M.mid,Bach,Fugue_bwv_846,Bach/Fugue/bwv_846
C:\Users\eagle\MARG_research\third_party\PianistTransformer\data\midis\asap-dataset-master\Bach\Fugue\bwv_846\Shi05M.mid,asap_metadata_performance,537,64,230,0.23,33,276,0.276,98895,98.895,3,0.003,73,98895.0,98.895,73,98895.75,98.89575,73,98896.5,98.8965,73,98897.25,98.89725,Bach/Fugue/bwv_846/Shi05M.mid,Bach,Fugue_bwv_846,Bach/Fugue/bwv_846
C:\Users\eagle\MARG_research\third_party\PianistTransformer\data\midis\asap-dataset-master\Bach\Fugue\bwv_846\Shi05M.mid,asap_metadata_performance,538,71,3,0.003,68,948,0.948,98898,98.898,26,0.026,73,98898.0,98.898,73,98904.5,98.9045,72,98911.0,98.911,72,98917.5,98.9175,Bach/Fugue/bwv_846/Shi05M.mid,Bach,Fugue_bwv_846,Bach/Fugue/bwv_846
C:\Users\eagle\MARG_research\third_party\PianistTransformer\data\midis\asap-dataset-master\Bach\Fugue\bwv_846\Shi05M.mid,asap_metadata_performance,539,43,26,0.026,55,360,0.36,98924,98.924,266,0.266,72,98924.0,98.924,62,98990.5,98.9905,53,99057.0,99.057,48,99123.5,99.1235,Bach/Fugue/bwv_846/Shi05M.mid,Bach,Fugue_bwv_846,Bach/Fugue/bwv_846
C:\Users\eagle\MARG_research\third_party\PianistTransformer\data\midis\asap-dataset-master\Bach\Fugue\bwv_846\Shi05M.mid,asap_metadata_performance,540,62,266,0.266,49,301,0.301,99190,99.19,3,0.003,41,99190.0,99.19,41,99190.75,99.19075,41,99191.5,99.1915,41,99192.25,99.19225,Bach/Fugue/bwv_846/Shi05M.mid,Bach,Fugue_bwv_846,Bach/Fugue/bwv_846
C:\Users\eagle\MARG_research\third_party\PianistTransformer\data\midis\asap-dataset-master\Bach\Fugue\bwv_846\Shi05M.mid,asap_metadata_performance,541,42,3,0.003,50,321,0.321,99193,99.193,321,0.321,41,99193.0,99.193,38,99273.25,99.27325,0,99353.5,99.3535,0,99433.75,99.43375,Bach/Fugue/bwv_846/Shi05M.mid,Bach,Fugue_bwv_846,Bach/Fugue/bwv_846
C:\Users\eagle\MARG_research\third_party\PianistTransformer\data\midis\asap-dataset-master\Bach\Fugue\bwv_846\Shi05M.mid,asap_metadata_performance,542,40,321,0.321,47,228,0.228,99514,99.514,3,0.003,0,99514.0,99.514,0,99514.75,99.51475,0,99515.5,99.5155,0,99516.25,99.51625,Bach/Fugue/bwv_846/Shi05M.mid,Bach,Fugue_bwv_846,Bach/Fugue/bwv_846
C:\Users\eagle\MARG_research\third_party\PianistTransformer\data\midis\asap-dataset-master\Bach\Fugue\bwv_846\Shi05M.mid,asap_metadata_performance,543,60,3,0.003,57,762,0.762,99517,99.517,290,0.29,0,99517.0,99.517,0,99589.5,99.5895,58,99662.0,99.662,86,99734.5,99.7345,Bach/Fugue/bwv_846/Shi05M.mid,Bach,Fugue_bwv_846,Bach/Fugue/bwv_846
C:\Users\eagle\MARG_research\third_party\PianistTransformer\data\midis\asap-dataset-master\Bach\Fugue\bwv_846\Shi05M.mid,asap_metadata_performance,544,72,290,0.29,71,508,0.508,99807,99.807,326,0.326,127,99807.0,99.807,127,99888.5,99.8885,127,99970.0,99.97,127,100051.5,100.0515,Bach/Fugue/bwv_846/Shi05M.mid,Bach,Fugue_bwv_846,Bach/Fugue/bwv_846
C:\Users\eagle\MARG_research\third_party\PianistTransformer\data\midis\asap-dataset-master\Bach\Fugue\bwv_846\Shi05M.mid,asap_metadata_performance,545,52,326,0.326,73,750,0.75,100133,100.133,8,0.008,114,100133.0,100.133,114,100135.0,100.135,114,100137.0,100.137,114,100139.0,100.139,Bach/Fugue/bwv_846/Shi05M.mid,Bach,Fugue_bwv_846,Bach/Fugue/bwv_846
C:\Users\eagle\MARG_research\third_party\PianistTransformer\data\midis\asap-dataset-master\Bach\Fugue\bwv_846\Shi05M.mid,asap_metadata_performance,546,71,8,0.008,66,373,0.373,100141,100.141,313,0.313,114,100141.0,100.141,66,100219.25,100.21925,60,100297.5,100.2975,74,100375.75,100.37575,Bach/Fugue/bwv_846/Shi05M.mid,Bach,Fugue_bwv_846,Bach/Fugue/bwv_846
C:\Users\eagle\MARG_research\third_party\PianistTransformer\data\midis\asap-dataset-master\Bach\Fugue\bwv_846\Shi05M.mid,asap_metadata_performance,547,69,313,0.313,68,345,0.345,100454,100.454,316,0.316,127,100454.0,100.454,127,100533.0,100.533,127,100612.0,100.612,127,100691.0,100.691,Bach/Fugue/bwv_846/Shi05M.mid,Bach,Fugue_bwv_846,Bach/Fugue/bwv_846
C:\Users\eagle\MARG_research\third_party\PianistTransformer\data\midis\asap-dataset-master\Bach\Fugue\bwv_846\Shi05M.mid,asap_metadata_performance,548,67,316,0.316,69,352,0.352,100770,100.77,2,0.002,127,100770.0,100.77,127,100770.5,100.7705,127,100771.0,100.771,127,100771.5,100.7715,Bach/Fugue/bwv_846/Shi05M.mid,Bach,Fugue_bwv_846,Bach/Fugue/bwv_846
C:\Users\eagle\MARG_research\third_party\PianistTransformer\data\midis\asap-dataset-master\Bach\Fugue\bwv_846\Shi05M.mid,asap_metadata_performance,549,60,2,0.002,74,1576,1.576,100772,100.772,4,0.004,127,100772.0,100.772,127,100773.0,100.773,127,100774.0,100.774,127,100775.0,100.775,Bach/Fugue/bwv_846/Shi05M.mid,Bach,Fugue_bwv_846,Bach/Fugue/bwv_846
C:\Users\eagle\MARG_research\third_party\PianistTransformer\data\midis\asap-dataset-master\Bach\Fugue\bwv_846\Shi05M.mid,asap_metadata_performance,550,54,4,0.004,64,686,0.686,100776,100.776,309,0.309,127,100776.0,100.776,83,100853.25,100.85325,31,100930.5,100.9305,66,101007.75,101.00775,Bach/Fugue/bwv_846/Shi05M.mid,Bach,Fugue_bwv_846,Bach/Fugue/bwv_846
C:\Users\eagle\MARG_research\third_party\PianistTransformer\data\midis\asap-dataset-master\Bach\Fugue\bwv_846\Shi05M.mid,asap_metadata_performance,551,66,309,0.309,64,462,0.462,101085,101.085,333,0.333,99,101085.0,101.085,127,101168.25,101.16825,127,101251.5,101.2515,127,101334.75,101.33475,Bach/Fugue/bwv_846/Shi05M.mid,Bach,Fugue_bwv_846,Bach/Fugue/bwv_846
C:\Users\eagle\MARG_research\third_party\PianistTransformer\data\midis\asap-dataset-master\Bach\Fugue\bwv_846\Shi05M.mid,asap_metadata_performance,552,67,333,0.333,76,704,0.704,101418,101.418,8,0.008,127,101418.0,101.418,127,101420.0,101.42,127,101422.0,101.422,127,101424.0,101.424,Bach/Fugue/bwv_846/Shi05M.mid,Bach,Fugue_bwv_846,Bach/Fugue/bwv_846
C:\Users\eagle\MARG_research\third_party\PianistTransformer\data\midis\asap-dataset-master\Bach\Fugue\bwv_846\Shi05M.mid,asap_metadata_performance,553,55,8,0.008,66,1262,1.262,101426,101.426,26,0.026,127,101426.0,101.426,127,101432.5,101.4325,127,101439.0,101.439,127,101445.5,101.4455,Bach/Fugue/bwv_846/Shi05M.mid,Bach,Fugue_bwv_846,Bach/Fugue/bwv_846
C:\Users\eagle\MARG_research\third_party\PianistTransformer\data\midis\asap-dataset-master\Bach\Fugue\bwv_846\Shi05M.mid,asap_metadata_performance,554,64,26,0.026,55,303,0.303,101452,101.452,301,0.301,127,101452.0,101.452,46,101527.25,101.52725,0,101602.5,101.6025,62,101677.75,101.67775,Bach/Fugue/bwv_846/Shi05M.mid,Bach,Fugue_bwv_846,Bach/Fugue/bwv_846
C:\Users\eagle\MARG_research\third_party\PianistTransformer\data\midis\asap-dataset-master\Bach\Fugue\bwv_846\Shi05M.mid,asap_metadata_performance,555,62,301,0.301,51,332,0.332,101753,101.753,269,0.269,74,101753.0,101.753,127,101820.25,101.82025,127,101887.5,101.8875,127,101954.75,101.95475,Bach/Fugue/bwv_846/Shi05M.mid,Bach,Fugue_bwv_846,Bach/Fugue/bwv_846
C:\Users\eagle\MARG_research\third_party\PianistTransformer\data\midis\asap-dataset-master\Bach\Fugue\bwv_846\Shi05M.mid,asap_metadata_performance,556,69,269,0.269,82,695,0.695,102022,102.022,29,0.029,127,102022.0,102.022,127,102029.25,102.02925,127,102036.5,102.0365,127,102043.75,102.04375,Bach/Fugue/bwv_846/Shi05M.mid,Bach,Fugue_bwv_846,Bach/Fugue/bwv_846
C:\Users\eagle\MARG_research\third_party\PianistTransformer\data\midis\asap-dataset-master\Bach\Fugue\bwv_846\Shi05M.mid,asap_metadata_performance,557,64,29,0.029,54,1307,1.307,102051,102.051,264,0.264,127,102051.0,102.051,60,102117.0,102.117,77,102183.0,102.183,109,102249.0,102.249,Bach/Fugue/bwv_846/Shi05M.mid,Bach,Fugue_bwv_846,Bach/Fugue/bwv_846
C:\Users\eagle\MARG_research\third_party\PianistTransformer\data\midis\asap-dataset-master\Bach\Fugue\bwv_846\Shi05M.mid,asap_metadata_performance,558,62,264,0.264,64,301,0.301,102315,102.315,303,0.303,127,102315.0,102.315,127,102390.75,102.39075,127,102466.5,102.4665,127,102542.25,102.54225,Bach/Fugue/bwv_846/Shi05M.mid,Bach,Fugue_bwv_846,Bach/Fugue/bwv_846
C:\Users\eagle\MARG_research\third_party\PianistTransformer\data\midis\asap-dataset-master\Bach\Fugue\bwv_846\Shi05M.mid,asap_metadata_performance,559,71,303,0.303,80,713,0.713,102618,102.618,4,0.004,113,102618.0,102.618,113,102619.0,102.619,92,102620.0,102.62,92,102621.0,102.621,Bach/Fugue/bwv_846/Shi05M.mid,Bach,Fugue_bwv_846,Bach/Fugue/bwv_846
C:\Users\eagle\MARG_research\third_party\PianistTransformer\data\midis\asap-dataset-master\Bach\Fugue\bwv_846\Shi05M.mid,asap_metadata_performance,560,60,4,0.004,61,310,0.31,102622,102.622,8,0.008,92,102622.0,102.622,92,102624.0,102.624,92,102626.0,102.626,92,102628.0,102.628,Bach/Fugue/bwv_846/Shi05M.mid,Bach,Fugue_bwv_846,Bach/Fugue/bwv_846
C:\Users\eagle\MARG_research\third_party\PianistTransformer\data\midis\asap-dataset-master\Bach\Fugue\bwv_846\Shi05M.mid,asap_metadata_performance,561,57,8,0.008,59,262,0.262,102630,102.63,283,0.283,92,102630.0,102.63,32,102700.75,102.70075,71,102771.5,102.7715,114,102842.25,102.84225,Bach/Fugue/bwv_846/Shi05M.mid,Bach,Fugue_bwv_846,Bach/Fugue/bwv_846
C:\Users\eagle\MARG_research\third_party\PianistTransformer\data\midis\asap-dataset-master\Bach\Fugue\bwv_846\Shi05M.mid,asap_metadata_performance,562,55,283,0.283,53,302,0.302,102913,102.913,0,0.0,127,102913.0,102.913,127,102913.0,102.913,127,102913.0,102.913,127,102913.0,102.913,Bach/Fugue/bwv_846/Shi05M.mid,Bach,Fugue_bwv_846,Bach/Fugue/bwv_846
C:\Users\eagle\MARG_research\third_party\PianistTransformer\data\midis\asap-dataset-master\Bach\Fugue\bwv_846\Shi05M.mid,asap_metadata_performance,563,59,0,0.0,57,389,0.389,102913,102.913,311,0.311,127,102913.0,102.913,127,102990.75,102.99075,127,103068.5,103.0685,127,103146.25,103.14625,Bach/Fugue/bwv_846/Shi05M.mid,Bach,Fugue_bwv_846,Bach/Fugue/bwv_846
C:\Users\eagle\MARG_research\third_party\PianistTransformer\data\midis\asap-dataset-master\Bach\Fugue\bwv_846\Shi05M.mid,asap_metadata_performance,564,72,311,0.311,75,889,0.889,103224,103.224,16,0.016,127,103224.0,103.224,127,103228.0,103.228,127,103232.0,103.232,95,103236.0,103.236,Bach/Fugue/bwv_846/Shi05M.mid,Bach,Fugue_bwv_846,Bach/Fugue/bwv_846
C:\Users\eagle\MARG_research\third_party\PianistTransformer\data\midis\asap-dataset-master\Bach\Fugue\bwv_846\Shi05M.mid,asap_metadata_performance,565,54,16,0.016,52,252,0.252,103240,103.24,5,0.005,95,103240.0,103.24,95,103241.25,103.24125,95,103242.5,103.2425,95,103243.75,103.24375,Bach/Fugue/bwv_846/Shi05M.mid,Bach,Fugue_bwv_846,Bach/Fugue/bwv_846
C:\Users\eagle\MARG_research\third_party\PianistTransformer\data\midis\asap-dataset-master\Bach\Fugue\bwv_846\Shi05M.mid,asap_metadata_performance,566,62,5,0.005,54,923,0.923,103245,103.245,2,0.002,95,103245.0,103.245,95,103245.5,103.2455,95,103246.0,103.246,95,103246.5,103.2465,Bach/Fugue/bwv_846/Shi05M.mid,Bach,Fugue_bwv_846,Bach/Fugue/bwv_846
C:\Users\eagle\MARG_research\third_party\PianistTransformer\data\midis\asap-dataset-master\Bach\Fugue\bwv_846\Shi05M.mid,asap_metadata_performance,567,57,2,0.002,61,366,0.366,103247,103.247,275,0.275,95,103247.0,103.247,32,103315.75,103.31575,52,103384.5,103.3845,74,103453.25,103.45325,Bach/Fugue/bwv_846/Shi05M.mid,Bach,Fugue_bwv_846,Bach/Fugue/bwv_846
C:\Users\eagle\MARG_research\third_party\PianistTransformer\data\midis\asap-dataset-master\Bach\Fugue\bwv_846\Shi05M.mid,asap_metadata_performance,568,52,275,0.275,51,323,0.323,103522,103.522,287,0.287,100,103522.0,103.522,105,103593.75,103.59375,127,103665.5,103.6655,127,103737.25,103.73725,Bach/Fugue/bwv_846/Shi05M.mid,Bach,Fugue_bwv_846,Bach/Fugue/bwv_846
C:\Users\eagle\MARG_research\third_party\PianistTransformer\data\midis\asap-dataset-master\Bach\Fugue\bwv_846\Shi05M.mid,asap_metadata_performance,569,50,287,0.287,57,457,0.457,103809,103.809,3,0.003,88,103809.0,103.809,88,103809.75,103.80975,88,103810.5,103.8105,88,103811.25,103.81125,Bach/Fugue/bwv_846/Shi05M.mid,Bach,Fugue_bwv_846,Bach/Fugue/bwv_846
C:\Users\eagle\MARG_research\third_party\PianistTransformer\data\midis\asap-dataset-master\Bach\Fugue\bwv_846\Shi05M.mid,asap_metadata_performance,570,57,3,0.003,58,672,0.672,103812,103.812,296,0.296,88,103812.0,103.812,53,103886.0,103.886,77,103960.0,103.96,84,104034.0,104.034,Bach/Fugue/bwv_846/Shi05M.mid,Bach,Fugue_bwv_846,Bach/Fugue/bwv_846
C:\Users\eagle\MARG_research\third_party\PianistTransformer\data\midis\asap-dataset-master\Bach\Fugue\bwv_846\Shi05M.mid,asap_metadata_performance,571,74,296,0.296,65,195,0.195,104108,104.108,16,0.016,84,104108.0,104.108,84,104112.0,104.112,84,104116.0,104.116,84,104120.0,104.12,Bach/Fugue/bwv_846/Shi05M.mid,Bach,Fugue_bwv_846,Bach/Fugue/bwv_846
C:\Users\eagle\MARG_research\third_party\PianistTransformer\data\midis\asap-dataset-master\Bach\Fugue\bwv_846\Shi05M.mid,asap_metadata_performance,572,54,16,0.016,52,315,0.315,104124,104.124,138,0.138,84,104124.0,104.124,84,104158.5,104.1585,84,104193.0,104.193,83,104227.5,104.2275,Bach/Fugue/bwv_846/Shi05M.mid,Bach,Fugue_bwv_846,Bach/Fugue/bwv_846
C:\Users\eagle\MARG_research\third_party\PianistTransformer\data\midis\asap-dataset-master\Bach\Fugue\bwv_846\Shi05M.mid,asap_metadata_performance,573,72,138,0.138,73,211,0.211,104262,104.262,156,0.156,83,104262.0,104.262,82,104301.0,104.301,81,104340.0,104.34,76,104379.0,104.379,Bach/Fugue/bwv_846/Shi05M.mid,Bach,Fugue_bwv_846,Bach/Fugue/bwv_846
C:\Users\eagle\MARG_research\third_party\PianistTransformer\data\midis\asap-dataset-master\Bach\Fugue\bwv_846\Shi05M.mid,asap_metadata_performance,574,71,156,0.156,74,650,0.65,104418,104.418,12,0.012,61,104418.0,104.418,61,104421.0,104.421,61,104424.0,104.424,61,104427.0,104.427,Bach/Fugue/bwv_846/Shi05M.mid,Bach,Fugue_bwv_846,Bach/Fugue/bwv_846
C:\Users\eagle\MARG_research\third_party\PianistTransformer\data\midis\asap-dataset-master\Bach\Fugue\bwv_846\Shi05M.mid,asap_metadata_performance,575,55,12,0.012,64,4596,4.596,104430,104.43,289,0.289,61,104430.0,104.43,0,104502.25,104.50225,51,104574.5,104.5745,69,104646.75,104.64675,Bach/Fugue/bwv_846/Shi05M.mid,Bach,Fugue_bwv_846,Bach/Fugue/bwv_846
C:\Users\eagle\MARG_research\third_party\PianistTransformer\data\midis\asap-dataset-master\Bach\Fugue\bwv_846\Shi05M.mid,asap_metadata_performance,576,69,289,0.289,67,354,0.354,104719,104.719,304,0.304,83,104719.0,104.719,87,104795.0,104.795,90,104871.0,104.871,90,104947.0,104.947,Bach/Fugue/bwv_846/Shi05M.mid,Bach,Fugue_bwv_846,Bach/Fugue/bwv_846
C:\Users\eagle\MARG_research\third_party\PianistTransformer\data\midis\asap-dataset-master\Bach\Fugue\bwv_846\Shi05M.mid,asap_metadata_performance,577,59,304,0.304,73,680,0.68,105023,105.023,6,0.006,90,105023.0,105.023,90,105024.5,105.0245,90,105026.0,105.026,90,105027.5,105.0275,Bach/Fugue/bwv_846/Shi05M.mid,Bach,Fugue_bwv_846,Bach/Fugue/bwv_846
C:\Users\eagle\MARG_research\third_party\PianistTransformer\data\midis\asap-dataset-master\Bach\Fugue\bwv_846\Shi05M.mid,asap_metadata_performance,578,76,6,0.006,69,617,0.617,105029,105.029,11,0.011,90,105029.0,105.029,89,105031.75,105.03175,89,105034.5,105.0345,89,105037.25,105.03725,Bach/Fugue/bwv_846/Shi05M.mid,Bach,Fugue_bwv_846,Bach/Fugue/bwv_846
C:\Users\eagle\MARG_research\third_party\PianistTransformer\data\midis\asap-dataset-master\Bach\Fugue\bwv_846\Shi05M.mid,asap_metadata_performance,579,67,11,0.011,55,299,0.299,105040,105.04,293,0.293,89,105040.0,105.04,54,105113.25,105.11325,48,105186.5,105.1865,75,105259.75,105.25975,Bach/Fugue/bwv_846/Shi05M.mid,Bach,Fugue_bwv_846,Bach/Fugue/bwv_846
C:\Users\eagle\MARG_research\third_party\PianistTransformer\data\midis\asap-dataset-master\Bach\Fugue\bwv_846\Shi05M.mid,asap_metadata_performance,580,65,293,0.293,66,353,0.353,105333,105.333,296,0.296,92,105333.0,105.333,104,105407.0,105.407,109,105481.0,105.481,111,105555.0,105.555,Bach/Fugue/bwv_846/Shi05M.mid,Bach,Fugue_bwv_846,Bach/Fugue/bwv_846
C:\Users\eagle\MARG_research\third_party\PianistTransformer\data\midis\asap-dataset-master\Bach\Fugue\bwv_846\Shi05M.mid,asap_metadata_performance,581,69,296,0.296,71,637,0.637,105629,105.629,4,0.004,98,105629.0,105.629,98,105630.0,105.63,98,105631.0,105.631,98,105632.0,105.632,Bach/Fugue/bwv_846/Shi05M.mid,Bach,Fugue_bwv_846,Bach/Fugue/bwv_846
C:\Users\eagle\MARG_research\third_party\PianistTransformer\data\midis\asap-dataset-master\Bach\Fugue\bwv_846\Shi05M.mid,asap_metadata_performance,582,60,4,0.004,79,678,0.678,105633,105.633,0,0.0,98,105633.0,105.633,98,105633.0,105.633,98,105633.0,105.633,98,105633.0,105.633,Bach/Fugue/bwv_846/Shi05M.mid,Bach,Fugue_bwv_846,Bach/Fugue/bwv_846
C:\Users\eagle\MARG_research\third_party\PianistTransformer\data\midis\asap-dataset-master\Bach\Fugue\bwv_846\Shi05M.mid,asap_metadata_performance,583,64,0,0.0,53,276,0.276,105633,105.633,301,0.301,98,105633.0,105.633,47,105708.25,105.70825,46,105783.5,105.7835,76,105858.75,105.85875,Bach/Fugue/bwv_846/Shi05M.mid,Bach,Fugue_bwv_846,Bach/Fugue/bwv_846
C:\Users\eagle\MARG_research\third_party\PianistTransformer\data\midis\asap-dataset-master\Bach\Fugue\bwv_846\Shi05M.mid,asap_metadata_performance,584,67,301,0.301,57,359,0.359,105934,105.934,304,0.304,84,105934.0,105.934,92,106010.0,106.01,97,106086.0,106.086,104,106162.0,106.162,Bach/Fugue/bwv_846/Shi05M.mid,Bach,Fugue_bwv_846,Bach/Fugue/bwv_846
C:\Users\eagle\MARG_research\third_party\PianistTransformer\data\midis\asap-dataset-master\Bach\Fugue\bwv_846\Shi05M.mid,asap_metadata_performance,585,74,304,0.304,73,1015,1.015,106238,106.238,25,0.025,101,106238.0,106.238,101,106244.25,106.24425,101,106250.5,106.2505,101,106256.75,106.25675,Bach/Fugue/bwv_846/Shi05M.mid,Bach,Fugue_bwv_846,Bach/Fugue/bwv_846
C:\Users\eagle\MARG_research\third_party\PianistTransformer\data\midis\asap-dataset-master\Bach\Fugue\bwv_846\Shi05M.mid,asap_metadata_performance,586,62,25,0.025,78,680,0.68,106263,106.263,10,0.01,94,106263.0,106.263,94,106265.5,106.2655,94,106268.0,106.268,94,106270.5,106.2705,Bach/Fugue/bwv_846/Shi05M.mid,Bach,Fugue_bwv_846,Bach/Fugue/bwv_846
C:\Users\eagle\MARG_research\third_party\PianistTransformer\data\midis\asap-dataset-master\Bach\Fugue\bwv_846\Shi05M.mid,asap_metadata_performance,587,65,10,0.01,53,318,0.318,106273,106.273,287,0.287,94,106273.0,106.273,0,106344.75,106.34475,0,106416.5,106.4165,68,106488.25,106.48825,Bach/Fugue/bwv_846/Shi05M.mid,Bach,Fugue_bwv_846,Bach/Fugue/bwv_846
C:\Users\eagle\MARG_research\third_party\PianistTransformer\data\midis\asap-dataset-master\Bach\Fugue\bwv_846\Shi05M.mid,asap_metadata_performance,588,69,287,0.287,58,381,0.381,106560,106.56,324,0.324,83,106560.0,106.56,95,106641.0,106.641,101,106722.0,106.722,123,106803.0,106.803,Bach/Fugue/bwv_846/Shi05M.mid,Bach,Fugue_bwv_846,Bach/Fugue/bwv_846
C:\Users\eagle\MARG_research\third_party\PianistTransformer\data\midis\asap-dataset-master\Bach\Fugue\bwv_846\Shi05M.mid,asap_metadata_performance,589,64,324,0.324,78,896,0.896,106884,106.884,12,0.012,97,106884.0,106.884,97,106887.0,106.887,97,106890.0,106.89,97,106893.0,106.893,Bach/Fugue/bwv_846/Shi05M.mid,Bach,Fugue_bwv_846,Bach/Fugue/bwv_846
C:\Users\eagle\MARG_research\third_party\PianistTransformer\data\midis\asap-dataset-master\Bach\Fugue\bwv_846\Shi05M.mid,asap_metadata_performance,590,67,12,0.012,60,971,0.971,106896,106.896,337,0.337,79,106896.0,106.896,0,106980.25,106.98025,0,107064.5,107.0645,61,107148.75,107.14875,Bach/Fugue/bwv_846/Shi05M.mid,Bach,Fugue_bwv_846,Bach/Fugue/bwv_846
C:\Users\eagle\MARG_research\third_party\PianistTransformer\data\midis\asap-dataset-master\Bach\Fugue\bwv_846\Shi05M.mid,asap_metadata_performance,591,76,337,0.337,65,356,0.356,107233,107.233,309,0.309,89,107233.0,107.233,106,107310.25,107.31025,115,107387.5,107.3875,115,107464.75,107.46475,Bach/Fugue/bwv_846/Shi05M.mid,Bach,Fugue_bwv_846,Bach/Fugue/bwv_846
C:\Users\eagle\MARG_research\third_party\PianistTransformer\data\midis\asap-dataset-master\Bach\Fugue\bwv_846\Shi05M.mid,asap_metadata_performance,592,74,309,0.309,70,371,0.371,107542,107.542,260,0.26,115,107542.0,107.542,115,107607.0,107.607,115,107672.0,107.672,111,107737.0,107.737,Bach/Fugue/bwv_846/Shi05M.mid,Bach,Fugue_bwv_846,Bach/Fugue/bwv_846
C:\Users\eagle\MARG_research\third_party\PianistTransformer\data\midis\asap-dataset-master\Bach\Fugue\bwv_846\Shi05M.mid,asap_metadata_performance,593,65,260,0.26,67,234,0.234,107802,107.802,7,0.007,111,107802.0,107.802,111,107803.75,107.80375,111,107805.5,107.8055,111,107807.25,107.80725,Bach/Fugue/bwv_846/Shi05M.mid,Bach,Fugue_bwv_846,Bach/Fugue/bwv_846
C:\Users\eagle\MARG_research\third_party\PianistTransformer\data\midis\asap-dataset-master\Bach\Fugue\bwv_846\Shi05M.mid,asap_metadata_performance,594,72,7,0.007,66,360,0.36,107809,107.809,134,0.134,111,107809.0,107.809,111,107842.5,107.8425,111,107876.0,107.876,111,107909.5,107.9095,Bach/Fugue/bwv_846/Shi05M.mid,Bach,Fugue_bwv_846,Bach/Fugue/bwv_846
C:\Users\eagle\MARG_research\third_party\PianistTransformer\data\midis\asap-dataset-master\Bach\Fugue\bwv_846\Shi05M.mid,asap_metadata_performance,595,64,134,0.134,66,258,0.258,107943,107.943,153,0.153,111,107943.0,107.943,111,107981.25,107.98125,111,108019.5,108.0195,98,108057.75,108.05775,Bach/Fugue/bwv_846/Shi05M.mid,Bach,Fugue_bwv_846,Bach/Fugue/bwv_846
C:\Users\eagle\MARG_research\third_party\PianistTransformer\data\midis\asap-dataset-master\Bach\Fugue\bwv_846\Shi05M.mid,asap_metadata_performance,596,62,153,0.153,67,776,0.776,108096,108.096,2,0.002,73,108096.0,108.096,73,108096.5,108.0965,73,108097.0,108.097,73,108097.5,108.0975,Bach/Fugue/bwv_846/Shi05M.mid,Bach,Fugue_bwv_846,Bach/Fugue/bwv_846
C:\Users\eagle\MARG_research\third_party\PianistTransformer\data\midis\asap-dataset-master\Bach\Fugue\bwv_846\Shi05M.mid,asap_metadata_performance,597,71,2,0.002,70,337,0.337,108098,108.098,316,0.316,73,108098.0,108.098,34,108177.0,108.177,68,108256.0,108.256,126,108335.0,108.335,Bach/Fugue/bwv_846/Shi05M.mid,Bach,Fugue_bwv_846,Bach/Fugue/bwv_846
C:\Users\eagle\MARG_research\third_party\PianistTransformer\data\midis\asap-dataset-master\Bach\Fugue\bwv_846\Shi05M.mid,asap_metadata_performance,598,72,316,0.316,72,361,0.361,108414,108.414,13,0.013,126,108414.0,108.414,126,108417.25,108.41725,126,108420.5,108.4205,126,108423.75,108.42375,Bach/Fugue/bwv_846/Shi05M.mid,Bach,Fugue_bwv_846,Bach/Fugue/bwv_846
C:\Users\eagle\MARG_research\third_party\PianistTransformer\data\midis\asap-dataset-master\Bach\Fugue\bwv_846\Shi05M.mid,asap_metadata_performance,599,69,13,0.013,48,406,0.406,108427,108.427,307,0.307,126,108427.0,108.427,126,108503.75,108.50375,126,108580.5,108.5805,126,108657.25,108.65725,Bach/Fugue/bwv_846/Shi05M.mid,Bach,Fugue_bwv_846,Bach/Fugue/bwv_846
C:\Users\eagle\MARG_research\third_party\PianistTransformer\data\midis\asap-dataset-master\Bach\Fugue\bwv_846\Shi05M.mid,asap_metadata_performance,600,67,307,0.307,80,931,0.931,108734,108.734,8,0.008,100,108734.0,108.734,100,108736.0,108.736,100,108738.0,108.738,100,108740.0,108.74,Bach/Fugue/bwv_846/Shi05M.mid,Bach,Fugue_bwv_846,Bach/Fugue/bwv_846
C:\Users\eagle\MARG_research\third_party\PianistTransformer\data\midis\asap-dataset-master\Bach\Fugue\bwv_846\Shi05M.mid,asap_metadata_performance,601,74,8,0.008,68,279,0.279,108742,108.742,4,0.004,100,108742.0,108.742,100,108743.0,108.743,100,108744.0,108.744,100,108745.0,108.745,Bach/Fugue/bwv_846/Shi05M.mid,Bach,Fugue_bwv_846,Bach/Fugue/bwv_846
C:\Users\eagle\MARG_research\third_party\PianistTransformer\data\midis\asap-dataset-master\Bach\Fugue\bwv_846\Shi05M.mid,asap_metadata_performance,602,70,4,0.004,61,255,0.255,108746,108.746,300,0.3,100,108746.0,108.746,52,108821.0,108.821,89,108896.0,108.896,127,108971.0,108.971,Bach/Fugue/bwv_846/Shi05M.mid,Bach,Fugue_bwv_846,Bach/Fugue/bwv_846
C:\Users\eagle\MARG_research\third_party\PianistTransformer\data\midis\asap-dataset-master\Bach\Fugue\bwv_846\Shi05M.mid,asap_metadata_performance,603,76,300,0.3,71,91,0.091,109046,109.046,325,0.325,127,109046.0,109.046,127,109127.25,109.12725,127,109208.5,109.2085,127,109289.75,109.28975,Bach/Fugue/bwv_846/Shi05M.mid,Bach,Fugue_bwv_846,Bach/Fugue/bwv_846
C:\Users\eagle\MARG_research\third_party\PianistTransformer\data\midis\asap-dataset-master\Bach\Fugue\bwv_846\Shi05M.mid,asap_metadata_performance,604,60,325,0.325,79,926,0.926,109371,109.371,8,0.008,127,109371.0,109.371,127,109373.0,109.373,127,109375.0,109.375,127,109377.0,109.377,Bach/Fugue/bwv_846/Shi05M.mid,Bach,Fugue_bwv_846,Bach/Fugue/bwv_846
C:\Users\eagle\MARG_research\third_party\PianistTransformer\data\midis\asap-dataset-master\Bach\Fugue\bwv_846\Shi05M.mid,asap_metadata_performance,605,77,8,0.008,72,384,0.384,109379,109.379,3,0.003,127,109379.0,109.379,127,109379.75,109.37975,127,109380.5,109.3805,127,109381.25,109.38125,Bach/Fugue/bwv_846/Shi05M.mid,Bach,Fugue_bwv_846,Bach/Fugue/bwv_846
C:\Users\eagle\MARG_research\third_party\PianistTransformer\data\midis\asap-dataset-master\Bach\Fugue\bwv_846\Shi05M.mid,asap_metadata_performance,606,57,3,0.003,71,1322,1.322,109382,109.382,3,0.003,127,109382.0,109.382,127,109382.75,109.38275,127,109383.5,109.3835,127,109384.25,109.38425,Bach/Fugue/bwv_846/Shi05M.mid,Bach,Fugue_bwv_846,Bach/Fugue/bwv_846
C:\Users\eagle\MARG_research\third_party\PianistTransformer\data\midis\asap-dataset-master\Bach\Fugue\bwv_846\Shi05M.mid,asap_metadata_performance,607,72,3,0.003,58,1066,1.066,109385,109.385,308,0.308,127,109385.0,109.385,92,109462.0,109.462,39,109539.0,109.539,56,109616.0,109.616,Bach/Fugue/bwv_846/Shi05M.mid,Bach,Fugue_bwv_846,Bach/Fugue/bwv_846
C:\Users\eagle\MARG_research\third_party\PianistTransformer\data\midis\asap-dataset-master\Bach\Fugue\bwv_846\Shi05M.mid,asap_metadata_performance,608,79,308,0.308,76,401,0.401,109693,109.693,333,0.333,86,109693.0,109.693,127,109776.25,109.77625,127,109859.5,109.8595,127,109942.75,109.94275,Bach/Fugue/bwv_846/Shi05M.mid,Bach,Fugue_bwv_846,Bach/Fugue/bwv_846
C:\Users\eagle\MARG_research\third_party\PianistTransformer\data\midis\asap-dataset-master\Bach\Fugue\bwv_846\Shi05M.mid,asap_metadata_performance,609,65,333,0.333,85,1038,1.038,110026,110.026,4,0.004,127,110026.0,110.026,127,110027.0,110.027,127,110028.0,110.028,93,110029.0,110.029,Bach/Fugue/bwv_846/Shi05M.mid,Bach,Fugue_bwv_846,Bach/Fugue/bwv_846
C:\Users\eagle\MARG_research\third_party\PianistTransformer\data\midis\asap-dataset-master\Bach\Fugue\bwv_846\Shi05M.mid,asap_metadata_performance,610,81,4,0.004,78,381,0.381,110030,110.03,333,0.333,93,110030.0,110.03,56,110113.25,110.11325,127,110196.5,110.1965,127,110279.75,110.27975,Bach/Fugue/bwv_846/Shi05M.mid,Bach,Fugue_bwv_846,Bach/Fugue/bwv_846
C:\Users\eagle\MARG_research\third_party\PianistTransformer\data\midis\asap-dataset-master\Bach\Fugue\bwv_846\Shi05M.mid,asap_metadata_performance,611,79,333,0.333,80,366,0.366,110363,110.363,314,0.314,127,110363.0,110.363,127,110441.5,110.4415,127,110520.0,110.52,127,110598.5,110.5985,Bach/Fugue/bwv_846/Shi05M.mid,Bach,Fugue_bwv_846,Bach/Fugue/bwv_846
C:\Users\eagle\MARG_research\third_party\PianistTransformer\data\midis\asap-dataset-master\Bach\Fugue\bwv_846\Shi05M.mid,asap_metadata_performance,612,59,314,0.314,72,723,0.723,110677,110.677,3,0.003,127,110677.0,110.677,127,110677.75,110.67775,127,110678.5,110.6785,127,110679.25,110.67925,Bach/Fugue/bwv_846/Shi05M.mid,Bach,Fugue_bwv_846,Bach/Fugue/bwv_846
C:\Users\eagle\MARG_research\third_party\PianistTransformer\data\midis\asap-dataset-master\Bach\Fugue\bwv_846\Shi05M.mid,asap_metadata_performance,613,77,3,0.003,77,369,0.369,110680,110.68,17,0.017,127,110680.0,110.68,127,110684.25,110.68425,127,110688.5,110.6885,127,110692.75,110.69275,Bach/Fugue/bwv_846/Shi05M.mid,Bach,Fugue_bwv_846,Bach/Fugue/bwv_846
C:\Users\eagle\MARG_research\third_party\PianistTransformer\data\midis\asap-dataset-master\Bach\Fugue\bwv_846\Shi05M.mid,asap_metadata_performance,614,74,17,0.017,69,346,0.346,110697,110.697,315,0.315,127,110697.0,110.697,0,110775.75,110.77575,35,110854.5,110.8545,76,110933.25,110.93325,Bach/Fugue/bwv_846/Shi05M.mid,Bach,Fugue_bwv_846,Bach/Fugue/bwv_846
C:\Users\eagle\MARG_research\third_party\PianistTransformer\data\midis\asap-dataset-master\Bach\Fugue\bwv_846\Shi05M.mid,asap_metadata_performance,615,67,315,0.315,78,307,0.307,111012,111.012,0,0.0,97,111012.0,111.012,97,111012.0,111.012,97,111012.0,111.012,97,111012.0,111.012,Bach/Fugue/bwv_846/Shi05M.mid,Bach,Fugue_bwv_846,Bach/Fugue/bwv_846
C:\Users\eagle\MARG_research\third_party\PianistTransformer\data\midis\asap-dataset-master\Bach\Fugue\bwv_846\Shi05M.mid,asap_metadata_performance,616,76,0,0.0,81,336,0.336,111012,111.012,308,0.308,97,111012.0,111.012,111,111089.0,111.089,127,111166.0,111.166,127,111243.0,111.243,Bach/Fugue/bwv_846/Shi05M.mid,Bach,Fugue_bwv_846,Bach/Fugue/bwv_846
C:\Users\eagle\MARG_research\third_party\PianistTransformer\data\midis\asap-dataset-master\Bach\Fugue\bwv_846\Shi05M.mid,asap_metadata_performance,617,60,308,0.308,65,322,0.322,111320,111.32,2,0.002,93,111320.0,111.32,93,111320.5,111.3205,93,111321.0,111.321,93,111321.5,111.3215,Bach/Fugue/bwv_846/Shi05M.mid,Bach,Fugue_bwv_846,Bach/Fugue/bwv_846
C:\Users\eagle\MARG_research\third_party\PianistTransformer\data\midis\asap-dataset-master\Bach\Fugue\bwv_846\Shi05M.mid,asap_metadata_performance,618,65,2,0.002,69,256,0.256,111322,111.322,0,0.0,93,111322.0,111.322,93,111322.0,111.322,93,111322.0,111.322,93,111322.0,111.322,Bach/Fugue/bwv_846/Shi05M.mid,Bach,Fugue_bwv_846,Bach/Fugue/bwv_846
C:\Users\eagle\MARG_research\third_party\PianistTransformer\data\midis\asap-dataset-master\Bach\Fugue\bwv_846\Shi05M.mid,asap_metadata_performance,619,74,0,0.0,78,424,0.424,111322,111.322,286,0.286,93,111322.0,111.322,51,111393.5,111.3935,83,111465.0,111.465,127,111536.5,111.5365,Bach/Fugue/bwv_846/Shi05M.mid,Bach,Fugue_bwv_846,Bach/Fugue/bwv_846
C:\Users\eagle\MARG_research\third_party\PianistTransformer\data\midis\asap-dataset-master\Bach\Fugue\bwv_846\Shi05M.mid,asap_metadata_performance,620,64,286,0.286,70,34,0.034,111608,111.608,5,0.005,127,111608.0,111.608,127,111609.25,111.60925,127,111610.5,111.6105,127,111611.75,111.61175,Bach/Fugue/bwv_846/Shi05M.mid,Bach,Fugue_bwv_846,Bach/Fugue/bwv_846
C:\Users\eagle\MARG_research\third_party\PianistTransformer\data\midis\asap-dataset-master\Bach\Fugue\bwv_846\Shi05M.mid,asap_metadata_performance,621,72,5,0.005,76,370,0.37,111613,111.613,318,0.318,127,111613.0,111.613,127,111692.5,111.6925,127,111772.0,111.772,127,111851.5,111.8515,Bach/Fugue/bwv_846/Shi05M.mid,Bach,Fugue_bwv_846,Bach/Fugue/bwv_846
C:\Users\eagle\MARG_research\third_party\PianistTransformer\data\midis\asap-dataset-master\Bach\Fugue\bwv_846\Shi05M.mid,asap_metadata_performance,622,53,318,0.318,61,296,0.296,111931,111.931,7,0.007,86,111931.0,111.931,86,111932.75,111.93275,86,111934.5,111.9345,66,111936.25,111.93625,Bach/Fugue/bwv_846/Shi05M.mid,Bach,Fugue_bwv_846,Bach/Fugue/bwv_846
C:\Users\eagle\MARG_research\third_party\PianistTransformer\data\midis\asap-dataset-master\Bach\Fugue\bwv_846\Shi05M.mid,asap_metadata_performance,623,67,7,0.007,61,213,0.213,111938,111.938,7,0.007,66,111938.0,111.938,66,111939.75,111.93975,66,111941.5,111.9415,66,111943.25,111.94325,Bach/Fugue/bwv_846/Shi05M.mid,Bach,Fugue_bwv_846,Bach/Fugue/bwv_846
C:\Users\eagle\MARG_research\third_party\PianistTransformer\data\midis\asap-dataset-master\Bach\Fugue\bwv_846\Shi05M.mid,asap_metadata_performance,624,71,7,0.007,63,200,0.2,111945,111.945,8,0.008,66,111945.0,111.945,66,111947.0,111.947,66,111949.0,111.949,66,111951.0,111.951,Bach/Fugue/bwv_846/Shi05M.mid,Bach,Fugue_bwv_846,Bach/Fugue/bwv_846
C:\Users\eagle\MARG_research\third_party\PianistTransformer\data\midis\asap-dataset-master\Bach\Fugue\bwv_846\Shi05M.mid,asap_metadata_performance,625,62,8,0.008,48,258,0.258,111953,111.953,212,0.212,66,111953.0,111.953,41,112006.0,112.006,77,112059.0,112.059,97,112112.0,112.112,Bach/Fugue/bwv_846/Shi05M.mid,Bach,Fugue_bwv_846,Bach/Fugue/bwv_846
C:\Users\eagle\MARG_research\third_party\PianistTransformer\data\midis\asap-dataset-master\Bach\Fugue\bwv_846\Shi05M.mid,asap_metadata_performance,626,72,212,0.212,66,124,0.124,112165,112.165,94,0.094,127,112165.0,112.165,127,112188.5,112.1885,127,112212.0,112.212,127,112235.5,112.2355,Bach/Fugue/bwv_846/Shi05M.mid,Bach,Fugue_bwv_846,Bach/Fugue/bwv_846
C:\Users\eagle\MARG_research\third_party\PianistTransformer\data\midis\asap-dataset-master\Bach\Fugue\bwv_846\Shi05M.mid,asap_metadata_performance,627,57,94,0.094,66,298,0.298,112259,112.259,51,0.051,127,112259.0,112.259,127,112271.75,112.27175,127,112284.5,112.2845,127,112297.25,112.29725,Bach/Fugue/bwv_846/Shi05M.mid,Bach,Fugue_bwv_846,Bach/Fugue/bwv_846
C:\Users\eagle\MARG_research\third_party\PianistTransformer\data\midis\asap-dataset-master\Bach\Fugue\bwv_846\Shi05M.mid,asap_metadata_performance,628,71,51,0.051,68,69,0.069,112310,112.31,90,0.09,127,112310.0,112.31,127,112332.5,112.3325,127,112355.0,112.355,127,112377.5,112.3775,Bach/Fugue/bwv_846/Shi05M.mid,Bach,Fugue_bwv_846,Bach/Fugue/bwv_846
C:\Users\eagle\MARG_research\third_party\PianistTransformer\data\midis\asap-dataset-master\Bach\Fugue\bwv_846\Shi05M.mid,asap_metadata_performance,629,72,90,0.09,66,79,0.079,112400,112.4,103,0.103,127,112400.0,112.4,127,112425.75,112.42575,127,112451.5,112.4515,127,112477.25,112.47725,Bach/Fugue/bwv_846/Shi05M.mid,Bach,Fugue_bwv_846,Bach/Fugue/bwv_846
C:\Users\eagle\MARG_research\third_party\PianistTransformer\data\midis\asap-dataset-master\Bach\Fugue\bwv_846\Shi05M.mid,asap_metadata_performance,630,71,103,0.103,61,65,0.065,112503,112.503,49,0.049,127,112503.0,112.503,127,112515.25,112.51525,127,112527.5,112.5275,127,112539.75,112.53975,Bach/Fugue/bwv_846/Shi05M.mid,Bach,Fugue_bwv_846,Bach/Fugue/bwv_846
C:\Users\eagle\MARG_research\third_party\PianistTransformer\data\midis\asap-dataset-master\Bach\Fugue\bwv_846\Shi05M.mid,asap_metadata_performance,631,55,49,0.049,72,320,0.32,112552,112.552,31,0.031,93,112552.0,112.552,93,112559.75,112.55975,86,112567.5,112.5675,86,112575.25,112.57525,Bach/Fugue/bwv_846/Shi05M.mid,Bach,Fugue_bwv_846,Bach/Fugue/bwv_846
C:\Users\eagle\MARG_research\third_party\PianistTransformer\data\midis\asap-dataset-master\Bach\Fugue\bwv_846\Shi05M.mid,asap_metadata_performance,632,72,31,0.031,63,111,0.111,112583,112.583,123,0.123,88,112583.0,112.583,93,112613.75,112.61375,120,112644.5,112.6445,127,112675.25,112.67525,Bach/Fugue/bwv_846/Shi05M.mid,Bach,Fugue_bwv_846,Bach/Fugue/bwv_846
C:\Users\eagle\MARG_research\third_party\PianistTransformer\data\midis\asap-dataset-master\Bach\Fugue\bwv_846\Shi05M.mid,asap_metadata_performance,633,71,123,0.123,71,74,0.074,112706,112.706,96,0.096,127,112706.0,112.706,127,112730.0,112.73,127,112754.0,112.754,127,112778.0,112.778,Bach/Fugue/bwv_846/Shi05M.mid,Bach,Fugue_bwv_846,Bach/Fugue/bwv_846
C:\Users\eagle\MARG_research\third_party\PianistTransformer\data\midis\asap-dataset-master\Bach\Fugue\bwv_846\Shi05M.mid,asap_metadata_performance,634,72,96,0.096,62,237,0.237,112802,112.802,42,0.042,127,112802.0,112.802,127,112812.5,112.8125,127,112823.0,112.823,127,112833.5,112.8335,Bach/Fugue/bwv_846/Shi05M.mid,Bach,Fugue_bwv_846,Bach/Fugue/bwv_846
C:\Users\eagle\MARG_research\third_party\PianistTransformer\data\midis\asap-dataset-master\Bach\Fugue\bwv_846\Shi05M.mid,asap_metadata_performance,635,53,42,0.042,68,302,0.302,112844,112.844,127,0.127,127,112844.0,112.844,127,112875.75,112.87575,127,112907.5,112.9075,127,112939.25,112.93925,Bach/Fugue/bwv_846/Shi05M.mid,Bach,Fugue_bwv_846,Bach/Fugue/bwv_846
C:\Users\eagle\MARG_research\third_party\PianistTransformer\data\midis\asap-dataset-master\Bach\Fugue\bwv_846\Shi05M.mid,asap_metadata_performance,636,71,127,0.127,17,236,0.236,112971,112.971,184,0.184,127,112971.0,112.971,127,113017.0,113.017,127,113063.0,113.063,127,113109.0,113.109,Bach/Fugue/bwv_846/Shi05M.mid,Bach,Fugue_bwv_846,Bach/Fugue/bwv_846
C:\Users\eagle\MARG_research\third_party\PianistTransformer\data\midis\asap-dataset-master\Bach\Fugue\bwv_846\Shi05M.mid,asap_metadata_performance,637,52,184,0.184,68,474,0.474,113155,113.155,6,0.006,127,113155.0,113.155,127,113156.5,113.1565,127,113158.0,113.158,127,113159.5,113.1595,Bach/Fugue/bwv_846/Shi05M.mid,Bach,Fugue_bwv_846,Bach/Fugue/bwv_846
C:\Users\eagle\MARG_research\third_party\PianistTransformer\data\midis\asap-dataset-master\Bach\Fugue\bwv_846\Shi05M.mid,asap_metadata_performance,638,72,6,0.006,78,788,0.788,113161,113.161,19,0.019,127,113161.0,113.161,127,113165.75,113.16575,127,113170.5,113.1705,127,113175.25,113.17525,Bach/Fugue/bwv_846/Shi05M.mid,Bach,Fugue_bwv_846,Bach/Fugue/bwv_846
C:\Users\eagle\MARG_research\third_party\PianistTransformer\data\midis\asap-dataset-master\Bach\Fugue\bwv_846\Shi05M.mid,asap_metadata_performance,639,64,19,0.019,65,468,0.468,113180,113.18,349,0.349,127,113180.0,113.18,127,113267.25,113.26725,52,113354.5,113.3545,74,113441.75,113.44175,Bach/Fugue/bwv_846/Shi05M.mid,Bach,Fugue_bwv_846,Bach/Fugue/bwv_846
C:\Users\eagle\MARG_research\third_party\PianistTransformer\data\midis\asap-dataset-master\Bach\Fugue\bwv_846\Shi05M.mid,asap_metadata_performance,640,50,349,0.349,72,425,0.425,113529,113.529,306,0.306,80,113529.0,113.529,77,113605.5,113.6055,76,113682.0,113.682,76,113758.5,113.7585,Bach/Fugue/bwv_846/Shi05M.mid,Bach,Fugue_bwv_846,Bach/Fugue/bwv_846
C:\Users\eagle\MARG_research\third_party\PianistTransformer\data\midis\asap-dataset-master\Bach\Fugue\bwv_846\Shi05M.mid,asap_metadata_performance,641,65,306,0.306,56,862,0.862,113835,113.835,5,0.005,73,113835.0,113.835,73,113836.25,113.83625,73,113837.5,113.8375,73,113838.75,113.83875,Bach/Fugue/bwv_846/Shi05M.mid,Bach,Fugue_bwv_846,Bach/Fugue/bwv_846
C:\Users\eagle\MARG_research\third_party\PianistTransformer\data\midis\asap-dataset-master\Bach\Fugue\bwv_846\Shi05M.mid,asap_metadata_performance,642,74,5,0.005,78,764,0.764,113840,113.84,6,0.006,73,113840.0,113.84,73,113841.5,113.8415,73,113843.0,113.843,73,113844.5,113.8445,Bach/Fugue/bwv_846/Shi05M.mid,Bach,Fugue_bwv_846,Bach/Fugue/bwv_846
C:\Users\eagle\MARG_research\third_party\PianistTransformer\data\midis\asap-dataset-master\Bach\Fugue\bwv_846\Shi05M.mid,asap_metadata_performance,643,62,6,0.006,52,1460,1.46,113846,113.846,9,0.009,73,113846.0,113.846,73,113848.25,113.84825,73,113850.5,113.8505,73,113852.75,113.85275,Bach/Fugue/bwv_846/Shi05M.mid,Bach,Fugue_bwv_846,Bach/Fugue/bwv_846
C:\Users\eagle\MARG_research\third_party\PianistTransformer\data\midis\asap-dataset-master\Bach\Fugue\bwv_846\Shi05M.mid,asap_metadata_performance,644,48,9,0.009,67,355,0.355,113855,113.855,308,0.308,73,113855.0,113.855,62,113932.0,113.932,56,114009.0,114.009,49,114086.0,114.086,Bach/Fugue/bwv_846/Shi05M.mid,Bach,Fugue_bwv_846,Bach/Fugue/bwv_846
C:\Users\eagle\MARG_research\third_party\PianistTransformer\data\midis\asap-dataset-master\Bach\Fugue\bwv_846\Shi05M.mid,asap_metadata_performance,645,47,308,0.308,65,437,0.437,114163,114.163,327,0.327,45,114163.0,114.163,44,114244.75,114.24475,42,114326.5,114.3265,34,114408.25,114.40825,Bach/Fugue/bwv_846/Shi05M.mid,Bach,Fugue_bwv_846,Bach/Fugue/bwv_846
C:\Users\eagle\MARG_research\third_party\PianistTransformer\data\midis\asap-dataset-master\Bach\Fugue\bwv_846\Shi05M.mid,asap_metadata_performance,646,67,327,0.327,72,1777,1.777,114490,114.49,20,0.02,34,114490.0,114.49,34,114495.0,114.495,34,114500.0,114.5,33,114505.0,114.505,Bach/Fugue/bwv_846/Shi05M.mid,Bach,Fugue_bwv_846,Bach/Fugue/bwv_846
C:\Users\eagle\MARG_research\third_party\PianistTransformer\data\midis\asap-dataset-master\Bach\Fugue\bwv_846\Shi05M.mid,asap_metadata_performance,647,48,20,0.02,64,338,0.338,114510,114.51,310,0.31,33,114510.0,114.51,33,114587.5,114.5875,37,114665.0,114.665,49,114742.5,114.7425,Bach/Fugue/bwv_846/Shi05M.mid,Bach,Fugue_bwv_846,Bach/Fugue/bwv_846
C:\Users\eagle\MARG_research\third_party\PianistTransformer\data\midis\asap-dataset-master\Bach\Fugue\bwv_846\Shi05M.mid,asap_metadata_performance,648,50,310,0.31,73,478,0.478,114820,114.82,351,0.351,68,114820.0,114.82,83,114907.75,114.90775,87,114995.5,114.9955,86,115083.25,115.08325,Bach/Fugue/bwv_846/Shi05M.mid,Bach,Fugue_bwv_846,Bach/Fugue/bwv_846
C:\Users\eagle\MARG_research\third_party\PianistTransformer\data\midis\asap-dataset-master\Bach\Fugue\bwv_846\Shi05M.mid,asap_metadata_performance,649,64,351,0.351,66,1114,1.114,115171,115.171,0,0.0,80,115171.0,115.171,80,115171.0,115.171,80,115171.0,115.171,80,115171.0,115.171,Bach/Fugue/bwv_846/Shi05M.mid,Bach,Fugue_bwv_846,Bach/Fugue/bwv_846
C:\Users\eagle\MARG_research\third_party\PianistTransformer\data\midis\asap-dataset-master\Bach\Fugue\bwv_846\Shi05M.mid,asap_metadata_performance,650,72,0,0.0,77,1832,1.832,115171,115.171,20,0.02,80,115171.0,115.171,78,115176.0,115.176,78,115181.0,115.181,78,115186.0,115.186,Bach/Fugue/bwv_846/Shi05M.mid,Bach,Fugue_bwv_846,Bach/Fugue/bwv_846
C:\Users\eagle\MARG_research\third_party\PianistTransformer\data\midis\asap-dataset-master\Bach\Fugue\bwv_846\Shi05M.mid,asap_metadata_performance,651,52,20,0.02,63,546,0.546,115191,115.191,3,0.003,78,115191.0,115.191,78,115191.75,115.19175,78,115192.5,115.1925,75,115193.25,115.19325,Bach/Fugue/bwv_846/Shi05M.mid,Bach,Fugue_bwv_846,Bach/Fugue/bwv_846
C:\Users\eagle\MARG_research\third_party\PianistTransformer\data\midis\asap-dataset-master\Bach\Fugue\bwv_846\Shi05M.mid,asap_metadata_performance,652,55,3,0.003,63,465,0.465,115194,115.194,355,0.355,75,115194.0,115.194,71,115282.75,115.28275,59,115371.5,115.3715,56,115460.25,115.46025,Bach/Fugue/bwv_846/Shi05M.mid,Bach,Fugue_bwv_846,Bach/Fugue/bwv_846
C:\Users\eagle\MARG_research\third_party\PianistTransformer\data\midis\asap-dataset-master\Bach\Fugue\bwv_846\Shi05M.mid,asap_metadata_performance,653,53,355,0.355,78,550,0.55,115549,115.549,455,0.455,56,115549.0,115.549,54,115662.75,115.66275,50,115776.5,115.7765,48,115890.25,115.89025,Bach/Fugue/bwv_846/Shi05M.mid,Bach,Fugue_bwv_846,Bach/Fugue/bwv_846
C:\Users\eagle\MARG_research\third_party\PianistTransformer\data\midis\asap-dataset-master\Bach\Fugue\bwv_846\Shi05M.mid,asap_metadata_performance,654,55,455,0.455,83,4999,4.999,116004,116.004,9,0.009,44,116004.0,116.004,44,116006.25,116.00625,44,116008.5,116.0085,44,116010.75,116.01075,Bach/Fugue/bwv_846/Shi05M.mid,Bach,Fugue_bwv_846,Bach/Fugue/bwv_846
C:\Users\eagle\MARG_research\third_party\PianistTransformer\data\midis\asap-dataset-master\Bach\Fugue\bwv_846\Shi05M.mid,asap_metadata_performance,655,62,9,0.009,63,1439,1.439,116013,116.013,866,0.866,41,116013.0,116.013,0,116229.5,116.2295,0,116446.0,116.446,0,116662.5,116.6625,Bach/Fugue/bwv_846/Shi05M.mid,Bach,Fugue_bwv_846,Bach/Fugue/bwv_846
C:\Users\eagle\MARG_research\third_party\PianistTransformer\data\midis\asap-dataset-master\Bach\Fugue\bwv_846\Shi05M.mid,asap_metadata_performance,656,43,866,0.866,73,1185,1.185,116879,116.879,4,0.004,0,116879.0,116.879,0,116880.0,116.88,0,116881.0,116.881,0,116882.0,116.882,Bach/Fugue/bwv_846/Shi05M.mid,Bach,Fugue_bwv_846,Bach/Fugue/bwv_846
C:\Users\eagle\MARG_research\third_party\PianistTransformer\data\midis\asap-dataset-master\Bach\Fugue\bwv_846\Shi05M.mid,asap_metadata_performance,657,71,4,0.004,78,1113,1.113,116883,116.883,940,0.94,0,116883.0,116.883,38,117118.0,117.118,127,117353.0,117.353,127,117588.0,117.588,Bach/Fugue/bwv_846/Shi05M.mid,Bach,Fugue_bwv_846,Bach/Fugue/bwv_846
C:\Users\eagle\MARG_research\third_party\PianistTransformer\data\midis\asap-dataset-master\Bach\Fugue\bwv_846\Shi05M.mid,asap_metadata_performance,658,72,940,0.94,80,1975,1.975,117823,117.823,12,0.012,127,117823.0,117.823,127,117826.0,117.826,127,117829.0,117.829,127,117832.0,117.832,Bach/Fugue/bwv_846/Shi05M.mid,Bach,Fugue_bwv_846,Bach/Fugue/bwv_846
C:\Users\eagle\MARG_research\third_party\PianistTransformer\data\midis\asap-dataset-master\Bach\Fugue\bwv_846\Shi05M.mid,asap_metadata_performance,659,48,12,0.012,65,626,0.626,117835,117.835,0,0.0,127,117835.0,117.835,127,117835.0,117.835,127,117835.0,117.835,127,117835.0,117.835,Bach/Fugue/bwv_846/Shi05M.mid,Bach,Fugue_bwv_846,Bach/Fugue/bwv_846
C:\Users\eagle\MARG_research\third_party\PianistTransformer\data\midis\asap-dataset-master\Bach\Fugue\bwv_846\Shi05M.mid,asap_metadata_performance,660,64,0,0.0,66,2091,2.091,117835,117.835,1053,1.053,127,117835.0,117.835,0,118098.25,118.09825,127,118361.5,118.3615,127,118624.75,118.62475,Bach/Fugue/bwv_846/Shi05M.mid,Bach,Fugue_bwv_846,Bach/Fugue/bwv_846
C:\Users\eagle\MARG_research\third_party\PianistTransformer\data\midis\asap-dataset-master\Bach\Fugue\bwv_846\Shi05M.mid,asap_metadata_performance,661,69,1053,1.053,49,1509,1.509,118888,118.888,1,0.001,127,118888.0,118.888,127,118888.25,118.88825,127,118888.5,118.8885,127,118888.75,118.88875,Bach/Fugue/bwv_846/Shi05M.mid,Bach,Fugue_bwv_846,Bach/Fugue/bwv_846
C:\Users\eagle\MARG_research\third_party\PianistTransformer\data\midis\asap-dataset-master\Bach\Fugue\bwv_846\Shi05M.mid,asap_metadata_performance,662,48,1,0.001,55,4999,4.999,118889,118.889,724,0.724,127,118889.0,118.889,94,119070.0,119.07,88,119251.0,119.251,85,119432.0,119.432,Bach/Fugue/bwv_846/Shi05M.mid,Bach,Fugue_bwv_846,Bach/Fugue/bwv_846
C:\Users\eagle\MARG_research\third_party\PianistTransformer\data\midis\asap-dataset-master\Bach\Fugue\bwv_846\Shi05M.mid,asap_metadata_performance,663,50,724,0.724,61,793,0.793,119613,119.613,17,0.017,78,119613.0,119.613,78,119617.25,119.61725,78,119621.5,119.6215,78,119625.75,119.62575,Bach/Fugue/bwv_846/Shi05M.mid,Bach,Fugue_bwv_846,Bach/Fugue/bwv_846
C:\Users\eagle\MARG_research\third_party\PianistTransformer\data\midis\asap-dataset-master\Bach\Fugue\bwv_846\Shi05M.mid,asap_metadata_performance,664,71,17,0.017,50,1038,1.038,119630,119.63,675,0.675,78,119630.0,119.63,64,119798.75,119.79875,58,119967.5,119.9675,56,120136.25,120.13625,Bach/Fugue/bwv_846/Shi05M.mid,Bach,Fugue_bwv_846,Bach/Fugue/bwv_846
C:\Users\eagle\MARG_research\third_party\PianistTransformer\data\midis\asap-dataset-master\Bach\Fugue\bwv_846\Shi05M.mid,asap_metadata_performance,665,52,675,0.675,67,799,0.799,120305,120.305,15,0.015,54,120305.0,120.305,54,120308.75,120.30875,54,120312.5,120.3125,54,120316.25,120.31625,Bach/Fugue/bwv_846/Shi05M.mid,Bach,Fugue_bwv_846,Bach/Fugue/bwv_846
C:\Users\eagle\MARG_research\third_party\PianistTransformer\data\midis\asap-dataset-master\Bach\Fugue\bwv_846\Shi05M.mid,asap_metadata_performance,666,70,15,0.015,60,754,0.754,120320,120.32,7,0.007,54,120320.0,120.32,54,120321.75,120.32175,54,120323.5,120.3235,54,120325.25,120.32525,Bach/Fugue/bwv_846/Shi05M.mid,Bach,Fugue_bwv_846,Bach/Fugue/bwv_846
C:\Users\eagle\MARG_research\third_party\PianistTransformer\data\midis\asap-dataset-master\Bach\Fugue\bwv_846\Shi05M.mid,asap_metadata_performance,667,67,7,0.007,41,1656,1.656,120327,120.327,677,0.677,54,120327.0,120.327,53,120496.25,120.49625,53,120665.5,120.6655,53,120834.75,120.83475,Bach/Fugue/bwv_846/Shi05M.mid,Bach,Fugue_bwv_846,Bach/Fugue/bwv_846
C:\Users\eagle\MARG_research\third_party\PianistTransformer\data\midis\asap-dataset-master\Bach\Fugue\bwv_846\Shi05M.mid,asap_metadata_performance,668,53,677,0.677,66,1035,1.035,121004,121.004,14,0.014,53,121004.0,121.004,53,121007.5,121.0075,53,121011.0,121.011,53,121014.5,121.0145,Bach/Fugue/bwv_846/Shi05M.mid,Bach,Fugue_bwv_846,Bach/Fugue/bwv_846
C:\Users\eagle\MARG_research\third_party\PianistTransformer\data\midis\asap-dataset-master\Bach\Fugue\bwv_846\Shi05M.mid,asap_metadata_performance,669,69,14,0.014,51,1387,1.387,121018,121.018,711,0.711,53,121018.0,121.018,51,121195.75,121.19575,51,121373.5,121.3735,51,121551.25,121.55125,Bach/Fugue/bwv_846/Shi05M.mid,Bach,Fugue_bwv_846,Bach/Fugue/bwv_846
C:\Users\eagle\MARG_research\third_party\PianistTransformer\data\midis\asap-dataset-master\Bach\Fugue\bwv_846\Shi05M.mid,asap_metadata_performance,670,65,711,0.711,60,850,0.85,121729,121.729,7,0.007,51,121729.0,121.729,51,121730.75,121.73075,51,121732.5,121.7325,51,121734.25,121.73425,Bach/Fugue/bwv_846/Shi05M.mid,Bach,Fugue_bwv_846,Bach/Fugue/bwv_846
C:\Users\eagle\MARG_research\third_party\PianistTransformer\data\midis\asap-dataset-master\Bach\Fugue\bwv_846\Shi05M.mid,asap_metadata_performance,671,74,7,0.007,55,1432,1.432,121736,121.736,321,0.321,51,121736.0,121.736,51,121816.25,121.81625,51,121896.5,121.8965,51,121976.75,121.97675,Bach/Fugue/bwv_846/Shi05M.mid,Bach,Fugue_bwv_846,Bach/Fugue/bwv_846
C:\Users\eagle\MARG_research\third_party\PianistTransformer\data\midis\asap-dataset-master\Bach\Fugue\bwv_846\Shi05M.mid,asap_metadata_performance,672,55,321,0.321,54,357,0.357,122057,122.057,159,0.159,51,122057.0,122.057,51,122096.75,122.09675,51,122136.5,122.1365,51,122176.25,122.17625,Bach/Fugue/bwv_846/Shi05M.mid,Bach,Fugue_bwv_846,Bach/Fugue/bwv_846
C:\Users\eagle\MARG_research\third_party\PianistTransformer\data\midis\asap-dataset-master\Bach\Fugue\bwv_846\Shi05M.mid,asap_metadata_performance,673,53,159,0.159,59,277,0.277,122216,122.216,152,0.152,51,122216.0,122.216,51,122254.0,122.254,51,122292.0,122.292,51,122330.0,122.33,Bach/Fugue/bwv_846/Shi05M.mid,Bach,Fugue_bwv_846,Bach/Fugue/bwv_846
C:\Users\eagle\MARG_research\third_party\PianistTransformer\data\midis\asap-dataset-master\Bach\Fugue\bwv_846\Shi05M.mid,asap_metadata_performance,674,67,152,0.152,71,710,0.71,122368,122.368,27,0.027,51,122368.0,122.368,51,122374.75,122.37475,51,122381.5,122.3815,51,122388.25,122.38825,Bach/Fugue/bwv_846/Shi05M.mid,Bach,Fugue_bwv_846,Bach/Fugue/bwv_846
C:\Users\eagle\MARG_research\third_party\PianistTransformer\data\midis\asap-dataset-master\Bach\Fugue\bwv_846\Shi05M.mid,asap_metadata_performance,675,52,27,0.027,52,769,0.769,122395,122.395,622,0.622,51,122395.0,122.395,51,122550.5,122.5505,51,122706.0,122.706,51,122861.5,122.8615,Bach/Fugue/bwv_846/Shi05M.mid,Bach,Fugue_bwv_846,Bach/Fugue/bwv_846
C:\Users\eagle\MARG_research\third_party\PianistTransformer\data\midis\asap-dataset-master\Bach\Fugue\bwv_846\Shi05M.mid,asap_metadata_performance,676,69,622,0.622,67,782,0.782,123017,123.017,5,0.005,51,123017.0,123.017,51,123018.25,123.01825,51,123019.5,123.0195,51,123020.75,123.02075,Bach/Fugue/bwv_846/Shi05M.mid,Bach,Fugue_bwv_846,Bach/Fugue/bwv_846
C:\Users\eagle\MARG_research\third_party\PianistTransformer\data\midis\asap-dataset-master\Bach\Fugue\bwv_846\Shi05M.mid,asap_metadata_performance,677,72,5,0.005,68,774,0.774,123022,123.022,16,0.016,51,123022.0,123.022,51,123026.0,123.026,51,123030.0,123.03,51,123034.0,123.034,Bach/Fugue/bwv_846/Shi05M.mid,Bach,Fugue_bwv_846,Bach/Fugue/bwv_846
C:\Users\eagle\MARG_research\third_party\PianistTransformer\data\midis\asap-dataset-master\Bach\Fugue\bwv_846\Shi05M.mid,asap_metadata_performance,678,57,16,0.016,48,880,0.88,123038,123.038,685,0.685,51,123038.0,123.038,50,123209.25,123.20925,49,123380.5,123.3805,49,123551.75,123.55175,Bach/Fugue/bwv_846/Shi05M.mid,Bach,Fugue_bwv_846,Bach/Fugue/bwv_846
C:\Users\eagle\MARG_research\third_party\PianistTransformer\data\midis\asap-dataset-master\Bach\Fugue\bwv_846\Shi05M.mid,asap_metadata_performance,679,74,685,0.685,62,712,0.712,123723,123.723,2,0.002,49,123723.0,123.723,49,123723.5,123.7235,49,123724.0,123.724,49,123724.5,123.7245,Bach/Fugue/bwv_846/Shi05M.mid,Bach,Fugue_bwv_846,Bach/Fugue/bwv_846
C:\Users\eagle\MARG_research\third_party\PianistTransformer\data\midis\asap-dataset-master\Bach\Fugue\bwv_846\Shi05M.mid,asap_metadata_performance,680,70,2,0.002,63,1029,1.029,123725,123.725,11,0.011,49,123725.0,123.725,49,123727.75,123.72775,49,123730.5,123.7305,49,123733.25,123.73325,Bach/Fugue/bwv_846/Shi05M.mid,Bach,Fugue_bwv_846,Bach/Fugue/bwv_846
C:\Users\eagle\MARG_research\third_party\PianistTransformer\data\midis\asap-dataset-master\Bach\Fugue\bwv_846\Shi05M.mid,asap_metadata_performance,681,50,11,0.011,44,881,0.881,123736,123.736,690,0.69,49,123736.0,123.736,49,123908.5,123.9085,49,124081.0,124.081,49,124253.5,124.2535,Bach/Fugue/bwv_846/Shi05M.mid,Bach,Fugue_bwv_846,Bach/Fugue/bwv_846
C:\Users\eagle\MARG_research\third_party\PianistTransformer\data\midis\asap-dataset-master\Bach\Fugue\bwv_846\Shi05M.mid,asap_metadata_performance,682,55,690,0.69,55,1014,1.014,124426,124.426,4,0.004,49,124426.0,124.426,49,124427.0,124.427,49,124428.0,124.428,49,124429.0,124.429,Bach/Fugue/bwv_846/Shi05M.mid,Bach,Fugue_bwv_846,Bach/Fugue/bwv_846
C:\Users\eagle\MARG_research\third_party\PianistTransformer\data\midis\asap-dataset-master\Bach\Fugue\bwv_846\Shi05M.mid,asap_metadata_performance,683,76,4,0.004,58,695,0.695,124430,124.43,327,0.327,49,124430.0,124.43,49,124511.75,124.51175,49,124593.5,124.5935,52,124675.25,124.67525,Bach/Fugue/bwv_846/Shi05M.mid,Bach,Fugue_bwv_846,Bach/Fugue/bwv_846
C:\Users\eagle\MARG_research\third_party\PianistTransformer\data\midis\asap-dataset-master\Bach\Fugue\bwv_846\Shi05M.mid,asap_metadata_performance,684,72,327,0.327,54,127,0.127,124757,124.757,145,0.145,64,124757.0,124.757,65,124793.25,124.79325,66,124829.5,124.8295,66,124865.75,124.86575,Bach/Fugue/bwv_846/Shi05M.mid,Bach,Fugue_bwv_846,Bach/Fugue/bwv_846
C:\Users\eagle\MARG_research\third_party\PianistTransformer\data\midis\asap-dataset-master\Bach\Fugue\bwv_846\Shi05M.mid,asap_metadata_performance,685,70,145,0.145,72,214,0.214,124902,124.902,151,0.151,66,124902.0,124.902,65,124939.75,124.93975,63,124977.5,124.9775,62,125015.25,125.01525,Bach/Fugue/bwv_846/Shi05M.mid,Bach,Fugue_bwv_846,Bach/Fugue/bwv_846
C:\Users\eagle\MARG_research\third_party\PianistTransformer\data\midis\asap-dataset-master\Bach\Fugue\bwv_846\Shi05M.mid,asap_metadata_performance,686,77,151,0.151,66,1568,1.568,125053,125.053,7,0.007,61,125053.0,125.053,61,125054.75,125.05475,61,125056.5,125.0565,61,125058.25,125.05825,Bach/Fugue/bwv_846/Shi05M.mid,Bach,Fugue_bwv_846,Bach/Fugue/bwv_846
C:\Users\eagle\MARG_research\third_party\PianistTransformer\data\midis\asap-dataset-master\Bach\Fugue\bwv_846\Shi05M.mid,asap_metadata_performance,687,69,7,0.007,66,894,0.894,125060,125.06,311,0.311,61,125060.0,125.06,58,125137.75,125.13775,57,125215.5,125.2155,57,125293.25,125.29325,Bach/Fugue/bwv_846/Shi05M.mid,Bach,Fugue_bwv_846,Bach/Fugue/bwv_846
C:\Users\eagle\MARG_research\third_party\PianistTransformer\data\midis\asap-dataset-master\Bach\Fugue\bwv_846\Shi05M.mid,asap_metadata_performance,688,57,311,0.311,55,331,0.331,125371,125.371,300,0.3,56,125371.0,125.371,55,125446.0,125.446,55,125521.0,125.521,55,125596.0,125.596,Bach/Fugue/bwv_846/Shi05M.mid,Bach,Fugue_bwv_846,Bach/Fugue/bwv_846
C:\Users\eagle\MARG_research\third_party\PianistTransformer\data\midis\asap-dataset-master\Bach\Fugue\bwv_846\Shi05M.mid,asap_metadata_performance,689,74,300,0.3,73,914,0.914,125671,125.671,19,0.019,55,125671.0,125.671,55,125675.75,125.67575,55,125680.5,125.6805,55,125685.25,125.68525,Bach/Fugue/bwv_846/Shi05M.mid,Bach,Fugue_bwv_846,Bach/Fugue/bwv_846
C:\Users\eagle\MARG_research\third_party\PianistTransformer\data\midis\asap-dataset-master\Bach\Fugue\bwv_846\Shi05M.mid,asap_metadata_performance,690,55,19,0.019,47,386,0.386,125690,125.69,303,0.303,55,125690.0,125.69,55,125765.75,125.76575,56,125841.5,125.8415,56,125917.25,125.91725,Bach/Fugue/bwv_846/Shi05M.mid,Bach,Fugue_bwv_846,Bach/Fugue/bwv_846
C:\Users\eagle\MARG_research\third_party\PianistTransformer\data\midis\asap-dataset-master\Bach\Fugue\bwv_846\Shi05M.mid,asap_metadata_performance,691,53,303,0.303,51,370,0.37,125993,125.993,305,0.305,57,125993.0,125.993,58,126069.25,126.06925,60,126145.5,126.1455,60,126221.75,126.22175,Bach/Fugue/bwv_846/Shi05M.mid,Bach,Fugue_bwv_846,Bach/Fugue/bwv_846
C:\Users\eagle\MARG_research\third_party\PianistTransformer\data\midis\asap-dataset-master\Bach\Fugue\bwv_846\Shi05M.mid,asap_metadata_performance,692,67,305,0.305,73,238,0.238,126298,126.298,20,0.02,61,126298.0,126.298,62,126303.0,126.303,62,126308.0,126.308,62,126313.0,126.313,Bach/Fugue/bwv_846/Shi05M.mid,Bach,Fugue_bwv_846,Bach/Fugue/bwv_846
C:\Users\eagle\MARG_research\third_party\PianistTransformer\data\midis\asap-dataset-master\Bach\Fugue\bwv_846\Shi05M.mid,asap_metadata_performance,693,52,20,0.02,47,337,0.337,126318,126.318,308,0.308,62,126318.0,126.318,84,126395.0,126.395,127,126472.0,126.472,127,126549.0,126.549,Bach/Fugue/bwv_846/Shi05M.mid,Bach,Fugue_bwv_846,Bach/Fugue/bwv_846
C:\Users\eagle\MARG_research\third_party\PianistTransformer\data\midis\asap-dataset-master\Bach\Fugue\bwv_846\Shi05M.mid,asap_metadata_performance,694,81,308,0.308,63,584,0.584,126626,126.626,20,0.02,127,126626.0,126.626,127,126631.0,126.631,127,126636.0,126.636,127,126641.0,126.641,Bach/Fugue/bwv_846/Shi05M.mid,Bach,Fugue_bwv_846,Bach/Fugue/bwv_846
C:\Users\eagle\MARG_research\third_party\PianistTransformer\data\midis\asap-dataset-master\Bach\Fugue\bwv_846\Shi05M.mid,asap_metadata_performance,695,50,20,0.02,48,514,0.514,126646,126.646,324,0.324,127,126646.0,126.646,127,126727.0,126.727,127,126808.0,126.808,127,126889.0,126.889,Bach/Fugue/bwv_846/Shi05M.mid,Bach,Fugue_bwv_846,Bach/Fugue/bwv_846
C:\Users\eagle\MARG_research\third_party\PianistTransformer\data\midis\asap-dataset-master\Bach\Fugue\bwv_846\Shi05M.mid,asap_metadata_performance,696,79,324,0.324,68,415,0.415,126970,126.97,4,0.004,107,126970.0,126.97,107,126971.0,126.971,107,126972.0,126.972,102,126973.0,126.973,Bach/Fugue/bwv_846/Shi05M.mid,Bach,Fugue_bwv_846,Bach/Fugue/bwv_846
C:\Users\eagle\MARG_research\third_party\PianistTransformer\data\midis\asap-dataset-master\Bach\Fugue\bwv_846\Shi05M.mid,asap_metadata_performance,697,72,4,0.004,67,1142,1.142,126974,126.974,9,0.009,102,126974.0,126.974,102,126976.25,126.97625,102,126978.5,126.9785,102,126980.75,126.98075,Bach/Fugue/bwv_846/Shi05M.mid,Bach,Fugue_bwv_846,Bach/Fugue/bwv_846
C:\Users\eagle\MARG_research\third_party\PianistTransformer\data\midis\asap-dataset-master\Bach\Fugue\bwv_846\Shi05M.mid,asap_metadata_performance,698,52,9,0.009,50,402,0.402,126983,126.983,340,0.34,102,126983.0,126.983,86,127068.0,127.068,66,127153.0,127.153,52,127238.0,127.238,Bach/Fugue/bwv_846/Shi05M.mid,Bach,Fugue_bwv_846,Bach/Fugue/bwv_846
C:\Users\eagle\MARG_research\third_party\PianistTransformer\data\midis\asap-dataset-master\Bach\Fugue\bwv_846\Shi05M.mid,asap_metadata_performance,699,77,340,0.34,58,406,0.406,127323,127.323,13,0.013,50,127323.0,127.323,50,127326.25,127.32625,50,127329.5,127.3295,50,127332.75,127.33275,Bach/Fugue/bwv_846/Shi05M.mid,Bach,Fugue_bwv_846,Bach/Fugue/bwv_846
C:\Users\eagle\MARG_research\third_party\PianistTransformer\data\midis\asap-dataset-master\Bach\Fugue\bwv_846\Shi05M.mid,asap_metadata_performance,700,53,13,0.013,49,346,0.346,127336,127.336,342,0.342,50,127336.0,127.336,49,127421.5,127.4215,49,127507.0,127.507,49,127592.5,127.5925,Bach/Fugue/bwv_846/Shi05M.mid,Bach,Fugue_bwv_846,Bach/Fugue/bwv_846
C:\Users\eagle\MARG_research\third_party\PianistTransformer\data\midis\asap-dataset-master\Bach\Fugue\bwv_846\Shi05M.mid,asap_metadata_performance,701,76,342,0.342,65,482,0.482,127678,127.678,2,0.002,49,127678.0,127.678,49,127678.5,127.6785,49,127679.0,127.679,49,127679.5,127.6795,Bach/Fugue/bwv_846/Shi05M.mid,Bach,Fugue_bwv_846,Bach/Fugue/bwv_846
C:\Users\eagle\MARG_research\third_party\PianistTransformer\data\midis\asap-dataset-master\Bach\Fugue\bwv_846\Shi05M.mid,asap_metadata_performance,702,55,2,0.002,49,389,0.389,127680,127.68,328,0.328,49,127680.0,127.68,49,127762.0,127.762,49,127844.0,127.844,49,127926.0,127.926,Bach/Fugue/bwv_846/Shi05M.mid,Bach,Fugue_bwv_846,Bach/Fugue/bwv_846
C:\Users\eagle\MARG_research\third_party\PianistTransformer\data\midis\asap-dataset-master\Bach\Fugue\bwv_846\Shi05M.mid,asap_metadata_performance,703,74,328,0.328,63,415,0.415,128008,128.008,0,0.0,49,128008.0,128.008,49,128008.0,128.008,49,128008.0,128.008,49,128008.0,128.008,Bach/Fugue/bwv_846/Shi05M.mid,Bach,Fugue_bwv_846,Bach/Fugue/bwv_846
C:\Users\eagle\MARG_research\third_party\PianistTransformer\data\midis\asap-dataset-master\Bach\Fugue\bwv_846\Shi05M.mid,asap_metadata_performance,704,77,0,0.0,62,403,0.403,128008,128.008,22,0.022,49,128008.0,128.008,49,128013.5,128.0135,49,128019.0,128.019,49,128024.5,128.0245,Bach/Fugue/bwv_846/Shi05M.mid,Bach,Fugue_bwv_846,Bach/Fugue/bwv_846
C:\Users\eagle\MARG_research\third_party\PianistTransformer\data\midis\asap-dataset-master\Bach\Fugue\bwv_846\Shi05M.mid,asap_metadata_performance,705,57,22,0.022,46,417,0.417,128030,128.03,323,0.323,49,128030.0,128.03,49,128110.75,128.11075,49,128191.5,128.1915,49,128272.25,128.27225,Bach/Fugue/bwv_846/Shi05M.mid,Bach,Fugue_bwv_846,Bach/Fugue/bwv_846
C:\Users\eagle\MARG_research\third_party\PianistTransformer\data\midis\asap-dataset-master\Bach\Fugue\bwv_846\Shi05M.mid,asap_metadata_performance,706,76,323,0.323,71,598,0.598,128353,128.353,10,0.01,49,128353.0,128.353,49,128355.5,128.3555,49,128358.0,128.358,49,128360.5,128.3605,Bach/Fugue/bwv_846/Shi05M.mid,Bach,Fugue_bwv_846,Bach/Fugue/bwv_846
C:\Users\eagle\MARG_research\third_party\PianistTransformer\data\midis\asap-dataset-master\Bach\Fugue\bwv_846\Shi05M.mid,asap_metadata_performance,707,58,10,0.01,58,516,0.516,128363,128.363,7,0.007,49,128363.0,128.363,49,128364.75,128.36475,49,128366.5,128.3665,49,128368.25,128.36825,Bach/Fugue/bwv_846/Shi05M.mid,Bach,Fugue_bwv_846,Bach/Fugue/bwv_846
C:\Users\eagle\MARG_research\third_party\PianistTransformer\data\midis\asap-dataset-master\Bach\Fugue\bwv_846\Shi05M.mid,asap_metadata_performance,708,72,7,0.007,61,394,0.394,128370,128.37,345,0.345,49,128370.0,128.37,50,128456.25,128.45625,53,128542.5,128.5425,56,128628.75,128.62875,Bach/Fugue/bwv_846/Shi05M.mid,Bach,Fugue_bwv_846,Bach/Fugue/bwv_846
C:\Users\eagle\MARG_research\third_party\PianistTransformer\data\midis\asap-dataset-master\Bach\Fugue\bwv_846\Shi05M.mid,asap_metadata_performance,709,55,345,0.345,60,548,0.548,128715,128.715,0,0.0,60,128715.0,128.715,60,128715.0,128.715,60,128715.0,128.715,60,128715.0,128.715,Bach/Fugue/bwv_846/Shi05M.mid,Bach,Fugue_bwv_846,Bach/Fugue/bwv_846
C:\Users\eagle\MARG_research\third_party\PianistTransformer\data\midis\asap-dataset-master\Bach\Fugue\bwv_846\Shi05M.mid,asap_metadata_performance,710,74,0,0.0,71,544,0.544,128715,128.715,8,0.008,60,128715.0,128.715,61,128717.0,128.717,61,128719.0,128.719,61,128721.0,128.721,Bach/Fugue/bwv_846/Shi05M.mid,Bach,Fugue_bwv_846,Bach/Fugue/bwv_846
C:\Users\eagle\MARG_research\third_party\PianistTransformer\data\midis\asap-dataset-master\Bach\Fugue\bwv_846\Shi05M.mid,asap_metadata_performance,711,70,8,0.008,62,573,0.573,128723,128.723,418,0.418,61,128723.0,128.723,76,128827.5,128.8275,105,128932.0,128.932,113,129036.5,129.0365,Bach/Fugue/bwv_846/Shi05M.mid,Bach,Fugue_bwv_846,Bach/Fugue/bwv_846
C:\Users\eagle\MARG_research\third_party\PianistTransformer\data\midis\asap-dataset-master\Bach\Fugue\bwv_846\Shi05M.mid,asap_metadata_performance,712,72,418,0.418,71,3804,3.804,129141,129.141,6,0.006,101,129141.0,129.141,101,129142.5,129.1425,101,129144.0,129.144,101,129145.5,129.1455,Bach/Fugue/bwv_846/Shi05M.mid,Bach,Fugue_bwv_846,Bach/Fugue/bwv_846
C:\Users\eagle\MARG_research\third_party\PianistTransformer\data\midis\asap-dataset-master\Bach\Fugue\bwv_846\Shi05M.mid,asap_metadata_performance,713,48,6,0.006,55,4999,4.999,129147,129.147,3,0.003,101,129147.0,129.147,101,129147.75,129.14775,101,129148.5,129.1485,101,129149.25,129.14925,Bach/Fugue/bwv_846/Shi05M.mid,Bach,Fugue_bwv_846,Bach/Fugue/bwv_846
C:\Users\eagle\MARG_research\third_party\PianistTransformer\data\midis\asap-dataset-master\Bach\Fugue\bwv_846\Shi05M.mid,asap_metadata_performance,714,57,3,0.003,64,1295,1.295,129150,129.15,4,0.004,101,129150.0,129.15,98,129151.0,129.151,98,129152.0,129.152,98,129153.0,129.153,Bach/Fugue/bwv_846/Shi05M.mid,Bach,Fugue_bwv_846,Bach/Fugue/bwv_846
C:\Users\eagle\MARG_research\third_party\PianistTransformer\data\midis\asap-dataset-master\Bach\Fugue\bwv_846\Shi05M.mid,asap_metadata_performance,715,69,4,0.004,50,591,0.591,129154,129.154,467,0.467,98,129154.0,129.154,78,129270.75,129.27075,56,129387.5,129.3875,52,129504.25,129.50425,Bach/Fugue/bwv_846/Shi05M.mid,Bach,Fugue_bwv_846,Bach/Fugue/bwv_846
C:\Users\eagle\MARG_research\third_party\PianistTransformer\data\midis\asap-dataset-master\Bach\Fugue\bwv_846\Shi05M.mid,asap_metadata_performance,716,70,467,0.467,70,477,0.477,129621,129.621,7,0.007,52,129621.0,129.621,52,129622.75,129.62275,52,129624.5,129.6245,52,129626.25,129.62625,Bach/Fugue/bwv_846/Shi05M.mid,Bach,Fugue_bwv_846,Bach/Fugue/bwv_846
C:\Users\eagle\MARG_research\third_party\PianistTransformer\data\midis\asap-dataset-master\Bach\Fugue\bwv_846\Shi05M.mid,asap_metadata_performance,717,52,7,0.007,56,554,0.554,129628,129.628,389,0.389,52,129628.0,129.628,52,129725.25,129.72525,52,129822.5,129.8225,52,129919.75,129.91975,Bach/Fugue/bwv_846/Shi05M.mid,Bach,Fugue_bwv_846,Bach/Fugue/bwv_846
C:\Users\eagle\MARG_research\third_party\PianistTransformer\data\midis\asap-dataset-master\Bach\Fugue\bwv_846\Shi05M.mid,asap_metadata_performance,718,69,389,0.389,69,424,0.424,130017,130.017,3,0.003,52,130017.0,130.017,52,130017.75,130.01775,52,130018.5,130.0185,52,130019.25,130.01925,Bach/Fugue/bwv_846/Shi05M.mid,Bach,Fugue_bwv_846,Bach/Fugue/bwv_846
C:\Users\eagle\MARG_research\third_party\PianistTransformer\data\midis\asap-dataset-master\Bach\Fugue\bwv_846\Shi05M.mid,asap_metadata_performance,719,53,3,0.003,61,558,0.558,130020,130.02,363,0.363,52,130020.0,130.02,52,130110.75,130.11075,52,130201.5,130.2015,52,130292.25,130.29225,Bach/Fugue/bwv_846/Shi05M.mid,Bach,Fugue_bwv_846,Bach/Fugue/bwv_846
C:\Users\eagle\MARG_research\third_party\PianistTransformer\data\midis\asap-dataset-master\Bach\Fugue\bwv_846\Shi05M.mid,asap_metadata_performance,720,67,363,0.363,70,437,0.437,130383,130.383,5,0.005,52,130383.0,130.383,52,130384.25,130.38425,52,130385.5,130.3855,52,130386.75,130.38675,Bach/Fugue/bwv_846/Shi05M.mid,Bach,Fugue_bwv_846,Bach/Fugue/bwv_846
C:\Users\eagle\MARG_research\third_party\PianistTransformer\data\midis\asap-dataset-master\Bach\Fugue\bwv_846\Shi05M.mid,asap_metadata_performance,721,55,5,0.005,64,477,0.477,130388,130.388,328,0.328,52,130388.0,130.388,52,130470.0,130.47,52,130552.0,130.552,52,130634.0,130.634,Bach/Fugue/bwv_846/Shi05M.mid,Bach,Fugue_bwv_846,Bach/Fugue/bwv_846
C:\Users\eagle\MARG_research\third_party\PianistTransformer\data\midis\asap-dataset-master\Bach\Fugue\bwv_846\Shi05M.mid,asap_metadata_performance,722,65,328,0.328,65,479,0.479,130716,130.716,5,0.005,52,130716.0,130.716,52,130717.25,130.71725,52,130718.5,130.7185,52,130719.75,130.71975,Bach/Fugue/bwv_846/Shi05M.mid,Bach,Fugue_bwv_846,Bach/Fugue/bwv_846
C:\Users\eagle\MARG_research\third_party\PianistTransformer\data\midis\asap-dataset-master\Bach\Fugue\bwv_846\Shi05M.mid,asap_metadata_performance,723,57,5,0.005,62,491,0.491,130721,130.721,362,0.362,52,130721.0,130.721,52,130811.5,130.8115,52,130902.0,130.902,52,130992.5,130.9925,Bach/Fugue/bwv_846/Shi05M.mid,Bach,Fugue_bwv_846,Bach/Fugue/bwv_846
C:\Users\eagle\MARG_research\third_party\PianistTransformer\data\midis\asap-dataset-master\Bach\Fugue\bwv_846\Shi05M.mid,asap_metadata_performance,724,59,362,0.362,68,486,0.486,131083,131.083,6,0.006,52,131083.0,131.083,52,131084.5,131.0845,52,131086.0,131.086,52,131087.5,131.0875,Bach/Fugue/bwv_846/Shi05M.mid,Bach,Fugue_bwv_846,Bach/Fugue/bwv_846
C:\Users\eagle\MARG_research\third_party\PianistTransformer\data\midis\asap-dataset-master\Bach\Fugue\bwv_846\Shi05M.mid,asap_metadata_performance,725,67,6,0.006,59,520,0.52,131089,131.089,391,0.391,52,131089.0,131.089,52,131186.75,131.18675,52,131284.5,131.2845,52,131382.25,131.38225,Bach/Fugue/bwv_846/Shi05M.mid,Bach,Fugue_bwv_846,Bach/Fugue/bwv_846
C:\Users\eagle\MARG_research\third_party\PianistTransformer\data\midis\asap-dataset-master\Bach\Fugue\bwv_846\Shi05M.mid,asap_metadata_performance,726,60,391,0.391,63,588,0.588,131480,131.48,4,0.004,52,131480.0,131.48,52,131481.0,131.481,52,131482.0,131.482,52,131483.0,131.483,Bach/Fugue/bwv_846/Shi05M.mid,Bach,Fugue_bwv_846,Bach/Fugue/bwv_846
C:\Users\eagle\MARG_research\third_party\PianistTransformer\data\midis\asap-dataset-master\Bach\Fugue\bwv_846\Shi05M.mid,asap_metadata_performance,727,65,4,0.004,61,526,0.526,131484,131.484,431,0.431,52,131484.0,131.484,52,131591.75,131.59175,52,131699.5,131.6995,52,131807.25,131.80725,Bach/Fugue/bwv_846/Shi05M.mid,Bach,Fugue_bwv_846,Bach/Fugue/bwv_846
C:\Users\eagle\MARG_research\third_party\PianistTransformer\data\midis\asap-dataset-master\Bach\Fugue\bwv_846\Shi05M.mid,asap_metadata_performance,728,57,431,0.431,62,713,0.713,131915,131.915,21,0.021,52,131915.0,131.915,52,131920.25,131.92025,52,131925.5,131.9255,52,131930.75,131.93075,Bach/Fugue/bwv_846/Shi05M.mid,Bach,Fugue_bwv_846,Bach/Fugue/bwv_846
C:\Users\eagle\MARG_research\third_party\PianistTransformer\data\midis\asap-dataset-master\Bach\Fugue\bwv_846\Shi05M.mid,asap_metadata_performance,729,64,21,0.021,51,676,0.676,131936,131.936,551,0.551,52,131936.0,131.936,52,132073.75,132.07375,52,132211.5,132.2115,52,132349.25,132.34925,Bach/Fugue/bwv_846/Shi05M.mid,Bach,Fugue_bwv_846,Bach/Fugue/bwv_846
C:\Users\eagle\MARG_research\third_party\PianistTransformer\data\midis\asap-dataset-master\Bach\Fugue\bwv_846\Shi05M.mid,asap_metadata_performance,730,62,551,0.551,66,3171,3.171,132487,132.487,3,0.003,52,132487.0,132.487,52,132487.75,132.48775,52,132488.5,132.4885,52,132489.25,132.48925,Bach/Fugue/bwv_846/Shi05M.mid,Bach,Fugue_bwv_846,Bach/Fugue/bwv_846
C:\Users\eagle\MARG_research\third_party\PianistTransformer\data\midis\asap-dataset-master\Bach\Fugue\bwv_846\Shi05M.mid,asap_metadata_performance,731,59,3,0.003,60,3747,3.747,132490,132.49,626,0.626,52,132490.0,132.49,52,132646.5,132.6465,52,132803.0,132.803,51,132959.5,132.9595,Bach/Fugue/bwv_846/Shi05M.mid,Bach,Fugue_bwv_846,Bach/Fugue/bwv_846
C:\Users\eagle\MARG_research\third_party\PianistTransformer\data\midis\asap-dataset-master\Bach\Fugue\bwv_846\Shi05M.mid,asap_metadata_performance,732,67,626,0.626,56,264,0.264,133116,133.116,220,0.22,51,133116.0,133.116,51,133171.0,133.171,51,133226.0,133.226,51,133281.0,133.281,Bach/Fugue/bwv_846/Shi05M.mid,Bach,Fugue_bwv_846,Bach/Fugue/bwv_846
C:\Users\eagle\MARG_research\third_party\PianistTransformer\data\midis\asap-dataset-master\Bach\Fugue\bwv_846\Shi05M.mid,asap_metadata_performance,733,69,220,0.22,63,254,0.254,133336,133.336,198,0.198,51,133336.0,133.336,51,133385.5,133.3855,51,133435.0,133.435,51,133484.5,133.4845,Bach/Fugue/bwv_846/Shi05M.mid,Bach,Fugue_bwv_846,Bach/Fugue/bwv_846
C:\Users\eagle\MARG_research\third_party\PianistTransformer\data\midis\asap-dataset-master\Bach\Fugue\bwv_846\Shi05M.mid,asap_metadata_performance,734,71,198,0.198,65,428,0.428,133534,133.534,383,0.383,51,133534.0,133.534,50,133629.75,133.62975,50,133725.5,133.7255,49,133821.25,133.82125,Bach/Fugue/bwv_846/Shi05M.mid,Bach,Fugue_bwv_846,Bach/Fugue/bwv_846
C:\Users\eagle\MARG_research\third_party\PianistTransformer\data\midis\asap-dataset-master\Bach\Fugue\bwv_846\Shi05M.mid,asap_metadata_performance,735,72,383,0.383,67,424,0.424,133917,133.917,380,0.38,48,133917.0,133.917,47,134012.0,134.012,46,134107.0,134.107,45,134202.0,134.202,Bach/Fugue/bwv_846/Shi05M.mid,Bach,Fugue_bwv_846,Bach/Fugue/bwv_846
C:\Users\eagle\MARG_research\third_party\PianistTransformer\data\midis\asap-dataset-master\Bach\Fugue\bwv_846\Shi05M.mid,asap_metadata_performance,736,74,380,0.38,69,439,0.439,134297,134.297,376,0.376,44,134297.0,134.297,43,134391.0,134.391,43,134485.0,134.485,43,134579.0,134.579,Bach/Fugue/bwv_846/Shi05M.mid,Bach,Fugue_bwv_846,Bach/Fugue/bwv_846
C:\Users\eagle\MARG_research\third_party\PianistTransformer\data\midis\asap-dataset-master\Bach\Fugue\bwv_846\Shi05M.mid,asap_metadata_performance,737,76,376,0.376,69,430,0.43,134673,134.673,399,0.399,43,134673.0,134.673,43,134772.75,134.77275,43,134872.5,134.8725,43,134972.25,134.97225,Bach/Fugue/bwv_846/Shi05M.mid,Bach,Fugue_bwv_846,Bach/Fugue/bwv_846
C:\Users\eagle\MARG_research\third_party\PianistTransformer\data\midis\asap-dataset-master\Bach\Fugue\bwv_846\Shi05M.mid,asap_metadata_performance,738,77,399,0.399,58,1705,1.705,135072,135.072,436,0.436,43,135072.0,135.072,46,135181.0,135.181,50,135290.0,135.29,59,135399.0,135.399,Bach/Fugue/bwv_846/Shi05M.mid,Bach,Fugue_bwv_846,Bach/Fugue/bwv_846
C:\Users\eagle\MARG_research\third_party\PianistTransformer\data\midis\asap-dataset-master\Bach\Fugue\bwv_846\Shi05M.mid,asap_metadata_performance,739,67,436,0.436,59,569,0.569,135508,135.508,540,0.54,69,135508.0,135.508,97,135643.0,135.643,100,135778.0,135.778,100,135913.0,135.913,Bach/Fugue/bwv_846/Shi05M.mid,Bach,Fugue_bwv_846,Bach/Fugue/bwv_846
C:\Users\eagle\MARG_research\third_party\PianistTransformer\data\midis\asap-dataset-master\Bach\Fugue\bwv_846\Shi05M.mid,asap_metadata_performance,740,69,540,0.54,57,2156,2.156,136048,136.048,8,0.008,89,136048.0,136.048,89,136050.0,136.05,89,136052.0,136.052,88,136054.0,136.054,Bach/Fugue/bwv_846/Shi05M.mid,Bach,Fugue_bwv_846,Bach/Fugue/bwv_846
C:\Users\eagle\MARG_research\third_party\PianistTransformer\data\midis\asap-dataset-master\Bach\Fugue\bwv_846\Shi05M.mid,asap_metadata_performance,741,60,8,0.008,41,4999,4.999,136056,136.056,18,0.018,88,136056.0,136.056,88,136060.5,136.0605,88,136065.0,136.065,88,136069.5,136.0695,Bach/Fugue/bwv_846/Shi05M.mid,Bach,Fugue_bwv_846,Bach/Fugue/bwv_846
C:\Users\eagle\MARG_research\third_party\PianistTransformer\data\midis\asap-dataset-master\Bach\Fugue\bwv_846\Shi05M.mid,asap_metadata_performance,742,48,18,0.018,36,4999,4.999,136074,136.074,317,0.317,86,136074.0,136.074,78,136153.25,136.15325,73,136232.5,136.2325,68,136311.75,136.31175,Bach/Fugue/bwv_846/Shi05M.mid,Bach,Fugue_bwv_846,Bach/Fugue/bwv_846
C:\Users\eagle\MARG_research\third_party\PianistTransformer\data\midis\asap-dataset-master\Bach\Fugue\bwv_846\Shi05M.mid,asap_metadata_performance,743,72,317,0.317,55,394,0.394,136391,136.391,250,0.25,63,136391.0,136.391,61,136453.5,136.4535,58,136516.0,136.516,57,136578.5,136.5785,Bach/Fugue/bwv_846/Shi05M.mid,Bach,Fugue_bwv_846,Bach/Fugue/bwv_846
C:\Users\eagle\MARG_research\third_party\PianistTransformer\data\midis\asap-dataset-master\Bach\Fugue\bwv_846\Shi05M.mid,asap_metadata_performance,744,74,250,0.25,56,265,0.265,136641,136.641,229,0.229,54,136641.0,136.641,53,136698.25,136.69825,53,136755.5,136.7555,51,136812.75,136.81275,Bach/Fugue/bwv_846/Shi05M.mid,Bach,Fugue_bwv_846,Bach/Fugue/bwv_846
C:\Users\eagle\MARG_research\third_party\PianistTransformer\data\midis\asap-dataset-master\Bach\Fugue\bwv_846\Shi05M.mid,asap_metadata_performance,745,76,229,0.229,57,284,0.284,136870,136.87,258,0.258,50,136870.0,136.87,50,136934.5,136.9345,49,136999.0,136.999,49,137063.5,137.0635,Bach/Fugue/bwv_846/Shi05M.mid,Bach,Fugue_bwv_846,Bach/Fugue/bwv_846
C:\Users\eagle\MARG_research\third_party\PianistTransformer\data\midis\asap-dataset-master\Bach\Fugue\bwv_846\Shi05M.mid,asap_metadata_performance,746,77,258,0.258,56,470,0.47,137128,137.128,436,0.436,48,137128.0,137.128,47,137237.0,137.237,47,137346.0,137.346,47,137455.0,137.455,Bach/Fugue/bwv_846/Shi05M.mid,Bach,Fugue_bwv_846,Bach/Fugue/bwv_846
C:\Users\eagle\MARG_research\third_party\PianistTransformer\data\midis\asap-dataset-master\Bach\Fugue\bwv_846\Shi05M.mid,asap_metadata_performance,747,79,436,0.436,60,513,0.513,137564,137.564,453,0.453,47,137564.0,137.564,46,137677.25,137.67725,46,137790.5,137.7905,46,137903.75,137.90375,Bach/Fugue/bwv_846/Shi05M.mid,Bach,Fugue_bwv_846,Bach/Fugue/bwv_846
C:\Users\eagle\MARG_research\third_party\PianistTransformer\data\midis\asap-dataset-master\Bach\Fugue\bwv_846\Shi05M.mid,asap_metadata_performance,748,81,453,0.453,63,1857,1.857,138017,138.017,523,0.523,46,138017.0,138.017,46,138147.75,138.14775,46,138278.5,138.2785,46,138409.25,138.40925,Bach/Fugue/bwv_846/Shi05M.mid,Bach,Fugue_bwv_846,Bach/Fugue/bwv_846
C:\Users\eagle\MARG_research\third_party\PianistTransformer\data\midis\asap-dataset-master\Bach\Fugue\bwv_846\Shi05M.mid,asap_metadata_performance,749,77,523,0.523,50,608,0.608,138540,138.54,589,0.589,46,138540.0,138.54,46,138687.25,138.68725,46,138834.5,138.8345,46,138981.75,138.98175,Bach/Fugue/bwv_846/Shi05M.mid,Bach,Fugue_bwv_846,Bach/Fugue/bwv_846
C:\Users\eagle\MARG_research\third_party\PianistTransformer\data\midis\asap-dataset-master\Bach\Fugue\bwv_846\Shi05M.mid,asap_metadata_performance,750,74,589,0.589,47,1057,1.057,139129,139.129,680,0.68,46,139129.0,139.129,46,139299.0,139.299,46,139469.0,139.469,46,139639.0,139.639,Bach/Fugue/bwv_846/Shi05M.mid,Bach,Fugue_bwv_846,Bach/Fugue/bwv_846
C:\Users\eagle\MARG_research\third_party\PianistTransformer\data\midis\asap-dataset-master\Bach\Fugue\bwv_846\Shi05M.mid,asap_metadata_performance,751,83,680,0.68,65,1184,1.184,139809,139.809,1058,1.058,48,139809.0,139.809,118,140073.5,140.0735,127,140338.0,140.338,127,140602.5,140.6025,Bach/Fugue/bwv_846/Shi05M.mid,Bach,Fugue_bwv_846,Bach/Fugue/bwv_846
C:\Users\eagle\MARG_research\third_party\PianistTransformer\data\midis\asap-dataset-master\Bach\Fugue\bwv_846\Shi05M.mid,asap_metadata_performance,752,84,1058,1.058,47,3634,3.634,140867,140.867,18,0.018,127,140867.0,140.867,127,140871.5,140.8715,127,140876.0,140.876,127,140880.5,140.8805,Bach/Fugue/bwv_846/Shi05M.mid,Bach,Fugue_bwv_846,Bach/Fugue/bwv_846
C:\Users\eagle\MARG_research\third_party\PianistTransformer\data\midis\asap-dataset-master\Bach\Fugue\bwv_846\Shi05M.mid,asap_metadata_performance,753,76,18,0.018,35,1999,1.999,140885,140.885,4990,4.99,127,140885.0,140.885,127,142132.5,142.1325,127,143380.0,143.38,83,144627.5,144.6275,Bach/Fugue/bwv_846/Shi05M.mid,Bach,Fugue_bwv_846,Bach/Fugue/bwv_846
