metadata_index,composer,title,piece_id,performance_path,split,has_raw_cc64,has_intermediate_pedal,num_raw_cc64_events,num_pedal_intermediate,num_normalized_notes
0,Bach,Fugue_bwv_846,piece_95144f66af25b32c,Bach/Fugue/bwv_846/Shi05M.mid,train,True,True,2428,1655,754
1,Bach,Fugue_bwv_848,piece_03244c28858cefca,Bach/Fugue/bwv_848/Denisova06M.mid,train,True,True,22,37,1435
2,Bach,Fugue_bwv_848,piece_03244c28858cefca,Bach/Fugue/bwv_848/Lee01M.mid,train,True,True,697,3093,1438
3,Bach,Fugue_bwv_848,piece_03244c28858cefca,Bach/Fugue/bwv_848/LeeSH01M.mid,train,True,True,748,443,1429
4,Bach,Fugue_bwv_848,piece_03244c28858cefca,Bach/Fugue/bwv_848/Lin04M.mid,train,True,True,143,161,1431
5,Bach,Fugue_bwv_848,piece_03244c28858cefca,Bach/Fugue/bwv_848/Lou01M.mid,train,True,True,659,2974,1433
6,Bach,Fugue_bwv_848,piece_03244c28858cefca,Bach/Fugue/bwv_848/MiyashitaM01M.mid,train,True,True,485,5266,1438
7,Bach,Fugue_bwv_848,piece_03244c28858cefca,Bach/Fugue/bwv_848/Mizumoto03M.mid,train,True,True,124,88,1440
8,Bach,Fugue_bwv_848,piece_03244c28858cefca,Bach/Fugue/bwv_848/SunY01M.mid,train,True,True,689,1350,1431
9,Bach,Fugue_bwv_848,piece_03244c28858cefca,Bach/Fugue/bwv_848/Zhou01M.mid,train,True,True,102,40,1430
10,Bach,Fugue_bwv_854,piece_800604c74ef8b5c9,Bach/Fugue/bwv_854/LuA01M.mid,test,True,True,34,2,739
11,Bach,Fugue_bwv_854,piece_800604c74ef8b5c9,Bach/Fugue/bwv_854/MiyashitaM01M.mid,test,True,True,254,224,738
12,Bach,Fugue_bwv_854,piece_800604c74ef8b5c9,Bach/Fugue/bwv_854/Ozaki01M.mid,test,True,True,135,97,734
13,Bach,Fugue_bwv_854,piece_800604c74ef8b5c9,Bach/Fugue/bwv_854/Richardson01M.mid,test,True,True,86,73,738
14,Bach,Fugue_bwv_854,piece_800604c74ef8b5c9,Bach/Fugue/bwv_854/WangA01M.mid,test,True,True,17,15,736
15,Bach,Fugue_bwv_856,piece_9c4cbf5a26ef339d,Bach/Fugue/bwv_856/LuoJ01M.mid,train,True,True,28,2953,740
16,Bach,Fugue_bwv_857,piece_ab87564eee000628,Bach/Fugue/bwv_857/Bult-ItoS02M.mid,train,True,True,5154,4876,1400
17,Bach,Fugue_bwv_857,piece_ab87564eee000628,Bach/Fugue/bwv_857/Lan01M.mid,train,True,True,157,5387,1353
18,Bach,Fugue_bwv_857,piece_ab87564eee000628,Bach/Fugue/bwv_857/Lisiecki04M.mid,train,True,True,107,86,1345
19,Bach,Fugue_bwv_857,piece_ab87564eee000628,Bach/Fugue/bwv_857/ToA01M.mid,train,True,True,5690,3917,1361
20,Bach,Fugue_bwv_857,piece_ab87564eee000628,Bach/Fugue/bwv_857/WangA01M.mid,train,True,True,2805,2212,1340
21,Bach,Fugue_bwv_857,piece_ab87564eee000628,Bach/Fugue/bwv_857/YuP01M.mid,train,True,True,2174,1883,1358
22,Bach,Fugue_bwv_858,piece_8d6589d771d00836,Bach/Fugue/bwv_858/VuV01M.mid,train,True,True,662,450,875
23,Bach,Fugue_bwv_858,piece_8d6589d771d00836,Bach/Fugue/bwv_858/Zhang01M.mid,train,False,False,0,0,888
24,Bach,Fugue_bwv_860,piece_ab33880c0bc19a7a,Bach/Fugue/bwv_860/Ko04M.mid,train,True,True,1089,974,1739
25,Bach,Fugue_bwv_860,piece_ab33880c0bc19a7a,Bach/Fugue/bwv_860/Nikiforov05M.mid,train,True,True,2319,4736,1750
26,Bach,Fugue_bwv_860,piece_ab33880c0bc19a7a,Bach/Fugue/bwv_860/Tetzloff04M.mid,train,True,True,1759,2008,1766
27,Bach,Fugue_bwv_860,piece_ab33880c0bc19a7a,Bach/Fugue/bwv_860/TuanS01M.mid,train,True,True,321,219,1740
28,Bach,Fugue_bwv_860,piece_ab33880c0bc19a7a,Bach/Fugue/bwv_860/YoungS01M.mid,train,True,True,456,476,1762
29,Bach,Fugue_bwv_860,piece_ab33880c0bc19a7a,Bach/Fugue/bwv_860/ZhangH04M.mid,train,False,False,0,0,1744
30,Bach,Fugue_bwv_862,piece_8b760d5e59bd8897,Bach/Fugue/bwv_862/Song04M.mid,train,True,True,2794,3014,868
31,Bach,Fugue_bwv_863,piece_023ccee6f631dbef,Bach/Fugue/bwv_863/LeeN01M.mid,train,True,True,1639,932,792
32,Bach,Fugue_bwv_863,piece_023ccee6f631dbef,Bach/Fugue/bwv_863/Shychko01M.mid,train,True,True,1579,2801,799
33,Bach,Fugue_bwv_863,piece_023ccee6f631dbef,Bach/Fugue/bwv_863/TongB01M.mid,train,True,True,4618,2985,803
34,Bach,Fugue_bwv_864,piece_8ced86fd9478a1c7,Bach/Fugue/bwv_864/SunD01M.mid,test,True,True,756,2609,1188
35,Bach,Fugue_bwv_865,piece_34e87ec013c87f4e,Bach/Fugue/bwv_865/Rizikov01M.mid,train,True,True,5131,8085,2398
36,Bach,Fugue_bwv_865,piece_34e87ec013c87f4e,Bach/Fugue/bwv_865/Teo01M.mid,train,True,True,2374,2504,2456
37,Bach,Fugue_bwv_865,piece_34e87ec013c87f4e,Bach/Fugue/bwv_865/ZhangE01M.mid,train,True,True,1494,1107,2402
38,Bach,Fugue_bwv_866,piece_ff5b87b8e13622db,Bach/Fugue/bwv_866/SOLOM02.mid,train,True,True,239,169,946
39,Bach,Fugue_bwv_867,piece_182456f2214312df,Bach/Fugue/bwv_867/HuNY01M.mid,train,True,True,1939,1048,747
40,Bach,Fugue_bwv_867,piece_182456f2214312df,Bach/Fugue/bwv_867/Sham01M.mid,train,True,True,993,1462,739
41,Bach,Fugue_bwv_868,piece_b7d3ae5b13624524,Bach/Fugue/bwv_868/GonzalezJ05M.mid,train,True,True,1376,806,872
42,Bach,Fugue_bwv_870,piece_a4ad7b65a28a3523,Bach/Fugue/bwv_870/ChenW01M.mid,train,False,False,0,0,1070
43,Bach,Fugue_bwv_870,piece_a4ad7b65a28a3523,Bach/Fugue/bwv_870/LeeE01M.mid,train,True,True,295,4140,1049
44,Bach,Fugue_bwv_870,piece_a4ad7b65a28a3523,Bach/Fugue/bwv_870/MaximovI01M.mid,train,True,True,80,32,1092
45,Bach,Fugue_bwv_873,piece_e75a4fd92837f60c,Bach/Fugue/bwv_873/Lisiecki02.mid,train,True,True,593,682,1385
46,Bach,Fugue_bwv_873,piece_e75a4fd92837f60c,Bach/Fugue/bwv_873/Lisiecki13M.mid,train,True,True,350,397,1380
47,Bach,Fugue_bwv_874,piece_fb58ccb173903f1f,Bach/Fugue/bwv_874/BianF01.mid,train,True,True,4973,2692,867
48,Bach,Fugue_bwv_874,piece_fb58ccb173903f1f,Bach/Fugue/bwv_874/Kurz01M.mid,train,True,True,2825,3391,872
49,Bach,Fugue_bwv_874,piece_fb58ccb173903f1f,Bach/Fugue/bwv_874/WongWY01M.mid,train,True,True,3649,2761,867
50,Bach,Fugue_bwv_875,piece_8288aa3742885356,Bach/Fugue/bwv_875/Ahfat01M.mid,train,True,True,1596,3065,806
51,Bach,Fugue_bwv_875,piece_8288aa3742885356,Bach/Fugue/bwv_875/CaoJ01M.mid,train,True,True,31,23,799
52,Bach,Fugue_bwv_876,piece_a167685be68feec2,Bach/Fugue/bwv_876/SirajA01M.mid,train,True,True,1759,1250,691
53,Bach,Fugue_bwv_876,piece_a167685be68feec2,Bach/Fugue/bwv_876/Song01M.mid,train,True,True,469,2766,704
54,Bach,Fugue_bwv_880,piece_26821ce443911314,Bach/Fugue/bwv_880/LeungR01M.mid,train,True,True,200,3498,984
55,Bach,Fugue_bwv_880,piece_26821ce443911314,Bach/Fugue/bwv_880/Sun02.mid,train,True,True,146,174,982
56,Bach,Fugue_bwv_880,piece_26821ce443911314,Bach/Fugue/bwv_880/WangA04M.mid,train,True,True,38,38,975
57,Bach,Fugue_bwv_883,piece_e31f4b9d7e471762,Bach/Fugue/bwv_883/GuoE01M.mid,train,True,True,9596,5596,1452
58,Bach,Fugue_bwv_883,piece_e31f4b9d7e471762,Bach/Fugue/bwv_883/Herbert02.mid,train,False,False,0,0,1450
59,Bach,Fugue_bwv_883,piece_e31f4b9d7e471762,Bach/Fugue/bwv_883/KaiRuiR03.mid,train,True,True,1286,4747,1466
60,Bach,Fugue_bwv_883,piece_e31f4b9d7e471762,Bach/Fugue/bwv_883/Khmara04.mid,train,True,True,13,5757,1443
61,Bach,Fugue_bwv_883,piece_e31f4b9d7e471762,Bach/Fugue/bwv_883/Lim01.mid,train,True,True,734,1516,1428
62,Bach,Fugue_bwv_883,piece_e31f4b9d7e471762,Bach/Fugue/bwv_883/LuM01M.mid,train,False,False,0,0,1544
63,Bach,Fugue_bwv_884,piece_b792afc2177b46e8,Bach/Fugue/bwv_884/LiA01M.mid,train,False,False,0,0,745
64,Bach,Fugue_bwv_885,piece_589f19bb9d7c23c3,Bach/Fugue/bwv_885/Chon02.mid,train,True,True,1492,2941,1642
65,Bach,Fugue_bwv_885,piece_589f19bb9d7c23c3,Bach/Fugue/bwv_885/Guo01M.mid,train,False,False,0,0,1676
66,Bach,Fugue_bwv_885,piece_589f19bb9d7c23c3,Bach/Fugue/bwv_885/Huang04M.mid,train,True,True,2128,2189,1659
67,Bach,Fugue_bwv_885,piece_589f19bb9d7c23c3,Bach/Fugue/bwv_885/JeonH01M.mid,train,True,True,600,435,1662
68,Bach,Fugue_bwv_885,piece_589f19bb9d7c23c3,Bach/Fugue/bwv_885/SINKEV01.mid,train,True,True,401,326,1664
69,Bach,Fugue_bwv_885,piece_589f19bb9d7c23c3,Bach/Fugue/bwv_885/SINKEV06.mid,train,True,True,643,600,1671
70,Bach,Fugue_bwv_887,piece_5a7ace9adaa1dfd9,Bach/Fugue/bwv_887/LiYZ01M.mid,train,True,True,5658,5459,1588
71,Bach,Fugue_bwv_888,piece_0965117795215b98,Bach/Fugue/bwv_888/ZhaoK01M.mid,train,True,True,521,2615,768
72,Bach,Fugue_bwv_889,piece_6502bfee44189192,Bach/Fugue/bwv_889/Giesbrecht01M.mid,train,True,True,133,16,838
73,Bach,Fugue_bwv_889,piece_6502bfee44189192,Bach/Fugue/bwv_889/LiuY01M.mid,train,True,True,224,167,848
74,Bach,Fugue_bwv_889,piece_6502bfee44189192,Bach/Fugue/bwv_889/MunA01M.mid,train,True,True,364,292,827
75,Bach,Fugue_bwv_889,piece_6502bfee44189192,Bach/Fugue/bwv_889/Wang01M.mid,train,True,True,698,1076,840
76,Bach,Fugue_bwv_889,piece_6502bfee44189192,Bach/Fugue/bwv_889/YangY02M.mid,train,True,True,871,1546,849
77,Bach,Fugue_bwv_889,piece_6502bfee44189192,Bach/Fugue/bwv_889/ZhangW02M.mid,train,True,True,603,669,830
78,Bach,Fugue_bwv_891,piece_aa9d4c56d26cf629,Bach/Fugue/bwv_891/Duepree06M.mid,train,True,True,3616,2186,1760
79,Bach,Fugue_bwv_892,piece_b0f1ce4a73c5ca06,Bach/Fugue/bwv_892/Hou01M.mid,train,True,True,2970,2800,1305
80,Bach,Fugue_bwv_892,piece_b0f1ce4a73c5ca06,Bach/Fugue/bwv_892/KabuliL01M.mid,train,True,True,3729,4227,1310
81,Bach,Fugue_bwv_893,piece_85123a55f4260879,Bach/Fugue/bwv_893/Kleisen04M.mid,train,True,True,48,31,992
82,Bach,Fugue_bwv_893,piece_85123a55f4260879,Bach/Fugue/bwv_893/Levitsky04M.mid,train,True,True,289,245,1020
83,Bach,Fugue_bwv_893,piece_85123a55f4260879,Bach/Fugue/bwv_893/Wong01M.mid,train,True,True,324,322,1031
84,Bach,Italian_concerto,piece_e3df22220b5af81c,Bach/Italian_concerto/KyykhynenT03.mid,test,True,True,4612,2028,1221
85,Bach,Italian_concerto,piece_e3df22220b5af81c,Bach/Italian_concerto/LeeN07.mid,test,True,True,5070,2314,1196
86,Bach,Italian_concerto,piece_e3df22220b5af81c,Bach/Italian_concerto/TanakaM03.mid,test,True,True,5203,3964,1171
87,Bach,Prelude_bwv_846,piece_a848e78b0704b4b6,Bach/Prelude/bwv_846/Shi05M.mid,train,True,True,2235,799,548
88,Bach,Prelude_bwv_848,piece_9d7bcecc3238b291,Bach/Prelude/bwv_848/Denisova06M.mid,train,False,False,0,0,811
89,Bach,Prelude_bwv_848,piece_9d7bcecc3238b291,Bach/Prelude/bwv_848/Lee01M.mid,train,True,True,233,970,816
90,Bach,Prelude_bwv_848,piece_9d7bcecc3238b291,Bach/Prelude/bwv_848/LeeSH01M.mid,train,True,True,181,79,810
91,Bach,Prelude_bwv_848,piece_9d7bcecc3238b291,Bach/Prelude/bwv_848/Lin04M.mid,train,True,True,23,3,810
92,Bach,Prelude_bwv_848,piece_9d7bcecc3238b291,Bach/Prelude/bwv_848/Lou01M.mid,train,True,True,37,21,810
93,Bach,Prelude_bwv_848,piece_9d7bcecc3238b291,Bach/Prelude/bwv_848/MiyashitaM01M.mid,train,True,True,299,2793,811
94,Bach,Prelude_bwv_848,piece_9d7bcecc3238b291,Bach/Prelude/bwv_848/Mizumoto03M.mid,train,True,False,8,0,806
95,Bach,Prelude_bwv_848,piece_9d7bcecc3238b291,Bach/Prelude/bwv_848/SunY01M.mid,train,True,True,161,120,811
96,Bach,Prelude_bwv_848,piece_9d7bcecc3238b291,Bach/Prelude/bwv_848/Zhou01M.mid,train,False,False,0,0,808
97,Bach,Prelude_bwv_854,piece_0526ae12a699b81e,Bach/Prelude/bwv_854/LuA01M.mid,train,True,True,631,390,459
98,Bach,Prelude_bwv_854,piece_0526ae12a699b81e,Bach/Prelude/bwv_854/MiyashitaM01M.mid,train,True,True,1143,607,444
99,Bach,Prelude_bwv_854,piece_0526ae12a699b81e,Bach/Prelude/bwv_854/Ozaki01M.mid,train,True,True,889,839,443
100,Bach,Prelude_bwv_854,piece_0526ae12a699b81e,Bach/Prelude/bwv_854/Richardson01M.mid,train,True,True,447,291,444
101,Bach,Prelude_bwv_854,piece_0526ae12a699b81e,Bach/Prelude/bwv_854/WangA01M.mid,train,True,True,202,81,465
102,Bach,Prelude_bwv_856,piece_f10784ae79f0f210,Bach/Prelude/bwv_856/LuoJ01M.mid,validation,True,True,130,3291,824
103,Bach,Prelude_bwv_857,piece_eab1e235ef128251,Bach/Prelude/bwv_857/Bult-ItoS02M.mid,train,True,True,2636,1854,549
104,Bach,Prelude_bwv_857,piece_eab1e235ef128251,Bach/Prelude/bwv_857/Lan01M.mid,train,False,False,0,0,566
105,Bach,Prelude_bwv_857,piece_eab1e235ef128251,Bach/Prelude/bwv_857/Lisiecki04M.mid,train,True,True,336,173,556
106,Bach,Prelude_bwv_857,piece_eab1e235ef128251,Bach/Prelude/bwv_857/ToA01M.mid,train,True,True,3326,1551,557
107,Bach,Prelude_bwv_857,piece_eab1e235ef128251,Bach/Prelude/bwv_857/WangA01M.mid,train,True,True,2224,1367,526
108,Bach,Prelude_bwv_857,piece_eab1e235ef128251,Bach/Prelude/bwv_857/YuP01M.mid,train,True,True,1116,447,559
109,Bach,Prelude_bwv_858,piece_f5bd27fe48f82236,Bach/Prelude/bwv_858/VuV01M.mid,train,True,True,400,555,439
110,Bach,Prelude_bwv_858,piece_f5bd27fe48f82236,Bach/Prelude/bwv_858/Zhang01M.mid,train,True,False,1,0,486
111,Bach,Prelude_bwv_860,piece_ef65dce01c893091,Bach/Prelude/bwv_860/Ko04M.mid,train,True,True,201,248,616
112,Bach,Prelude_bwv_860,piece_ef65dce01c893091,Bach/Prelude/bwv_860/Nikiforov05M.mid,train,True,True,1029,1976,608
113,Bach,Prelude_bwv_860,piece_ef65dce01c893091,Bach/Prelude/bwv_860/Tetzloff04M.mid,train,True,True,600,1203,612
114,Bach,Prelude_bwv_860,piece_ef65dce01c893091,Bach/Prelude/bwv_860/TuanS01M.mid,train,True,True,22,17,613
115,Bach,Prelude_bwv_860,piece_ef65dce01c893091,Bach/Prelude/bwv_860/YoungS01M.mid,train,True,False,35,0,611
116,Bach,Prelude_bwv_860,piece_ef65dce01c893091,Bach/Prelude/bwv_860/ZhangH04M.mid,train,False,False,0,0,608
117,Bach,Prelude_bwv_862,piece_08aa5ff2ada461e0,Bach/Prelude/bwv_862/Song04M.mid,validation,True,True,361,309,675
118,Bach,Prelude_bwv_863,piece_c264e274458a1714,Bach/Prelude/bwv_863/LeeN01M.mid,train,True,True,1518,1211,562
119,Bach,Prelude_bwv_863,piece_c264e274458a1714,Bach/Prelude/bwv_863/Shychko01M.mid,train,True,True,630,2198,564
120,Bach,Prelude_bwv_863,piece_c264e274458a1714,Bach/Prelude/bwv_863/TongB01M.mid,train,True,True,2487,2106,564
121,Bach,Prelude_bwv_864,piece_bdd86fc984899d67,Bach/Prelude/bwv_864/SunD01M.mid,train,True,True,25,3,611
122,Bach,Prelude_bwv_865,piece_38a113af790db2a7,Bach/Prelude/bwv_865/Rizikov01M.mid,train,True,True,443,1220,612
123,Bach,Prelude_bwv_865,piece_38a113af790db2a7,Bach/Prelude/bwv_865/Teo01M.mid,train,True,True,127,86,613
124,Bach,Prelude_bwv_865,piece_38a113af790db2a7,Bach/Prelude/bwv_865/ZhangE01M.mid,train,False,False,0,0,610
125,Bach,Prelude_bwv_866,piece_5196aba598cdc3c4,Bach/Prelude/bwv_866/SOLOM02.mid,train,True,True,629,840,638
126,Bach,Prelude_bwv_867,piece_721981e723677fdf,Bach/Prelude/bwv_867/HuNY01M.mid,train,True,True,2568,958,769
127,Bach,Prelude_bwv_867,piece_721981e723677fdf,Bach/Prelude/bwv_867/Sham01M.mid,train,True,True,2853,1578,777
128,Bach,Prelude_bwv_868,piece_cc89ac35b1d3db0b,Bach/Prelude/bwv_868/GonzalezJ05M.mid,train,True,True,377,257,414
129,Bach,Prelude_bwv_870,piece_89a66ae19d38ac8e,Bach/Prelude/bwv_870/ChenW01M.mid,train,True,False,1,0,834
130,Bach,Prelude_bwv_870,piece_89a66ae19d38ac8e,Bach/Prelude/bwv_870/LeeE01M.mid,train,True,True,1710,3163,834
131,Bach,Prelude_bwv_870,piece_89a66ae19d38ac8e,Bach/Prelude/bwv_870/MaximovI01M.mid,train,True,True,659,261,833
132,Bach,Prelude_bwv_873,piece_a802227bdc6de39c,Bach/Prelude/bwv_873/Lisiecki02.mid,train,True,True,495,420,1358
133,Bach,Prelude_bwv_873,piece_a802227bdc6de39c,Bach/Prelude/bwv_873/Lisiecki13M.mid,train,True,True,151,77,1358
134,Bach,Prelude_bwv_874,piece_1bf751cdcfa38025,Bach/Prelude/bwv_874/BianF01M.mid,train,True,True,985,4613,1574
135,Bach,Prelude_bwv_874,piece_1bf751cdcfa38025,Bach/Prelude/bwv_874/WongWY01M.mid,train,True,True,1645,1570,1551
136,Bach,Prelude_bwv_875,piece_da26157fa18b95cc,Bach/Prelude/bwv_875/Ahfat01M.mid,train,True,True,845,3077,1103
137,Bach,Prelude_bwv_875,piece_da26157fa18b95cc,Bach/Prelude/bwv_875/CaoJ01M.mid,train,True,True,67,56,1099
138,Bach,Prelude_bwv_875,piece_da26157fa18b95cc,Bach/Prelude/bwv_875/HONG04M.mid,train,True,True,254,305,1104
139,Bach,Prelude_bwv_876,piece_b442844984a51ea8,Bach/Prelude/bwv_876/SirajA01M.mid,train,True,True,465,412,920
140,Bach,Prelude_bwv_876,piece_b442844984a51ea8,Bach/Prelude/bwv_876/Song01M.mid,train,True,True,703,3489,924
141,Bach,Prelude_bwv_880,piece_305e11a6db1eaef8,Bach/Prelude/bwv_880/LeungR01M.mid,train,True,True,512,2129,1240
142,Bach,Prelude_bwv_880,piece_305e11a6db1eaef8,Bach/Prelude/bwv_880/Sun02.mid,train,True,True,3041,2894,1237
143,Bach,Prelude_bwv_880,piece_305e11a6db1eaef8,Bach/Prelude/bwv_880/WangA04M.mid,train,True,True,999,1252,1243
144,Bach,Prelude_bwv_883,piece_02a876a1cf6f3e0c,Bach/Prelude/bwv_883/GuoE01M.mid,train,True,True,5707,3387,892
145,Bach,Prelude_bwv_883,piece_02a876a1cf6f3e0c,Bach/Prelude/bwv_883/Lim01.mid,train,True,True,4531,3232,888
146,Bach,Prelude_bwv_883,piece_02a876a1cf6f3e0c,Bach/Prelude/bwv_883/LuM01M.mid,train,True,True,2873,2643,888
147,Bach,Prelude_bwv_884,piece_2986ab44da37ac61,Bach/Prelude/bwv_884/LiA01M.mid,train,True,True,28,13,908
148,Bach,Prelude_bwv_885,piece_faf1d1e3a08f3fed,Bach/Prelude/bwv_885/Chon02.mid,test,True,True,2819,1090,510
149,Bach,Prelude_bwv_885,piece_faf1d1e3a08f3fed,Bach/Prelude/bwv_885/Guo01M.mid,test,False,False,0,0,524
150,Bach,Prelude_bwv_885,piece_faf1d1e3a08f3fed,Bach/Prelude/bwv_885/Huang04M.mid,test,True,True,2901,1617,517
151,Bach,Prelude_bwv_885,piece_faf1d1e3a08f3fed,Bach/Prelude/bwv_885/JeonH01M.mid,test,True,True,3503,584,516
152,Bach,Prelude_bwv_885,piece_faf1d1e3a08f3fed,Bach/Prelude/bwv_885/SINKEV01.mid,test,True,True,2816,1350,523
153,Bach,Prelude_bwv_885,piece_faf1d1e3a08f3fed,Bach/Prelude/bwv_885/SINKEV06.mid,test,True,True,2624,1377,525
154,Bach,Prelude_bwv_887,piece_19d32d5104bdb3f5,Bach/Prelude/bwv_887/LiYZ01M.mid,train,True,True,550,5117,1305
155,Bach,Prelude_bwv_888,piece_b06ab236f236fd76,Bach/Prelude/bwv_888/ZhaoK01M.mid,validation,True,True,602,1392,681
156,Bach,Prelude_bwv_889,piece_8cbeceb9c3c3b799,Bach/Prelude/bwv_889/Giesbrecht01M.mid,train,True,True,1138,2861,785
157,Bach,Prelude_bwv_889,piece_8cbeceb9c3c3b799,Bach/Prelude/bwv_889/LiuY01M.mid,train,True,False,25,0,782
158,Bach,Prelude_bwv_889,piece_8cbeceb9c3c3b799,Bach/Prelude/bwv_889/MunA01M.mid,train,True,True,98,66,780
159,Bach,Prelude_bwv_889,piece_8cbeceb9c3c3b799,Bach/Prelude/bwv_889/Wang01M.mid,train,True,True,363,1914,786
160,Bach,Prelude_bwv_889,piece_8cbeceb9c3c3b799,Bach/Prelude/bwv_889/YangY02M.mid,train,True,True,332,853,789
161,Bach,Prelude_bwv_889,piece_8cbeceb9c3c3b799,Bach/Prelude/bwv_889/ZhangW02M.mid,train,True,True,512,457,795
162,Bach,Prelude_bwv_891,piece_32bc8070a1c0cc09,Bach/Prelude/bwv_891/BLINOV04M.mid,train,True,True,972,3691,1180
163,Bach,Prelude_bwv_891,piece_32bc8070a1c0cc09,Bach/Prelude/bwv_891/Duepree06M.mid,train,True,True,3196,2544,1185
164,Bach,Prelude_bwv_892,piece_92f8814503892be7,Bach/Prelude/bwv_892/Hou01M.mid,train,True,False,16,0,1084
165,Bach,Prelude_bwv_892,piece_92f8814503892be7,Bach/Prelude/bwv_892/KabuliL01M.mid,train,True,True,517,594,1086
166,Bach,Prelude_bwv_893,piece_e47353d532687127,Bach/Prelude/bwv_893/Kleisen04M.mid,train,True,True,258,164,876
167,Bach,Prelude_bwv_893,piece_e47353d532687127,Bach/Prelude/bwv_893/Levitsky04M.mid,train,True,True,750,499,885
168,Bach,Prelude_bwv_893,piece_e47353d532687127,Bach/Prelude/bwv_893/Wong01M.mid,train,True,True,199,100,895
169,Balakirev,Islamey,piece_b6676cf2a8d4bd71,Balakirev/Islamey/CHEN04.mid,train,True,True,5667,9121,8106
170,Balakirev,Islamey,piece_b6676cf2a8d4bd71,Balakirev/Islamey/CHEN10M.mid,train,True,True,6196,13201,7984
171,Balakirev,Islamey,piece_b6676cf2a8d4bd71,Balakirev/Islamey/Cho05.mid,train,True,True,4450,8790,8521
172,Balakirev,Islamey,piece_b6676cf2a8d4bd71,Balakirev/Islamey/Gorucan03.mid,train,True,True,7560,12241,8287
173,Balakirev,Islamey,piece_b6676cf2a8d4bd71,Balakirev/Islamey/Na04.mid,train,True,True,7870,11384,8397
174,Balakirev,Islamey,piece_b6676cf2a8d4bd71,Balakirev/Islamey/Na08M.mid,train,True,True,8244,13097,8357
175,Balakirev,Islamey,piece_b6676cf2a8d4bd71,Balakirev/Islamey/Shelest03.mid,train,True,True,6384,9272,8321
176,Balakirev,Islamey,piece_b6676cf2a8d4bd71,Balakirev/Islamey/Shi11.mid,train,True,True,6377,10681,8033
177,Balakirev,Islamey,piece_b6676cf2a8d4bd71,Balakirev/Islamey/Verbaite04.mid,train,True,True,8305,12901,8068
178,Balakirev,Islamey,piece_b6676cf2a8d4bd71,Balakirev/Islamey/Yi04M.mid,train,True,True,8531,12424,8168
179,Beethoven,Piano_Sonatas_1-1,piece_96bd9cccbf53f3a5,Beethoven/Piano_Sonatas/1-1/KimG01.mid,test,True,True,810,617,1692
180,Beethoven,Piano_Sonatas_10-1,piece_b800119a7cfd2f46,Beethoven/Piano_Sonatas/10-1/Hou02M.mid,train,True,True,4740,6248,2609
181,Beethoven,Piano_Sonatas_11-1,piece_271ea3c9aaf01d3f,Beethoven/Piano_Sonatas/11-1/Arciglione03.mid,train,True,True,5951,7204,3865
182,Beethoven,Piano_Sonatas_11-1,piece_271ea3c9aaf01d3f,Beethoven/Piano_Sonatas/11-1/DeTurck01.mid,train,True,True,6134,7179,3814
183,Beethoven,Piano_Sonatas_11-1,piece_271ea3c9aaf01d3f,Beethoven/Piano_Sonatas/11-1/LiC03M.mid,train,True,True,4086,6172,3811
184,Beethoven,Piano_Sonatas_11-1,piece_271ea3c9aaf01d3f,Beethoven/Piano_Sonatas/11-1/LiYZ03M.mid,train,True,True,4024,12631,3841
185,Beethoven,Piano_Sonatas_11-1,piece_271ea3c9aaf01d3f,Beethoven/Piano_Sonatas/11-1/MaximovI02M.mid,train,True,True,8771,4771,11586
186,Beethoven,Piano_Sonatas_11-1,piece_271ea3c9aaf01d3f,Beethoven/Piano_Sonatas/11-1/NAKAJI01.mid,train,True,True,4078,7225,3829
187,Beethoven,Piano_Sonatas_11-1,piece_271ea3c9aaf01d3f,Beethoven/Piano_Sonatas/11-1/ZhaoK02M.mid,train,True,True,3668,5319,3886
188,Beethoven,Piano_Sonatas_11-2,piece_79c73e4f09e76772,Beethoven/Piano_Sonatas/11-2/MaximovI04.mid,train,True,True,3809,1495,2176
189,Beethoven,Piano_Sonatas_11-3,piece_e8fdb300a2a179f1,Beethoven/Piano_Sonatas/11-3/MaximovI05.mid,train,True,True,1035,503,1954
190,Beethoven,Piano_Sonatas_12-1,piece_0aad834ae2799251,Beethoven/Piano_Sonatas/12-1/Garritson01.mid,train,True,True,9317,7028,3324
191,Beethoven,Piano_Sonatas_12-1,piece_0aad834ae2799251,Beethoven/Piano_Sonatas/12-1/Kleisen05M.mid,train,True,True,7860,7727,3194
192,Beethoven,Piano_Sonatas_12-1,piece_0aad834ae2799251,Beethoven/Piano_Sonatas/12-1/Zhao02.mid,train,True,True,11636,7574,3300
193,Beethoven,Piano_Sonatas_13-4,piece_5428e277d7c6a5e7,Beethoven/Piano_Sonatas/13-4/Taverna01.mid,train,True,True,4928,4421,4107
194,Beethoven,Piano_Sonatas_14-3,piece_4a64fd2a835a1f08,Beethoven/Piano_Sonatas/14-3/Meek03.mid,train,True,True,6432,8089,4912
195,Beethoven,Piano_Sonatas_15-1,piece_7161094b58a2576d,Beethoven/Piano_Sonatas/15-1/LEE_H01.mid,train,True,True,8784,12133,3921
196,Beethoven,Piano_Sonatas_15-1,piece_7161094b58a2576d,Beethoven/Piano_Sonatas/15-1/Sekino01.mid,train,True,True,8758,8385,3944
197,Beethoven,Piano_Sonatas_15-1,piece_7161094b58a2576d,Beethoven/Piano_Sonatas/15-1/ZhaoA02.mid,train,True,True,6879,4757,3917
198,Beethoven,Piano_Sonatas_15-4,piece_c7654541a76ac13c,Beethoven/Piano_Sonatas/15-4/Floril01.mid,train,True,True,4601,3670,2736
199,Beethoven,Piano_Sonatas_16-1,piece_5f492a2baed07330,Beethoven/Piano_Sonatas/16-1/BuiJL02M.mid,train,True,True,2461,2432,3264
200,Beethoven,Piano_Sonatas_16-1,piece_5f492a2baed07330,Beethoven/Piano_Sonatas/16-1/Khmara01.mid,train,True,True,2755,4670,3375
201,Beethoven,Piano_Sonatas_16-1,piece_5f492a2baed07330,Beethoven/Piano_Sonatas/16-1/Khmara05M.mid,train,True,True,1573,1833,3332
202,Beethoven,Piano_Sonatas_16-1,piece_5f492a2baed07330,Beethoven/Piano_Sonatas/16-1/LeeSH02M.mid,train,True,True,2283,2192,3370
203,Beethoven,Piano_Sonatas_16-1,piece_5f492a2baed07330,Beethoven/Piano_Sonatas/16-1/LuoJ03M.mid,train,True,True,3613,8755,3339
204,Beethoven,Piano_Sonatas_16-1,piece_5f492a2baed07330,Beethoven/Piano_Sonatas/16-1/Shybayeva02.mid,train,True,True,5970,7774,3403
205,Beethoven,Piano_Sonatas_16-1,piece_5f492a2baed07330,Beethoven/Piano_Sonatas/16-1/Woo01.mid,train,True,True,3007,6180,3378
206,Beethoven,Piano_Sonatas_16-1,piece_5f492a2baed07330,Beethoven/Piano_Sonatas/16-1/Woo05M.mid,train,True,True,1126,1080,3306
207,Beethoven,Piano_Sonatas_16-2,piece_f0d796ba087bed5c,Beethoven/Piano_Sonatas/16-2/LuoJ04M.mid,train,True,True,17364,16947,4614
208,Beethoven,Piano_Sonatas_17-1,piece_d9862bfa8cd94b62,Beethoven/Piano_Sonatas/17-1/KaszoS09M.mid,train,True,True,6590,4827,3922
209,Beethoven,Piano_Sonatas_17-1,piece_d9862bfa8cd94b62,Beethoven/Piano_Sonatas/17-1/Mordvinov02.mid,train,True,True,6813,7147,4018
210,Beethoven,Piano_Sonatas_17-1,piece_d9862bfa8cd94b62,Beethoven/Piano_Sonatas/17-1/Tuncali01.mid,train,True,True,6786,8430,3988
211,Beethoven,Piano_Sonatas_17-1,piece_d9862bfa8cd94b62,Beethoven/Piano_Sonatas/17-1/USHIKI05.mid,train,True,True,5109,11063,3837
212,Beethoven,Piano_Sonatas_17-1,piece_d9862bfa8cd94b62,Beethoven/Piano_Sonatas/17-1_no_repeat/Giesbrecht02.mid,train,True,True,3652,3676,2826
213,Beethoven,Piano_Sonatas_17-1,piece_d9862bfa8cd94b62,Beethoven/Piano_Sonatas/17-1_no_repeat/GuoE02M.mid,train,True,True,4400,4810,2787
214,Beethoven,Piano_Sonatas_17-1,piece_d9862bfa8cd94b62,Beethoven/Piano_Sonatas/17-1_no_repeat/HONG01.mid,train,True,True,3305,3921,2801
215,Beethoven,Piano_Sonatas_17-1,piece_d9862bfa8cd94b62,Beethoven/Piano_Sonatas/17-1_no_repeat/KabuliL02M.mid,train,True,True,4955,7187,2761
216,Beethoven,Piano_Sonatas_17-1,piece_d9862bfa8cd94b62,Beethoven/Piano_Sonatas/17-1_no_repeat/Lee02.mid,train,True,True,3027,4025,2891
217,Beethoven,Piano_Sonatas_17-1,piece_d9862bfa8cd94b62,Beethoven/Piano_Sonatas/17-1_no_repeat/Nedayvoda01.mid,train,True,True,5138,6367,2611
218,Beethoven,Piano_Sonatas_17-1,piece_d9862bfa8cd94b62,Beethoven/Piano_Sonatas/17-1_no_repeat/Richardson02M.mid,train,True,True,2606,3075,2804
219,Beethoven,Piano_Sonatas_17-1,piece_d9862bfa8cd94b62,Beethoven/Piano_Sonatas/17-1_no_repeat/Rizikov02.mid,train,True,True,7360,6445,2864
220,Beethoven,Piano_Sonatas_17-1,piece_d9862bfa8cd94b62,Beethoven/Piano_Sonatas/17-1_no_repeat/Song01.mid,train,True,True,5095,4462,2748
221,Beethoven,Piano_Sonatas_17-1,piece_d9862bfa8cd94b62,Beethoven/Piano_Sonatas/17-1_no_repeat/TuanS02M.mid,train,True,True,2717,2279,2831
222,Beethoven,Piano_Sonatas_17-1,piece_d9862bfa8cd94b62,Beethoven/Piano_Sonatas/17-1_no_repeat/WangH03M.mid,train,True,True,3562,2769,2822
223,Beethoven,Piano_Sonatas_17-2,piece_ea9d8e5e21894350,Beethoven/Piano_Sonatas/17-2/KaszoS10.mid,train,True,True,12215,4931,1967
224,Beethoven,Piano_Sonatas_17-2,piece_ea9d8e5e21894350,Beethoven/Piano_Sonatas/17-2/USHIKI05M.mid,train,True,True,5891,6611,1692
225,Beethoven,Piano_Sonatas_17-3,piece_fb04dc9ead3421a9,Beethoven/Piano_Sonatas/17-3/KaszoS11M.mid,train,True,True,7337,6463,4222
226,Beethoven,Piano_Sonatas_17-3,piece_fb04dc9ead3421a9,Beethoven/Piano_Sonatas/17-3/USHIKI05M.mid,train,True,True,5944,14135,4315
227,Beethoven,Piano_Sonatas_18-1,piece_5965641b3278d691,Beethoven/Piano_Sonatas/18-1/Avdeeva01.mid,train,True,True,4798,3375,3243
228,Beethoven,Piano_Sonatas_18-1,piece_5965641b3278d691,Beethoven/Piano_Sonatas/18-1/ChenGuang03M.mid,train,True,True,3498,2133,3264
229,Beethoven,Piano_Sonatas_18-1,piece_5965641b3278d691,Beethoven/Piano_Sonatas/18-1/KOLESO06M.mid,train,True,True,2916,3491,3319
230,Beethoven,Piano_Sonatas_18-1,piece_5965641b3278d691,Beethoven/Piano_Sonatas/18-1/LeungR02M.mid,train,True,True,2818,6157,3260
231,Beethoven,Piano_Sonatas_18-1,piece_5965641b3278d691,Beethoven/Piano_Sonatas/18-1/Levitsky01.mid,train,True,True,4379,8577,3220
232,Beethoven,Piano_Sonatas_18-1,piece_5965641b3278d691,Beethoven/Piano_Sonatas/18-1/Levitsky05M.mid,train,True,True,3009,2429,3239
233,Beethoven,Piano_Sonatas_18-1,piece_5965641b3278d691,Beethoven/Piano_Sonatas/18-1/Smirnov01.mid,train,True,True,4782,6774,3208
234,Beethoven,Piano_Sonatas_18-1,piece_5965641b3278d691,Beethoven/Piano_Sonatas/18-1/ZhangH01.mid,train,True,True,2572,6488,3212
235,Beethoven,Piano_Sonatas_18-1,piece_5965641b3278d691,Beethoven/Piano_Sonatas/18-1/ZhangH05M.mid,train,True,True,3267,2453,3213
236,Beethoven,Piano_Sonatas_18-2,piece_c0fbc2c272981adf,Beethoven/Piano_Sonatas/18-2/ChenGuang04.mid,train,True,True,1736,1293,3023
237,Beethoven,Piano_Sonatas_18-2,piece_c0fbc2c272981adf,Beethoven/Piano_Sonatas/18-2/Schmitt01.mid,train,True,True,2620,1694,2222
238,Beethoven,Piano_Sonatas_18-2,piece_c0fbc2c272981adf,Beethoven/Piano_Sonatas/18-2_no_repeat/KOLESO06.mid,train,True,True,43,43,2220
239,Beethoven,Piano_Sonatas_18-2,piece_c0fbc2c272981adf,Beethoven/Piano_Sonatas/18-2_no_repeat/Schmitt01.mid,train,True,True,2620,1694,2222
240,Beethoven,Piano_Sonatas_18-3,piece_62fdfb7c766ca29a,Beethoven/Piano_Sonatas/18-3/ChenGuang05.mid,train,True,True,3828,2286,1490
241,Beethoven,Piano_Sonatas_18-3,piece_62fdfb7c766ca29a,Beethoven/Piano_Sonatas/18-3/KOLESO06.mid,train,True,True,4940,4578,1273
242,Beethoven,Piano_Sonatas_18-4,piece_06a1725142cf8d67,Beethoven/Piano_Sonatas/18-4/ChenGuang06M.mid,train,True,True,2354,1955,3430
243,Beethoven,Piano_Sonatas_18-4,piece_06a1725142cf8d67,Beethoven/Piano_Sonatas/18-4/KOLESO06M.mid,train,True,True,1941,3538,3457
244,Beethoven,Piano_Sonatas_2-1,piece_51d2b7fd3b9c6059,Beethoven/Piano_Sonatas/2-1/Kochetkova01.mid,test,True,True,2408,2820,3069
245,Beethoven,Piano_Sonatas_2-1,piece_51d2b7fd3b9c6059,Beethoven/Piano_Sonatas/2-1/OUSSET01.mid,test,True,True,2168,3901,3062
246,Beethoven,Piano_Sonatas_2-1,piece_51d2b7fd3b9c6059,Beethoven/Piano_Sonatas/2-1/Yang02.mid,test,True,True,4284,5452,3050
247,Beethoven,Piano_Sonatas_21-1,piece_24fc2176320cbf55,Beethoven/Piano_Sonatas/21-1/HAGINO02.mid,train,True,True,8431,14111,8565
248,Beethoven,Piano_Sonatas_21-1,piece_24fc2176320cbf55,Beethoven/Piano_Sonatas/21-1/KaiRuiR02M.mid,train,True,True,9248,23866,8521
249,Beethoven,Piano_Sonatas_21-1,piece_24fc2176320cbf55,Beethoven/Piano_Sonatas/21-1/Sekino05M.mid,train,True,True,10360,19524,6586
250,Beethoven,Piano_Sonatas_21-1,piece_24fc2176320cbf55,Beethoven/Piano_Sonatas/21-1/YOO05.mid,train,True,True,5164,16514,6622
251,Beethoven,Piano_Sonatas_21-1,piece_24fc2176320cbf55,Beethoven/Piano_Sonatas/21-1_no_repeat/Dulu01.mid,train,True,True,11655,17567,6608
252,Beethoven,Piano_Sonatas_21-1,piece_24fc2176320cbf55,Beethoven/Piano_Sonatas/21-1_no_repeat/GonzalezJ06M.mid,train,True,True,3796,3829,6515
253,Beethoven,Piano_Sonatas_21-1,piece_24fc2176320cbf55,Beethoven/Piano_Sonatas/21-1_no_repeat/KimSY02M.mid,train,True,True,8196,7529,6604
254,Beethoven,Piano_Sonatas_21-1,piece_24fc2176320cbf55,Beethoven/Piano_Sonatas/21-1_no_repeat/Lariviere01.mid,train,True,True,6538,8787,6694
255,Beethoven,Piano_Sonatas_21-1,piece_24fc2176320cbf55,Beethoven/Piano_Sonatas/21-1_no_repeat/LeeN02M.mid,train,True,True,5858,6509,6615
256,Beethoven,Piano_Sonatas_21-1,piece_24fc2176320cbf55,Beethoven/Piano_Sonatas/21-1_no_repeat/MorozovS01.mid,train,True,True,9590,15144,6640
257,Beethoven,Piano_Sonatas_21-1,piece_24fc2176320cbf55,Beethoven/Piano_Sonatas/21-1_no_repeat/RichardsonC02M.mid,train,True,True,9773,19302,6670
258,Beethoven,Piano_Sonatas_21-1,piece_24fc2176320cbf55,Beethoven/Piano_Sonatas/21-1_no_repeat/SEBAST01.mid,train,True,True,8430,13783,6590
259,Beethoven,Piano_Sonatas_21-1,piece_24fc2176320cbf55,Beethoven/Piano_Sonatas/21-1_no_repeat/Seo01.mid,train,True,True,8303,10429,6659
260,Beethoven,Piano_Sonatas_21-1,piece_24fc2176320cbf55,Beethoven/Piano_Sonatas/21-1_no_repeat/Shi02.mid,train,True,True,5524,5676,6626
261,Beethoven,Piano_Sonatas_21-1,piece_24fc2176320cbf55,Beethoven/Piano_Sonatas/21-1_no_repeat/Shychko02M.mid,train,True,True,6628,16876,6626
262,Beethoven,Piano_Sonatas_21-1,piece_24fc2176320cbf55,Beethoven/Piano_Sonatas/21-1_no_repeat/Sladek02M.mid,train,True,True,9856,16781,6591
263,Beethoven,Piano_Sonatas_21-1,piece_24fc2176320cbf55,Beethoven/Piano_Sonatas/21-1_no_repeat/Song03M.mid,train,True,True,6703,20454,6624
264,Beethoven,Piano_Sonatas_21-1,piece_24fc2176320cbf55,Beethoven/Piano_Sonatas/21-1_no_repeat/SunY02M.mid,train,True,True,5154,4648,6604
265,Beethoven,Piano_Sonatas_21-1,piece_24fc2176320cbf55,Beethoven/Piano_Sonatas/21-1_no_repeat/Sychev01.mid,train,True,True,9934,17546,6581
266,Beethoven,Piano_Sonatas_21-1,piece_24fc2176320cbf55,Beethoven/Piano_Sonatas/21-1_no_repeat/Tetzloff01.mid,train,True,True,6600,9187,6576
267,Beethoven,Piano_Sonatas_21-1,piece_24fc2176320cbf55,Beethoven/Piano_Sonatas/21-1_no_repeat/Tetzloff05M.mid,train,True,True,7554,10031,6536
268,Beethoven,Piano_Sonatas_21-1,piece_24fc2176320cbf55,Beethoven/Piano_Sonatas/21-1_no_repeat/ToA02M.mid,train,True,True,6160,7370,6575
269,Beethoven,Piano_Sonatas_21-1,piece_24fc2176320cbf55,Beethoven/Piano_Sonatas/21-1_no_repeat/TongB03M.mid,train,True,True,10486,16660,6605
270,Beethoven,Piano_Sonatas_21-1,piece_24fc2176320cbf55,Beethoven/Piano_Sonatas/21-1_no_repeat/WangA02M.mid,train,True,True,4107,4057,6590
271,Beethoven,Piano_Sonatas_21-1,piece_24fc2176320cbf55,Beethoven/Piano_Sonatas/21-1_no_repeat/YeZ02M.mid,train,True,True,3518,2840,6630
272,Beethoven,Piano_Sonatas_21-1,piece_24fc2176320cbf55,Beethoven/Piano_Sonatas/21-1_no_repeat/ZhangW01M.mid,train,True,True,8827,10325,6625
273,Beethoven,Piano_Sonatas_21-1,piece_24fc2176320cbf55,Beethoven/Piano_Sonatas/21-1_no_repeat/Zuber01.mid,train,True,True,8933,14001,6652
274,Beethoven,Piano_Sonatas_21-2,piece_968fc80fffd17e8d,Beethoven/Piano_Sonatas/21-2/KimSY03.mid,train,True,True,5587,1346,490
275,Beethoven,Piano_Sonatas_21-2,piece_968fc80fffd17e8d,Beethoven/Piano_Sonatas/21-2/Sekino05.mid,train,True,True,4025,838,492
276,Beethoven,Piano_Sonatas_21-2,piece_968fc80fffd17e8d,Beethoven/Piano_Sonatas/21-2/YOO05M.mid,train,True,True,2433,1815,494
277,Beethoven,Piano_Sonatas_21-3,piece_ad20992460d1a99f,Beethoven/Piano_Sonatas/21-3/KimSY04M.mid,train,True,True,9195,12172,7253
278,Beethoven,Piano_Sonatas_21-3,piece_ad20992460d1a99f,Beethoven/Piano_Sonatas/21-3/Sekino05M.mid,train,True,True,7346,12799,7148
279,Beethoven,Piano_Sonatas_21-3,piece_ad20992460d1a99f,Beethoven/Piano_Sonatas/21-3/YOO05M.mid,train,True,True,4091,18797,7311
280,Beethoven,Piano_Sonatas_22-1,piece_535480de5ef7d47f,Beethoven/Piano_Sonatas/22-1/IVLEVA01.mid,train,True,True,5263,5902,2978
281,Beethoven,Piano_Sonatas_22-1,piece_535480de5ef7d47f,Beethoven/Piano_Sonatas/22-1/KOLESO04M.mid,train,True,True,2578,4942,3112
282,Beethoven,Piano_Sonatas_22-1,piece_535480de5ef7d47f,Beethoven/Piano_Sonatas/22-1/WongDoe01.mid,train,True,True,4494,3717,3092
283,Beethoven,Piano_Sonatas_22-2,piece_1f2b81ea0c5aa202,Beethoven/Piano_Sonatas/22-2/KOLESO04M.mid,train,True,True,778,1320,2834
284,Beethoven,Piano_Sonatas_23-1,piece_43644711e20c28f4,Beethoven/Piano_Sonatas/23-1/Cai01.mid,train,True,True,8296,10105,6249
285,Beethoven,Piano_Sonatas_23-1,piece_43644711e20c28f4,Beethoven/Piano_Sonatas/23-1/Duepree01.mid,train,True,True,8702,11884,6349
286,Beethoven,Piano_Sonatas_23-1,piece_43644711e20c28f4,Beethoven/Piano_Sonatas/23-1/Duepree05M.mid,train,True,True,9806,12970,6361
287,Beethoven,Piano_Sonatas_23-1,piece_43644711e20c28f4,Beethoven/Piano_Sonatas/23-1/Gintov01.mid,train,True,True,5215,4330,6392
288,Beethoven,Piano_Sonatas_23-1,piece_43644711e20c28f4,Beethoven/Piano_Sonatas/23-1/Guo03M.mid,train,True,True,4837,12386,6365
289,Beethoven,Piano_Sonatas_23-1,piece_43644711e20c28f4,Beethoven/Piano_Sonatas/23-1/Huangci02.mid,train,True,True,9829,10175,6381
290,Beethoven,Piano_Sonatas_23-1,piece_43644711e20c28f4,Beethoven/Piano_Sonatas/23-1/JIA02.mid,train,True,True,7033,10600,6236
291,Beethoven,Piano_Sonatas_23-1,piece_43644711e20c28f4,Beethoven/Piano_Sonatas/23-1/KARYAG01.mid,train,True,True,8325,12554,6391
292,Beethoven,Piano_Sonatas_23-1,piece_43644711e20c28f4,Beethoven/Piano_Sonatas/23-1/Ladid01.mid,train,True,True,13911,17652,6400
293,Beethoven,Piano_Sonatas_23-1,piece_43644711e20c28f4,Beethoven/Piano_Sonatas/23-1/LiuC02M.mid,train,True,True,5177,4158,6189
294,Beethoven,Piano_Sonatas_23-1,piece_43644711e20c28f4,Beethoven/Piano_Sonatas/23-1/Mizumoto06M.mid,train,True,True,7891,8388,5969
295,Beethoven,Piano_Sonatas_23-1,piece_43644711e20c28f4,Beethoven/Piano_Sonatas/23-1/Na01.mid,train,True,True,9272,11771,6496
296,Beethoven,Piano_Sonatas_23-1,piece_43644711e20c28f4,Beethoven/Piano_Sonatas/23-1/Teo02M.mid,train,True,True,8413,7655,6241
297,Beethoven,Piano_Sonatas_23-1,piece_43644711e20c28f4,Beethoven/Piano_Sonatas/23-1/Tran01.mid,train,True,True,8742,10519,6408
298,Beethoven,Piano_Sonatas_23-1,piece_43644711e20c28f4,Beethoven/Piano_Sonatas/23-1/Yeletskiy01.mid,train,True,True,8104,11662,6314
299,Beethoven,Piano_Sonatas_23-1,piece_43644711e20c28f4,Beethoven/Piano_Sonatas/23-1/Yi02M.mid,train,True,True,10272,10276,6304
300,Beethoven,Piano_Sonatas_23-1,piece_43644711e20c28f4,Beethoven/Piano_Sonatas/23-1/Yu01.mid,train,True,True,7661,8094,6347
301,Beethoven,Piano_Sonatas_24-1,piece_d360d773df363493,Beethoven/Piano_Sonatas/24-1_no_2_repeat/DeTurck06M.mid,train,True,True,6544,8613,2785
302,Beethoven,Piano_Sonatas_24-1,piece_d360d773df363493,Beethoven/Piano_Sonatas/24-1/Lisiecki01.mid,train,True,True,10316,13239,4231
303,Beethoven,Piano_Sonatas_24-1,piece_d360d773df363493,Beethoven/Piano_Sonatas/24-1/Lisiecki05M.mid,train,True,True,6063,7675,4217
304,Beethoven,Piano_Sonatas_24-1,piece_d360d773df363493,Beethoven/Piano_Sonatas/24-1_no_repeat/Lou02M.mid,train,True,True,3997,3303,2133
305,Beethoven,Piano_Sonatas_24-1,piece_d360d773df363493,Beethoven/Piano_Sonatas/24-1/WangV01.mid,train,True,True,5636,4516,4255
306,Beethoven,Piano_Sonatas_24-1,piece_d360d773df363493,Beethoven/Piano_Sonatas/24-1_no_2_repeat/Cui02.mid,train,True,True,5841,6761,2787
307,Beethoven,Piano_Sonatas_24-1,piece_d360d773df363493,Beethoven/Piano_Sonatas/24-1_no_2_repeat/Cui06M.mid,train,True,True,5095,4913,2722
308,Beethoven,Piano_Sonatas_24-1,piece_d360d773df363493,Beethoven/Piano_Sonatas/24-1_no_2_repeat/MERJAN01.mid,train,True,True,4091,6682,2827
309,Beethoven,Piano_Sonatas_24-1,piece_d360d773df363493,Beethoven/Piano_Sonatas/24-1_no_2_repeat/Zusko01.mid,train,True,True,4218,4708,2830
310,Beethoven,Piano_Sonatas_24-2,piece_82026b651d70e180,Beethoven/Piano_Sonatas/24-2/Lisiecki05M.mid,train,True,True,1993,2115,1781
311,Beethoven,Piano_Sonatas_26-1,piece_19c43db9e579a634,Beethoven/Piano_Sonatas/26-1/Ali02.mid,train,True,True,6229,7959,3282
312,Beethoven,Piano_Sonatas_26-1,piece_19c43db9e579a634,Beethoven/Piano_Sonatas/26-1/HuNY02M.mid,train,True,True,5093,3642,3306
313,Beethoven,Piano_Sonatas_26-1,piece_19c43db9e579a634,Beethoven/Piano_Sonatas/26-1/MorozovY02.mid,train,True,True,5999,4618,3280
314,Beethoven,Piano_Sonatas_26-1,piece_19c43db9e579a634,Beethoven/Piano_Sonatas/26-1/Sham03M.mid,train,True,True,6562,6632,3317
315,Beethoven,Piano_Sonatas_26-1,piece_19c43db9e579a634,Beethoven/Piano_Sonatas/26-1/Zhdanov05M.mid,train,True,True,8888,9724,3314
316,Beethoven,Piano_Sonatas_26-1,piece_19c43db9e579a634,Beethoven/Piano_Sonatas/26-1_no_repeat/Broberg01.mid,train,True,True,5027,3638,2624
317,Beethoven,Piano_Sonatas_26-1,piece_19c43db9e579a634,Beethoven/Piano_Sonatas/26-1/Huang02.mid,train,True,True,10672,7234,3263
318,Beethoven,Piano_Sonatas_26-1,piece_19c43db9e579a634,Beethoven/Piano_Sonatas/26-1/LEE_K05.mid,train,True,True,5206,6515,3293
319,Beethoven,Piano_Sonatas_26-1,piece_19c43db9e579a634,Beethoven/Piano_Sonatas/26-1_no_repeat/Kim02M.mid,train,True,True,8358,5220,2646
320,Beethoven,Piano_Sonatas_26-1,piece_19c43db9e579a634,Beethoven/Piano_Sonatas/26-1_no_repeat/Tysman01.mid,train,True,True,9552,7992,2670
321,Beethoven,Piano_Sonatas_26-1,piece_19c43db9e579a634,Beethoven/Piano_Sonatas/26-1_no_repeat/Ye02.mid,train,True,True,6114,4752,2638
322,Beethoven,Piano_Sonatas_26-2,piece_958184e8ce563114,Beethoven/Piano_Sonatas/26-2/HONG05M.mid,train,True,True,2794,2011,861
323,Beethoven,Piano_Sonatas_26-2,piece_958184e8ce563114,Beethoven/Piano_Sonatas/26-2/Huang02.mid,train,True,True,6538,2348,873
324,Beethoven,Piano_Sonatas_26-2,piece_958184e8ce563114,Beethoven/Piano_Sonatas/26-2/LEE_K05M.mid,train,True,True,2334,1651,868
325,Beethoven,Piano_Sonatas_26-2,piece_958184e8ce563114,Beethoven/Piano_Sonatas/26-2/Tysman01.mid,train,True,True,6690,3146,874
326,Beethoven,Piano_Sonatas_26-2,piece_958184e8ce563114,Beethoven/Piano_Sonatas/26-2/Zhdanov05.mid,train,True,True,4091,2315,864
327,Beethoven,Piano_Sonatas_26-3,piece_23e5f389741cb651,Beethoven/Piano_Sonatas/26-3/HONG05M.mid,train,True,True,3094,6221,3880
328,Beethoven,Piano_Sonatas_26-3,piece_23e5f389741cb651,Beethoven/Piano_Sonatas/26-3/Huang02.mid,train,True,True,5466,5324,3814
329,Beethoven,Piano_Sonatas_26-3,piece_23e5f389741cb651,Beethoven/Piano_Sonatas/26-3/LEE_K05.mid,train,True,True,3862,9572,5299
330,Beethoven,Piano_Sonatas_26-3,piece_23e5f389741cb651,Beethoven/Piano_Sonatas/26-3/Tysman01.mid,train,True,True,6074,10803,3920
331,Beethoven,Piano_Sonatas_26-3,piece_23e5f389741cb651,Beethoven/Piano_Sonatas/26-3/Zhdanov05M.mid,train,True,True,7352,15847,5280
332,Beethoven,Piano_Sonatas_27-1,piece_69862af5096ee3fa,Beethoven/Piano_Sonatas/27-1/Abdelmola01.mid,validation,True,True,7644,6303,2628
333,Beethoven,Piano_Sonatas_27-1,piece_69862af5096ee3fa,Beethoven/Piano_Sonatas/27-1/Fung01.mid,validation,True,True,5624,3668,2636
334,Beethoven,Piano_Sonatas_27-1,piece_69862af5096ee3fa,Beethoven/Piano_Sonatas/27-1/GiacomelliN04M.mid,validation,True,True,5983,4897,2646
335,Beethoven,Piano_Sonatas_27-1,piece_69862af5096ee3fa,Beethoven/Piano_Sonatas/27-1/Ko01.mid,validation,True,True,3455,1811,2595
336,Beethoven,Piano_Sonatas_27-1,piece_69862af5096ee3fa,Beethoven/Piano_Sonatas/27-1/Ko05M.mid,validation,True,True,3891,2555,2628
337,Beethoven,Piano_Sonatas_27-1,piece_69862af5096ee3fa,Beethoven/Piano_Sonatas/27-1/MiyashitaM02M.mid,validation,True,True,8515,5775,2625
338,Beethoven,Piano_Sonatas_27-1,piece_69862af5096ee3fa,Beethoven/Piano_Sonatas/27-1/Seredenko01.mid,validation,True,True,4600,3549,2635
339,Beethoven,Piano_Sonatas_27-2,piece_4c8f494899d6c68a,Beethoven/Piano_Sonatas/27-2/GiacomelliN05M.mid,train,True,True,12065,13015,3990
340,Beethoven,Piano_Sonatas_28-1,piece_3c8535ee6c610b0c,Beethoven/Piano_Sonatas/28-1/Atzinger01.mid,train,True,True,6130,3664,1275
341,Beethoven,Piano_Sonatas_28-1,piece_3c8535ee6c610b0c,Beethoven/Piano_Sonatas/28-1/KimHJ02M.mid,train,True,True,2714,1277,1285
342,Beethoven,Piano_Sonatas_28-1,piece_3c8535ee6c610b0c,Beethoven/Piano_Sonatas/28-1/KyykhynenT06M.mid,train,True,True,2879,1404,1301
343,Beethoven,Piano_Sonatas_28-1,piece_3c8535ee6c610b0c,Beethoven/Piano_Sonatas/28-1/WangY04M.mid,train,True,True,3147,1414,1295
344,Beethoven,Piano_Sonatas_28-1,piece_3c8535ee6c610b0c,Beethoven/Piano_Sonatas/28-1/Zhdanov01.mid,train,True,True,5214,2383,1290
345,Beethoven,Piano_Sonatas_28-2,piece_790a094e656d4186,Beethoven/Piano_Sonatas/28-2/KimHJ03.mid,train,True,True,4390,3080,3459
346,Beethoven,Piano_Sonatas_29-2,piece_ab42b317dcb38fc5,Beethoven/Piano_Sonatas/29-2/ChowK03.mid,validation,True,True,2206,2555,1902
347,Beethoven,Piano_Sonatas_29-3,piece_cd420fd745942bd1,Beethoven/Piano_Sonatas/29-3/ChowK04.mid,train,True,True,16883,12540,5150
348,Beethoven,Piano_Sonatas_29-4,piece_0390c4f7d9bd5aa5,Beethoven/Piano_Sonatas/29-4/ChowK05M.mid,train,True,True,10610,9745,8035
349,Beethoven,Piano_Sonatas_29-4,piece_0390c4f7d9bd5aa5,Beethoven/Piano_Sonatas/29-4/DANILO01.mid,train,True,True,5455,12015,8064
350,Beethoven,Piano_Sonatas_3-1,piece_3829d5339382c9c2,Beethoven/Piano_Sonatas/3-1/Bult-ItoS03M.mid,train,True,True,6820,7289,4347
351,Beethoven,Piano_Sonatas_3-1,piece_3829d5339382c9c2,Beethoven/Piano_Sonatas/3-1/CaoJ02M.mid,train,True,True,3309,2243,4279
352,Beethoven,Piano_Sonatas_3-1,piece_3829d5339382c9c2,Beethoven/Piano_Sonatas/3-1/Jia02.mid,train,True,True,5244,4652,4350
353,Beethoven,Piano_Sonatas_3-1,piece_3829d5339382c9c2,Beethoven/Piano_Sonatas/3-1/KorchinskayaKogan02.mid,train,True,True,6944,7974,4307
354,Beethoven,Piano_Sonatas_3-1,piece_3829d5339382c9c2,Beethoven/Piano_Sonatas/3-1/LUO01.mid,train,True,True,7730,13945,4171
355,Beethoven,Piano_Sonatas_3-1,piece_3829d5339382c9c2,Beethoven/Piano_Sonatas/3-1/Lin01.mid,train,True,True,5057,8248,4359
356,Beethoven,Piano_Sonatas_3-1,piece_3829d5339382c9c2,Beethoven/Piano_Sonatas/3-1/Lin05M.mid,train,True,True,4068,4363,4368
357,Beethoven,Piano_Sonatas_3-1,piece_3829d5339382c9c2,Beethoven/Piano_Sonatas/3-1/MiyashitaM03M.mid,train,True,True,8146,11486,4346
358,Beethoven,Piano_Sonatas_3-1,piece_3829d5339382c9c2,Beethoven/Piano_Sonatas/3-1/ZHOU01.mid,train,True,True,4759,6585,4362
359,Beethoven,Piano_Sonatas_3-2,piece_221b199a0a4949e9,Beethoven/Piano_Sonatas/3-2/MiyashitaM04M.mid,train,True,True,9514,3967,1477
360,Beethoven,Piano_Sonatas_30-1,piece_dffc44d92cd9ab16,Beethoven/Piano_Sonatas/30-1/CHEN02.mid,train,True,True,3798,3789,1518
361,Beethoven,Piano_Sonatas_30-1,piece_dffc44d92cd9ab16,Beethoven/Piano_Sonatas/30-1/Hirata01.mid,train,True,True,6242,3897,1511
362,Beethoven,Piano_Sonatas_30-1,piece_dffc44d92cd9ab16,Beethoven/Piano_Sonatas/30-1/Izzard01.mid,train,True,True,5408,4701,1509
363,Beethoven,Piano_Sonatas_30-1,piece_dffc44d92cd9ab16,Beethoven/Piano_Sonatas/30-1/Katyukova01.mid,train,True,True,6030,3460,1510
364,Beethoven,Piano_Sonatas_30-1,piece_dffc44d92cd9ab16,Beethoven/Piano_Sonatas/30-1/MaslovV02M.mid,train,True,True,4722,3321,1507
365,Beethoven,Piano_Sonatas_30-1,piece_dffc44d92cd9ab16,Beethoven/Piano_Sonatas/30-1/Shelest02.mid,train,True,True,5066,3746,1512
366,Beethoven,Piano_Sonatas_30-1,piece_dffc44d92cd9ab16,Beethoven/Piano_Sonatas/30-1/TOIVIO01.mid,train,True,True,3735,4235,1499
367,Beethoven,Piano_Sonatas_30-1,piece_dffc44d92cd9ab16,Beethoven/Piano_Sonatas/30-1/TanakaM06M.mid,train,True,True,4473,3292,1504
368,Beethoven,Piano_Sonatas_31-1,piece_0e8ac1a93ce95432,Beethoven/Piano_Sonatas/31-1/ADIG05M.mid,train,True,True,4544,7886,2903
369,Beethoven,Piano_Sonatas_31-1,piece_0e8ac1a93ce95432,Beethoven/Piano_Sonatas/31-1/AbdelmoulaJS03M.mid,train,True,True,8836,8567,2863
370,Beethoven,Piano_Sonatas_31-1,piece_0e8ac1a93ce95432,Beethoven/Piano_Sonatas/31-1/Ahfat02M.mid,train,True,True,7804,6574,2846
371,Beethoven,Piano_Sonatas_31-1,piece_0e8ac1a93ce95432,Beethoven/Piano_Sonatas/31-1/Ahn01.mid,train,True,True,6428,4858,2912
372,Beethoven,Piano_Sonatas_31-1,piece_0e8ac1a93ce95432,Beethoven/Piano_Sonatas/31-1/BrendleA03M.mid,train,True,True,4427,4460,2921
373,Beethoven,Piano_Sonatas_31-1,piece_0e8ac1a93ce95432,Beethoven/Piano_Sonatas/31-1/Goh02.mid,train,True,True,6960,5383,2879
374,Beethoven,Piano_Sonatas_31-1,piece_0e8ac1a93ce95432,Beethoven/Piano_Sonatas/31-1/HUAN_B01.mid,train,True,True,6268,9301,2923
375,Beethoven,Piano_Sonatas_31-1,piece_0e8ac1a93ce95432,Beethoven/Piano_Sonatas/31-1/Huang01.mid,train,True,True,10139,8962,2901
376,Beethoven,Piano_Sonatas_31-1,piece_0e8ac1a93ce95432,Beethoven/Piano_Sonatas/31-1/HuangSW08M.mid,train,True,True,7090,5102,2888
377,Beethoven,Piano_Sonatas_31-1,piece_0e8ac1a93ce95432,Beethoven/Piano_Sonatas/31-1/Karpeyev01.mid,train,True,True,8964,6622,2931
378,Beethoven,Piano_Sonatas_31-1,piece_0e8ac1a93ce95432,Beethoven/Piano_Sonatas/31-1/Kavalerova01.mid,train,True,True,8033,11314,2849
379,Beethoven,Piano_Sonatas_31-1,piece_0e8ac1a93ce95432,Beethoven/Piano_Sonatas/31-1/LeungM03M.mid,train,True,True,6505,6660,2880
380,Beethoven,Piano_Sonatas_31-1,piece_0e8ac1a93ce95432,Beethoven/Piano_Sonatas/31-1/Mikhailoff04.mid,train,True,True,6071,6952,2920
381,Beethoven,Piano_Sonatas_31-1,piece_0e8ac1a93ce95432,Beethoven/Piano_Sonatas/31-1/Na06M.mid,train,True,True,7984,10049,2896
382,Beethoven,Piano_Sonatas_31-1,piece_0e8ac1a93ce95432,Beethoven/Piano_Sonatas/31-1/SINKEV02.mid,train,True,True,5716,8087,2908
383,Beethoven,Piano_Sonatas_31-1,piece_0e8ac1a93ce95432,Beethoven/Piano_Sonatas/31-1/SOLOM04.mid,train,True,True,6863,8859,2834
384,Beethoven,Piano_Sonatas_31-1,piece_0e8ac1a93ce95432,Beethoven/Piano_Sonatas/31-1/Stahievitch02.mid,train,True,True,4983,6334,2912
385,Beethoven,Piano_Sonatas_31-1,piece_0e8ac1a93ce95432,Beethoven/Piano_Sonatas/31-1/Sun01.mid,train,True,True,6757,6074,2880
386,Beethoven,Piano_Sonatas_31-1,piece_0e8ac1a93ce95432,Beethoven/Piano_Sonatas/31-1/Tang01.mid,train,True,True,8389,6502,2941
387,Beethoven,Piano_Sonatas_31-1,piece_0e8ac1a93ce95432,Beethoven/Piano_Sonatas/31-1/YOU01.mid,train,True,True,4720,5009,2917
388,Beethoven,Piano_Sonatas_31-1,piece_0e8ac1a93ce95432,Beethoven/Piano_Sonatas/31-1/Zuber04M.mid,train,True,True,10403,11403,2950
389,Beethoven,Piano_Sonatas_31-2,piece_8676e9e974ddb01f,Beethoven/Piano_Sonatas/31-2/ADIG05M.mid,train,True,True,1477,3807,1364
390,Beethoven,Piano_Sonatas_31-2,piece_8676e9e974ddb01f,Beethoven/Piano_Sonatas/31-2/AbdelmoulaJS04.mid,train,True,True,2193,2159,1362
391,Beethoven,Piano_Sonatas_31-2,piece_8676e9e974ddb01f,Beethoven/Piano_Sonatas/31-2/HuangSW09.mid,train,True,True,1482,1049,1374
392,Beethoven,Piano_Sonatas_31-2,piece_8676e9e974ddb01f,Beethoven/Piano_Sonatas/31-2/LeungM04.mid,train,True,True,1253,1007,1345
393,Beethoven,Piano_Sonatas_31-2,piece_8676e9e974ddb01f,Beethoven/Piano_Sonatas/31-2/Na06.mid,train,True,True,2085,2978,1168
394,Beethoven,Piano_Sonatas_31-2,piece_8676e9e974ddb01f,Beethoven/Piano_Sonatas/31-2/Stahievitch02.mid,train,True,True,1662,2677,1356
395,Beethoven,Piano_Sonatas_31-2,piece_8676e9e974ddb01f,Beethoven/Piano_Sonatas/31-2/Zuber04.mid,train,True,True,1633,1669,1373
396,Beethoven,Piano_Sonatas_31-3_4,piece_37b8b31fa6061643,Beethoven/Piano_Sonatas/31-3_4/ADIG05M.mid,train,True,True,5770,9793,3843
397,Beethoven,Piano_Sonatas_31-3_4,piece_37b8b31fa6061643,Beethoven/Piano_Sonatas/31-3_4/AbdelmoulaJS05M.mid,train,True,True,11880,9950,3834
398,Beethoven,Piano_Sonatas_31-3_4,piece_37b8b31fa6061643,Beethoven/Piano_Sonatas/31-3_4/BrendleA05.mid,train,True,True,5868,3670,3802
399,Beethoven,Piano_Sonatas_31-3_4,piece_37b8b31fa6061643,Beethoven/Piano_Sonatas/31-3_4/CHOE03.mid,train,True,True,9418,8402,3873
400,Beethoven,Piano_Sonatas_31-3_4,piece_37b8b31fa6061643,Beethoven/Piano_Sonatas/31-3_4/Gokcin01.mid,train,True,True,8807,6074,3815
401,Beethoven,Piano_Sonatas_31-3_4,piece_37b8b31fa6061643,Beethoven/Piano_Sonatas/31-3_4/HuangSW10M.mid,train,True,True,8222,4979,3630
402,Beethoven,Piano_Sonatas_31-3_4,piece_37b8b31fa6061643,Beethoven/Piano_Sonatas/31-3_4/LeungM05M.mid,train,True,True,8313,6356,3856
403,Beethoven,Piano_Sonatas_31-3_4,piece_37b8b31fa6061643,Beethoven/Piano_Sonatas/31-3_4/Na06M.mid,train,True,True,10773,11137,3836
404,Beethoven,Piano_Sonatas_31-3_4,piece_37b8b31fa6061643,Beethoven/Piano_Sonatas/31-3_4/ParkH01.mid,train,True,True,9954,6309,3830
405,Beethoven,Piano_Sonatas_31-3_4,piece_37b8b31fa6061643,Beethoven/Piano_Sonatas/31-3_4/Stahievitch02.mid,train,True,True,5972,6671,3828
406,Beethoven,Piano_Sonatas_31-3_4,piece_37b8b31fa6061643,Beethoven/Piano_Sonatas/31-3_4/Zuber04M.mid,train,True,True,13008,11914,3822
407,Beethoven,Piano_Sonatas_32-1,piece_cde7e5eaa9e2232c,Beethoven/Piano_Sonatas/32-1/DupreeF03M.mid,test,True,True,5818,4081,5531
408,Beethoven,Piano_Sonatas_32-1,piece_cde7e5eaa9e2232c,Beethoven/Piano_Sonatas/32-1/FALIKS01_2004.mid,test,True,True,3251,4030,4122
409,Beethoven,Piano_Sonatas_32-1,piece_cde7e5eaa9e2232c,Beethoven/Piano_Sonatas/32-1/Faliks01.mid,test,True,True,4272,3021,4114
410,Beethoven,Piano_Sonatas_32-1,piece_cde7e5eaa9e2232c,Beethoven/Piano_Sonatas/32-1/HouY04M.mid,test,True,True,10508,12486,5311
411,Beethoven,Piano_Sonatas_32-1,piece_cde7e5eaa9e2232c,Beethoven/Piano_Sonatas/32-1/Jussow02.mid,test,True,True,7415,5875,5477
412,Beethoven,Piano_Sonatas_32-1,piece_cde7e5eaa9e2232c,Beethoven/Piano_Sonatas/32-1/Jussow06M.mid,test,True,True,3909,3135,5443
413,Beethoven,Piano_Sonatas_32-1,piece_cde7e5eaa9e2232c,Beethoven/Piano_Sonatas/32-1/MORET01.mid,test,True,True,6482,9507,5790
414,Beethoven,Piano_Sonatas_32-1,piece_cde7e5eaa9e2232c,Beethoven/Piano_Sonatas/32-1/POTAMO01.mid,test,True,True,4031,5321,4153
415,Beethoven,Piano_Sonatas_32-1,piece_cde7e5eaa9e2232c,Beethoven/Piano_Sonatas/32-1/Park01.mid,test,True,True,6780,6292,4108
416,Beethoven,Piano_Sonatas_4-1,piece_1c594c5de477adca,Beethoven/Piano_Sonatas/4-1/BENABD01.mid,test,True,True,4507,6381,4053
417,Beethoven,Piano_Sonatas_4-1,piece_1c594c5de477adca,Beethoven/Piano_Sonatas/4-1/Benabdallah01.mid,test,True,True,6364,8070,4029
418,Beethoven,Piano_Sonatas_4-1,piece_1c594c5de477adca,Beethoven/Piano_Sonatas/4-1/CaiC01.mid,test,True,True,6388,6568,4031
419,Beethoven,Piano_Sonatas_4-1,piece_1c594c5de477adca,Beethoven/Piano_Sonatas/4-1/Chon03M.mid,test,True,True,4707,5471,4011
420,Beethoven,Piano_Sonatas_4-1,piece_1c594c5de477adca,Beethoven/Piano_Sonatas/4-1/LeeE02M.mid,test,True,True,4181,6331,4020
421,Beethoven,Piano_Sonatas_4-1,piece_1c594c5de477adca,Beethoven/Piano_Sonatas/4-1/LiA04M.mid,test,True,True,4453,4582,4000
422,Beethoven,Piano_Sonatas_4-1,piece_1c594c5de477adca,Beethoven/Piano_Sonatas/4-1/Shamray01.mid,test,True,True,6266,7736,4050
423,Beethoven,Piano_Sonatas_4-1,piece_1c594c5de477adca,Beethoven/Piano_Sonatas/4-1/SirajA02M.mid,test,True,True,5440,7031,3947
424,Beethoven,Piano_Sonatas_4-1,piece_1c594c5de477adca,Beethoven/Piano_Sonatas/4-1/Zhao01.mid,test,True,True,4788,5459,4009
425,Beethoven,Piano_Sonatas_5-1,piece_4ef5269e7fe5549d,Beethoven/Piano_Sonatas/5-1/Colafelice02M.mid,test,True,True,7039,6099,2111
426,Beethoven,Piano_Sonatas_5-1,piece_4ef5269e7fe5549d,Beethoven/Piano_Sonatas/5-1/SunD02M.mid,test,True,True,4055,5070,2113
427,Beethoven,Piano_Sonatas_5-1,piece_4ef5269e7fe5549d,Beethoven/Piano_Sonatas/5-1/Wong01.mid,test,True,True,2906,3124,2114
428,Beethoven,Piano_Sonatas_7-1,piece_736e242fbcbeaa28,Beethoven/Piano_Sonatas/7-1/Hebert01M.mid,test,True,True,1747,1388,3520
429,Beethoven,Piano_Sonatas_7-1,piece_736e242fbcbeaa28,Beethoven/Piano_Sonatas/7-1/KOLESO01.mid,test,True,True,2565,3267,3526
430,Beethoven,Piano_Sonatas_7-1,piece_736e242fbcbeaa28,Beethoven/Piano_Sonatas/7-1/Larionova04M.mid,test,True,True,5008,11063,3482
431,Beethoven,Piano_Sonatas_7-1,piece_736e242fbcbeaa28,Beethoven/Piano_Sonatas/7-1/LeeS02M.mid,test,True,True,3384,3160,3474
432,Beethoven,Piano_Sonatas_7-1,piece_736e242fbcbeaa28,Beethoven/Piano_Sonatas/7-1/Lee_E01.mid,test,True,True,2647,2623,3497
433,Beethoven,Piano_Sonatas_7-1,piece_736e242fbcbeaa28,Beethoven/Piano_Sonatas/7-1/MATSUM01.mid,test,True,True,1082,1623,3463
434,Beethoven,Piano_Sonatas_7-1,piece_736e242fbcbeaa28,Beethoven/Piano_Sonatas/7-1/Wang02M.mid,test,True,True,2718,2316,3541
435,Beethoven,Piano_Sonatas_7-1,piece_736e242fbcbeaa28,Beethoven/Piano_Sonatas/7-1/WangY01M.mid,test,True,True,6284,6900,3468
436,Beethoven,Piano_Sonatas_7-1,piece_736e242fbcbeaa28,Beethoven/Piano_Sonatas/7-1/ZhangE02M.mid,test,True,True,2523,2965,3545
437,Beethoven,Piano_Sonatas_7-2,piece_280d3fb90fdc39ac,Beethoven/Piano_Sonatas/7-2/Larionova04.mid,train,True,True,13940,7560,2077
438,Beethoven,Piano_Sonatas_7-2,piece_280d3fb90fdc39ac,Beethoven/Piano_Sonatas/7-2/LeeS03.mid,train,True,True,7348,2246,2064
439,Beethoven,Piano_Sonatas_7-3,piece_e79294c96a9d36df,Beethoven/Piano_Sonatas/7-3/Larionova04.mid,train,True,True,4178,5287,1478
440,Beethoven,Piano_Sonatas_7-3,piece_e79294c96a9d36df,Beethoven/Piano_Sonatas/7-3/LeeS04.mid,train,True,True,1900,1460,1480
441,Beethoven,Piano_Sonatas_7-4,piece_dde9257b6e9ebe2c,Beethoven/Piano_Sonatas/7-4/Larionova04M.mid,train,True,True,3900,7919,2141
442,Beethoven,Piano_Sonatas_7-4,piece_dde9257b6e9ebe2c,Beethoven/Piano_Sonatas/7-4/LeeS05M.mid,train,True,True,3332,2151,2134
443,Beethoven,Piano_Sonatas_8-1,piece_b45364ab6817194a,Beethoven/Piano_Sonatas/8-1/ChenS01.mid,validation,True,True,8110,10812,4443
444,Beethoven,Piano_Sonatas_8-1,piece_b45364ab6817194a,Beethoven/Piano_Sonatas/8-1/Na06M.mid,validation,True,True,4572,5251,4421
445,Beethoven,Piano_Sonatas_8-2,piece_866a8bde34d9407c,Beethoven/Piano_Sonatas/8-2/Na06.mid,train,True,True,6054,4805,1641
446,Beethoven,Piano_Sonatas_8-3,piece_912834d22a6e3605,Beethoven/Piano_Sonatas/8-3/Na06M.mid,train,True,True,2837,3211,2424
447,Beethoven,Piano_Sonatas_9-1,piece_ced1455f543263c1,Beethoven/Piano_Sonatas/9-1/Tysman05M.mid,train,True,True,9993,8484,3406
448,Beethoven,Piano_Sonatas_9-2,piece_3f4d0dbd2938b448,Beethoven/Piano_Sonatas/9-2_no_trio/Tysman05.mid,train,True,True,2694,1558,548
449,Beethoven,Piano_Sonatas_9-3,piece_18921bc81d708d16,Beethoven/Piano_Sonatas/9-3/Tysman05M.mid,validation,True,True,2237,1954,1798
450,Brahms,Six_Pieces_op_118_2,piece_e77d19bd364b0ad7,Brahms/Six_Pieces_op_118/2/Shilyaev03.mid,train,True,True,8979,4266,1667
451,Chopin,Ballades_1,piece_c8d6addc5ea74e2f,Chopin/Ballades/1/Ali01.mid,train,True,True,5573,5480,5080
452,Chopin,Ballades_1,piece_c8d6addc5ea74e2f,Chopin/Ballades/1/BuiJL04M.mid,train,True,True,8721,7120,5049
453,Chopin,Ballades_1,piece_c8d6addc5ea74e2f,Chopin/Ballades/1/Day04.mid,train,True,True,8866,12072,4988
454,Chopin,Ballades_1,piece_c8d6addc5ea74e2f,Chopin/Ballades/1/Dossin05.mid,train,True,True,5421,8803,5040
455,Chopin,Ballades_1,piece_c8d6addc5ea74e2f,Chopin/Ballades/1/JIA06M.mid,train,True,True,5237,5755,5156
456,Chopin,Ballades_1,piece_c8d6addc5ea74e2f,Chopin/Ballades/1/KimSuyeon04M.mid,train,True,True,7633,4425,5144
457,Chopin,Ballades_1,piece_c8d6addc5ea74e2f,Chopin/Ballades/1/LeeKoeun03.mid,train,True,True,4453,3767,5050
458,Chopin,Ballades_1,piece_c8d6addc5ea74e2f,Chopin/Ballades/1/LeeKoeun06.mid,train,True,True,5204,7162,5019
459,Chopin,Ballades_1,piece_c8d6addc5ea74e2f,Chopin/Ballades/1/LinTao04.mid,train,True,True,5916,7809,5061
460,Chopin,Ballades_1,piece_c8d6addc5ea74e2f,Chopin/Ballades/1/McNamara02.mid,train,True,True,8550,8274,5176
461,Chopin,Ballades_1,piece_c8d6addc5ea74e2f,Chopin/Ballades/1/Mo07M.mid,train,True,True,5064,3701,5046
462,Chopin,Ballades_1,piece_c8d6addc5ea74e2f,Chopin/Ballades/1/MunA19M.mid,train,True,True,4841,4145,5112
463,Chopin,Ballades_1,piece_c8d6addc5ea74e2f,Chopin/Ballades/1/Richardson13M.mid,train,True,True,4859,4179,5169
464,Chopin,Ballades_1,piece_c8d6addc5ea74e2f,Chopin/Ballades/1/SINKEV05.mid,train,True,True,5421,6652,5161
465,Chopin,Ballades_1,piece_c8d6addc5ea74e2f,Chopin/Ballades/1/SINKEV11.mid,train,True,True,5308,7400,5189
466,Chopin,Ballades_1,piece_c8d6addc5ea74e2f,Chopin/Ballades/1/Sladek04M.mid,train,True,True,7422,6420,4972
467,Chopin,Ballades_1,piece_c8d6addc5ea74e2f,Chopin/Ballades/1/YeSijing01.mid,train,True,True,7311,4450,5074
468,Chopin,Ballades_1,piece_c8d6addc5ea74e2f,Chopin/Ballades/1/Zhou06M.mid,train,True,True,7811,6887,5031
469,Chopin,Ballades_2,piece_4af2ab3c0298bb64,Chopin/Ballades/2/Denisova17M.mid,train,True,True,5254,5302,4195
470,Chopin,Ballades_2,piece_4af2ab3c0298bb64,Chopin/Ballades/2/Gasanov04.mid,train,True,True,6960,6276,4276
471,Chopin,Ballades_2,piece_4af2ab3c0298bb64,Chopin/Ballades/2/Gasanov08M.mid,train,True,True,4203,4334,4348
472,Chopin,Ballades_2,piece_4af2ab3c0298bb64,Chopin/Ballades/2/GuoE04.mid,train,True,True,9868,7747,4338
473,Chopin,Ballades_2,piece_4af2ab3c0298bb64,Chopin/Ballades/2/Tetzloff06M.mid,train,True,True,7504,8272,4055
474,Chopin,Ballades_3,piece_25107898b32e58ce,Chopin/Ballades/3/Ko11M.mid,train,True,True,4801,3660,4570
475,Chopin,Ballades_3,piece_25107898b32e58ce,Chopin/Ballades/3/LinPeng06M.mid,train,True,True,6736,6054,4577
476,Chopin,Ballades_3,piece_25107898b32e58ce,Chopin/Ballades/3/Tan02.mid,train,True,True,7152,5443,4397
477,Chopin,Ballades_4,piece_fcec8d8d34f57826,Chopin/Ballades/4/ChenC04M.mid,train,True,True,6000,5357,6153
478,Chopin,Ballades_4,piece_fcec8d8d34f57826,Chopin/Ballades/4/Khmara02.mid,train,True,True,4946,2971,6265
479,Chopin,Ballades_4,piece_fcec8d8d34f57826,Chopin/Ballades/4/Kociuban07M.mid,train,True,True,12172,15334,6290
480,Chopin,Ballades_4,piece_fcec8d8d34f57826,Chopin/Ballades/4/Levitsky18M.mid,train,True,True,8633,8087,6015
481,Chopin,Ballades_4,piece_fcec8d8d34f57826,Chopin/Ballades/4/Lim03.mid,train,True,True,9943,13243,6239
482,Chopin,Ballades_4,piece_fcec8d8d34f57826,Chopin/Ballades/4/LuEric04M.mid,train,True,True,5908,4385,6247
483,Chopin,Ballades_4,piece_fcec8d8d34f57826,Chopin/Ballades/4/MiyashitaM04M.mid,train,True,True,9797,7133,6019
484,Chopin,Ballades_4,piece_fcec8d8d34f57826,Chopin/Ballades/4/Mizumoto02M.mid,train,True,True,7554,6351,6010
485,Chopin,Ballades_4,piece_fcec8d8d34f57826,Chopin/Ballades/4/Nikiforov13M.mid,train,True,True,9440,8508,5963
486,Chopin,Ballades_4,piece_fcec8d8d34f57826,Chopin/Ballades/4/SOLOM05.mid,train,True,True,7665,10397,6105
487,Chopin,Ballades_4,piece_fcec8d8d34f57826,Chopin/Ballades/4/Yang03.mid,train,True,True,10666,12135,6231
488,Chopin,Ballades_4,piece_fcec8d8d34f57826,Chopin/Ballades/4/ZhangX02.mid,train,True,True,8840,5416,6035
489,Chopin,Barcarolle,piece_f596850122795be3,Chopin/Barcarolle/Kociuban13.mid,train,True,True,8946,11876,4776
490,Chopin,Barcarolle,piece_f596850122795be3,Chopin/Barcarolle/LeeSH05M.mid,train,True,True,5408,3046,4700
491,Chopin,Barcarolle,piece_f596850122795be3,Chopin/Barcarolle/Na03.mid,train,True,True,7684,8855,4787
492,Chopin,Barcarolle,piece_f596850122795be3,Chopin/Barcarolle/Na09M.mid,train,True,True,8107,11334,4771
493,Chopin,Barcarolle,piece_f596850122795be3,Chopin/Barcarolle/Ozel10M.mid,train,True,True,5728,4641,4634
494,Chopin,Barcarolle,piece_f596850122795be3,Chopin/Barcarolle/Park10M.mid,train,True,True,6486,6945,4773
495,Chopin,Barcarolle,piece_f596850122795be3,Chopin/Barcarolle/Rozanski07M.mid,train,True,True,9479,6593,4724
496,Chopin,Barcarolle,piece_f596850122795be3,Chopin/Barcarolle/Verbaite03.mid,train,True,True,6908,6277,4607
497,Chopin,Barcarolle,piece_f596850122795be3,Chopin/Barcarolle/Wilshire04.mid,train,True,True,9927,11039,4771
498,Chopin,Berceuse_op_57,piece_de97ef37254a11f8,Chopin/Berceuse_op_57/LeungM07M.mid,train,True,True,1148,407,1703
499,Chopin,Berceuse_op_57,piece_de97ef37254a11f8,Chopin/Berceuse_op_57/MiyashitaM06M.mid,train,True,True,2657,1513,1686
500,Chopin,Berceuse_op_57,piece_de97ef37254a11f8,Chopin/Berceuse_op_57/Tario07M.mid,train,True,True,2694,2213,1728
501,Chopin,Berceuse_op_57,piece_de97ef37254a11f8,Chopin/Berceuse_op_57/Teo11M.mid,train,True,True,3638,2529,1716
502,Chopin,Berceuse_op_57,piece_de97ef37254a11f8,Chopin/Berceuse_op_57/ZhangE09M.mid,train,True,True,4581,3988,1691
503,Chopin,Etudes_op_10_1,piece_068f79291b041371,Chopin/Etudes_op_10/1/Avdeeva02.mid,train,True,True,926,791,1363
504,Chopin,Etudes_op_10_1,piece_068f79291b041371,Chopin/Etudes_op_10/1/ChenW03M.mid,train,True,True,752,630,1422
505,Chopin,Etudes_op_10_1,piece_068f79291b041371,Chopin/Etudes_op_10/1/HSU02.mid,train,True,True,1095,2199,1522
506,Chopin,Etudes_op_10_1,piece_068f79291b041371,Chopin/Etudes_op_10/1/ISHIDA04.mid,train,True,True,1399,3635,1408
507,Chopin,Etudes_op_10_1,piece_068f79291b041371,Chopin/Etudes_op_10/1/Jussow03.mid,train,True,True,707,540,1406
508,Chopin,Etudes_op_10_1,piece_068f79291b041371,Chopin/Etudes_op_10/1/KaiRuiR03M.mid,train,True,True,671,540,1361
509,Chopin,Etudes_op_10_1,piece_068f79291b041371,Chopin/Etudes_op_10/1/LeeHanchien02.mid,train,True,True,910,799,1365
510,Chopin,Etudes_op_10_1,piece_068f79291b041371,Chopin/Etudes_op_10/1/LiYZ02M.mid,train,True,True,978,802,1369
511,Chopin,Etudes_op_10_1,piece_068f79291b041371,Chopin/Etudes_op_10/1/LuM02M.mid,train,True,True,2179,2481,1392
512,Chopin,Etudes_op_10_1,piece_068f79291b041371,Chopin/Etudes_op_10/1/Mikhailoff05.mid,train,True,True,1303,2054,1402
513,Chopin,Etudes_op_10_1,piece_068f79291b041371,Chopin/Etudes_op_10/1/MorozovS02.mid,train,True,True,686,630,1388
514,Chopin,Etudes_op_10_1,piece_068f79291b041371,Chopin/Etudes_op_10/1/MunA07M.mid,train,True,True,498,490,1460
515,Chopin,Etudes_op_10_1,piece_068f79291b041371,Chopin/Etudes_op_10/1/NAKAJI02.mid,train,True,True,853,1244,1379
516,Chopin,Etudes_op_10_1,piece_068f79291b041371,Chopin/Etudes_op_10/1/Park02.mid,train,True,True,867,704,1364
517,Chopin,Etudes_op_10_1,piece_068f79291b041371,Chopin/Etudes_op_10/1/Savitski03.mid,train,True,True,734,604,1458
518,Chopin,Etudes_op_10_1,piece_068f79291b041371,Chopin/Etudes_op_10/1/Shelest02.mid,train,True,True,686,602,1430
519,Chopin,Etudes_op_10_1,piece_068f79291b041371,Chopin/Etudes_op_10/1/Stahievitch03.mid,train,True,True,1224,1203,1430
520,Chopin,Etudes_op_10_1,piece_068f79291b041371,Chopin/Etudes_op_10/1/SunY03M.mid,train,True,True,849,529,1386
521,Chopin,Etudes_op_10_1,piece_068f79291b041371,Chopin/Etudes_op_10/1/Terenkova02.mid,train,True,True,2647,3802,1409
522,Chopin,Etudes_op_10_1,piece_068f79291b041371,Chopin/Etudes_op_10/1/Tysman02.mid,train,True,True,1349,1279,1383
523,Chopin,Etudes_op_10_1,piece_068f79291b041371,Chopin/Etudes_op_10/1/Verbaite02.mid,train,True,True,1419,1361,1427
524,Chopin,Etudes_op_10_1,piece_068f79291b041371,Chopin/Etudes_op_10/1/YeF03M.mid,train,True,True,591,372,1410
525,Chopin,Etudes_op_10_1,piece_068f79291b041371,Chopin/Etudes_op_10/1/YuP02M.mid,train,True,True,736,515,1379
526,Chopin,Etudes_op_10_1,piece_068f79291b041371,Chopin/Etudes_op_10/1/Zhdanov02.mid,train,True,True,1025,988,1385
527,Chopin,Etudes_op_10_1,piece_068f79291b041371,Chopin/Etudes_op_10/1/Zukiewicz02.mid,train,True,True,602,577,1421
528,Chopin,Etudes_op_10_10,piece_a9b29a246d86538b,Chopin/Etudes_op_10/10/Na_2009_02.mid,train,True,True,3266,6318,2251
529,Chopin,Etudes_op_10_10,piece_a9b29a246d86538b,Chopin/Etudes_op_10/10/WangH02M.mid,train,True,True,1498,1790,2232
530,Chopin,Etudes_op_10_10,piece_a9b29a246d86538b,Chopin/Etudes_op_10/10/Wilshire02.mid,train,True,True,3230,4974,2264
531,Chopin,Etudes_op_10_10,piece_a9b29a246d86538b,Chopin/Etudes_op_10/10/Yanagitani02.mid,train,True,True,1429,1533,2243
532,Chopin,Etudes_op_10_12,piece_ace29a807044d7fa,Chopin/Etudes_op_10/12/Bult-ItoS04M.mid,train,True,True,2629,4187,2111
533,Chopin,Etudes_op_10_12,piece_ace29a807044d7fa,Chopin/Etudes_op_10/12/Floril02.mid,train,True,True,2950,4258,2182
534,Chopin,Etudes_op_10_12,piece_ace29a807044d7fa,Chopin/Etudes_op_10/12/Gintov02.mid,train,True,True,1564,1945,2143
535,Chopin,Etudes_op_10_12,piece_ace29a807044d7fa,Chopin/Etudes_op_10/12/Hirata02.mid,train,True,True,2817,4251,2121
536,Chopin,Etudes_op_10_12,piece_ace29a807044d7fa,Chopin/Etudes_op_10/12/HuNY03M.mid,train,True,True,2166,2222,2124
537,Chopin,Etudes_op_10_12,piece_ace29a807044d7fa,Chopin/Etudes_op_10/12/KimBenjamin04.mid,train,True,True,1795,3484,2158
538,Chopin,Etudes_op_10_12,piece_ace29a807044d7fa,Chopin/Etudes_op_10/12/LuoJ08M.mid,train,True,True,2615,3963,2124
539,Chopin,Etudes_op_10_12,piece_ace29a807044d7fa,Chopin/Etudes_op_10/12/Mordvinov04.mid,train,True,True,3182,5550,2141
540,Chopin,Etudes_op_10_12,piece_ace29a807044d7fa,Chopin/Etudes_op_10/12/Na_2006_02.mid,train,True,True,2425,3961,2125
541,Chopin,Etudes_op_10_12,piece_ace29a807044d7fa,Chopin/Etudes_op_10/12/Staupe02.mid,train,True,True,1466,1639,2136
542,Chopin,Etudes_op_10_12,piece_ace29a807044d7fa,Chopin/Etudes_op_10/12/WuuE06M.mid,train,True,True,2081,2971,2089
543,Chopin,Etudes_op_10_12,piece_ace29a807044d7fa,Chopin/Etudes_op_10/12/Yarden04.mid,train,True,True,2252,2856,2102
544,Chopin,Etudes_op_10_12,piece_ace29a807044d7fa,Chopin/Etudes_op_10/12/ZhangYunling02M.mid,train,True,True,2056,2846,2134
545,Chopin,Etudes_op_10_2,piece_b2856972d11a96a8,Chopin/Etudes_op_10/2/Hebert03M.mid,train,True,True,650,895,1391
546,Chopin,Etudes_op_10_2,piece_b2856972d11a96a8,Chopin/Etudes_op_10/2/JeonH02M.mid,train,True,True,805,978,1375
547,Chopin,Etudes_op_10_2,piece_b2856972d11a96a8,Chopin/Etudes_op_10/2/JiaXin01.mid,train,True,True,948,1680,1436
548,Chopin,Etudes_op_10_2,piece_b2856972d11a96a8,Chopin/Etudes_op_10/2/KaiRuiR06.mid,train,True,True,563,2684,1422
549,Chopin,Etudes_op_10_2,piece_b2856972d11a96a8,Chopin/Etudes_op_10/2/Kavalerova02.mid,train,True,True,1707,5223,1366
550,Chopin,Etudes_op_10_2,piece_b2856972d11a96a8,Chopin/Etudes_op_10/2/MERJAN02.mid,train,True,True,1519,3513,1474
551,Chopin,Etudes_op_10_2,piece_b2856972d11a96a8,Chopin/Etudes_op_10/2/ParkJ02.mid,train,True,True,623,1208,1367
552,Chopin,Etudes_op_10_2,piece_b2856972d11a96a8,Chopin/Etudes_op_10/2/Shi01.mid,train,True,True,712,1047,1373
553,Chopin,Etudes_op_10_2,piece_b2856972d11a96a8,Chopin/Etudes_op_10/2/Shi02.mid,train,True,True,1024,2391,1360
554,Chopin,Etudes_op_10_2,piece_b2856972d11a96a8,Chopin/Etudes_op_10/2/TOIVIO02.mid,train,True,True,1281,3724,1410
555,Chopin,Etudes_op_10_2,piece_b2856972d11a96a8,Chopin/Etudes_op_10/2/YeSijing03.mid,train,True,True,947,1729,1322
556,Chopin,Etudes_op_10_3,piece_de184aa79737ab7d,Chopin/Etudes_op_10/3/SunMeiting08.mid,train,True,True,2526,2257,1931
557,Chopin,Etudes_op_10_4,piece_fc84d549771ebd24,Chopin/Etudes_op_10/4/ADIG02.mid,train,True,True,1448,3375,2272
558,Chopin,Etudes_op_10_4,piece_fc84d549771ebd24,Chopin/Etudes_op_10/4/Arciglione04.mid,train,True,True,1637,2583,2264
559,Chopin,Etudes_op_10_4,piece_fc84d549771ebd24,Chopin/Etudes_op_10/4/BLINOV03.mid,train,True,True,994,1443,2284
560,Chopin,Etudes_op_10_4,piece_fc84d549771ebd24,Chopin/Etudes_op_10/4/Day02.mid,train,True,True,2129,4370,2204
561,Chopin,Etudes_op_10_4,piece_fc84d549771ebd24,Chopin/Etudes_op_10/4/Duepree02.mid,train,True,True,1726,2458,2231
562,Chopin,Etudes_op_10_4,piece_fc84d549771ebd24,Chopin/Etudes_op_10/4/Duepree06M.mid,train,True,True,1941,3315,2239
563,Chopin,Etudes_op_10_4,piece_fc84d549771ebd24,Chopin/Etudes_op_10/4/Dulu02.mid,train,True,True,2515,4373,2245
564,Chopin,Etudes_op_10_4,piece_fc84d549771ebd24,Chopin/Etudes_op_10/4/EVSTIO02.mid,train,True,True,1760,4498,2212
565,Chopin,Etudes_op_10_4,piece_fc84d549771ebd24,Chopin/Etudes_op_10/4/Fung02.mid,train,True,True,1775,3326,2239
566,Chopin,Etudes_op_10_4,piece_fc84d549771ebd24,Chopin/Etudes_op_10/4/GORDEL02.mid,train,True,True,2165,4464,2244
567,Chopin,Etudes_op_10_4,piece_fc84d549771ebd24,Chopin/Etudes_op_10/4/JiaRan_2009_02.mid,train,True,True,1345,2355,2228
568,Chopin,Etudes_op_10_4,piece_fc84d549771ebd24,Chopin/Etudes_op_10/4/Katyukova02.mid,train,True,True,2291,3838,2225
569,Chopin,Etudes_op_10_4,piece_fc84d549771ebd24,Chopin/Etudes_op_10/4/Knoll03M.mid,train,True,True,1388,2004,2254
570,Chopin,Etudes_op_10_4,piece_fc84d549771ebd24,Chopin/Etudes_op_10/4/Kurz03M.mid,train,True,True,1429,3628,2367
571,Chopin,Etudes_op_10_4,piece_fc84d549771ebd24,Chopin/Etudes_op_10/4/LeeSH03M.mid,train,True,True,917,1048,2230
572,Chopin,Etudes_op_10_4,piece_fc84d549771ebd24,Chopin/Etudes_op_10/4/MATSUM02.mid,train,True,True,1772,4905,2244
573,Chopin,Etudes_op_10_4,piece_fc84d549771ebd24,Chopin/Etudes_op_10/4/Richardson_2013_03M.mid,train,True,True,1668,2745,2306
574,Chopin,Etudes_op_10_4,piece_fc84d549771ebd24,Chopin/Etudes_op_10/4/Sladek03M.mid,train,True,True,2544,4842,2271
575,Chopin,Etudes_op_10_4,piece_fc84d549771ebd24,Chopin/Etudes_op_10/4/Yi03M.mid,train,True,True,1608,2496,2235
576,Chopin,Etudes_op_10_4,piece_fc84d549771ebd24,Chopin/Etudes_op_10/4/ZhangE03M.mid,train,True,True,1762,3039,2183
577,Chopin,Etudes_op_10_4,piece_fc84d549771ebd24,Chopin/Etudes_op_10/4/ZhaoA03M.mid,train,True,True,1323,1777,2283
578,Chopin,Etudes_op_10_4,piece_fc84d549771ebd24,Chopin/Etudes_op_10/4/Zuber02.mid,train,True,True,1768,3625,2222
579,Chopin,Etudes_op_10_5,piece_7f0cb4c5a04add5b,Chopin/Etudes_op_10/5/Bach02.mid,train,True,True,996,1586,1661
580,Chopin,Etudes_op_10_5,piece_7f0cb4c5a04add5b,Chopin/Etudes_op_10/5/Feiner_2006_02.mid,train,True,True,3049,4794,1620
581,Chopin,Etudes_op_10_5,piece_7f0cb4c5a04add5b,Chopin/Etudes_op_10/5/KimEunhae04.mid,train,True,True,992,1351,1622
582,Chopin,Etudes_op_10_5,piece_7f0cb4c5a04add5b,Chopin/Etudes_op_10/5/Koshoeva02.mid,train,True,True,2900,4637,1618
583,Chopin,Etudes_op_10_5,piece_7f0cb4c5a04add5b,Chopin/Etudes_op_10/5/LIAO03.mid,train,True,True,1634,4239,1618
584,Chopin,Etudes_op_10_5,piece_7f0cb4c5a04add5b,Chopin/Etudes_op_10/5/LiA03M.mid,train,True,True,1279,1813,1618
585,Chopin,Etudes_op_10_5,piece_7f0cb4c5a04add5b,Chopin/Etudes_op_10/5/LiC02M.mid,train,True,True,1117,1553,1607
586,Chopin,Etudes_op_10_5,piece_7f0cb4c5a04add5b,Chopin/Etudes_op_10/5/Rozanski03.mid,train,True,True,2527,3452,1620
587,Chopin,Etudes_op_10_5,piece_7f0cb4c5a04add5b,Chopin/Etudes_op_10/5/Tario02.mid,train,True,True,1046,1276,1671
588,Chopin,Etudes_op_10_5,piece_7f0cb4c5a04add5b,Chopin/Etudes_op_10/5/USHIKI03.mid,train,True,True,1011,3328,1552
589,Chopin,Etudes_op_10_5,piece_7f0cb4c5a04add5b,Chopin/Etudes_op_10/5/ZhangW03M.mid,train,True,True,1630,2668,1650
590,Chopin,Etudes_op_10_7,piece_cd99f699968911f9,Chopin/Etudes_op_10/7/ChenL02.mid,train,True,True,2015,3735,1717
591,Chopin,Etudes_op_10_7,piece_cd99f699968911f9,Chopin/Etudes_op_10/7/Namirovsky02.mid,train,True,True,2462,5284,1765
592,Chopin,Etudes_op_10_7,piece_cd99f699968911f9,Chopin/Etudes_op_10/7/SINKEV03.mid,train,True,True,906,3318,1790
593,Chopin,Etudes_op_10_8,piece_aba0b193a74b4588,Chopin/Etudes_op_10/8/BENABD02.mid,train,True,True,1957,4167,2345
594,Chopin,Etudes_op_10_8,piece_aba0b193a74b4588,Chopin/Etudes_op_10/8/Benabdallah02.mid,train,True,True,3377,6205,2336
595,Chopin,Etudes_op_10_8,piece_aba0b193a74b4588,Chopin/Etudes_op_10/8/CHOE01.mid,train,True,True,2150,3650,2356
596,Chopin,Etudes_op_10_8,piece_aba0b193a74b4588,Chopin/Etudes_op_10/8/ChenJie03.mid,train,True,True,2134,4326,2321
597,Chopin,Etudes_op_10_8,piece_aba0b193a74b4588,Chopin/Etudes_op_10/8/FONG02.mid,train,True,True,1923,7966,2333
598,Chopin,Etudes_op_10_8,piece_aba0b193a74b4588,Chopin/Etudes_op_10/8/Georgieva03.mid,train,True,True,4000,7297,2354
599,Chopin,Etudes_op_10_8,piece_aba0b193a74b4588,Chopin/Etudes_op_10/8/IVLEVA02.mid,train,True,True,2526,5697,2316
600,Chopin,Etudes_op_10_8,piece_aba0b193a74b4588,Chopin/Etudes_op_10/8/Kwok02.mid,train,True,True,2941,4727,2331
601,Chopin,Etudes_op_10_8,piece_aba0b193a74b4588,Chopin/Etudes_op_10/8/KyykhynenT09M.mid,train,True,True,975,894,2351
602,Chopin,Etudes_op_10_8,piece_aba0b193a74b4588,Chopin/Etudes_op_10/8/LeeEunjin02.mid,train,True,True,3226,4771,2333
603,Chopin,Etudes_op_10_8,piece_aba0b193a74b4588,Chopin/Etudes_op_10/8/LeeHwakyu02.mid,train,True,True,2766,6131,2319
604,Chopin,Etudes_op_10_8,piece_aba0b193a74b4588,Chopin/Etudes_op_10/8/LeeJisun02.mid,train,True,True,2161,3239,2307
605,Chopin,Etudes_op_10_8,piece_aba0b193a74b4588,Chopin/Etudes_op_10/8/LiuLangning02.mid,train,True,True,1775,2828,2325
606,Chopin,Etudes_op_10_8,piece_aba0b193a74b4588,Chopin/Etudes_op_10/8/Lou03M.mid,train,True,True,3018,4574,2327
607,Chopin,Etudes_op_10_8,piece_aba0b193a74b4588,Chopin/Etudes_op_10/8/LuEric03M.mid,train,True,True,1925,3319,2330
608,Chopin,Etudes_op_10_8,piece_aba0b193a74b4588,Chopin/Etudes_op_10/8/Masycheva02.mid,train,True,True,2968,5405,2356
609,Chopin,Etudes_op_10_8,piece_aba0b193a74b4588,Chopin/Etudes_op_10/8/MiyashitaM05M.mid,train,True,True,2694,4219,2339
610,Chopin,Etudes_op_10_8,piece_aba0b193a74b4588,Chopin/Etudes_op_10/8/ParkH02.mid,train,True,True,3112,4194,2365
611,Chopin,Etudes_op_10_8,piece_aba0b193a74b4588,Chopin/Etudes_op_10/8/Rizikov03M.mid,train,True,True,2836,3620,2331
612,Chopin,Etudes_op_10_8,piece_aba0b193a74b4588,Chopin/Etudes_op_10/8/SCHU03.mid,train,True,True,2205,5686,2311
613,Chopin,Etudes_op_10_8,piece_aba0b193a74b4588,Chopin/Etudes_op_10/8/Sekino03.mid,train,True,True,3733,5555,2320
614,Chopin,Etudes_op_10_8,piece_aba0b193a74b4588,Chopin/Etudes_op_10/8/Shilyaev02.mid,train,True,True,3717,6339,2351
615,Chopin,Etudes_op_10_8,piece_aba0b193a74b4588,Chopin/Etudes_op_10/8/Soukhovetski02.mid,train,True,True,3045,6234,2321
616,Chopin,Etudes_op_10_8,piece_aba0b193a74b4588,Chopin/Etudes_op_10/8/Tak02.mid,train,True,True,3643,6240,2352
617,Chopin,Etudes_op_10_8,piece_aba0b193a74b4588,Chopin/Etudes_op_10/8/Tetzloff02.mid,train,True,True,2390,3781,2264
618,Chopin,Etudes_op_10_8,piece_aba0b193a74b4588,Chopin/Etudes_op_10/8/Tetzloff07M.mid,train,True,True,2705,4812,2239
619,Chopin,Etudes_op_10_8,piece_aba0b193a74b4588,Chopin/Etudes_op_10/8/YOU02.mid,train,True,True,1794,3004,2346
620,Chopin,Etudes_op_10_8,piece_aba0b193a74b4588,Chopin/Etudes_op_10/8/Zhou03M.mid,train,True,True,1697,3004,2316
621,Chopin,Etudes_op_25_1,piece_63932379faac9770,Chopin/Etudes_op_25/1/Erice03.mid,train,True,True,2118,4200,2222
622,Chopin,Etudes_op_25_1,piece_63932379faac9770,Chopin/Etudes_op_25/1/LeeN03M.mid,train,True,True,1026,916,2066
623,Chopin,Etudes_op_25_1,piece_63932379faac9770,Chopin/Etudes_op_25/1/TongB02M.mid,train,True,True,829,425,1937
624,Chopin,Etudes_op_25_1,piece_63932379faac9770,Chopin/Etudes_op_25/1/TuanS04M.mid,train,True,True,933,687,1978
625,Chopin,Etudes_op_25_1,piece_63932379faac9770,Chopin/Etudes_op_25/1/Wong03M.mid,train,True,True,873,567,2110
626,Chopin,Etudes_op_25_10,piece_16ea4e3a793bb1d0,Chopin/Etudes_op_25/10/Ahn02.mid,train,True,True,2705,2978,3638
627,Chopin,Etudes_op_25_10,piece_16ea4e3a793bb1d0,Chopin/Etudes_op_25/10/DANILO02.mid,train,True,True,2998,3830,3653
628,Chopin,Etudes_op_25_10,piece_16ea4e3a793bb1d0,Chopin/Etudes_op_25/10/Goh01.mid,train,True,True,2925,4345,3657
629,Chopin,Etudes_op_25_10,piece_16ea4e3a793bb1d0,Chopin/Etudes_op_25/10/Guo02M.mid,train,True,True,4812,5940,3615
630,Chopin,Etudes_op_25_10,piece_16ea4e3a793bb1d0,Chopin/Etudes_op_25/10/KorchinskayaKogan03.mid,train,True,True,3619,3728,3648
631,Chopin,Etudes_op_25_10,piece_16ea4e3a793bb1d0,Chopin/Etudes_op_25/10/McNamara03.mid,train,True,True,4128,5531,3701
632,Chopin,Etudes_op_25_10,piece_16ea4e3a793bb1d0,Chopin/Etudes_op_25/10/Ozel05M.mid,train,True,True,2843,2122,3527
633,Chopin,Etudes_op_25_10,piece_16ea4e3a793bb1d0,Chopin/Etudes_op_25/10/Shelest01.mid,train,True,True,4211,4862,3738
634,Chopin,Etudes_op_25_10,piece_16ea4e3a793bb1d0,Chopin/Etudes_op_25/10/Shybayeva01.mid,train,True,True,5151,5888,3544
635,Chopin,Etudes_op_25_10,piece_16ea4e3a793bb1d0,Chopin/Etudes_op_25/10/WangA03M.mid,train,True,True,3698,3389,3386
636,Chopin,Etudes_op_25_10,piece_16ea4e3a793bb1d0,Chopin/Etudes_op_25/10/Zagalskaia03.mid,train,True,True,5250,7519,3512
637,Chopin,Etudes_op_25_10,piece_16ea4e3a793bb1d0,Chopin/Etudes_op_25/10/Zhao02.mid,train,True,True,4457,4256,3535
638,Chopin,Etudes_op_25_11,piece_6dd1849d1c453f5f,Chopin/Etudes_op_25/11/ChenS02.mid,train,True,True,2645,4022,3218
639,Chopin,Etudes_op_25_11,piece_6dd1849d1c453f5f,Chopin/Etudes_op_25/11/Gorucan02.mid,train,True,True,3527,5367,3272
640,Chopin,Etudes_op_25_11,piece_6dd1849d1c453f5f,Chopin/Etudes_op_25/11/Guzman04.mid,train,True,True,3458,6450,3529
641,Chopin,Etudes_op_25_11,piece_6dd1849d1c453f5f,Chopin/Etudes_op_25/11/HouMiao_2009_02.mid,train,True,True,5209,6679,3248
642,Chopin,Etudes_op_25_11,piece_6dd1849d1c453f5f,Chopin/Etudes_op_25/11/Huang02.mid,train,True,True,3895,5856,3336
643,Chopin,Etudes_op_25_11,piece_6dd1849d1c453f5f,Chopin/Etudes_op_25/11/KOLESO02.mid,train,True,True,3114,4346,3303
644,Chopin,Etudes_op_25_11,piece_6dd1849d1c453f5f,Chopin/Etudes_op_25/11/KimSuyeon03M.mid,train,True,True,2048,2020,3255
645,Chopin,Etudes_op_25_11,piece_6dd1849d1c453f5f,Chopin/Etudes_op_25/11/Kochetkova02.mid,train,True,True,4861,7844,3255
646,Chopin,Etudes_op_25_11,piece_6dd1849d1c453f5f,Chopin/Etudes_op_25/11/Kociuban02.mid,train,True,True,3176,6045,3319
647,Chopin,Etudes_op_25_11,piece_6dd1849d1c453f5f,Chopin/Etudes_op_25/11/KyykhynenT10M.mid,train,True,True,1504,1200,3364
648,Chopin,Etudes_op_25_11,piece_6dd1849d1c453f5f,Chopin/Etudes_op_25/11/LeeKoeun02.mid,train,True,True,1595,1866,3193
649,Chopin,Etudes_op_25_11,piece_6dd1849d1c453f5f,Chopin/Etudes_op_25/11/Lisiecki07M.mid,train,True,True,3904,8761,3296
650,Chopin,Etudes_op_25_11,piece_6dd1849d1c453f5f,Chopin/Etudes_op_25/11/MiyashitaM03M.mid,train,True,True,3431,3654,3214
651,Chopin,Etudes_op_25_11,piece_6dd1849d1c453f5f,Chopin/Etudes_op_25/11/Richardson_2013_08M.mid,train,True,True,1901,2342,3259
652,Chopin,Etudes_op_25_11,piece_6dd1849d1c453f5f,Chopin/Etudes_op_25/11/Richardson_2015_03M.mid,train,True,True,3519,6572,3241
653,Chopin,Etudes_op_25_11,piece_6dd1849d1c453f5f,Chopin/Etudes_op_25/11/Seo02.mid,train,True,True,2289,2566,3306
654,Chopin,Etudes_op_25_11,piece_6dd1849d1c453f5f,Chopin/Etudes_op_25/11/Sham02M.mid,train,True,True,2520,3008,3366
655,Chopin,Etudes_op_25_11,piece_6dd1849d1c453f5f,Chopin/Etudes_op_25/11/Shychko03M.mid,train,True,True,1468,2180,3347
656,Chopin,Etudes_op_25_11,piece_6dd1849d1c453f5f,Chopin/Etudes_op_25/11/Song02M.mid,train,True,True,2309,2923,3216
657,Chopin,Etudes_op_25_11,piece_6dd1849d1c453f5f,Chopin/Etudes_op_25/11/SunJay03.mid,train,True,True,3162,5919,3212
658,Chopin,Etudes_op_25_11,piece_6dd1849d1c453f5f,Chopin/Etudes_op_25/11/Tan03.mid,train,True,True,2706,3349,3330
659,Chopin,Etudes_op_25_11,piece_6dd1849d1c453f5f,Chopin/Etudes_op_25/11/Tang03.mid,train,True,True,2112,2245,3218
660,Chopin,Etudes_op_25_11,piece_6dd1849d1c453f5f,Chopin/Etudes_op_25/11/WangA02M.mid,train,True,True,1716,2363,3233
661,Chopin,Etudes_op_25_11,piece_6dd1849d1c453f5f,Chopin/Etudes_op_25/11/WangV02.mid,train,True,True,1949,2333,3312
662,Chopin,Etudes_op_25_12,piece_db97fbaed2036f5b,Chopin/Etudes_op_25/12/Atzinger03.mid,validation,True,True,1358,2016,2589
663,Chopin,Etudes_op_25_12,piece_db97fbaed2036f5b,Chopin/Etudes_op_25/12/BorickC04M.mid,validation,True,True,870,606,2594
664,Chopin,Etudes_op_25_12,piece_db97fbaed2036f5b,Chopin/Etudes_op_25/12/Golubeva02.mid,validation,True,True,1000,1078,2756
665,Chopin,Etudes_op_25_12,piece_db97fbaed2036f5b,Chopin/Etudes_op_25/12/HouKimberly03M.mid,validation,True,True,745,658,2792
666,Chopin,Etudes_op_25_12,piece_db97fbaed2036f5b,Chopin/Etudes_op_25/12/KWON03.mid,validation,True,True,842,3023,2640
667,Chopin,Etudes_op_25_12,piece_db97fbaed2036f5b,Chopin/Etudes_op_25/12/Kunz03.mid,validation,True,True,775,796,2808
668,Chopin,Etudes_op_25_12,piece_db97fbaed2036f5b,Chopin/Etudes_op_25/12/LuA04M.mid,validation,True,True,638,545,2683
669,Chopin,Etudes_op_25_12,piece_db97fbaed2036f5b,Chopin/Etudes_op_25/12/Meek01.mid,validation,True,True,1197,1205,2672
670,Chopin,Etudes_op_25_12,piece_db97fbaed2036f5b,Chopin/Etudes_op_25/12/Yang03.mid,validation,True,True,742,662,2628
671,Chopin,Etudes_op_25_2,piece_a4cf5c5ad78b7ead,Chopin/Etudes_op_25/2/Karpeyev02.mid,train,True,True,2092,3674,1210
672,Chopin,Etudes_op_25_4,piece_48b9fa8b8ab49da8,Chopin/Etudes_op_25/4/Taverna02.mid,test,True,True,1794,1772,1476
673,Chopin,Etudes_op_25_4,piece_48b9fa8b8ab49da8,Chopin/Etudes_op_25/4/UENO02.mid,test,True,True,1175,2613,1443
674,Chopin,Etudes_op_25_5,piece_9b778f6568d8420b,Chopin/Etudes_op_25/5/Levitsky10M.mid,train,True,True,2535,2301,2169
675,Chopin,Etudes_op_25_5,piece_9b778f6568d8420b,Chopin/Etudes_op_25/5/OUSSET02.mid,train,True,True,2654,4137,2188
676,Chopin,Etudes_op_25_8,piece_04919a4df9fdb995,Chopin/Etudes_op_25/8/DeTurck02.mid,test,True,True,2081,5507,1516
677,Chopin,Etudes_op_25_8,piece_04919a4df9fdb995,Chopin/Etudes_op_25/8/MORET03.mid,test,True,True,1527,4134,1588
678,Chopin,Etudes_op_25_8,piece_04919a4df9fdb995,Chopin/Etudes_op_25/8/SOLOM03.mid,test,True,True,861,5283,1471
679,Chopin,Etudes_op_25_8,piece_04919a4df9fdb995,Chopin/Etudes_op_25/8/Toscano02.mid,test,True,True,1368,4753,1455
680,Chopin,Polonaises_53,piece_e62c7562d4d09361,Chopin/Polonaises/53/Chon08M.mid,train,True,True,5139,8529,6277
681,Chopin,Polonaises_53,piece_e62c7562d4d09361,Chopin/Polonaises/53/YeF11M.mid,train,True,True,3129,2601,6146
682,Chopin,Scherzos_20,piece_38556957a9b59af4,Chopin/Scherzos/20/Kurz04M.mid,train,True,True,5870,7718,5087
683,Chopin,Scherzos_20,piece_38556957a9b59af4,Chopin/Scherzos/20/Wong03.mid,train,True,True,8266,8807,5163
684,Chopin,Scherzos_20,piece_38556957a9b59af4,Chopin/Scherzos/20/Wong04M.mid,train,True,True,4220,2957,4957
685,Chopin,Scherzos_20,piece_38556957a9b59af4,Chopin/Scherzos/20/ZhangYunling04M.mid,train,True,True,5364,4616,4826
686,Chopin,Scherzos_31,piece_ada4dd601e854800,Chopin/Scherzos/31/ChenW04M.mid,train,True,True,6130,4892,6128
687,Chopin,Scherzos_31,piece_ada4dd601e854800,Chopin/Scherzos/31/Dossin06.mid,train,True,True,5999,8667,5989
688,Chopin,Scherzos_31,piece_ada4dd601e854800,Chopin/Scherzos/31/HuNY08M.mid,train,True,True,5498,4449,6012
689,Chopin,Scherzos_31,piece_ada4dd601e854800,Chopin/Scherzos/31/Jussow04.mid,train,True,True,8042,8247,5998
690,Chopin,Scherzos_31,piece_ada4dd601e854800,Chopin/Scherzos/31/Jussow11M.mid,train,True,True,4755,4563,5864
691,Chopin,Scherzos_31,piece_ada4dd601e854800,Chopin/Scherzos/31/LeeN04M.mid,train,True,True,6122,5504,5896
692,Chopin,Scherzos_31,piece_ada4dd601e854800,Chopin/Scherzos/31/LinTami06M.mid,train,True,True,8274,12932,5916
693,Chopin,Scherzos_31,piece_ada4dd601e854800,Chopin/Scherzos/31/LuoJ12M.mid,train,True,True,8721,8252,5905
694,Chopin,Scherzos_31,piece_ada4dd601e854800,Chopin/Scherzos/31/SunD04M.mid,train,True,True,6578,6001,6111
695,Chopin,Scherzos_31,piece_ada4dd601e854800,Chopin/Scherzos/31/TongB04M.mid,train,True,True,6932,5253,5864
696,Chopin,Scherzos_31,piece_ada4dd601e854800,Chopin/Scherzos/31/TuanS05M.mid,train,True,True,5775,4300,5821
697,Chopin,Scherzos_31,piece_ada4dd601e854800,Chopin/Scherzos/31/ZhangW04M.mid,train,True,True,10412,10071,5982
698,Chopin,Scherzos_39,piece_b759f9cfac798748,Chopin/Scherzos/39/Arciglione13M.mid,train,True,True,4821,5496,5126
699,Chopin,Scherzos_39,piece_b759f9cfac798748,Chopin/Scherzos/39/Bult-ItoS05M.mid,train,True,True,5861,6756,5248
700,Chopin,Sonata_2_1st,piece_418b959c7292dd8d,Chopin/Sonata_2/1st_no_repeat/Giltburg02.mid,train,True,True,3001,3767,4171
701,Chopin,Sonata_2_1st,piece_418b959c7292dd8d,Chopin/Sonata_2/1st_no_repeat/Jia03.mid,train,True,True,3472,3896,4176
702,Chopin,Sonata_2_1st,piece_418b959c7292dd8d,Chopin/Sonata_2/1st_no_repeat/Knoll10.mid,train,True,True,3535,3518,4005
703,Chopin,Sonata_2_1st,piece_418b959c7292dd8d,Chopin/Sonata_2/1st_no_repeat/MATSUM03.mid,train,True,True,2746,5869,3988
704,Chopin,Sonata_2_2nd,piece_6bb9e41b84a76933,Chopin/Sonata_2/2nd/KaszoS14.mid,test,True,True,7512,6433,4574
705,Chopin,Sonata_2_2nd,piece_6bb9e41b84a76933,Chopin/Sonata_2/2nd_no_repeat/Giltburg02.mid,test,True,True,3969,5423,4178
706,Chopin,Sonata_2_2nd,piece_6bb9e41b84a76933,Chopin/Sonata_2/2nd_no_repeat/Knoll10.mid,test,True,True,4940,4658,4110
707,Chopin,Sonata_2_3rd,piece_6b2b049adeae4e09,Chopin/Sonata_2/3rd/Giltburg02.mid,train,True,True,4012,3076,2139
708,Chopin,Sonata_2_3rd,piece_6b2b049adeae4e09,Chopin/Sonata_2/3rd/KaszoS15.mid,train,True,True,6419,3161,2290
709,Chopin,Sonata_2_3rd,piece_6b2b049adeae4e09,Chopin/Sonata_2/3rd_no_repeat/Knoll10.mid,train,True,True,4008,450,1975
710,Chopin,Sonata_2_4th,piece_878a4a7ec2a55b31,Chopin/Sonata_2/4th/Giltburg02.mid,train,True,True,1960,5625,1737
711,Chopin,Sonata_2_4th,piece_878a4a7ec2a55b31,Chopin/Sonata_2/4th/KaszoS16M.mid,train,True,True,2043,3121,1691
712,Chopin,Sonata_2_4th,piece_878a4a7ec2a55b31,Chopin/Sonata_2/4th/Knoll10.mid,train,True,True,2281,6092,1736
713,Chopin,Sonata_3_2nd,piece_7e40ed04a0616010,Chopin/Sonata_3/2nd/GarritsonL09.mid,train,True,True,2172,1429,1400
714,Chopin,Sonata_3_2nd,piece_7e40ed04a0616010,Chopin/Sonata_3/2nd/HONG08.mid,train,True,True,2152,2794,1398
715,Chopin,Sonata_3_2nd,piece_7e40ed04a0616010,Chopin/Sonata_3/2nd/HuangSW04.mid,train,True,True,2969,2418,1413
716,Chopin,Sonata_3_2nd,piece_7e40ed04a0616010,Chopin/Sonata_3/2nd/Huangci06.mid,train,True,True,2548,2150,1411
717,Chopin,Sonata_3_2nd,piece_7e40ed04a0616010,Chopin/Sonata_3/2nd/KimSJ08.mid,train,True,True,3404,2658,1436
718,Chopin,Sonata_3_2nd,piece_7e40ed04a0616010,Chopin/Sonata_3/2nd/KimSY21.mid,train,True,True,3913,2827,1425
719,Chopin,Sonata_3_2nd,piece_7e40ed04a0616010,Chopin/Sonata_3/2nd/SCHU09.mid,train,True,True,2120,3954,1389
720,Chopin,Sonata_3_2nd,piece_7e40ed04a0616010,Chopin/Sonata_3/2nd/Shybayeva07.mid,train,True,True,4425,3277,1404
721,Chopin,Sonata_3_2nd,piece_7e40ed04a0616010,Chopin/Sonata_3/2nd/mikahailoff01.mid,train,True,True,2626,3983,1401
722,Chopin,Sonata_3_3rd,piece_05168fe50aa136e3,Chopin/Sonata_3/3rd/GarritsonL10.mid,train,True,True,5419,1309,1847
723,Chopin,Sonata_3_3rd,piece_05168fe50aa136e3,Chopin/Sonata_3/3rd/HONG08.mid,train,True,True,5316,3572,1854
724,Chopin,Sonata_3_3rd,piece_05168fe50aa136e3,Chopin/Sonata_3/3rd/HuangSW05.mid,train,True,True,5823,2165,1876
725,Chopin,Sonata_3_3rd,piece_05168fe50aa136e3,Chopin/Sonata_3/3rd/Huangci06.mid,train,True,True,7152,3133,1881
726,Chopin,Sonata_3_3rd,piece_05168fe50aa136e3,Chopin/Sonata_3/3rd/KimSJ09.mid,train,True,True,10709,3894,1862
727,Chopin,Sonata_3_3rd,piece_05168fe50aa136e3,Chopin/Sonata_3/3rd/KimSY22.mid,train,True,True,14545,5940,1874
728,Chopin,Sonata_3_3rd,piece_05168fe50aa136e3,Chopin/Sonata_3/3rd/SCHU09.mid,train,True,True,5759,5279,1857
729,Chopin,Sonata_3_3rd,piece_05168fe50aa136e3,Chopin/Sonata_3/3rd/Shybayeva07.mid,train,True,True,9363,3888,1869
730,Chopin,Sonata_3_3rd,piece_05168fe50aa136e3,Chopin/Sonata_3/3rd/mikahailoff01.mid,train,True,True,5833,3034,1838
731,Chopin,Sonata_3_4th,piece_d2291d1959e4f2ae,Chopin/Sonata_3/4th/GarritsonL11M.mid,test,True,True,3326,4044,4797
732,Chopin,Sonata_3_4th,piece_d2291d1959e4f2ae,Chopin/Sonata_3/4th/HONG08.mid,test,True,True,4117,6976,4855
733,Chopin,Sonata_3_4th,piece_d2291d1959e4f2ae,Chopin/Sonata_3/4th/HuangSW06M.mid,test,True,True,3202,3576,5053
734,Chopin,Sonata_3_4th,piece_d2291d1959e4f2ae,Chopin/Sonata_3/4th/Huangci06.mid,test,True,True,3478,4103,4973
735,Chopin,Sonata_3_4th,piece_d2291d1959e4f2ae,Chopin/Sonata_3/4th/KimSJ10M.mid,test,True,True,4203,5126,4870
736,Chopin,Sonata_3_4th,piece_d2291d1959e4f2ae,Chopin/Sonata_3/4th/KimSY23M.mid,test,True,True,6129,6299,4841
737,Chopin,Sonata_3_4th,piece_d2291d1959e4f2ae,Chopin/Sonata_3/4th/SCHU09.mid,test,True,True,5390,12294,4844
738,Chopin,Sonata_3_4th,piece_d2291d1959e4f2ae,Chopin/Sonata_3/4th/Shybayeva07.mid,test,True,True,5343,6520,4917
739,Chopin,Sonata_3_4th,piece_d2291d1959e4f2ae,Chopin/Sonata_3/4th/mikahailoff01.mid,test,True,True,5343,9420,4821
740,Debussy,Images_Book_1_1_Reflets_dans_lEau,piece_f5b9d4ebcb64d92f,Debussy/Images_Book_1/1_Reflets_dans_lEau/Kleisen11M.mid,train,True,True,3450,6238,2019
741,Debussy,Images_Book_1_1_Reflets_dans_lEau,piece_f5b9d4ebcb64d92f,Debussy/Images_Book_1/1_Reflets_dans_lEau/ParkJH13M.mid,train,True,True,1606,1052,2013
742,Debussy,Pour_le_Piano_1,piece_8c3eba14fccb1cd9,Debussy/Pour_le_Piano/1/MunA12M.mid,train,True,True,2812,3324,3203
743,Glinka,The_Lark,piece_f2581f8261a97194,Glinka/The_Lark/Denisova10M.mid,train,True,True,2978,1167,2330
744,Glinka,The_Lark,piece_f2581f8261a97194,Glinka/The_Lark/Kleisen07M.mid,train,True,True,4295,7677,2207
745,Haydn,Keyboard_Sonatas_31-1,piece_32756c4c937eea64,Haydn/Keyboard_Sonatas/31-1/Masycheva01.mid,train,True,True,4139,3545,1615
746,Haydn,Keyboard_Sonatas_31-1,piece_32756c4c937eea64,Haydn/Keyboard_Sonatas/31-1/SCHU02.mid,train,True,True,538,403,1622
747,Haydn,Keyboard_Sonatas_31-1,piece_32756c4c937eea64,Haydn/Keyboard_Sonatas/31-1/Song05M.mid,train,True,True,2077,2046,1609
748,Haydn,Keyboard_Sonatas_31-1,piece_32756c4c937eea64,Haydn/Keyboard_Sonatas/31-1/Zagalskaia02.mid,train,True,True,4670,4607,1613
749,Haydn,Keyboard_Sonatas_32-1,piece_e7ad71b998a8d477,Haydn/Keyboard_Sonatas/32-1/Pavlovic02.mid,validation,True,True,5969,5092,2105
750,Haydn,Keyboard_Sonatas_32-1,piece_e7ad71b998a8d477,Haydn/Keyboard_Sonatas/32-1/SUDBIN01.mid,validation,True,True,5891,7456,2129
751,Haydn,Keyboard_Sonatas_32-1,piece_e7ad71b998a8d477,Haydn/Keyboard_Sonatas/32-1_no_repeat/Goldberg01.mid,validation,True,True,4473,3296,1531
752,Haydn,Keyboard_Sonatas_32-1,piece_e7ad71b998a8d477,Haydn/Keyboard_Sonatas/32-1_no_repeat/Guzman01.mid,validation,True,True,2244,2949,1500
753,Haydn,Keyboard_Sonatas_32-1,piece_e7ad71b998a8d477,Haydn/Keyboard_Sonatas/32-1_no_repeat/MCVEY01.mid,validation,True,True,2436,2307,1506
754,Haydn,Keyboard_Sonatas_39-1,piece_6f89053e95f709e1,Haydn/Keyboard_Sonatas/39-1/Yarden02.mid,train,True,True,3393,3369,2038
755,Haydn,Keyboard_Sonatas_39-1,piece_6f89053e95f709e1,Haydn/Keyboard_Sonatas/39-1/Yarden07M.mid,train,True,True,3254,3125,2009
756,Haydn,Keyboard_Sonatas_39-2,piece_e38184a2e9753bdc,Haydn/Keyboard_Sonatas/39-2/Yarden07.mid,validation,True,True,8270,7325,2391
757,Haydn,Keyboard_Sonatas_39-3,piece_fb1c7b11dfc2b4d4,Haydn/Keyboard_Sonatas/39-3/Yarden07M.mid,train,True,True,3605,4356,3163
758,Haydn,Keyboard_Sonatas_46-1,piece_0a888a7d5fbd06e6,Haydn/Keyboard_Sonatas/46-1/Bach01.mid,validation,True,True,3185,4214,2716
759,Haydn,Keyboard_Sonatas_46-1,piece_0a888a7d5fbd06e6,Haydn/Keyboard_Sonatas/46-1/GORDEL01.mid,validation,True,True,3844,5104,2703
760,Haydn,Keyboard_Sonatas_46-1,piece_0a888a7d5fbd06e6,Haydn/Keyboard_Sonatas/46-1/Shilyaev01.mid,validation,True,True,5467,5871,2741
761,Haydn,Keyboard_Sonatas_46-1,piece_0a888a7d5fbd06e6,Haydn/Keyboard_Sonatas/46-1/WongWY02M.mid,validation,True,True,5933,7418,2725
762,Haydn,Keyboard_Sonatas_46-1,piece_0a888a7d5fbd06e6,Haydn/Keyboard_Sonatas/46-1/YuP03M.mid,validation,True,True,2715,1729,2706
763,Haydn,Keyboard_Sonatas_48-1,piece_c3f7d0c320d0f2e9,Haydn/Keyboard_Sonatas/48-1/GarritsonL02M.mid,train,True,True,6720,2371,1991
764,Haydn,Keyboard_Sonatas_48-1,piece_c3f7d0c320d0f2e9,Haydn/Keyboard_Sonatas/48-1/PrjevalskayaM02M.mid,train,True,True,3957,1860,1987
765,Haydn,Keyboard_Sonatas_48-2,piece_77a2fb41f6a7f50a,Haydn/Keyboard_Sonatas/48-2/GarritsonL03M.mid,test,True,True,1569,1073,2824
766,Haydn,Keyboard_Sonatas_48-2,piece_77a2fb41f6a7f50a,Haydn/Keyboard_Sonatas/48-2/PrjevalskayaM03M.mid,test,True,True,585,377,2822
767,Haydn,Keyboard_Sonatas_49-1,piece_d3c94aa1c5cc47f6,Haydn/Keyboard_Sonatas/49-1/Hou01.mid,test,True,True,3682,2766,2652
768,Haydn,Keyboard_Sonatas_49-1,piece_d3c94aa1c5cc47f6,Haydn/Keyboard_Sonatas/49-1/LEE_K01.mid,test,True,True,2832,2289,2635
769,Haydn,Keyboard_Sonatas_49-1,piece_d3c94aa1c5cc47f6,Haydn/Keyboard_Sonatas/49-1/Soukhovetski01.mid,test,True,True,3093,2061,2642
770,Haydn,Keyboard_Sonatas_50-1,piece_9d347f5f08c34ed5,Haydn/Keyboard_Sonatas/50-1_no_repeat/Day01.mid,train,True,True,1732,2019,3480
771,Haydn,Keyboard_Sonatas_50-1,piece_9d347f5f08c34ed5,Haydn/Keyboard_Sonatas/50-1_no_repeat/EVSTIO01.mid,train,True,True,2985,5101,3497
772,Haydn,Keyboard_Sonatas_50-1,piece_9d347f5f08c34ed5,Haydn/Keyboard_Sonatas/50-1_no_repeat/GalantM02M.mid,train,True,True,1432,1325,3486
773,Haydn,Keyboard_Sonatas_50-1,piece_9d347f5f08c34ed5,Haydn/Keyboard_Sonatas/50-1_no_repeat/Georgieva01.mid,train,True,True,6514,8725,3554
774,Haydn,Keyboard_Sonatas_50-1,piece_9d347f5f08c34ed5,Haydn/Keyboard_Sonatas/50-1_no_repeat/Gorucan01.mid,train,True,True,2778,3063,3497
775,Haydn,Keyboard_Sonatas_50-1,piece_9d347f5f08c34ed5,Haydn/Keyboard_Sonatas/50-1_no_repeat/HSU01.mid,train,True,True,1970,2814,3525
776,Haydn,Keyboard_Sonatas_50-1,piece_9d347f5f08c34ed5,Haydn/Keyboard_Sonatas/50-1_no_repeat/HUAN_J01.mid,train,True,True,2893,4390,3532
777,Haydn,Keyboard_Sonatas_50-1,piece_9d347f5f08c34ed5,Haydn/Keyboard_Sonatas/50-1_no_repeat/HamSY02M.mid,train,True,True,1220,756,3484
778,Haydn,Keyboard_Sonatas_50-1,piece_9d347f5f08c34ed5,Haydn/Keyboard_Sonatas/50-1_no_repeat/Huang01.mid,train,True,True,3037,5787,3492
779,Haydn,Keyboard_Sonatas_50-1,piece_9d347f5f08c34ed5,Haydn/Keyboard_Sonatas/50-1_no_repeat/Huang05M.mid,train,True,True,2642,3512,3516
780,Haydn,Keyboard_Sonatas_50-1,piece_9d347f5f08c34ed5,Haydn/Keyboard_Sonatas/50-1_no_repeat/JeonH03M.mid,train,True,True,2054,1351,3499
781,Haydn,Keyboard_Sonatas_50-1,piece_9d347f5f08c34ed5,Haydn/Keyboard_Sonatas/50-1_no_repeat/KARYAG06M.mid,train,True,True,3928,9842,3510
782,Haydn,Keyboard_Sonatas_50-1,piece_9d347f5f08c34ed5,Haydn/Keyboard_Sonatas/50-1_no_repeat/Kim01.mid,train,True,True,7201,6916,3512
783,Haydn,Keyboard_Sonatas_50-1,piece_9d347f5f08c34ed5,Haydn/Keyboard_Sonatas/50-1_no_repeat/Shi07M.mid,train,True,True,463,334,3496
784,Haydn,Keyboard_Sonatas_50-1,piece_9d347f5f08c34ed5,Haydn/Keyboard_Sonatas/50-1_no_repeat/Tak01.mid,train,True,True,3755,3863,3495
785,Haydn,Keyboard_Sonatas_50-1,piece_9d347f5f08c34ed5,Haydn/Keyboard_Sonatas/50-1_no_repeat/Toscano03.mid,train,True,True,1928,2198,3490
786,Haydn,Keyboard_Sonatas_50-1,piece_9d347f5f08c34ed5,Haydn/Keyboard_Sonatas/50-1_no_repeat/Verbaite01.mid,train,True,True,1542,1773,3491
787,Haydn,Keyboard_Sonatas_50-1,piece_9d347f5f08c34ed5,Haydn/Keyboard_Sonatas/50-1_no_repeat/YoungS02M.mid,train,True,True,3178,2915,3494
788,Haydn,Keyboard_Sonatas_6-1,piece_0ae5f42bb12ff89b,Haydn/Keyboard_Sonatas/6-1/ChenC01.mid,train,True,True,1387,1508,2342
789,Liszt,Annees_de_pelerinage_2_1_Gondoliera,piece_aa07d5eadee978ca,Liszt/Annees_de_pelerinage_2/1_Gondoliera/LeungM08M.mid,train,True,True,3221,3482,2732
790,Liszt,Annees_de_pelerinage_2_1_Gondoliera,piece_aa07d5eadee978ca,Liszt/Annees_de_pelerinage_2/1_Gondoliera/LeungM12M.mid,train,True,True,1701,1132,2794
791,Liszt,Ballade_2,piece_19a5dd467d969636,Liszt/Ballade_2/Broberg03.mid,train,True,True,7226,4531,6943
792,Liszt,Ballade_2,piece_19a5dd467d969636,Liszt/Ballade_2/GarritsonL04M.mid,train,True,True,6593,3334,7320
793,Liszt,Ballade_2,piece_19a5dd467d969636,Liszt/Ballade_2/Jin07M.mid,train,True,True,5722,3430,7245
794,Liszt,Ballade_2,piece_19a5dd467d969636,Liszt/Ballade_2/KIM_J04.mid,train,True,True,5821,5521,7025
795,Liszt,Ballade_2,piece_19a5dd467d969636,Liszt/Ballade_2/Min06M.mid,train,True,True,5290,3225,7034
796,Liszt,Ballade_2,piece_19a5dd467d969636,Liszt/Ballade_2/Sham05.mid,train,True,True,10447,6130,7270
797,Liszt,Concert_Etude_S145_1,piece_68904a8340df9962,Liszt/Concert_Etude_S145/1/FEINER03.mid,train,True,True,4404,6955,3340
798,Liszt,Concert_Etude_S145_1,piece_68904a8340df9962,Liszt/Concert_Etude_S145/1/Kleisen03.mid,train,True,True,5250,10059,3263
799,Liszt,Concert_Etude_S145_1,piece_68904a8340df9962,Liszt/Concert_Etude_S145/1/Kleisen06M.mid,train,True,True,6211,11882,3297
800,Liszt,Concert_Etude_S145_1,piece_68904a8340df9962,Liszt/Concert_Etude_S145/1/Lai02.mid,train,True,True,4334,7109,3426
801,Liszt,Concert_Etude_S145_1,piece_68904a8340df9962,Liszt/Concert_Etude_S145/1/Woo02.mid,train,True,True,4382,5210,3382
802,Liszt,Concert_Etude_S145_1,piece_68904a8340df9962,Liszt/Concert_Etude_S145/1/Woo06M.mid,train,True,True,5433,8848,3369
803,Liszt,Concert_Etude_S145_2,piece_901ec1910fe9fa9e,Liszt/Concert_Etude_S145/2/Lo02.mid,validation,True,True,1840,3008,3074
804,Liszt,Concert_Etude_S145_2,piece_901ec1910fe9fa9e,Liszt/Concert_Etude_S145/2/Lu03M.mid,validation,True,True,2141,4155,3126
805,Liszt,Concert_Etude_S145_2,piece_901ec1910fe9fa9e,Liszt/Concert_Etude_S145/2/Tario06M.mid,validation,True,True,3428,5254,3097
806,Liszt,Concert_Etude_S145_2,piece_901ec1910fe9fa9e,Liszt/Concert_Etude_S145/2/ZhangX03.mid,validation,True,True,1926,3290,2905
807,Liszt,Gran_Etudes_de_Paganini_2_La_campanella,piece_2e05d56669b6e388,Liszt/Gran_Etudes_de_Paganini/2_La_campanella/Albright04.mid,train,True,True,4519,6897,4133
808,Liszt,Gran_Etudes_de_Paganini_2_La_campanella,piece_2e05d56669b6e388,Liszt/Gran_Etudes_de_Paganini/2_La_campanella/Ali03.mid,train,True,True,2734,4063,4103
809,Liszt,Gran_Etudes_de_Paganini_2_La_campanella,piece_2e05d56669b6e388,Liszt/Gran_Etudes_de_Paganini/2_La_campanella/Bogdanovitch02.mid,train,True,True,3098,4264,4109
810,Liszt,Gran_Etudes_de_Paganini_2_La_campanella,piece_2e05d56669b6e388,Liszt/Gran_Etudes_de_Paganini/2_La_campanella/BuiJL03M.mid,train,True,True,3252,4735,4085
811,Liszt,Gran_Etudes_de_Paganini_2_La_campanella,piece_2e05d56669b6e388,Liszt/Gran_Etudes_de_Paganini/2_La_campanella/FALIKS02_2004.mid,train,True,True,1742,2438,4115
812,Liszt,Gran_Etudes_de_Paganini_2_La_campanella,piece_2e05d56669b6e388,Liszt/Gran_Etudes_de_Paganini/2_La_campanella/Faliks02.mid,train,True,True,2495,2579,4054
813,Liszt,Gran_Etudes_de_Paganini_2_La_campanella,piece_2e05d56669b6e388,Liszt/Gran_Etudes_de_Paganini/2_La_campanella/Faliks03.mid,train,True,True,2726,2886,4091
814,Liszt,Gran_Etudes_de_Paganini_2_La_campanella,piece_2e05d56669b6e388,Liszt/Gran_Etudes_de_Paganini/2_La_campanella/Gasanov02.mid,train,True,True,3195,4341,4167
815,Liszt,Gran_Etudes_de_Paganini_2_La_campanella,piece_2e05d56669b6e388,Liszt/Gran_Etudes_de_Paganini/2_La_campanella/HUAN_J03.mid,train,True,True,2811,5330,4249
816,Liszt,Gran_Etudes_de_Paganini_2_La_campanella,piece_2e05d56669b6e388,Liszt/Gran_Etudes_de_Paganini/2_La_campanella/Hao03.mid,train,True,True,3161,5485,4088
817,Liszt,Gran_Etudes_de_Paganini_2_La_campanella,piece_2e05d56669b6e388,Liszt/Gran_Etudes_de_Paganini/2_La_campanella/KanM06.mid,train,True,True,5825,7548,4042
818,Liszt,Gran_Etudes_de_Paganini_2_La_campanella,piece_2e05d56669b6e388,Liszt/Gran_Etudes_de_Paganini/2_La_campanella/Kolessova07.mid,train,True,True,1882,4350,4307
819,Liszt,Gran_Etudes_de_Paganini_2_La_campanella,piece_2e05d56669b6e388,Liszt/Gran_Etudes_de_Paganini/2_La_campanella/LeungR04M.mid,train,True,True,3232,4039,4154
820,Liszt,Gran_Etudes_de_Paganini_2_La_campanella,piece_2e05d56669b6e388,Liszt/Gran_Etudes_de_Paganini/2_La_campanella/Levitsky02.mid,train,True,True,4626,9854,4263
821,Liszt,Gran_Etudes_de_Paganini_2_La_campanella,piece_2e05d56669b6e388,Liszt/Gran_Etudes_de_Paganini/2_La_campanella/Levitsky06M.mid,train,True,True,2872,4761,4249
822,Liszt,Gran_Etudes_de_Paganini_2_La_campanella,piece_2e05d56669b6e388,Liszt/Gran_Etudes_de_Paganini/2_La_campanella/Lin02.mid,train,True,True,4171,7956,4167
823,Liszt,Gran_Etudes_de_Paganini_2_La_campanella,piece_2e05d56669b6e388,Liszt/Gran_Etudes_de_Paganini/2_La_campanella/Lin07M.mid,train,True,True,3884,7300,4133
824,Liszt,Gran_Etudes_de_Paganini_2_La_campanella,piece_2e05d56669b6e388,Liszt/Gran_Etudes_de_Paganini/2_La_campanella/LiuC05M.mid,train,True,True,2137,2916,4011
825,Liszt,Gran_Etudes_de_Paganini_2_La_campanella,piece_2e05d56669b6e388,Liszt/Gran_Etudes_de_Paganini/2_La_campanella/LiuY03M.mid,train,True,True,2028,2375,4187
826,Liszt,Gran_Etudes_de_Paganini_2_La_campanella,piece_2e05d56669b6e388,Liszt/Gran_Etudes_de_Paganini/2_La_campanella/MunA08M.mid,train,True,True,2492,3874,4328
827,Liszt,Gran_Etudes_de_Paganini_2_La_campanella,piece_2e05d56669b6e388,Liszt/Gran_Etudes_de_Paganini/2_La_campanella/SEBAST02.mid,train,True,True,2562,5191,4016
828,Liszt,Gran_Etudes_de_Paganini_2_La_campanella,piece_2e05d56669b6e388,Liszt/Gran_Etudes_de_Paganini/2_La_campanella/Seredenko02.mid,train,True,True,3470,4763,4232
829,Liszt,Gran_Etudes_de_Paganini_2_La_campanella,piece_2e05d56669b6e388,Liszt/Gran_Etudes_de_Paganini/2_La_campanella/Sychev03.mid,train,True,True,4618,9562,4121
830,Liszt,Gran_Etudes_de_Paganini_2_La_campanella,piece_2e05d56669b6e388,Liszt/Gran_Etudes_de_Paganini/2_La_campanella/TET03.mid,train,True,True,3571,6979,4203
831,Liszt,Gran_Etudes_de_Paganini_2_La_campanella,piece_2e05d56669b6e388,Liszt/Gran_Etudes_de_Paganini/2_La_campanella/VuV06M.mid,train,True,True,2568,3466,4139
832,Liszt,Gran_Etudes_de_Paganini_2_La_campanella,piece_2e05d56669b6e388,Liszt/Gran_Etudes_de_Paganini/2_La_campanella/Yang05M.mid,train,True,True,1672,1770,4097
833,Liszt,Gran_Etudes_de_Paganini_2_La_campanella,piece_2e05d56669b6e388,Liszt/Gran_Etudes_de_Paganini/2_La_campanella/Yoon02.mid,train,True,True,1735,1627,4118
834,Liszt,Gran_Etudes_de_Paganini_2_La_campanella,piece_2e05d56669b6e388,Liszt/Gran_Etudes_de_Paganini/2_La_campanella/ZhangH02.mid,train,True,True,1833,2951,4355
835,Liszt,Gran_Etudes_de_Paganini_2_La_campanella,piece_2e05d56669b6e388,Liszt/Gran_Etudes_de_Paganini/2_La_campanella/ZhangH07M.mid,train,True,True,1780,2460,4533
836,Liszt,Gran_Etudes_de_Paganini_6_Theme_and_Variations,piece_4b31472ad4376d9e,Liszt/Gran_Etudes_de_Paganini/6_Theme_and_Variations_repeat/KanM09M.mid,validation,True,True,6736,8760,4743
837,Liszt,Gran_Etudes_de_Paganini_6_Theme_and_Variations,piece_4b31472ad4376d9e,Liszt/Gran_Etudes_de_Paganini/6_Theme_and_Variations/Krasnitsky03.mid,validation,True,True,2365,2939,4895
838,Liszt,Gran_Etudes_de_Paganini_6_Theme_and_Variations,piece_4b31472ad4376d9e,Liszt/Gran_Etudes_de_Paganini/6_Theme_and_Variations/WangA01.mid,validation,True,True,3354,9092,4965
839,Liszt,Gran_Etudes_de_Paganini_6_Theme_and_Variations,piece_4b31472ad4376d9e,Liszt/Gran_Etudes_de_Paganini/6_Theme_and_Variations/WangA07M.mid,validation,True,True,4051,9459,4914
840,Liszt,Gran_Etudes_de_Paganini_6_Theme_and_Variations,piece_4b31472ad4376d9e,Liszt/Gran_Etudes_de_Paganini/6_Theme_and_Variations_repeat/Yu04.mid,validation,True,True,3280,5090,4909
841,Liszt,Hungarian_Rhapsodies_6,piece_a395ea44edec1f51,Liszt/Hungarian_Rhapsodies/6/KaiRuiR04.mid,train,True,True,4428,6350,5247
842,Liszt,Hungarian_Rhapsodies_6,piece_a395ea44edec1f51,Liszt/Hungarian_Rhapsodies/6/LiA09M.mid,train,True,True,4795,4842,5337
843,Liszt,Hungarian_Rhapsodies_6,piece_a395ea44edec1f51,Liszt/Hungarian_Rhapsodies/6/Ye04.mid,train,True,True,3266,3848,4965
844,Liszt,Mephisto_Waltz,piece_7195bbce81550519,Liszt/Mephisto_Waltz/Avdeeva03.mid,validation,True,True,8329,11899,9643
845,Liszt,Mephisto_Waltz,piece_7195bbce81550519,Liszt/Mephisto_Waltz/Avdeeva07M.mid,validation,True,True,6838,9402,9728
846,Liszt,Mephisto_Waltz,piece_7195bbce81550519,Liszt/Mephisto_Waltz/ChenGuang24M.mid,validation,True,True,5365,4579,9992
847,Liszt,Mephisto_Waltz,piece_7195bbce81550519,Liszt/Mephisto_Waltz/ChernovA04M.mid,validation,True,True,4381,3312,10366
848,Liszt,Mephisto_Waltz,piece_7195bbce81550519,Liszt/Mephisto_Waltz/DANILO03.mid,validation,True,True,4549,9283,10098
849,Liszt,Mephisto_Waltz,piece_7195bbce81550519,Liszt/Mephisto_Waltz/DANILO06.mid,validation,True,True,4675,15478,10104
850,Liszt,Mephisto_Waltz,piece_7195bbce81550519,Liszt/Mephisto_Waltz/Duepree10.mid,validation,True,True,8140,16364,10284
851,Liszt,Mephisto_Waltz,piece_7195bbce81550519,Liszt/Mephisto_Waltz/Giltburg03.mid,validation,True,True,5044,9190,10038
852,Liszt,Mephisto_Waltz,piece_7195bbce81550519,Liszt/Mephisto_Waltz/HSU04.mid,validation,True,True,5606,8698,10088
853,Liszt,Mephisto_Waltz,piece_7195bbce81550519,Liszt/Mephisto_Waltz/JIA03.mid,validation,True,True,6694,13638,9882
854,Liszt,Mephisto_Waltz,piece_7195bbce81550519,Liszt/Mephisto_Waltz/JIA08.mid,validation,True,True,5654,11703,10003
855,Liszt,Mephisto_Waltz,piece_7195bbce81550519,Liszt/Mephisto_Waltz/Pavlovic03.mid,validation,True,True,6400,8960,10108
856,Liszt,Mephisto_Waltz,piece_7195bbce81550519,Liszt/Mephisto_Waltz/Tysman07M.mid,validation,True,True,8998,15988,10351
857,Liszt,Mephisto_Waltz,piece_7195bbce81550519,Liszt/Mephisto_Waltz/WangV03.mid,validation,True,True,4430,4635,10134
858,Liszt,Sonata,piece_6f5b1b229fc9002d,Liszt/Sonata/Dulu07M.mid,train,True,True,31133,31904,16072
859,Liszt,Sonata,piece_6f5b1b229fc9002d,Liszt/Sonata/Dvorkine03.mid,train,True,True,16367,21311,16506
860,Liszt,Sonata,piece_6f5b1b229fc9002d,Liszt/Sonata/Gasanov06M.mid,train,True,True,12396,11390,17016
861,Liszt,Sonata,piece_6f5b1b229fc9002d,Liszt/Sonata/GiacomelliN11M.mid,train,True,True,23133,24892,17080
862,Liszt,Sonata,piece_6f5b1b229fc9002d,Liszt/Sonata/Huang01.mid,train,True,True,15015,19895,15978
863,Liszt,Sonata,piece_6f5b1b229fc9002d,Liszt/Sonata/Yeletskiy05M.mid,train,True,True,14648,12010,16298
864,Liszt,Sonata,piece_6f5b1b229fc9002d,Liszt/Sonata/Zuber07M.mid,train,True,True,29890,29867,16348
865,Liszt,Transcendental_Etudes_1,piece_0738b6a632255949,Liszt/Transcendental_Etudes/1/Huang13M.mid,test,True,True,1090,1554,636
866,Liszt,Transcendental_Etudes_1,piece_0738b6a632255949,Liszt/Transcendental_Etudes/1/LuoJ05M.mid,test,True,True,517,1194,629
867,Liszt,Transcendental_Etudes_10,piece_6d7bceed83883039,Liszt/Transcendental_Etudes/10/CaoJ03M.mid,test,True,True,2395,2232,4095
868,Liszt,Transcendental_Etudes_10,piece_6d7bceed83883039,Liszt/Transcendental_Etudes/10/Goldberg02.mid,test,True,True,2677,3673,4454
869,Liszt,Transcendental_Etudes_10,piece_6d7bceed83883039,Liszt/Transcendental_Etudes/10/HAGINO03.mid,test,True,True,2358,3369,4252
870,Liszt,Transcendental_Etudes_10,piece_6d7bceed83883039,Liszt/Transcendental_Etudes/10/Huang17M.mid,test,True,True,5868,8718,4057
871,Liszt,Transcendental_Etudes_10,piece_6d7bceed83883039,Liszt/Transcendental_Etudes/10/Hwang03.mid,test,True,True,2917,4223,4096
872,Liszt,Transcendental_Etudes_10,piece_6d7bceed83883039,Liszt/Transcendental_Etudes/10/Kim02.mid,test,True,True,3686,5345,4142
873,Liszt,Transcendental_Etudes_10,piece_6d7bceed83883039,Liszt/Transcendental_Etudes/10/Ladid02.mid,test,True,True,5238,9201,4311
874,Liszt,Transcendental_Etudes_10,piece_6d7bceed83883039,Liszt/Transcendental_Etudes/10/LeungM06M.mid,test,True,True,2256,3035,4169
875,Liszt,Transcendental_Etudes_10,piece_6d7bceed83883039,Liszt/Transcendental_Etudes/10/MCVEY02.mid,test,True,True,3729,8107,4426
876,Liszt,Transcendental_Etudes_10,piece_6d7bceed83883039,Liszt/Transcendental_Etudes/10/MorozovY03.mid,test,True,True,2364,2600,4220
877,Liszt,Transcendental_Etudes_10,piece_6d7bceed83883039,Liszt/Transcendental_Etudes/10/Qin03.mid,test,True,True,2138,2117,4047
878,Liszt,Transcendental_Etudes_10,piece_6d7bceed83883039,Liszt/Transcendental_Etudes/10/SUDBIN02.mid,test,True,True,2340,4338,4299
879,Liszt,Transcendental_Etudes_10,piece_6d7bceed83883039,Liszt/Transcendental_Etudes/10/Shamray02.mid,test,True,True,4053,6061,4181
880,Liszt,Transcendental_Etudes_10,piece_6d7bceed83883039,Liszt/Transcendental_Etudes/10/Tran02.mid,test,True,True,3862,5847,4435
881,Liszt,Transcendental_Etudes_10,piece_6d7bceed83883039,Liszt/Transcendental_Etudes/10/Uiasiuk03.mid,test,True,True,3011,4272,4188
882,Liszt,Transcendental_Etudes_10,piece_6d7bceed83883039,Liszt/Transcendental_Etudes/10/Yeletskiy03.mid,test,True,True,3118,5393,4142
883,Liszt,Transcendental_Etudes_11,piece_f0b6d59267411d73,Liszt/Transcendental_Etudes/11/Huang18M.mid,train,True,True,9183,12047,5113
884,Liszt,Transcendental_Etudes_3,piece_189d246a37162f12,Liszt/Transcendental_Etudes/3/Huang14M.mid,train,True,True,6897,5979,1911
885,Liszt,Transcendental_Etudes_4,piece_2925eb83999f5579,Liszt/Transcendental_Etudes/4/Cai03.mid,train,True,True,3459,4561,7092
886,Liszt,Transcendental_Etudes_4,piece_2925eb83999f5579,Liszt/Transcendental_Etudes/4/ChenC02.mid,train,True,True,3471,3691,7313
887,Liszt,Transcendental_Etudes_4,piece_2925eb83999f5579,Liszt/Transcendental_Etudes/4/Falzone02.mid,train,True,True,7227,11780,7311
888,Liszt,Transcendental_Etudes_4,piece_2925eb83999f5579,Liszt/Transcendental_Etudes/4/GuoE03M.mid,train,True,True,4443,5839,7307
889,Liszt,Transcendental_Etudes_4,piece_2925eb83999f5579,Liszt/Transcendental_Etudes/4/Huang15M.mid,train,True,True,9145,16283,7158
890,Liszt,Transcendental_Etudes_4,piece_2925eb83999f5579,Liszt/Transcendental_Etudes/4/LUO02.mid,train,True,True,5403,12203,6704
891,Liszt,Transcendental_Etudes_4,piece_2925eb83999f5579,Liszt/Transcendental_Etudes/4/LeeE04M.mid,train,True,True,3374,4055,6933
892,Liszt,Transcendental_Etudes_4,piece_2925eb83999f5579,Liszt/Transcendental_Etudes/4/LiuC04M.mid,train,True,True,2617,3588,6604
893,Liszt,Transcendental_Etudes_4,piece_2925eb83999f5579,Liszt/Transcendental_Etudes/4/Schmitt02.mid,train,True,True,5317,4473,7509
894,Liszt,Transcendental_Etudes_4,piece_2925eb83999f5579,Liszt/Transcendental_Etudes/4/Schneider03.mid,train,True,True,5590,7940,7699
895,Liszt,Transcendental_Etudes_4,piece_2925eb83999f5579,Liszt/Transcendental_Etudes/4/Travinskyy03.mid,train,True,True,3903,5403,7164
896,Liszt,Transcendental_Etudes_5,piece_c9a643a9a73da422,Liszt/Transcendental_Etudes/5/Gryaznov02.mid,train,True,True,4348,9239,4414
897,Liszt,Transcendental_Etudes_5,piece_c9a643a9a73da422,Liszt/Transcendental_Etudes/5/HUAN_B03.mid,train,True,True,2421,7020,4290
898,Liszt,Transcendental_Etudes_5,piece_c9a643a9a73da422,Liszt/Transcendental_Etudes/5/Huang16M.mid,train,True,True,2637,4130,4243
899,Liszt,Transcendental_Etudes_5,piece_c9a643a9a73da422,Liszt/Transcendental_Etudes/5/Huangci01.mid,train,True,True,3723,6764,4308
900,Liszt,Transcendental_Etudes_5,piece_c9a643a9a73da422,Liszt/Transcendental_Etudes/5/KIM_W02.mid,train,True,True,1872,3737,4454
901,Liszt,Transcendental_Etudes_5,piece_c9a643a9a73da422,Liszt/Transcendental_Etudes/5/LiuY06M.mid,train,True,True,2824,4075,4304
902,Liszt,Transcendental_Etudes_5,piece_c9a643a9a73da422,Liszt/Transcendental_Etudes/5/Min03M.mid,train,True,True,1687,2608,4215
903,Liszt,Transcendental_Etudes_5,piece_c9a643a9a73da422,Liszt/Transcendental_Etudes/5/Park03M.mid,train,True,True,3370,5672,4274
904,Liszt,Transcendental_Etudes_5,piece_c9a643a9a73da422,Liszt/Transcendental_Etudes/5/Sun09.mid,train,True,True,2166,3690,4466
905,Liszt,Transcendental_Etudes_5,piece_c9a643a9a73da422,Liszt/Transcendental_Etudes/5/Wang06M.mid,train,True,True,2897,4484,4395
906,Liszt,Transcendental_Etudes_5,piece_c9a643a9a73da422,Liszt/Transcendental_Etudes/5/WangY02M.mid,train,True,True,3937,6614,3972
907,Liszt,Transcendental_Etudes_9,piece_13d3f9ac4db9286c,Liszt/Transcendental_Etudes/9/ADIG07.mid,train,True,True,4736,7463,5144
908,Liszt,Transcendental_Etudes_9,piece_13d3f9ac4db9286c,Liszt/Transcendental_Etudes/9/WongDoe02_2006.mid,train,True,True,5023,4305,4983
909,Liszt,Transcendental_Etudes_9,piece_13d3f9ac4db9286c,Liszt/Transcendental_Etudes/9/WongDoe02_2009.mid,train,True,True,4453,3218,5012
910,Mozart,Fantasie_475,piece_693aaa60ca84533b,Mozart/Fantasie_475/Huangci05M.mid,test,True,True,11926,6238,3975
911,Mozart,Piano_Sonatas_11-3,piece_91f0446a7b86a51b,Mozart/Piano_Sonatas/11-3/Stahievitch02.mid,train,True,True,1840,2878,2821
912,Mozart,Piano_Sonatas_12-1,piece_2323f9c5df0db023,Mozart/Piano_Sonatas/12-1/ADIG01.mid,train,True,True,2240,2423,2511
913,Mozart,Piano_Sonatas_12-1,piece_2323f9c5df0db023,Mozart/Piano_Sonatas/12-1/MunA03M.mid,train,True,True,4473,4855,2506
914,Mozart,Piano_Sonatas_12-1,piece_2323f9c5df0db023,Mozart/Piano_Sonatas/12-1/TET01.mid,train,True,True,5020,6025,2506
915,Mozart,Piano_Sonatas_12-1,piece_2323f9c5df0db023,Mozart/Piano_Sonatas/12-1/WuuE02M.mid,train,True,True,2658,1891,2501
916,Mozart,Piano_Sonatas_12-2,piece_ff805dac200f8928,Mozart/Piano_Sonatas/12-2/MunA04.mid,test,True,True,4815,3410,1386
917,Mozart,Piano_Sonatas_12-2,piece_ff805dac200f8928,Mozart/Piano_Sonatas/12-2/WuuE03.mid,test,True,True,7060,4000,1377
918,Mozart,Piano_Sonatas_12-3,piece_62bdfb3d64febf13,Mozart/Piano_Sonatas/12-3/BLINOV01.mid,train,True,True,1581,2898,2957
919,Mozart,Piano_Sonatas_12-3,piece_62bdfb3d64febf13,Mozart/Piano_Sonatas/12-3/MunA05M.mid,train,True,True,4037,5088,2955
920,Mozart,Piano_Sonatas_12-3,piece_62bdfb3d64febf13,Mozart/Piano_Sonatas/12-3/WuuE04M.mid,train,True,True,3470,2531,2941
921,Mozart,Piano_Sonatas_8-1,piece_9c183e067769a0ae,Mozart/Piano_Sonatas/8-1/Bogdanovitch01.mid,test,True,True,4033,4608,3280
922,Mozart,Piano_Sonatas_8-1,piece_9c183e067769a0ae,Mozart/Piano_Sonatas/8-1/Jia01.mid,test,True,True,2814,3287,3314
923,Mozart,Piano_Sonatas_8-1,piece_9c183e067769a0ae,Mozart/Piano_Sonatas/8-1/LEE_J03.mid,test,True,True,590,948,3295
924,Mozart,Piano_Sonatas_8-1,piece_9c183e067769a0ae,Mozart/Piano_Sonatas/8-1/Lo01.mid,test,True,True,5249,6431,3306
925,Mozart,Piano_Sonatas_8-1,piece_9c183e067769a0ae,Mozart/Piano_Sonatas/8-1/Rozanski02.mid,test,True,True,6754,8190,3328
926,Prokofiev,Toccata,piece_f4f57a06ccdf1eb7,Prokofiev/Toccata/Colafelice11.mid,train,True,True,4928,10125,4570
927,Prokofiev,Toccata,piece_f4f57a06ccdf1eb7,Prokofiev/Toccata/Dossin07.mid,train,True,True,2381,12008,5204
928,Prokofiev,Toccata,piece_f4f57a06ccdf1eb7,Prokofiev/Toccata/Fab13.mid,train,True,True,2404,9585,4723
929,Prokofiev,Toccata,piece_f4f57a06ccdf1eb7,Prokofiev/Toccata/Guo04.mid,train,True,True,2025,12091,5030
930,Prokofiev,Toccata,piece_f4f57a06ccdf1eb7,Prokofiev/Toccata/Kociuban16.mid,train,True,True,1915,4890,4843
931,Prokofiev,Toccata,piece_f4f57a06ccdf1eb7,Prokofiev/Toccata/Lin06.mid,train,True,True,4009,9793,4677
932,Prokofiev,Toccata,piece_f4f57a06ccdf1eb7,Prokofiev/Toccata/Song04.mid,train,True,True,3087,13613,4731
933,Prokofiev,Toccata,piece_f4f57a06ccdf1eb7,Prokofiev/Toccata/Teo05.mid,train,True,True,2651,4384,4453
934,Rachmaninoff,Preludes_op_23_4,piece_79451a8df754f12a,Rachmaninoff/Preludes_op_23/4/ChenGuang12M.mid,train,True,True,1621,516,1355
935,Rachmaninoff,Preludes_op_23_4,piece_79451a8df754f12a,Rachmaninoff/Preludes_op_23/4/MorozovS09.mid,train,True,True,1629,1040,1345
936,Rachmaninoff,Preludes_op_23_4,piece_79451a8df754f12a,Rachmaninoff/Preludes_op_23/4/WuuE07M.mid,train,True,True,1558,758,1344
937,Rachmaninoff,Preludes_op_23_6,piece_2d487d6470e58ef3,Rachmaninoff/Preludes_op_23/6/Nikiforov14M.mid,train,True,True,2941,2768,1248
938,Rachmaninoff,Preludes_op_32_10,piece_1a89b80df9a4090a,Rachmaninoff/Preludes_op_32/10/FONG08.mid,train,True,True,1933,5349,2346
939,Rachmaninoff,Preludes_op_32_10,piece_1a89b80df9a4090a,Rachmaninoff/Preludes_op_32/10/Floril03.mid,train,True,True,4586,4180,2688
940,Rachmaninoff,Preludes_op_32_5,piece_3adc7a7f4bfa2a9b,Rachmaninoff/Preludes_op_32/5/KorchinskayaKogan03.mid,train,True,True,1404,2553,1463
941,Rachmaninoff,Preludes_op_32_5,piece_3adc7a7f4bfa2a9b,Rachmaninoff/Preludes_op_32/5/Namirovsky06M.mid,train,True,True,2681,3684,1430
942,Ravel,Gaspard_de_la_Nuit_1_Ondine,piece_d1f013376dcbe4de,Ravel/Gaspard_de_la_Nuit/1_Ondine/Albright01.mid,train,True,True,5403,9281,4422
943,Ravel,Gaspard_de_la_Nuit_1_Ondine,piece_d1f013376dcbe4de,Ravel/Gaspard_de_la_Nuit/1_Ondine/GarritsonL05.mid,train,True,True,1374,1249,4323
944,Ravel,Gaspard_de_la_Nuit_1_Ondine,piece_d1f013376dcbe4de,Ravel/Gaspard_de_la_Nuit/1_Ondine/KharselM09.mid,train,True,True,1193,944,4716
945,Ravel,Gaspard_de_la_Nuit_1_Ondine,piece_d1f013376dcbe4de,Ravel/Gaspard_de_la_Nuit/1_Ondine/KotysV11.mid,train,True,True,3731,9796,4514
946,Ravel,Gaspard_de_la_Nuit_1_Ondine,piece_d1f013376dcbe4de,Ravel/Gaspard_de_la_Nuit/1_Ondine/Ladid03.mid,train,True,True,6126,14855,4573
947,Ravel,Gaspard_de_la_Nuit_1_Ondine,piece_d1f013376dcbe4de,Ravel/Gaspard_de_la_Nuit/1_Ondine/LiYZ08.mid,train,True,True,2942,4543,4637
948,Ravel,Gaspard_de_la_Nuit_1_Ondine,piece_d1f013376dcbe4de,Ravel/Gaspard_de_la_Nuit/1_Ondine/WangY09.mid,train,True,True,2367,1892,4464
949,Ravel,Miroirs_3_Une_Barque,piece_ceed820a7eb5af6c,Ravel/Miroirs/3_Une_Barque/DupreeF20.mid,test,True,True,1223,908,5116
950,Ravel,Miroirs_3_Une_Barque,piece_ceed820a7eb5af6c,Ravel/Miroirs/3_Une_Barque/KimHJ08.mid,test,True,True,1533,1099,4831
951,Ravel,Miroirs_3_Une_Barque,piece_ceed820a7eb5af6c,Ravel/Miroirs/3_Une_Barque/ShevchenkoO07.mid,test,True,True,2695,2068,4644
952,Ravel,Miroirs_4_Alborada_del_gracioso,piece_a955ad89ca51ceea,Ravel/Miroirs/4_Alborada_del_gracioso/CHOE02.mid,train,True,True,3280,4286,4211
953,Ravel,Miroirs_4_Alborada_del_gracioso,piece_a955ad89ca51ceea,Ravel/Miroirs/4_Alborada_del_gracioso/Chan02.mid,train,True,True,1947,3511,4125
954,Ravel,Miroirs_4_Alborada_del_gracioso,piece_a955ad89ca51ceea,Ravel/Miroirs/4_Alborada_del_gracioso/DupreeF21.mid,train,True,True,2273,2277,4361
955,Ravel,Miroirs_4_Alborada_del_gracioso,piece_a955ad89ca51ceea,Ravel/Miroirs/4_Alborada_del_gracioso/HUAN_J07.mid,train,True,True,3912,8388,4282
956,Ravel,Miroirs_4_Alborada_del_gracioso,piece_a955ad89ca51ceea,Ravel/Miroirs/4_Alborada_del_gracioso/KimHJ09.mid,train,True,True,2265,1897,4099
957,Ravel,Miroirs_4_Alborada_del_gracioso,piece_a955ad89ca51ceea,Ravel/Miroirs/4_Alborada_del_gracioso/LeeN11.mid,train,True,True,2957,2555,3878
958,Ravel,Miroirs_4_Alborada_del_gracioso,piece_a955ad89ca51ceea,Ravel/Miroirs/4_Alborada_del_gracioso/Shamray04.mid,train,True,True,4486,4843,4266
959,Ravel,Miroirs_4_Alborada_del_gracioso,piece_a955ad89ca51ceea,Ravel/Miroirs/4_Alborada_del_gracioso/Shamray08.mid,train,True,True,5336,4751,4239
960,Ravel,Miroirs_4_Alborada_del_gracioso,piece_a955ad89ca51ceea,Ravel/Miroirs/4_Alborada_del_gracioso/ShevchenkoO08.mid,train,True,True,2907,2238,4069
961,Ravel,Miroirs_4_Alborada_del_gracioso,piece_a955ad89ca51ceea,Ravel/Miroirs/4_Alborada_del_gracioso/Zhdanov09.mid,train,True,True,4371,8345,4196
962,Ravel,Pavane,piece_de3f82957f1b3532,Ravel/Pavane/ChenS03.mid,validation,True,True,5236,6476,1789
963,Ravel,Pavane,piece_de3f82957f1b3532,Ravel/Pavane/Zhdanov08.mid,validation,True,True,5227,2679,1766
964,Schubert,Impromptu_op.90_D.899_1,piece_2430af0e4556b7f2,Schubert/Impromptu_op.90_D.899/1/Duepree08M.mid,train,True,True,12739,15698,4968
965,Schubert,Impromptu_op.90_D.899_1,piece_2430af0e4556b7f2,Schubert/Impromptu_op.90_D.899/1/Jin05M.mid,train,True,True,5683,3812,4917
966,Schubert,Impromptu_op.90_D.899_1,piece_2430af0e4556b7f2,Schubert/Impromptu_op.90_D.899/1/Sun03.mid,train,True,True,12286,13025,4967
967,Schubert,Impromptu_op.90_D.899_1,piece_2430af0e4556b7f2,Schubert/Impromptu_op.90_D.899/1/Teo06M.mid,train,True,True,12820,10291,4850
968,Schubert,Impromptu_op.90_D.899_2,piece_bd8e83041b17355e,Schubert/Impromptu_op.90_D.899/2/Denisova11M.mid,train,True,True,4363,8192,3151
969,Schubert,Impromptu_op.90_D.899_2,piece_bd8e83041b17355e,Schubert/Impromptu_op.90_D.899/2/Dossin03.mid,train,True,True,3826,10252,3178
970,Schubert,Impromptu_op.90_D.899_2,piece_bd8e83041b17355e,Schubert/Impromptu_op.90_D.899/2/FaB06M.mid,train,True,True,5606,11287,3145
971,Schubert,Impromptu_op.90_D.899_2,piece_bd8e83041b17355e,Schubert/Impromptu_op.90_D.899/2/HuNY06M.mid,train,True,True,4266,3912,3151
972,Schubert,Impromptu_op.90_D.899_2,piece_bd8e83041b17355e,Schubert/Impromptu_op.90_D.899/2/KaiRuiR05M.mid,train,True,True,5640,7133,3153
973,Schubert,Impromptu_op.90_D.899_2,piece_bd8e83041b17355e,Schubert/Impromptu_op.90_D.899/2/Levitsky09M.mid,train,True,True,4159,5057,3116
974,Schubert,Impromptu_op.90_D.899_2,piece_bd8e83041b17355e,Schubert/Impromptu_op.90_D.899/2/Nikiforov09M.mid,train,True,True,5657,7764,3122
975,Schubert,Impromptu_op.90_D.899_3,piece_ac9e8f67567352c5,Schubert/Impromptu_op.90_D.899/3/Hou06M.mid,train,True,True,6488,5722,2587
976,Schubert,Impromptu_op.90_D.899_3,piece_ac9e8f67567352c5,Schubert/Impromptu_op.90_D.899/3/JeonH06M.mid,train,True,True,4003,1859,2570
977,Schubert,Impromptu_op.90_D.899_3,piece_ac9e8f67567352c5,Schubert/Impromptu_op.90_D.899/3/Ko08M.mid,train,True,True,4118,1936,2551
978,Schubert,Impromptu_op.90_D.899_3,piece_ac9e8f67567352c5,Schubert/Impromptu_op.90_D.899/3/Kociuban10M.mid,train,True,True,8641,9692,2607
979,Schubert,Impromptu_op.90_D.899_3,piece_ac9e8f67567352c5,Schubert/Impromptu_op.90_D.899/3/LEE_K04M.mid,train,True,True,3385,6768,2574
980,Schubert,Impromptu_op.90_D.899_3,piece_ac9e8f67567352c5,Schubert/Impromptu_op.90_D.899/3/LeeSH08M.mid,train,True,True,4183,2342,2568
981,Schubert,Impromptu_op.90_D.899_3,piece_ac9e8f67567352c5,Schubert/Impromptu_op.90_D.899/3/Mizumoto07M.mid,train,True,True,6048,5003,2517
982,Schubert,Impromptu_op.90_D.899_3,piece_ac9e8f67567352c5,Schubert/Impromptu_op.90_D.899/3/Sham06.mid,train,True,True,4189,3041,2557
983,Schubert,Impromptu_op.90_D.899_3,piece_ac9e8f67567352c5,Schubert/Impromptu_op.90_D.899/3/Woo10M.mid,train,True,True,7031,8539,2531
984,Schubert,Impromptu_op.90_D.899_3,piece_ac9e8f67567352c5,Schubert/Impromptu_op.90_D.899/3/WuuE10M.mid,train,True,True,4964,2861,2564
985,Schubert,Impromptu_op.90_D.899_3,piece_ac9e8f67567352c5,Schubert/Impromptu_op.90_D.899/3/ZhangW07M.mid,train,True,True,8522,8500,2578
986,Schubert,Impromptu_op.90_D.899_3,piece_ac9e8f67567352c5,Schubert/Impromptu_op.90_D.899/3/ZhaoK10M.mid,train,True,True,4442,3794,2576
987,Schubert,Impromptu_op.90_D.899_4,piece_ddcdadeb240f1dd6,Schubert/Impromptu_op.90_D.899/4/Dossin04.mid,train,True,True,4896,8515,5434
988,Schubert,Impromptu_op.90_D.899_4,piece_ddcdadeb240f1dd6,Schubert/Impromptu_op.90_D.899/4_no_repeat/Huang10M.mid,train,True,True,8695,12575,4282
989,Schubert,Impromptu_op.90_D.899_4,piece_ddcdadeb240f1dd6,Schubert/Impromptu_op.90_D.899/4_no_repeat/Lin11M.mid,train,True,True,5707,11406,4239
990,Schubert,Impromptu_op.90_D.899_4,piece_ddcdadeb240f1dd6,Schubert/Impromptu_op.90_D.899/4_no_repeat/LuoJ09M.mid,train,True,True,7885,9178,4310
991,Schubert,Impromptu_op.90_D.899_4,piece_ddcdadeb240f1dd6,Schubert/Impromptu_op.90_D.899/4_no_repeat/WongWY08M.mid,train,True,True,6477,6546,4425
992,Schubert,Impromptu_op142_1,piece_d88a34d8862446d1,Schubert/Impromptu_op142/1/Kleisen02.mid,train,True,True,12769,20289,5932
993,Schubert,Impromptu_op142_1,piece_d88a34d8862446d1,Schubert/Impromptu_op142/1/Kleisen10M.mid,train,True,True,10652,20533,5935
994,Schubert,Impromptu_op142_1,piece_d88a34d8862446d1,Schubert/Impromptu_op142/1/Lisiecki10M.mid,train,True,True,12488,16561,6499
995,Schubert,Impromptu_op142_1,piece_d88a34d8862446d1,Schubert/Impromptu_op142/1/Ozaki07M.mid,train,True,True,11408,11142,5978
996,Schubert,Impromptu_op142_3,piece_80d363237f97f827,Schubert/Impromptu_op142/3/Cui04.mid,train,True,True,14292,18570,6140
997,Schubert,Impromptu_op142_3,piece_80d363237f97f827,Schubert/Impromptu_op142/3/Lin05.mid,train,True,True,13449,12530,6377
998,Schubert,Impromptu_op142_3,piece_80d363237f97f827,Schubert/Impromptu_op142/3/Richardson07M.mid,train,True,True,8708,8267,6115
999,Schubert,Impromptu_op142_3,piece_80d363237f97f827,Schubert/Impromptu_op142/3/RichardsonC06M.mid,train,True,True,11503,13465,6297
1000,Schubert,Impromptu_op142_3,piece_80d363237f97f827,Schubert/Impromptu_op142/3/SunY08M.mid,train,True,True,5094,3238,5389
1001,Schubert,Impromptu_op142_3,piece_80d363237f97f827,Schubert/Impromptu_op142/3/Tuncali02.mid,train,True,True,14946,19225,6312
1002,Schubert,Impromptu_op142_3,piece_80d363237f97f827,Schubert/Impromptu_op142/3/WangH06M.mid,train,True,True,6824,4510,6304
1003,Schubert,Impromptu_op142_3,piece_80d363237f97f827,Schubert/Impromptu_op142/3/YoungS06M.mid,train,True,True,11927,11927,6351
1004,Schubert,Moment_Musical_no_1,piece_55e9a7a3fa4b411e,Schubert/Moment_Musical_no_1/MunA10M.mid,train,True,True,6659,6854,2634
1005,Schubert,Moment_musical_no_3,piece_ec17f7ce49a2e05c,Schubert/Moment_musical_no_3/Tetzloff09M.mid,train,True,True,1801,2120,1034
1006,Schubert,Piano_Sonatas_664-1,piece_759b324c1cceac54,Schubert/Piano_Sonatas/664-1/BuiJL06M.mid,validation,True,True,8164,7519,2363
1007,Schubert,Piano_Sonatas_664-1,piece_759b324c1cceac54,Schubert/Piano_Sonatas/664-1/KabuliL10M.mid,validation,True,True,9732,7950,2412
1008,Schubert,Piano_Sonatas_664-1,piece_759b324c1cceac54,Schubert/Piano_Sonatas/664-1/Lin07.mid,validation,True,True,5033,5814,2418
1009,Schubert,Piano_Sonatas_664-1,piece_759b324c1cceac54,Schubert/Piano_Sonatas/664-1/Mo10M.mid,validation,True,True,4941,3344,2372
1010,Schubert,Piano_Sonatas_664-2,piece_a64ffdb2b34d34d1,Schubert/Piano_Sonatas/664-2/KabuliL11.mid,train,True,True,6015,3598,1321
1011,Schubert,Piano_Sonatas_664-2,piece_a64ffdb2b34d34d1,Schubert/Piano_Sonatas/664-2/Lin07.mid,train,True,True,2768,1081,1378
1012,Schubert,Piano_Sonatas_664-3,piece_9ec0fa278889ef5a,Schubert/Piano_Sonatas/664-3/KabuliL12M.mid,train,True,True,7164,8016,3364
1013,Schubert,Piano_Sonatas_664-3,piece_9ec0fa278889ef5a,Schubert/Piano_Sonatas/664-3/Lin07.mid,train,True,True,6854,12357,3541
1014,Schubert,Piano_Sonatas_894-2,piece_4c994f0ce76df283,Schubert/Piano_Sonatas/894-2/KimSY16.mid,train,True,True,15150,9274,3280
1015,Schubert,Piano_Sonatas_894-2,piece_4c994f0ce76df283,Schubert/Piano_Sonatas/894-2/LEE_K08.mid,train,True,True,5700,8601,3325
1016,Schubert,Piano_Sonatas_894-2,piece_4c994f0ce76df283,Schubert/Piano_Sonatas/894-2/Yeletskiy08M.mid,train,True,True,8640,6855,3288
1017,Schubert,Piano_Sonatas_894-2,piece_4c994f0ce76df283,Schubert/Piano_Sonatas/894-2_no_repeat/BianF14.mid,train,True,True,11276,7195,3010
1018,Schubert,Piano_Sonatas_894-2,piece_4c994f0ce76df283,Schubert/Piano_Sonatas/894-2_no_repeat/CHEN11M.mid,train,True,True,8966,9384,3030
1019,Schubert,Piano_Sonatas_894-2,piece_4c994f0ce76df283,Schubert/Piano_Sonatas/894-2_no_repeat/Chan01.mid,train,True,True,6040,6581,3057
1020,Schubert,Piano_Sonatas_894-2,piece_4c994f0ce76df283,Schubert/Piano_Sonatas/894-2_no_repeat/HouY09.mid,train,True,True,10877,9542,2926
1021,Schubert,Piano_Sonatas_894-2,piece_4c994f0ce76df283,Schubert/Piano_Sonatas/894-2_no_repeat/Lee10M.mid,train,True,True,11408,9774,3067
1022,Schubert,Piano_Sonatas_894-2,piece_4c994f0ce76df283,Schubert/Piano_Sonatas/894-2_no_repeat/SINKEV12M.mid,train,True,True,6322,6220,3109
1023,Schubert,Wanderer_fantasie,piece_588e1c417b8c480b,Schubert/Wanderer_fantasie/Kolessova02.mid,train,True,True,15825,28411,15979
1024,Schubert,Wanderer_fantasie,piece_588e1c417b8c480b,Schubert/Wanderer_fantasie/Larionova05M.mid,train,True,True,30504,53972,15733
1025,Schubert,Wanderer_fantasie,piece_588e1c417b8c480b,Schubert/Wanderer_fantasie/SunY10M.mid,train,True,True,12673,11756,15840
1026,Schumann,Arabeske,piece_daefdda4e1923cc6,Schumann/Arabeske/Min09M.mid,validation,True,True,3832,2083,2582
1027,Schumann,Arabeske,piece_daefdda4e1923cc6,Schumann/Arabeske/ParkS15M.mid,validation,True,True,3900,1166,2545
1028,Schumann,Kreisleriana_1,piece_307fd9e4ab88aeef,Schumann/Kreisleriana/1/ParkJH04M.mid,test,True,True,2112,1272,1834
1029,Schumann,Kreisleriana_1,piece_307fd9e4ab88aeef,Schumann/Kreisleriana/1/Yarden09M.mid,test,True,True,3912,3682,1829
1030,Schumann,Kreisleriana_1,piece_307fd9e4ab88aeef,Schumann/Kreisleriana/1_no_first_repeat/JohannsonP02M.mid,test,True,True,1937,1315,1423
1031,Schumann,Kreisleriana_2,piece_6532d54e15410c3e,Schumann/Kreisleriana/2/JohannsonP03.mid,train,True,True,4156,2756,2784
1032,Schumann,Kreisleriana_2,piece_6532d54e15410c3e,Schumann/Kreisleriana/2/ParkJH05.mid,train,True,True,4719,2519,3461
1033,Schumann,Kreisleriana_2,piece_6532d54e15410c3e,Schumann/Kreisleriana/2/Yarden09.mid,train,True,True,8040,4279,3384
1034,Schumann,Kreisleriana_3,piece_dd17dea9bfabf583,Schumann/Kreisleriana/3/JohannsonP04.mid,train,True,True,1407,876,1718
1035,Schumann,Kreisleriana_3,piece_dd17dea9bfabf583,Schumann/Kreisleriana/3/ParkJH06.mid,train,True,True,1813,929,1981
1036,Schumann,Kreisleriana_3,piece_dd17dea9bfabf583,Schumann/Kreisleriana/3/Yarden09.mid,train,True,True,2773,1677,1675
1037,Schumann,Kreisleriana_4,piece_be9ba8b638643b1e,Schumann/Kreisleriana/4/ParkJH07.mid,train,True,True,2182,738,674
1038,Schumann,Kreisleriana_4,piece_be9ba8b638643b1e,Schumann/Kreisleriana/4/Yarden09.mid,train,True,True,3996,1220,656
1039,Schumann,Kreisleriana_5,piece_d4010c754f10f96e,Schumann/Kreisleriana/5/JohannsonP06.mid,train,True,True,2165,1579,1806
1040,Schumann,Kreisleriana_5,piece_d4010c754f10f96e,Schumann/Kreisleriana/5/ParkJH08.mid,train,True,True,1496,1168,1832
1041,Schumann,Kreisleriana_5,piece_d4010c754f10f96e,Schumann/Kreisleriana/5/Yarden09.mid,train,True,True,3111,2855,1760
1042,Schumann,Kreisleriana_6,piece_3056e93b3e51b646,Schumann/Kreisleriana/6/JohannsonP07.mid,validation,True,True,2924,870,701
1043,Schumann,Kreisleriana_6,piece_3056e93b3e51b646,Schumann/Kreisleriana/6/ParkJH09.mid,validation,True,True,1823,503,712
1044,Schumann,Kreisleriana_6,piece_3056e93b3e51b646,Schumann/Kreisleriana/6/Yarden09.mid,validation,True,True,3752,944,711
1045,Schumann,Kreisleriana_7,piece_42b2f7c0e4593454,Schumann/Kreisleriana/7/JohannsonP08.mid,train,True,True,1130,865,1531
1046,Schumann,Kreisleriana_7,piece_42b2f7c0e4593454,Schumann/Kreisleriana/7/ParkJH10.mid,train,True,True,1033,706,1502
1047,Schumann,Kreisleriana_7,piece_42b2f7c0e4593454,Schumann/Kreisleriana/7/Yarden09.mid,train,True,True,2517,2003,1489
1048,Schumann,Toccata,piece_f258ce853ffce4b3,Schumann/Toccata/BENABD04.mid,train,True,True,4871,13374,6328
1049,Schumann,Toccata,piece_f258ce853ffce4b3,Schumann/Toccata/BENABD10.mid,train,True,True,5387,13583,6410
1050,Schumann,Toccata,piece_f258ce853ffce4b3,Schumann/Toccata/Dulu03.mid,train,True,True,8542,18078,6232
1051,Schumann,Toccata,piece_f258ce853ffce4b3,Schumann/Toccata/DupreeF13M.mid,train,True,True,4608,6306,6173
1052,Schumann,Toccata_repeat,piece_8c249e906846d26b,Schumann/Toccata_repeat/WangY07M.mid,train,True,True,9089,14635,8266
1053,Schumann,Toccata_repeat,piece_8c249e906846d26b,Schumann/Toccata_repeat/Zhdanov06.mid,train,True,True,10567,25673,8043
1054,Scriabin,Etudes_op_8_11,piece_555ff6cd3a13efb9,Scriabin/Etudes_op_8/11/Shi03.mid,validation,True,True,2961,2732,1346
1055,Scriabin,Etudes_op_8_11,piece_555ff6cd3a13efb9,Scriabin/Etudes_op_8/11/Shi08M.mid,validation,True,True,2598,1506,1324
1056,Scriabin,Etudes_op_8_11,piece_555ff6cd3a13efb9,Scriabin/Etudes_op_8/11/YeF09.mid,validation,True,True,1211,184,1388
1057,Scriabin,Sonatas_5,piece_5f9d89320d25ed39,Scriabin/Sonatas/5/ChernovA06M.mid,train,True,True,3221,2413,7656
1058,Scriabin,Sonatas_5,piece_5f9d89320d25ed39,Scriabin/Sonatas/5/FALIKS06.mid,train,True,True,3222,9660,7573
1059,Scriabin,Sonatas_5,piece_5f9d89320d25ed39,Scriabin/Sonatas/5/FaB05M.mid,train,True,True,14145,20227,7629
1060,Scriabin,Sonatas_5,piece_5f9d89320d25ed39,Scriabin/Sonatas/5/GarritsonL06M.mid,train,True,True,3491,3664,8071
1061,Scriabin,Sonatas_5,piece_5f9d89320d25ed39,Scriabin/Sonatas/5/Ko07M.mid,train,True,True,4184,4569,7891
1062,Scriabin,Sonatas_5,piece_5f9d89320d25ed39,Scriabin/Sonatas/5/Na03.mid,train,True,True,8901,7820,8088
1063,Scriabin,Sonatas_5,piece_5f9d89320d25ed39,Scriabin/Sonatas/5/Na07M.mid,train,True,True,6349,4550,7910
1064,Scriabin,Sonatas_5,piece_5f9d89320d25ed39,Scriabin/Sonatas/5/TET02.mid,train,True,True,4904,9677,7892
1065,Scriabin,Sonatas_5,piece_5f9d89320d25ed39,Scriabin/Sonatas/5/Yeletskiy02.mid,train,True,True,5322,8363,7631
1066,Scriabin,Sonatas_5,piece_5f9d89320d25ed39,Scriabin/Sonatas/5/Yeletskiy07M.mid,train,True,True,2310,2182,7548
